season,period,team_id,player_id,fpts
2025-26,1,qxb6cn3omd8zja6h,04qrr,125.5
2025-26,1,qxb6cn3omd8zja6h,04ex6,113.5
2025-26,1,qxb6cn3omd8zja6h,03aq2,121.5
2025-26,1,qxb6cn3omd8zja6h,05qtr,104.0
2025-26,1,qxb6cn3omd8zja6h,04qsa,131.5
2025-26,1,qxb6cn3omd8zja6h,05qt1,124.75
2025-26,1,qxb6cn3omd8zja6h,04qrj,108.5
2025-26,1,qxb6cn3omd8zja6h,051oj,134.0
2025-26,1,qxb6cn3omd8zja6h,031m2,200.5
2025-26,1,qxb6cn3omd8zja6h,05qsx,74.5
2025-26,1,mjm1574cmd8zja6n,05uig,116.0
2025-26,1,mjm1574cmd8zja6n,01eo9,147.0
2025-26,1,mjm1574cmd8zja6n,04ewn,94.5
2025-26,1,mjm1574cmd8zja6n,05uiq,141.0
2025-26,1,mjm1574cmd8zja6n,03el5,65.25
2025-26,1,mjm1574cmd8zja6n,01eo6,125.25
2025-26,1,mjm1574cmd8zja6n,05qtj,145.75
2025-26,1,mjm1574cmd8zja6n,02nfz,111.5
2025-26,1,mjm1574cmd8zja6n,042n1,130.0
2025-26,1,mjm1574cmd8zja6n,05uii,138.75
2025-26,1,sha0v3f8md8zja6k,05uie,146.25
2025-26,1,sha0v3f8md8zja6k,06cd4,93.5
2025-26,1,sha0v3f8md8zja6k,05uj4,99.5
2025-26,1,sha0v3f8md8zja6k,04qrn,99.0
2025-26,1,sha0v3f8md8zja6k,04qrm,84.75
2025-26,1,sha0v3f8md8zja6k,04qrp,111.0
2025-26,1,sha0v3f8md8zja6k,04qro,214.0
2025-26,1,sha0v3f8md8zja6k,04ewm,109.25
2025-26,1,sha0v3f8md8zja6k,04ewf,102.0
2025-26,1,sha0v3f8md8zja6k,06v58,77.0
2025-26,1,8htzhjs2md8zja6l,05qug,99.0
2025-26,1,8htzhjs2md8zja6l,06211,161.75
2025-26,1,8htzhjs2md8zja6l,05qsq,166.5
2025-26,1,8htzhjs2md8zja6l,04azw,144.5
2025-26,1,8htzhjs2md8zja6l,03al2,45.0
2025-26,1,8htzhjs2md8zja6l,06mjw,118.5
2025-26,1,8htzhjs2md8zja6l,06mkg,121.5
2025-26,1,8htzhjs2md8zja6l,03lls,143.25
2025-26,1,8htzhjs2md8zja6l,06ccf,118.5
2025-26,1,8htzhjs2md8zja6l,03al0,105.25
2025-26,1,7kj0njiwmd8zja6g,049kd,117.25
2025-26,1,7kj0njiwmd8zja6g,04ewt,129.5
2025-26,1,7kj0njiwmd8zja6g,03ad4,89.75
2025-26,1,7kj0njiwmd8zja6g,0621l,117.25
2025-26,1,7kj0njiwmd8zja6g,06cby,111.75
2025-26,1,7kj0njiwmd8zja6g,04qrk,150.25
2025-26,1,7kj0njiwmd8zja6g,051oi,139.75
2025-26,1,7kj0njiwmd8zja6g,02nf1,192.25
2025-26,1,7kj0njiwmd8zja6g,051os,120.5
2025-26,1,7kj0njiwmd8zja6g,001aw,115.0
2025-26,1,nmbx4rkzmd8zja6m,03ad3,122.0
2025-26,1,nmbx4rkzmd8zja6m,05uih,134.0
2025-26,1,nmbx4rkzmd8zja6m,05qtt,133.0
2025-26,1,nmbx4rkzmd8zja6m,05uir,95.0
2025-26,1,nmbx4rkzmd8zja6m,051oh,104.75
2025-26,1,nmbx4rkzmd8zja6m,05qto,162.75
2025-26,1,nmbx4rkzmd8zja6m,05qu0,107.75
2025-26,1,nmbx4rkzmd8zja6m,027oz,113.25
2025-26,1,nmbx4rkzmd8zja6m,03nwm,158.5
2025-26,1,nmbx4rkzmd8zja6m,03r7z,121.0
2025-26,1,mp3txfdsmd8zja6i,051op,93.75
2025-26,1,mp3txfdsmd8zja6i,042nm,148.75
2025-26,1,mp3txfdsmd8zja6i,027pe,140.0
2025-26,1,mp3txfdsmd8zja6i,03nwk,91.75
2025-26,1,mp3txfdsmd8zja6i,051pb,89.75
2025-26,1,mp3txfdsmd8zja6i,05ujt,82.5
2025-26,1,mp3txfdsmd8zja6i,04qs1,90.0
2025-26,1,mp3txfdsmd8zja6i,042n4,137.75
2025-26,1,mp3txfdsmd8zja6i,051p9,91.5
2025-26,1,mp3txfdsmd8zja6i,03e75,176.0
2025-26,1,q86f43pcmd8zja6k,027p4,105.5
2025-26,1,q86f43pcmd8zja6k,03ajv,171.25
2025-26,1,q86f43pcmd8zja6k,03ams,103.0
2025-26,1,q86f43pcmd8zja6k,051p8,84.0
2025-26,1,q86f43pcmd8zja6k,04qrl,102.75
2025-26,1,q86f43pcmd8zja6k,04qru,87.75
2025-26,1,q86f43pcmd8zja6k,027p0,128.25
2025-26,1,q86f43pcmd8zja6k,04kj6,146.25
2025-26,1,q86f43pcmd8zja6k,01eon,111.75
2025-26,1,q86f43pcmd8zja6k,05uij,76.0
2025-26,1,nmlbr2ppmd8zja6n,01enh,175.75
2025-26,1,nmlbr2ppmd8zja6n,0621c,115.25
2025-26,1,nmlbr2ppmd8zja6n,05uid,165.25
2025-26,1,nmlbr2ppmd8zja6n,05qt3,112.75
2025-26,1,nmlbr2ppmd8zja6n,05uib,141.0
2025-26,1,nmlbr2ppmd8zja6n,06v5k,131.25
2025-26,1,nmlbr2ppmd8zja6n,06mjz,120.5
2025-26,1,nmlbr2ppmd8zja6n,05uj1,119.0
2025-26,1,nmlbr2ppmd8zja6n,05uug,64.5
2025-26,1,nmlbr2ppmd8zja6n,06215,82.0
2025-26,1,mm10q3fvmd8zja6j,05uus,225.75
2025-26,1,mm10q3fvmd8zja6j,04ewe,157.0
2025-26,1,mm10q3fvmd8zja6j,05uiu,108.25
2025-26,1,mm10q3fvmd8zja6j,06210,151.5
2025-26,1,mm10q3fvmd8zja6j,06v5l,97.25
2025-26,1,mm10q3fvmd8zja6j,042n6,63.75
2025-26,1,mm10q3fvmd8zja6j,06v5y,113.75
2025-26,1,mm10q3fvmd8zja6j,06cch,253.25
2025-26,1,mm10q3fvmd8zja6j,06216,100.5
2025-26,1,mm10q3fvmd8zja6j,05qu9,136.75
2025-26,2,qxb6cn3omd8zja6h,04qrr,84.5
2025-26,2,qxb6cn3omd8zja6h,04ewr,80.75
2025-26,2,qxb6cn3omd8zja6h,04ex6,111.0
2025-26,2,qxb6cn3omd8zja6h,03aq2,80.25
2025-26,2,qxb6cn3omd8zja6h,04qsa,162.0
2025-26,2,qxb6cn3omd8zja6h,05qt1,109.75
2025-26,2,qxb6cn3omd8zja6h,04qrj,118.75
2025-26,2,qxb6cn3omd8zja6h,05qtl,78.25
2025-26,2,qxb6cn3omd8zja6h,051oj,90.75
2025-26,2,qxb6cn3omd8zja6h,031m2,172.0
2025-26,2,mjm1574cmd8zja6n,05uig,157.75
2025-26,2,mjm1574cmd8zja6n,01eo9,102.25
2025-26,2,mjm1574cmd8zja6n,04ewn,133.5
2025-26,2,mjm1574cmd8zja6n,05uiq,139.25
2025-26,2,mjm1574cmd8zja6n,01eo6,123.5
2025-26,2,mjm1574cmd8zja6n,042n7,166.75
2025-26,2,mjm1574cmd8zja6n,05qtj,108.25
2025-26,2,mjm1574cmd8zja6n,042n1,115.75
2025-26,2,mjm1574cmd8zja6n,05uii,113.0
2025-26,2,mjm1574cmd8zja6n,06217,106.75
2025-26,2,sha0v3f8md8zja6k,05uie,137.25
2025-26,2,sha0v3f8md8zja6k,05ujd,90.25
2025-26,2,sha0v3f8md8zja6k,04qrn,145.0
2025-26,2,sha0v3f8md8zja6k,05uj4,101.75
2025-26,2,sha0v3f8md8zja6k,04qrm,93.25
2025-26,2,sha0v3f8md8zja6k,04qrp,136.75
2025-26,2,sha0v3f8md8zja6k,04qro,144.5
2025-26,2,sha0v3f8md8zja6k,04ewf,173.5
2025-26,2,sha0v3f8md8zja6k,06v58,62.5
2025-26,2,sha0v3f8md8zja6k,06226,92.25
2025-26,2,8htzhjs2md8zja6l,05qsq,162.75
2025-26,2,8htzhjs2md8zja6l,05uup,51.5
2025-26,2,8htzhjs2md8zja6l,005kc,142.0
2025-26,2,8htzhjs2md8zja6l,02ym0,121.25
2025-26,2,8htzhjs2md8zja6l,04azw,162.75
2025-26,2,8htzhjs2md8zja6l,03al2,72.25
2025-26,2,8htzhjs2md8zja6l,06mjw,94.75
2025-26,2,8htzhjs2md8zja6l,06mkg,122.0
2025-26,2,8htzhjs2md8zja6l,03lls,152.5
2025-26,2,8htzhjs2md8zja6l,06ccf,90.5
2025-26,2,7kj0njiwmd8zja6g,05uiw,94.75
2025-26,2,7kj0njiwmd8zja6g,04ewt,109.0
2025-26,2,7kj0njiwmd8zja6g,03ad4,93.25
2025-26,2,7kj0njiwmd8zja6g,02ng3,50.0
2025-26,2,7kj0njiwmd8zja6g,049ka,54.0
2025-26,2,7kj0njiwmd8zja6g,06cby,163.25
2025-26,2,7kj0njiwmd8zja6g,051oi,103.5
2025-26,2,7kj0njiwmd8zja6g,0621e,91.0
2025-26,2,7kj0njiwmd8zja6g,001aw,116.25
2025-26,2,7kj0njiwmd8zja6g,051os,103.0
2025-26,2,nmbx4rkzmd8zja6m,03ad3,173.0
2025-26,2,nmbx4rkzmd8zja6m,05uir,82.25
2025-26,2,nmbx4rkzmd8zja6m,051oh,91.25
2025-26,2,nmbx4rkzmd8zja6m,05qto,124.5
2025-26,2,nmbx4rkzmd8zja6m,05qu0,99.5
2025-26,2,nmbx4rkzmd8zja6m,06ca8,117.25
2025-26,2,nmbx4rkzmd8zja6m,027oz,133.75
2025-26,2,nmbx4rkzmd8zja6m,06mju,155.75
2025-26,2,nmbx4rkzmd8zja6m,03nwm,147.5
2025-26,2,nmbx4rkzmd8zja6m,05uiz,115.25
2025-26,2,mp3txfdsmd8zja6i,051op,104.5
2025-26,2,mp3txfdsmd8zja6i,042nm,174.5
2025-26,2,mp3txfdsmd8zja6i,027pe,121.75
2025-26,2,mp3txfdsmd8zja6i,04qse,85.75
2025-26,2,mp3txfdsmd8zja6i,03nwk,99.25
2025-26,2,mp3txfdsmd8zja6i,051pb,115.0
2025-26,2,mp3txfdsmd8zja6i,05ujt,78.75
2025-26,2,mp3txfdsmd8zja6i,042n4,97.75
2025-26,2,mp3txfdsmd8zja6i,06mll,75.25
2025-26,2,mp3txfdsmd8zja6i,03e75,182.75
2025-26,2,q86f43pcmd8zja6k,027p4,50.0
2025-26,2,q86f43pcmd8zja6k,031lx,79.75
2025-26,2,q86f43pcmd8zja6k,03ajv,139.75
2025-26,2,q86f43pcmd8zja6k,03ams,134.0
2025-26,2,q86f43pcmd8zja6k,04qrl,76.5
2025-26,2,q86f43pcmd8zja6k,04qru,102.5
2025-26,2,q86f43pcmd8zja6k,027p0,119.25
2025-26,2,q86f43pcmd8zja6k,04kj6,121.75
2025-26,2,q86f43pcmd8zja6k,01eon,122.0
2025-26,2,q86f43pcmd8zja6k,05uij,97.5
2025-26,2,nmlbr2ppmd8zja6n,01enh,97.0
2025-26,2,nmlbr2ppmd8zja6n,05qt4,96.5
2025-26,2,nmlbr2ppmd8zja6n,0621c,121.5
2025-26,2,nmlbr2ppmd8zja6n,05uid,126.75
2025-26,2,nmlbr2ppmd8zja6n,05uib,175.25
2025-26,2,nmlbr2ppmd8zja6n,042nt,101.75
2025-26,2,nmlbr2ppmd8zja6n,06v5k,83.25
2025-26,2,nmlbr2ppmd8zja6n,05uj1,89.75
2025-26,2,nmlbr2ppmd8zja6n,06v5g,94.25
2025-26,2,nmlbr2ppmd8zja6n,0621g,71.75
2025-26,2,mm10q3fvmd8zja6j,05uus,130.75
2025-26,2,mm10q3fvmd8zja6j,05uiu,139.25
2025-26,2,mm10q3fvmd8zja6j,04ewe,78.0
2025-26,2,mm10q3fvmd8zja6j,051ok,99.25
2025-26,2,mm10q3fvmd8zja6j,06v80,98.75
2025-26,2,mm10q3fvmd8zja6j,06210,144.75
2025-26,2,mm10q3fvmd8zja6j,031m4,118.0
2025-26,2,mm10q3fvmd8zja6j,06v5l,85.75
2025-26,2,mm10q3fvmd8zja6j,06cch,94.75
2025-26,2,mm10q3fvmd8zja6j,06216,87.25
2025-26,3,qxb6cn3omd8zja6h,04qrr,112.5
2025-26,3,qxb6cn3omd8zja6h,04ewr,97.25
2025-26,3,qxb6cn3omd8zja6h,04ex6,162.0
2025-26,3,qxb6cn3omd8zja6h,03aq2,83.75
2025-26,3,qxb6cn3omd8zja6h,02xg9,123.5
2025-26,3,qxb6cn3omd8zja6h,05qtr,84.5
2025-26,3,qxb6cn3omd8zja6h,05qt1,76.25
2025-26,3,qxb6cn3omd8zja6h,05qtl,87.0
2025-26,3,qxb6cn3omd8zja6h,051oj,108.0
2025-26,3,qxb6cn3omd8zja6h,031m2,217.25
2025-26,3,mjm1574cmd8zja6n,05uig,145.75
2025-26,3,mjm1574cmd8zja6n,0621q,111.0
2025-26,3,mjm1574cmd8zja6n,01eo9,121.0
2025-26,3,mjm1574cmd8zja6n,05uiq,140.0
2025-26,3,mjm1574cmd8zja6n,03el5,102.0
2025-26,3,mjm1574cmd8zja6n,01eo6,133.0
2025-26,3,mjm1574cmd8zja6n,06v5n,126.5
2025-26,3,mjm1574cmd8zja6n,05qtj,153.5
2025-26,3,mjm1574cmd8zja6n,05uii,146.75
2025-26,3,mjm1574cmd8zja6n,06217,133.75
2025-26,3,sha0v3f8md8zja6k,05uie,121.5
2025-26,3,sha0v3f8md8zja6k,06cd4,66.25
2025-26,3,sha0v3f8md8zja6k,05ujd,82.0
2025-26,3,sha0v3f8md8zja6k,05uj4,79.25
2025-26,3,sha0v3f8md8zja6k,04qrp,128.5
2025-26,3,sha0v3f8md8zja6k,04qro,205.75
2025-26,3,sha0v3f8md8zja6k,04ewm,139.5
2025-26,3,sha0v3f8md8zja6k,06mk6,77.75
2025-26,3,sha0v3f8md8zja6k,06v58,66.75
2025-26,3,sha0v3f8md8zja6k,06226,72.25
2025-26,3,8htzhjs2md8zja6l,05qug,163.75
2025-26,3,8htzhjs2md8zja6l,06211,81.75
2025-26,3,8htzhjs2md8zja6l,05qsq,204.0
2025-26,3,8htzhjs2md8zja6l,02ym0,133.75
2025-26,3,8htzhjs2md8zja6l,005kc,105.75
2025-26,3,8htzhjs2md8zja6l,04azw,92.0
2025-26,3,8htzhjs2md8zja6l,03al2,84.0
2025-26,3,8htzhjs2md8zja6l,06mjw,163.5
2025-26,3,8htzhjs2md8zja6l,03lls,130.25
2025-26,3,8htzhjs2md8zja6l,06ccf,99.5
2025-26,3,7kj0njiwmd8zja6g,05uj9,90.25
2025-26,3,7kj0njiwmd8zja6g,04ewt,113.0
2025-26,3,7kj0njiwmd8zja6g,05uif,85.75
2025-26,3,7kj0njiwmd8zja6g,03ad4,57.0
2025-26,3,7kj0njiwmd8zja6g,06cby,96.0
2025-26,3,7kj0njiwmd8zja6g,051oi,104.75
2025-26,3,7kj0njiwmd8zja6g,0621e,118.25
2025-26,3,7kj0njiwmd8zja6g,06v5h,116.5
2025-26,3,7kj0njiwmd8zja6g,051os,119.25
2025-26,3,7kj0njiwmd8zja6g,001aw,90.0
2025-26,3,nmbx4rkzmd8zja6m,06mk3,89.5
2025-26,3,nmbx4rkzmd8zja6m,05uih,87.25
2025-26,3,nmbx4rkzmd8zja6m,05qtt,108.0
2025-26,3,nmbx4rkzmd8zja6m,05uir,160.25
2025-26,3,nmbx4rkzmd8zja6m,05qu0,124.5
2025-26,3,nmbx4rkzmd8zja6m,06ca8,117.75
2025-26,3,nmbx4rkzmd8zja6m,06mju,165.75
2025-26,3,nmbx4rkzmd8zja6m,03nwm,154.25
2025-26,3,nmbx4rkzmd8zja6m,03r7z,130.5
2025-26,3,nmbx4rkzmd8zja6m,05uiz,96.75
2025-26,3,mp3txfdsmd8zja6i,049kc,59.75
2025-26,3,mp3txfdsmd8zja6i,027pe,83.0
2025-26,3,mp3txfdsmd8zja6i,042nm,67.5
2025-26,3,mp3txfdsmd8zja6i,03nwk,110.75
2025-26,3,mp3txfdsmd8zja6i,04qs1,68.25
2025-26,3,mp3txfdsmd8zja6i,042n4,75.5
2025-26,3,mp3txfdsmd8zja6i,04ewk,90.75
2025-26,3,mp3txfdsmd8zja6i,051p9,90.5
2025-26,3,mp3txfdsmd8zja6i,03e75,195.0
2025-26,3,mp3txfdsmd8zja6i,06mk7,136.75
2025-26,3,q86f43pcmd8zja6k,027ou,42.25
2025-26,3,q86f43pcmd8zja6k,049kb,59.75
2025-26,3,q86f43pcmd8zja6k,031lx,135.25
2025-26,3,q86f43pcmd8zja6k,03ajv,172.75
2025-26,3,q86f43pcmd8zja6k,04qrl,102.75
2025-26,3,q86f43pcmd8zja6k,04qru,93.5
2025-26,3,q86f43pcmd8zja6k,027p0,111.75
2025-26,3,q86f43pcmd8zja6k,04kj6,173.5
2025-26,3,q86f43pcmd8zja6k,05uij,109.0
2025-26,3,q86f43pcmd8zja6k,01eon,86.75
2025-26,3,nmlbr2ppmd8zja6n,0621c,191.25
2025-26,3,nmlbr2ppmd8zja6n,05qt3,116.25
2025-26,3,nmlbr2ppmd8zja6n,05uid,157.25
2025-26,3,nmlbr2ppmd8zja6n,05uib,231.0
2025-26,3,nmlbr2ppmd8zja6n,042nt,136.75
2025-26,3,nmlbr2ppmd8zja6n,06v5k,101.0
2025-26,3,nmlbr2ppmd8zja6n,06v5g,85.75
2025-26,3,nmlbr2ppmd8zja6n,0621u,60.0
2025-26,3,nmlbr2ppmd8zja6n,06mjt,108.25
2025-26,3,nmlbr2ppmd8zja6n,0621g,60.25
2025-26,3,mm10q3fvmd8zja6j,04ewe,214.0
2025-26,3,mm10q3fvmd8zja6j,05uiu,106.25
2025-26,3,mm10q3fvmd8zja6j,051ok,88.25
2025-26,3,mm10q3fvmd8zja6j,06v80,66.0
2025-26,3,mm10q3fvmd8zja6j,06210,160.25
2025-26,3,mm10q3fvmd8zja6j,06v5l,144.75
2025-26,3,mm10q3fvmd8zja6j,06cch,190.0
2025-26,3,mm10q3fvmd8zja6j,06216,98.0
2025-26,3,mm10q3fvmd8zja6j,05qu9,108.75
2025-26,3,mm10q3fvmd8zja6j,03nwn,75.5
2025-26,4,qxb6cn3omd8zja6h,04qrr,136.0
2025-26,4,qxb6cn3omd8zja6h,06212,90.75
2025-26,4,qxb6cn3omd8zja6h,04ewr,99.25
2025-26,4,qxb6cn3omd8zja6h,04ex6,116.0
2025-26,4,qxb6cn3omd8zja6h,04qsa,89.0
2025-26,4,qxb6cn3omd8zja6h,05qt1,96.0
2025-26,4,qxb6cn3omd8zja6h,05ujc,73.75
2025-26,4,qxb6cn3omd8zja6h,051pi,95.25
2025-26,4,qxb6cn3omd8zja6h,051oj,113.0
2025-26,4,qxb6cn3omd8zja6h,031m2,133.0
2025-26,4,mjm1574cmd8zja6n,05uig,109.25
2025-26,4,mjm1574cmd8zja6n,05uiq,158.25
2025-26,4,mjm1574cmd8zja6n,01eo6,218.25
2025-26,4,mjm1574cmd8zja6n,06v5n,120.0
2025-26,4,mjm1574cmd8zja6n,042n7,152.25
2025-26,4,mjm1574cmd8zja6n,05qtj,118.75
2025-26,4,mjm1574cmd8zja6n,02nfz,87.25
2025-26,4,mjm1574cmd8zja6n,042n1,139.75
2025-26,4,mjm1574cmd8zja6n,05uii,131.5
2025-26,4,mjm1574cmd8zja6n,06cc7,94.5
2025-26,4,sha0v3f8md8zja6k,05uie,177.0
2025-26,4,sha0v3f8md8zja6k,05ujd,89.25
2025-26,4,sha0v3f8md8zja6k,04qrn,149.25
2025-26,4,sha0v3f8md8zja6k,05uj4,95.5
2025-26,4,sha0v3f8md8zja6k,04qrm,99.75
2025-26,4,sha0v3f8md8zja6k,04qrp,146.75
2025-26,4,sha0v3f8md8zja6k,04qro,203.5
2025-26,4,sha0v3f8md8zja6k,04ewm,111.5
2025-26,4,sha0v3f8md8zja6k,042nf,78.5
2025-26,4,sha0v3f8md8zja6k,06226,122.0
2025-26,4,8htzhjs2md8zja6l,05qug,118.5
2025-26,4,8htzhjs2md8zja6l,06211,134.25
2025-26,4,8htzhjs2md8zja6l,04ewu,119.25
2025-26,4,8htzhjs2md8zja6l,05qsq,141.75
2025-26,4,8htzhjs2md8zja6l,05uup,38.0
2025-26,4,8htzhjs2md8zja6l,005kc,127.75
2025-26,4,8htzhjs2md8zja6l,04azw,159.25
2025-26,4,8htzhjs2md8zja6l,06mjw,92.25
2025-26,4,8htzhjs2md8zja6l,03lls,129.25
2025-26,4,8htzhjs2md8zja6l,03al0,134.0
2025-26,4,7kj0njiwmd8zja6g,05uiw,94.5
2025-26,4,7kj0njiwmd8zja6g,05uj9,62.5
2025-26,4,7kj0njiwmd8zja6g,04ewt,120.25
2025-26,4,7kj0njiwmd8zja6g,03ad4,86.0
2025-26,4,7kj0njiwmd8zja6g,05uif,51.75
2025-26,4,7kj0njiwmd8zja6g,049ka,77.5
2025-26,4,7kj0njiwmd8zja6g,06cby,108.25
2025-26,4,7kj0njiwmd8zja6g,06v5h,121.0
2025-26,4,7kj0njiwmd8zja6g,001aw,125.25
2025-26,4,7kj0njiwmd8zja6g,051os,64.5
2025-26,4,nmbx4rkzmd8zja6m,03ad3,189.75
2025-26,4,nmbx4rkzmd8zja6m,06mk3,98.5
2025-26,4,nmbx4rkzmd8zja6m,05qtt,127.0
2025-26,4,nmbx4rkzmd8zja6m,05uir,139.25
2025-26,4,nmbx4rkzmd8zja6m,05qu0,79.75
2025-26,4,nmbx4rkzmd8zja6m,05qto,70.0
2025-26,4,nmbx4rkzmd8zja6m,06ca8,95.25
2025-26,4,nmbx4rkzmd8zja6m,03nwm,130.0
2025-26,4,nmbx4rkzmd8zja6m,03r7z,104.0
2025-26,4,nmbx4rkzmd8zja6m,05uiz,81.25
2025-26,4,mp3txfdsmd8zja6i,027pe,149.5
2025-26,4,mp3txfdsmd8zja6i,042nm,149.25
2025-26,4,mp3txfdsmd8zja6i,06mkl,101.25
2025-26,4,mp3txfdsmd8zja6i,042n4,169.25
2025-26,4,mp3txfdsmd8zja6i,051p9,68.0
2025-26,4,mp3txfdsmd8zja6i,04ewk,60.0
2025-26,4,mp3txfdsmd8zja6i,06mll,53.25
2025-26,4,mp3txfdsmd8zja6i,06v57,66.5
2025-26,4,mp3txfdsmd8zja6i,03e75,286.75
2025-26,4,mp3txfdsmd8zja6i,06mk7,115.75
2025-26,4,q86f43pcmd8zja6k,049kb,115.75
2025-26,4,q86f43pcmd8zja6k,027ou,76.5
2025-26,4,q86f43pcmd8zja6k,0527h,107.0
2025-26,4,q86f43pcmd8zja6k,03ajv,121.25
2025-26,4,q86f43pcmd8zja6k,03ams,72.5
2025-26,4,q86f43pcmd8zja6k,04qru,78.0
2025-26,4,q86f43pcmd8zja6k,027p0,89.25
2025-26,4,q86f43pcmd8zja6k,04kj6,156.25
2025-26,4,q86f43pcmd8zja6k,05uij,86.5
2025-26,4,q86f43pcmd8zja6k,01eon,95.5
2025-26,4,nmlbr2ppmd8zja6n,01enh,149.75
2025-26,4,nmlbr2ppmd8zja6n,05qt4,53.75
2025-26,4,nmlbr2ppmd8zja6n,05uid,98.5
2025-26,4,nmlbr2ppmd8zja6n,05qt3,101.75
2025-26,4,nmlbr2ppmd8zja6n,042nt,146.25
2025-26,4,nmlbr2ppmd8zja6n,06v5k,80.0
2025-26,4,nmlbr2ppmd8zja6n,06mjz,79.25
2025-26,4,nmlbr2ppmd8zja6n,06v5g,112.75
2025-26,4,nmlbr2ppmd8zja6n,0621u,124.25
2025-26,4,nmlbr2ppmd8zja6n,06mjt,67.75
2025-26,4,mm10q3fvmd8zja6j,05uus,110.75
2025-26,4,mm10q3fvmd8zja6j,04ewe,144.0
2025-26,4,mm10q3fvmd8zja6j,05uiu,177.0
2025-26,4,mm10q3fvmd8zja6j,051ok,96.0
2025-26,4,mm10q3fvmd8zja6j,06v5l,121.5
2025-26,4,mm10q3fvmd8zja6j,042n6,133.25
2025-26,4,mm10q3fvmd8zja6j,06cch,110.75
2025-26,4,mm10q3fvmd8zja6j,06216,132.25
2025-26,4,mm10q3fvmd8zja6j,04ex8,107.75
2025-26,4,mm10q3fvmd8zja6j,05qu9,136.5
2025-26,5,qxb6cn3omd8zja6h,04qrr,145.0
2025-26,5,qxb6cn3omd8zja6h,06212,101.25
2025-26,5,qxb6cn3omd8zja6h,03aq2,133.0
2025-26,5,qxb6cn3omd8zja6h,02xg9,94.0
2025-26,5,qxb6cn3omd8zja6h,05qtr,85.0
2025-26,5,qxb6cn3omd8zja6h,04qsa,130.75
2025-26,5,qxb6cn3omd8zja6h,05qt1,101.0
2025-26,5,qxb6cn3omd8zja6h,05ujc,99.5
2025-26,5,qxb6cn3omd8zja6h,051pi,100.0
2025-26,5,qxb6cn3omd8zja6h,051oj,91.75
2025-26,5,mjm1574cmd8zja6n,05uig,166.25
2025-26,5,mjm1574cmd8zja6n,05uiq,108.25
2025-26,5,mjm1574cmd8zja6n,03el5,77.5
2025-26,5,mjm1574cmd8zja6n,01eo6,147.0
2025-26,5,mjm1574cmd8zja6n,06v5n,115.25
2025-26,5,mjm1574cmd8zja6n,05qtj,195.25
2025-26,5,mjm1574cmd8zja6n,042n1,145.75
2025-26,5,mjm1574cmd8zja6n,05uii,153.0
2025-26,5,mjm1574cmd8zja6n,06217,138.5
2025-26,5,mjm1574cmd8zja6n,06cc7,91.75
2025-26,5,sha0v3f8md8zja6k,05uie,151.5
2025-26,5,sha0v3f8md8zja6k,06v5r,83.0
2025-26,5,sha0v3f8md8zja6k,06cd4,118.75
2025-26,5,sha0v3f8md8zja6k,05uj4,141.75
2025-26,5,sha0v3f8md8zja6k,04qrn,106.0
2025-26,5,sha0v3f8md8zja6k,051on,102.75
2025-26,5,sha0v3f8md8zja6k,04qrp,104.75
2025-26,5,sha0v3f8md8zja6k,04qro,152.75
2025-26,5,sha0v3f8md8zja6k,04ewf,143.25
2025-26,5,sha0v3f8md8zja6k,06mkd,76.75
2025-26,5,8htzhjs2md8zja6l,05qug,149.5
2025-26,5,8htzhjs2md8zja6l,06211,82.25
2025-26,5,8htzhjs2md8zja6l,04ewu,97.75
2025-26,5,8htzhjs2md8zja6l,05qsq,166.5
2025-26,5,8htzhjs2md8zja6l,05uup,79.75
2025-26,5,8htzhjs2md8zja6l,005kc,129.75
2025-26,5,8htzhjs2md8zja6l,04azw,140.5
2025-26,5,8htzhjs2md8zja6l,03lls,130.0
2025-26,5,8htzhjs2md8zja6l,06mkg,102.5
2025-26,5,8htzhjs2md8zja6l,0011e,70.25
2025-26,5,7kj0njiwmd8zja6g,05uj9,46.25
2025-26,5,7kj0njiwmd8zja6g,05uif,103.75
2025-26,5,7kj0njiwmd8zja6g,04ewt,86.75
2025-26,5,7kj0njiwmd8zja6g,049ka,65.0
2025-26,5,7kj0njiwmd8zja6g,0496e,49.0
2025-26,5,7kj0njiwmd8zja6g,06cby,175.0
2025-26,5,7kj0njiwmd8zja6g,06v5h,157.5
2025-26,5,7kj0njiwmd8zja6g,0621e,94.75
2025-26,5,7kj0njiwmd8zja6g,051os,143.75
2025-26,5,7kj0njiwmd8zja6g,001aw,54.25
2025-26,5,nmbx4rkzmd8zja6m,03ad3,141.5
2025-26,5,nmbx4rkzmd8zja6m,06mk3,87.0
2025-26,5,nmbx4rkzmd8zja6m,05qtt,89.25
2025-26,5,nmbx4rkzmd8zja6m,05uir,142.0
2025-26,5,nmbx4rkzmd8zja6m,051oh,101.0
2025-26,5,nmbx4rkzmd8zja6m,05qto,68.75
2025-26,5,nmbx4rkzmd8zja6m,06ca8,122.75
2025-26,5,nmbx4rkzmd8zja6m,03nwm,138.75
2025-26,5,nmbx4rkzmd8zja6m,03r7z,110.0
2025-26,5,nmbx4rkzmd8zja6m,05uiz,73.0
2025-26,5,mp3txfdsmd8zja6i,027pe,132.25
2025-26,5,mp3txfdsmd8zja6i,042nm,125.25
2025-26,5,mp3txfdsmd8zja6i,049kc,83.25
2025-26,5,mp3txfdsmd8zja6i,04qs1,85.5
2025-26,5,mp3txfdsmd8zja6i,042n4,154.25
2025-26,5,mp3txfdsmd8zja6i,051p9,90.0
2025-26,5,mp3txfdsmd8zja6i,06mll,92.5
2025-26,5,mp3txfdsmd8zja6i,06v57,95.25
2025-26,5,mp3txfdsmd8zja6i,03e75,238.0
2025-26,5,mp3txfdsmd8zja6i,06mk7,159.5
2025-26,5,q86f43pcmd8zja6k,049kb,120.25
2025-26,5,q86f43pcmd8zja6k,0527h,87.0
2025-26,5,q86f43pcmd8zja6k,06213,98.5
2025-26,5,q86f43pcmd8zja6k,031lx,79.5
2025-26,5,q86f43pcmd8zja6k,03ajv,110.75
2025-26,5,q86f43pcmd8zja6k,03wr4,82.0
2025-26,5,q86f43pcmd8zja6k,027p0,100.5
2025-26,5,q86f43pcmd8zja6k,04kj6,117.0
2025-26,5,q86f43pcmd8zja6k,05uij,100.0
2025-26,5,q86f43pcmd8zja6k,01eon,120.5
2025-26,5,nmlbr2ppmd8zja6n,01enh,137.75
2025-26,5,nmlbr2ppmd8zja6n,05qt3,144.0
2025-26,5,nmlbr2ppmd8zja6n,05uid,136.25
2025-26,5,nmlbr2ppmd8zja6n,05uib,146.25
2025-26,5,nmlbr2ppmd8zja6n,042nt,135.5
2025-26,5,nmlbr2ppmd8zja6n,06mjz,194.5
2025-26,5,nmlbr2ppmd8zja6n,05uug,47.5
2025-26,5,nmlbr2ppmd8zja6n,06v5g,106.5
2025-26,5,nmlbr2ppmd8zja6n,06215,94.25
2025-26,5,nmlbr2ppmd8zja6n,0621u,101.5
2025-26,5,mm10q3fvmd8zja6j,04ewe,161.75
2025-26,5,mm10q3fvmd8zja6j,05uiu,203.75
2025-26,5,mm10q3fvmd8zja6j,051or,102.25
2025-26,5,mm10q3fvmd8zja6j,06mk1,95.25
2025-26,5,mm10q3fvmd8zja6j,031m4,101.25
2025-26,5,mm10q3fvmd8zja6j,06v5l,98.75
2025-26,5,mm10q3fvmd8zja6j,042n6,79.5
2025-26,5,mm10q3fvmd8zja6j,04ex8,118.75
2025-26,5,mm10q3fvmd8zja6j,05qu9,130.0
2025-26,5,mm10q3fvmd8zja6j,03nwn,96.25
2025-26,6,qxb6cn3omd8zja6h,06212,71.25
2025-26,6,qxb6cn3omd8zja6h,04ewr,95.75
2025-26,6,qxb6cn3omd8zja6h,02xg9,77.0
2025-26,6,qxb6cn3omd8zja6h,05qtr,107.0
2025-26,6,qxb6cn3omd8zja6h,04qsa,115.75
2025-26,6,qxb6cn3omd8zja6h,05qt1,99.75
2025-26,6,qxb6cn3omd8zja6h,04qrj,100.75
2025-26,6,qxb6cn3omd8zja6h,06mk8,68.75
2025-26,6,qxb6cn3omd8zja6h,051ot,110.5
2025-26,6,qxb6cn3omd8zja6h,031m2,143.5
2025-26,6,mjm1574cmd8zja6n,05uig,134.75
2025-26,6,mjm1574cmd8zja6n,05uiq,146.0
2025-26,6,mjm1574cmd8zja6n,03el5,33.5
2025-26,6,mjm1574cmd8zja6n,01eo6,158.5
2025-26,6,mjm1574cmd8zja6n,06v5n,101.25
2025-26,6,mjm1574cmd8zja6n,01uyj,63.5
2025-26,6,mjm1574cmd8zja6n,05qtj,123.25
2025-26,6,mjm1574cmd8zja6n,042n1,87.75
2025-26,6,mjm1574cmd8zja6n,05uii,105.5
2025-26,6,mjm1574cmd8zja6n,06217,138.25
2025-26,6,sha0v3f8md8zja6k,05uie,129.25
2025-26,6,sha0v3f8md8zja6k,04qsd,54.75
2025-26,6,sha0v3f8md8zja6k,06v5r,67.0
2025-26,6,sha0v3f8md8zja6k,04qrn,94.0
2025-26,6,sha0v3f8md8zja6k,05uj4,80.0
2025-26,6,sha0v3f8md8zja6k,04qrm,111.0
2025-26,6,sha0v3f8md8zja6k,04qrp,117.75
2025-26,6,sha0v3f8md8zja6k,04qro,152.75
2025-26,6,sha0v3f8md8zja6k,04ewf,122.75
2025-26,6,sha0v3f8md8zja6k,06226,80.25
2025-26,6,8htzhjs2md8zja6l,05qug,134.25
2025-26,6,8htzhjs2md8zja6l,06211,101.5
2025-26,6,8htzhjs2md8zja6l,04ewu,145.25
2025-26,6,8htzhjs2md8zja6l,05qsq,137.25
2025-26,6,8htzhjs2md8zja6l,05uup,112.25
2025-26,6,8htzhjs2md8zja6l,02ym0,111.25
2025-26,6,8htzhjs2md8zja6l,005kc,107.5
2025-26,6,8htzhjs2md8zja6l,04azw,108.25
2025-26,6,8htzhjs2md8zja6l,03lls,169.5
2025-26,6,8htzhjs2md8zja6l,06mjv,102.75
2025-26,6,7kj0njiwmd8zja6g,049kd,107.25
2025-26,6,7kj0njiwmd8zja6g,05uif,91.25
2025-26,6,7kj0njiwmd8zja6g,04ewt,74.0
2025-26,6,7kj0njiwmd8zja6g,02ng3,91.25
2025-26,6,7kj0njiwmd8zja6g,06cca,84.25
2025-26,6,7kj0njiwmd8zja6g,06cby,84.5
2025-26,6,7kj0njiwmd8zja6g,02nf1,92.0
2025-26,6,7kj0njiwmd8zja6g,0621e,106.5
2025-26,6,7kj0njiwmd8zja6g,001aw,92.5
2025-26,6,7kj0njiwmd8zja6g,051os,36.75
2025-26,6,nmbx4rkzmd8zja6m,03ad3,91.5
2025-26,6,nmbx4rkzmd8zja6m,06mk3,89.25
2025-26,6,nmbx4rkzmd8zja6m,05qtt,135.25
2025-26,6,nmbx4rkzmd8zja6m,051ol,66.0
2025-26,6,nmbx4rkzmd8zja6m,05qto,123.5
2025-26,6,nmbx4rkzmd8zja6m,06ca8,99.0
2025-26,6,nmbx4rkzmd8zja6m,027oz,167.75
2025-26,6,nmbx4rkzmd8zja6m,03nwm,134.25
2025-26,6,nmbx4rkzmd8zja6m,05uiz,97.5
2025-26,6,nmbx4rkzmd8zja6m,03r7z,93.25
2025-26,6,mp3txfdsmd8zja6i,03ad2,97.25
2025-26,6,mp3txfdsmd8zja6i,049kc,70.25
2025-26,6,mp3txfdsmd8zja6i,042nm,151.25
2025-26,6,mp3txfdsmd8zja6i,027pe,85.75
2025-26,6,mp3txfdsmd8zja6i,042n4,110.75
2025-26,6,mp3txfdsmd8zja6i,04ewk,99.5
2025-26,6,mp3txfdsmd8zja6i,051p9,91.5
2025-26,6,mp3txfdsmd8zja6i,06mll,77.0
2025-26,6,mp3txfdsmd8zja6i,06v57,66.25
2025-26,6,mp3txfdsmd8zja6i,03e75,172.0
2025-26,6,q86f43pcmd8zja6k,049kb,129.25
2025-26,6,q86f43pcmd8zja6k,027p4,98.5
2025-26,6,q86f43pcmd8zja6k,06213,121.5
2025-26,6,q86f43pcmd8zja6k,031lx,120.0
2025-26,6,q86f43pcmd8zja6k,03ajv,111.75
2025-26,6,q86f43pcmd8zja6k,03ams,89.25
2025-26,6,q86f43pcmd8zja6k,04qrl,79.75
2025-26,6,q86f43pcmd8zja6k,03wr4,103.25
2025-26,6,q86f43pcmd8zja6k,027p0,115.25
2025-26,6,q86f43pcmd8zja6k,04kj6,242.25
2025-26,6,nmlbr2ppmd8zja6n,0621b,71.5
2025-26,6,nmlbr2ppmd8zja6n,0621c,101.25
2025-26,6,nmlbr2ppmd8zja6n,05qt3,134.5
2025-26,6,nmlbr2ppmd8zja6n,05uid,134.25
2025-26,6,nmlbr2ppmd8zja6n,05uib,219.25
2025-26,6,nmlbr2ppmd8zja6n,042nt,144.0
2025-26,6,nmlbr2ppmd8zja6n,06v5g,74.5
2025-26,6,nmlbr2ppmd8zja6n,0621u,76.25
2025-26,6,nmlbr2ppmd8zja6n,06215,93.25
2025-26,6,nmlbr2ppmd8zja6n,06mjt,76.75
2025-26,6,mm10q3fvmd8zja6j,05uus,174.0
2025-26,6,mm10q3fvmd8zja6j,051pa,77.5
2025-26,6,mm10q3fvmd8zja6j,04ewe,148.25
2025-26,6,mm10q3fvmd8zja6j,05uiu,209.0
2025-26,6,mm10q3fvmd8zja6j,051or,82.25
2025-26,6,mm10q3fvmd8zja6j,06mk1,138.75
2025-26,6,mm10q3fvmd8zja6j,06v80,78.25
2025-26,6,mm10q3fvmd8zja6j,06v5l,129.25
2025-26,6,mm10q3fvmd8zja6j,04ex8,110.75
2025-26,6,mm10q3fvmd8zja6j,05qu9,102.5
2025-26,7,qxb6cn3omd8zja6h,04qrr,110.75
2025-26,7,qxb6cn3omd8zja6h,06212,87.5
2025-26,7,qxb6cn3omd8zja6h,04ewr,60.75
2025-26,7,qxb6cn3omd8zja6h,03aq2,142.0
2025-26,7,qxb6cn3omd8zja6h,02xg9,129.0
2025-26,7,qxb6cn3omd8zja6h,05qtr,97.75
2025-26,7,qxb6cn3omd8zja6h,04qsa,158.5
2025-26,7,qxb6cn3omd8zja6h,05qt1,118.5
2025-26,7,qxb6cn3omd8zja6h,04qrj,61.0
2025-26,7,qxb6cn3omd8zja6h,06mk8,70.25
2025-26,7,mjm1574cmd8zja6n,05uig,110.25
2025-26,7,mjm1574cmd8zja6n,05uiq,50.0
2025-26,7,mjm1574cmd8zja6n,03el5,34.0
2025-26,7,mjm1574cmd8zja6n,01eo6,134.75
2025-26,7,mjm1574cmd8zja6n,06v5n,82.25
2025-26,7,mjm1574cmd8zja6n,01uyj,78.0
2025-26,7,mjm1574cmd8zja6n,05qtj,191.5
2025-26,7,mjm1574cmd8zja6n,042n1,120.0
2025-26,7,mjm1574cmd8zja6n,05uii,102.0
2025-26,7,mjm1574cmd8zja6n,06cc7,98.75
2025-26,7,sha0v3f8md8zja6k,05uie,174.5
2025-26,7,sha0v3f8md8zja6k,06v5r,43.75
2025-26,7,sha0v3f8md8zja6k,06cd4,101.5
2025-26,7,sha0v3f8md8zja6k,05ujd,108.75
2025-26,7,sha0v3f8md8zja6k,04qrn,134.75
2025-26,7,sha0v3f8md8zja6k,05uj4,73.0
2025-26,7,sha0v3f8md8zja6k,04qrp,94.5
2025-26,7,sha0v3f8md8zja6k,04qro,98.0
2025-26,7,sha0v3f8md8zja6k,06mk6,58.0
2025-26,7,sha0v3f8md8zja6k,04ewf,104.75
2025-26,7,8htzhjs2md8zja6l,05qug,164.5
2025-26,7,8htzhjs2md8zja6l,06211,103.75
2025-26,7,8htzhjs2md8zja6l,04ewu,136.75
2025-26,7,8htzhjs2md8zja6l,05qsq,189.0
2025-26,7,8htzhjs2md8zja6l,05uup,79.5
2025-26,7,8htzhjs2md8zja6l,005kc,121.75
2025-26,7,8htzhjs2md8zja6l,03lls,150.5
2025-26,7,8htzhjs2md8zja6l,06mkg,85.75
2025-26,7,8htzhjs2md8zja6l,06ccf,84.5
2025-26,7,8htzhjs2md8zja6l,0011e,80.75
2025-26,7,7kj0njiwmd8zja6g,05uj9,40.5
2025-26,7,7kj0njiwmd8zja6g,049kd,85.5
2025-26,7,7kj0njiwmd8zja6g,04ewt,158.0
2025-26,7,7kj0njiwmd8zja6g,05uif,107.0
2025-26,7,7kj0njiwmd8zja6g,03ad4,41.25
2025-26,7,7kj0njiwmd8zja6g,06cca,48.5
2025-26,7,7kj0njiwmd8zja6g,06cby,87.25
2025-26,7,7kj0njiwmd8zja6g,02nf1,117.25
2025-26,7,7kj0njiwmd8zja6g,06v5h,153.75
2025-26,7,7kj0njiwmd8zja6g,001aw,119.5
2025-26,7,nmbx4rkzmd8zja6m,03ad3,143.0
2025-26,7,nmbx4rkzmd8zja6m,06cac,61.0
2025-26,7,nmbx4rkzmd8zja6m,06mk3,86.0
2025-26,7,nmbx4rkzmd8zja6m,05qtt,96.5
2025-26,7,nmbx4rkzmd8zja6m,05uir,184.0
2025-26,7,nmbx4rkzmd8zja6m,05qto,73.5
2025-26,7,nmbx4rkzmd8zja6m,05qu0,117.5
2025-26,7,nmbx4rkzmd8zja6m,06ca8,106.5
2025-26,7,nmbx4rkzmd8zja6m,027oz,106.75
2025-26,7,nmbx4rkzmd8zja6m,05uiz,79.25
2025-26,7,mp3txfdsmd8zja6i,051op,62.5
2025-26,7,mp3txfdsmd8zja6i,042nm,120.0
2025-26,7,mp3txfdsmd8zja6i,051pb,123.5
2025-26,7,mp3txfdsmd8zja6i,04qs1,79.5
2025-26,7,mp3txfdsmd8zja6i,042n4,163.0
2025-26,7,mp3txfdsmd8zja6i,051p9,91.25
2025-26,7,mp3txfdsmd8zja6i,04ewk,69.75
2025-26,7,mp3txfdsmd8zja6i,06mll,75.75
2025-26,7,mp3txfdsmd8zja6i,03e75,170.5
2025-26,7,mp3txfdsmd8zja6i,06v56,70.5
2025-26,7,q86f43pcmd8zja6k,049kb,151.0
2025-26,7,q86f43pcmd8zja6k,0527h,129.0
2025-26,7,q86f43pcmd8zja6k,06213,75.5
2025-26,7,q86f43pcmd8zja6k,031lx,76.25
2025-26,7,q86f43pcmd8zja6k,03ajv,137.5
2025-26,7,q86f43pcmd8zja6k,03ams,81.5
2025-26,7,q86f43pcmd8zja6k,04qru,88.0
2025-26,7,q86f43pcmd8zja6k,06mle,104.5
2025-26,7,q86f43pcmd8zja6k,042n3,104.75
2025-26,7,q86f43pcmd8zja6k,01eon,79.75
2025-26,7,nmlbr2ppmd8zja6n,0621b,114.0
2025-26,7,nmlbr2ppmd8zja6n,0621c,83.5
2025-26,7,nmlbr2ppmd8zja6n,05uid,129.0
2025-26,7,nmlbr2ppmd8zja6n,05uib,138.25
2025-26,7,nmlbr2ppmd8zja6n,042nt,92.0
2025-26,7,nmlbr2ppmd8zja6n,06v5k,102.75
2025-26,7,nmlbr2ppmd8zja6n,06v5g,109.75
2025-26,7,nmlbr2ppmd8zja6n,05uug,68.0
2025-26,7,nmlbr2ppmd8zja6n,0621u,114.25
2025-26,7,nmlbr2ppmd8zja6n,06215,102.0
2025-26,7,mm10q3fvmd8zja6j,051pa,133.25
2025-26,7,mm10q3fvmd8zja6j,05uus,132.0
2025-26,7,mm10q3fvmd8zja6j,05uiu,132.5
2025-26,7,mm10q3fvmd8zja6j,04ewe,126.75
2025-26,7,mm10q3fvmd8zja6j,06mk1,87.75
2025-26,7,mm10q3fvmd8zja6j,06v80,68.75
2025-26,7,mm10q3fvmd8zja6j,06v5l,88.75
2025-26,7,mm10q3fvmd8zja6j,06216,131.25
2025-26,7,mm10q3fvmd8zja6j,05qu9,122.5
2025-26,7,mm10q3fvmd8zja6j,03nwn,84.5
2025-26,8,qxb6cn3omd8zja6h,06212,69.0
2025-26,8,qxb6cn3omd8zja6h,04qrr,63.5
2025-26,8,qxb6cn3omd8zja6h,04ewr,61.75
2025-26,8,qxb6cn3omd8zja6h,03aq2,60.5
2025-26,8,qxb6cn3omd8zja6h,06214,41.75
2025-26,8,qxb6cn3omd8zja6h,02xg9,76.5
2025-26,8,qxb6cn3omd8zja6h,05qtr,65.75
2025-26,8,qxb6cn3omd8zja6h,04qsa,100.75
2025-26,8,qxb6cn3omd8zja6h,05qt1,51.25
2025-26,8,qxb6cn3omd8zja6h,04qrj,77.75
2025-26,8,mjm1574cmd8zja6n,05uig,73.5
2025-26,8,mjm1574cmd8zja6n,04ewn,68.5
2025-26,8,mjm1574cmd8zja6n,05uiq,113.75
2025-26,8,mjm1574cmd8zja6n,01eo6,67.0
2025-26,8,mjm1574cmd8zja6n,06v5n,91.25
2025-26,8,mjm1574cmd8zja6n,01uyj,80.5
2025-26,8,mjm1574cmd8zja6n,05qtj,81.25
2025-26,8,mjm1574cmd8zja6n,042n1,88.25
2025-26,8,mjm1574cmd8zja6n,06217,87.5
2025-26,8,sha0v3f8md8zja6k,05uie,71.75
2025-26,8,sha0v3f8md8zja6k,06cd4,46.75
2025-26,8,sha0v3f8md8zja6k,05ujd,42.75
2025-26,8,sha0v3f8md8zja6k,04qrn,56.5
2025-26,8,sha0v3f8md8zja6k,05uj4,47.25
2025-26,8,sha0v3f8md8zja6k,051on,63.0
2025-26,8,sha0v3f8md8zja6k,04qrp,86.5
2025-26,8,sha0v3f8md8zja6k,04qro,83.0
2025-26,8,sha0v3f8md8zja6k,06mk6,68.75
2025-26,8,sha0v3f8md8zja6k,04ewf,75.5
2025-26,8,8htzhjs2md8zja6l,06211,69.75
2025-26,8,8htzhjs2md8zja6l,04ewu,69.0
2025-26,8,8htzhjs2md8zja6l,005kc,60.0
2025-26,8,8htzhjs2md8zja6l,02ym0,52.0
2025-26,8,8htzhjs2md8zja6l,04azw,108.75
2025-26,8,8htzhjs2md8zja6l,03al2,97.75
2025-26,8,8htzhjs2md8zja6l,06mjw,74.0
2025-26,8,8htzhjs2md8zja6l,03lls,92.75
2025-26,8,8htzhjs2md8zja6l,06mkg,57.5
2025-26,8,8htzhjs2md8zja6l,0011e,88.5
2025-26,8,7kj0njiwmd8zja6g,049kd,63.75
2025-26,8,7kj0njiwmd8zja6g,05uif,66.75
2025-26,8,7kj0njiwmd8zja6g,04ewt,54.0
2025-26,8,7kj0njiwmd8zja6g,06cca,81.5
2025-26,8,7kj0njiwmd8zja6g,06cby,109.75
2025-26,8,7kj0njiwmd8zja6g,051oi,63.75
2025-26,8,7kj0njiwmd8zja6g,02nf1,53.0
2025-26,8,7kj0njiwmd8zja6g,06v5h,56.25
2025-26,8,7kj0njiwmd8zja6g,051os,66.5
2025-26,8,7kj0njiwmd8zja6g,001aw,65.5
2025-26,8,nmbx4rkzmd8zja6m,03ad3,86.5
2025-26,8,nmbx4rkzmd8zja6m,05qtt,76.0
2025-26,8,nmbx4rkzmd8zja6m,051ol,74.75
2025-26,8,nmbx4rkzmd8zja6m,05uir,77.0
2025-26,8,nmbx4rkzmd8zja6m,05qu0,60.75
2025-26,8,nmbx4rkzmd8zja6m,06ca8,81.25
2025-26,8,nmbx4rkzmd8zja6m,027oz,82.75
2025-26,8,nmbx4rkzmd8zja6m,03nwm,48.0
2025-26,8,nmbx4rkzmd8zja6m,03r7z,64.5
2025-26,8,nmbx4rkzmd8zja6m,05uiz,59.25
2025-26,8,mp3txfdsmd8zja6i,049kc,53.75
2025-26,8,mp3txfdsmd8zja6i,027pe,67.25
2025-26,8,mp3txfdsmd8zja6i,042nm,53.25
2025-26,8,mp3txfdsmd8zja6i,04qse,41.5
2025-26,8,mp3txfdsmd8zja6i,051pb,52.75
2025-26,8,mp3txfdsmd8zja6i,06mkl,49.25
2025-26,8,mp3txfdsmd8zja6i,042n4,74.5
2025-26,8,mp3txfdsmd8zja6i,051p9,40.5
2025-26,8,mp3txfdsmd8zja6i,06mll,54.5
2025-26,8,mp3txfdsmd8zja6i,03e75,142.75
2025-26,8,q86f43pcmd8zja6k,049kb,68.0
2025-26,8,q86f43pcmd8zja6k,0527h,77.75
2025-26,8,q86f43pcmd8zja6k,06213,58.5
2025-26,8,q86f43pcmd8zja6k,031lx,69.5
2025-26,8,q86f43pcmd8zja6k,03ajv,90.25
2025-26,8,q86f43pcmd8zja6k,051p8,58.25
2025-26,8,q86f43pcmd8zja6k,04qrl,67.5
2025-26,8,q86f43pcmd8zja6k,04qru,82.0
2025-26,8,q86f43pcmd8zja6k,04kj6,90.0
2025-26,8,q86f43pcmd8zja6k,01eon,50.75
2025-26,8,nmlbr2ppmd8zja6n,0621b,65.5
2025-26,8,nmlbr2ppmd8zja6n,01enh,110.5
2025-26,8,nmlbr2ppmd8zja6n,0621c,46.5
2025-26,8,nmlbr2ppmd8zja6n,05qt3,88.0
2025-26,8,nmlbr2ppmd8zja6n,05uid,48.25
2025-26,8,nmlbr2ppmd8zja6n,05uib,83.25
2025-26,8,nmlbr2ppmd8zja6n,042nt,71.5
2025-26,8,nmlbr2ppmd8zja6n,06v5k,75.0
2025-26,8,nmlbr2ppmd8zja6n,06v5g,60.75
2025-26,8,nmlbr2ppmd8zja6n,06mjt,40.5
2025-26,8,mm10q3fvmd8zja6j,051pa,70.25
2025-26,8,mm10q3fvmd8zja6j,04ewe,94.0
2025-26,8,mm10q3fvmd8zja6j,05uiu,93.25
2025-26,8,mm10q3fvmd8zja6j,051or,42.0
2025-26,8,mm10q3fvmd8zja6j,06210,68.25
2025-26,8,mm10q3fvmd8zja6j,06v5l,106.0
2025-26,8,mm10q3fvmd8zja6j,042n6,46.75
2025-26,8,mm10q3fvmd8zja6j,06cch,37.25
2025-26,8,mm10q3fvmd8zja6j,06216,79.0
2025-26,8,mm10q3fvmd8zja6j,03nwn,58.75
2025-26,9,qxb6cn3omd8zja6h,06212,92.75
2025-26,9,qxb6cn3omd8zja6h,04qrr,83.25
2025-26,9,qxb6cn3omd8zja6h,03aq2,37.75
2025-26,9,qxb6cn3omd8zja6h,06214,40.25
2025-26,9,qxb6cn3omd8zja6h,02xg9,116.0
2025-26,9,qxb6cn3omd8zja6h,05qtr,88.25
2025-26,9,qxb6cn3omd8zja6h,04qsa,153.0
2025-26,9,qxb6cn3omd8zja6h,05qt1,103.0
2025-26,9,qxb6cn3omd8zja6h,04qrj,111.25
2025-26,9,qxb6cn3omd8zja6h,06mk8,46.0
2025-26,9,mjm1574cmd8zja6n,05uig,142.5
2025-26,9,mjm1574cmd8zja6n,04ewn,60.25
2025-26,9,mjm1574cmd8zja6n,05uiq,124.25
2025-26,9,mjm1574cmd8zja6n,06v5n,101.25
2025-26,9,mjm1574cmd8zja6n,05qtj,132.5
2025-26,9,mjm1574cmd8zja6n,02nfz,54.0
2025-26,9,mjm1574cmd8zja6n,042n1,112.75
2025-26,9,mjm1574cmd8zja6n,06217,84.5
2025-26,9,mjm1574cmd8zja6n,06cc7,75.75
2025-26,9,sha0v3f8md8zja6k,05uie,94.0
2025-26,9,sha0v3f8md8zja6k,04qrn,106.25
2025-26,9,sha0v3f8md8zja6k,05uj4,95.0
2025-26,9,sha0v3f8md8zja6k,051on,95.75
2025-26,9,sha0v3f8md8zja6k,04qrp,78.75
2025-26,9,sha0v3f8md8zja6k,04qro,174.0
2025-26,9,sha0v3f8md8zja6k,04ewm,96.75
2025-26,9,sha0v3f8md8zja6k,06mk6,88.75
2025-26,9,sha0v3f8md8zja6k,04ewf,91.5
2025-26,9,sha0v3f8md8zja6k,06v58,70.5
2025-26,9,8htzhjs2md8zja6l,06211,59.0
2025-26,9,8htzhjs2md8zja6l,05qsq,95.5
2025-26,9,8htzhjs2md8zja6l,05uup,53.75
2025-26,9,8htzhjs2md8zja6l,005kc,113.5
2025-26,9,8htzhjs2md8zja6l,06mjw,102.75
2025-26,9,8htzhjs2md8zja6l,06mkg,114.75
2025-26,9,8htzhjs2md8zja6l,03lls,98.0
2025-26,9,8htzhjs2md8zja6l,06mjv,97.5
2025-26,9,8htzhjs2md8zja6l,06ccf,91.0
2025-26,9,8htzhjs2md8zja6l,0011e,100.25
2025-26,9,7kj0njiwmd8zja6g,05uiw,35.25
2025-26,9,7kj0njiwmd8zja6g,05uj9,77.0
2025-26,9,7kj0njiwmd8zja6g,04ewt,118.25
2025-26,9,7kj0njiwmd8zja6g,06cca,103.75
2025-26,9,7kj0njiwmd8zja6g,06cby,134.0
2025-26,9,7kj0njiwmd8zja6g,04qrk,71.0
2025-26,9,7kj0njiwmd8zja6g,02nf1,145.5
2025-26,9,7kj0njiwmd8zja6g,06v5h,117.5
2025-26,9,7kj0njiwmd8zja6g,001aw,139.25
2025-26,9,7kj0njiwmd8zja6g,051os,85.25
2025-26,9,nmbx4rkzmd8zja6m,06mk3,90.25
2025-26,9,nmbx4rkzmd8zja6m,05qtt,97.75
2025-26,9,nmbx4rkzmd8zja6m,051ol,123.75
2025-26,9,nmbx4rkzmd8zja6m,05uir,96.5
2025-26,9,nmbx4rkzmd8zja6m,051oh,98.25
2025-26,9,nmbx4rkzmd8zja6m,05qto,109.25
2025-26,9,nmbx4rkzmd8zja6m,06ca8,116.75
2025-26,9,nmbx4rkzmd8zja6m,027oz,98.5
2025-26,9,nmbx4rkzmd8zja6m,06mju,66.25
2025-26,9,nmbx4rkzmd8zja6m,03r7z,102.5
2025-26,9,mp3txfdsmd8zja6i,042nm,117.75
2025-26,9,mp3txfdsmd8zja6i,027pe,101.25
2025-26,9,mp3txfdsmd8zja6i,06mkl,91.25
2025-26,9,mp3txfdsmd8zja6i,042n4,116.5
2025-26,9,mp3txfdsmd8zja6i,04ewk,67.5
2025-26,9,mp3txfdsmd8zja6i,051p9,61.5
2025-26,9,mp3txfdsmd8zja6i,06mll,63.75
2025-26,9,mp3txfdsmd8zja6i,06v57,62.25
2025-26,9,mp3txfdsmd8zja6i,03e75,148.25
2025-26,9,mp3txfdsmd8zja6i,06mk7,145.75
2025-26,9,q86f43pcmd8zja6k,049kb,91.25
2025-26,9,q86f43pcmd8zja6k,06213,89.25
2025-26,9,q86f43pcmd8zja6k,031lx,92.5
2025-26,9,q86f43pcmd8zja6k,03ajv,94.0
2025-26,9,q86f43pcmd8zja6k,051p8,66.75
2025-26,9,q86f43pcmd8zja6k,04qrl,89.25
2025-26,9,q86f43pcmd8zja6k,04qru,97.5
2025-26,9,q86f43pcmd8zja6k,027p0,126.25
2025-26,9,q86f43pcmd8zja6k,04kj6,106.0
2025-26,9,q86f43pcmd8zja6k,01eon,126.75
2025-26,9,nmlbr2ppmd8zja6n,0621b,95.0
2025-26,9,nmlbr2ppmd8zja6n,01enh,124.0
2025-26,9,nmlbr2ppmd8zja6n,0621c,122.0
2025-26,9,nmlbr2ppmd8zja6n,05qt3,97.0
2025-26,9,nmlbr2ppmd8zja6n,05uib,136.5
2025-26,9,nmlbr2ppmd8zja6n,06v5k,75.25
2025-26,9,nmlbr2ppmd8zja6n,06mjz,112.0
2025-26,9,nmlbr2ppmd8zja6n,06215,72.25
2025-26,9,nmlbr2ppmd8zja6n,0621u,84.5
2025-26,9,nmlbr2ppmd8zja6n,06mjt,56.75
2025-26,9,mm10q3fvmd8zja6j,051pa,97.5
2025-26,9,mm10q3fvmd8zja6j,05uiu,166.25
2025-26,9,mm10q3fvmd8zja6j,051or,86.25
2025-26,9,mm10q3fvmd8zja6j,06v80,36.75
2025-26,9,mm10q3fvmd8zja6j,06210,153.25
2025-26,9,mm10q3fvmd8zja6j,031m4,96.5
2025-26,9,mm10q3fvmd8zja6j,06v5l,116.5
2025-26,9,mm10q3fvmd8zja6j,06cch,120.5
2025-26,9,mm10q3fvmd8zja6j,06216,100.25
2025-26,9,mm10q3fvmd8zja6j,05qu9,90.25
2025-26,10,qxb6cn3omd8zja6h,04qrr,129.0
2025-26,10,qxb6cn3omd8zja6h,06212,119.75
2025-26,10,qxb6cn3omd8zja6h,04ewr,95.5
2025-26,10,qxb6cn3omd8zja6h,02xg9,134.0
2025-26,10,qxb6cn3omd8zja6h,05qtr,70.0
2025-26,10,qxb6cn3omd8zja6h,04qsa,130.25
2025-26,10,qxb6cn3omd8zja6h,05ujc,74.75
2025-26,10,qxb6cn3omd8zja6h,05qt1,71.5
2025-26,10,qxb6cn3omd8zja6h,04qrj,133.0
2025-26,10,qxb6cn3omd8zja6h,031m2,82.0
2025-26,10,mjm1574cmd8zja6n,05uig,132.0
2025-26,10,mjm1574cmd8zja6n,0621q,99.5
2025-26,10,mjm1574cmd8zja6n,04ewn,100.75
2025-26,10,mjm1574cmd8zja6n,05uiq,77.25
2025-26,10,mjm1574cmd8zja6n,000zv,45.75
2025-26,10,mjm1574cmd8zja6n,01eo6,126.0
2025-26,10,mjm1574cmd8zja6n,01uyj,91.75
2025-26,10,mjm1574cmd8zja6n,05qtj,194.75
2025-26,10,mjm1574cmd8zja6n,042n1,142.25
2025-26,10,mjm1574cmd8zja6n,06217,92.5
2025-26,10,sha0v3f8md8zja6k,05uie,174.5
2025-26,10,sha0v3f8md8zja6k,06cd4,94.75
2025-26,10,sha0v3f8md8zja6k,05uj4,117.0
2025-26,10,sha0v3f8md8zja6k,04qrn,106.5
2025-26,10,sha0v3f8md8zja6k,04qro,180.75
2025-26,10,sha0v3f8md8zja6k,04ewm,106.25
2025-26,10,sha0v3f8md8zja6k,06mk6,83.0
2025-26,10,sha0v3f8md8zja6k,06v58,86.75
2025-26,10,sha0v3f8md8zja6k,06226,101.25
2025-26,10,sha0v3f8md8zja6k,06mkd,67.25
2025-26,10,8htzhjs2md8zja6l,05qug,182.75
2025-26,10,8htzhjs2md8zja6l,06211,128.5
2025-26,10,8htzhjs2md8zja6l,05qsq,112.0
2025-26,10,8htzhjs2md8zja6l,05uup,83.75
2025-26,10,8htzhjs2md8zja6l,06cc1,122.5
2025-26,10,8htzhjs2md8zja6l,02ym0,147.5
2025-26,10,8htzhjs2md8zja6l,005kc,103.5
2025-26,10,8htzhjs2md8zja6l,06mjw,123.0
2025-26,10,8htzhjs2md8zja6l,06mjv,100.25
2025-26,10,8htzhjs2md8zja6l,0011e,102.75
2025-26,10,7kj0njiwmd8zja6g,04ewt,72.5
2025-26,10,7kj0njiwmd8zja6g,06cca,101.75
2025-26,10,7kj0njiwmd8zja6g,06cby,134.5
2025-26,10,7kj0njiwmd8zja6g,04qrk,110.25
2025-26,10,7kj0njiwmd8zja6g,02nf1,66.0
2025-26,10,7kj0njiwmd8zja6g,051oi,63.5
2025-26,10,7kj0njiwmd8zja6g,06v5h,125.0
2025-26,10,7kj0njiwmd8zja6g,0621e,102.5
2025-26,10,7kj0njiwmd8zja6g,001aw,162.25
2025-26,10,7kj0njiwmd8zja6g,051os,84.0
2025-26,10,nmbx4rkzmd8zja6m,03ad3,178.0
2025-26,10,nmbx4rkzmd8zja6m,05qtt,153.75
2025-26,10,nmbx4rkzmd8zja6m,051ol,99.75
2025-26,10,nmbx4rkzmd8zja6m,05uir,123.0
2025-26,10,nmbx4rkzmd8zja6m,051oh,148.0
2025-26,10,nmbx4rkzmd8zja6m,05qto,110.25
2025-26,10,nmbx4rkzmd8zja6m,06ca8,149.75
2025-26,10,nmbx4rkzmd8zja6m,027oz,192.25
2025-26,10,nmbx4rkzmd8zja6m,03nwm,149.5
2025-26,10,nmbx4rkzmd8zja6m,03r7z,144.25
2025-26,10,mp3txfdsmd8zja6i,042nm,135.5
2025-26,10,mp3txfdsmd8zja6i,027pe,102.0
2025-26,10,mp3txfdsmd8zja6i,06mkl,57.25
2025-26,10,mp3txfdsmd8zja6i,042n4,187.0
2025-26,10,mp3txfdsmd8zja6i,051p9,95.25
2025-26,10,mp3txfdsmd8zja6i,04ewk,46.0
2025-26,10,mp3txfdsmd8zja6i,06mll,70.5
2025-26,10,mp3txfdsmd8zja6i,03e75,273.75
2025-26,10,mp3txfdsmd8zja6i,06mk7,117.5
2025-26,10,mp3txfdsmd8zja6i,06v56,48.0
2025-26,10,q86f43pcmd8zja6k,049kb,85.75
2025-26,10,q86f43pcmd8zja6k,027p4,78.25
2025-26,10,q86f43pcmd8zja6k,031lx,115.5
2025-26,10,q86f43pcmd8zja6k,03ajv,172.25
2025-26,10,q86f43pcmd8zja6k,051p8,81.75
2025-26,10,q86f43pcmd8zja6k,04qrl,114.0
2025-26,10,q86f43pcmd8zja6k,04qru,115.75
2025-26,10,q86f43pcmd8zja6k,027p0,118.25
2025-26,10,q86f43pcmd8zja6k,04kj6,95.5
2025-26,10,q86f43pcmd8zja6k,01eon,114.25
2025-26,10,nmlbr2ppmd8zja6n,0621b,135.5
2025-26,10,nmlbr2ppmd8zja6n,01enh,115.5
2025-26,10,nmlbr2ppmd8zja6n,0621c,99.75
2025-26,10,nmlbr2ppmd8zja6n,05qt3,140.25
2025-26,10,nmlbr2ppmd8zja6n,05uib,162.25
2025-26,10,nmlbr2ppmd8zja6n,06mjz,129.25
2025-26,10,nmlbr2ppmd8zja6n,06v5g,82.75
2025-26,10,nmlbr2ppmd8zja6n,0621u,119.75
2025-26,10,nmlbr2ppmd8zja6n,06215,101.25
2025-26,10,nmlbr2ppmd8zja6n,0621g,93.0
2025-26,10,mm10q3fvmd8zja6j,051pa,152.25
2025-26,10,mm10q3fvmd8zja6j,04ewe,155.5
2025-26,10,mm10q3fvmd8zja6j,05uiu,150.75
2025-26,10,mm10q3fvmd8zja6j,06210,133.5
2025-26,10,mm10q3fvmd8zja6j,06v5l,173.25
2025-26,10,mm10q3fvmd8zja6j,06cch,158.75
2025-26,10,mm10q3fvmd8zja6j,06216,124.25
2025-26,10,mm10q3fvmd8zja6j,05qu9,135.5
2025-26,10,mm10q3fvmd8zja6j,03nwn,127.0
2025-26,11,qxb6cn3omd8zja6h,06212,80.0
2025-26,11,qxb6cn3omd8zja6h,04ewr,49.25
2025-26,11,qxb6cn3omd8zja6h,06214,58.0
2025-26,11,qxb6cn3omd8zja6h,02xg9,97.25
2025-26,11,qxb6cn3omd8zja6h,04qsa,143.75
2025-26,11,qxb6cn3omd8zja6h,05qt1,133.75
2025-26,11,qxb6cn3omd8zja6h,05ujc,113.5
2025-26,11,qxb6cn3omd8zja6h,05ujq,94.25
2025-26,11,qxb6cn3omd8zja6h,051oj,94.0
2025-26,11,qxb6cn3omd8zja6h,031m2,148.5
2025-26,11,mjm1574cmd8zja6n,04ewn,106.75
2025-26,11,mjm1574cmd8zja6n,03el5,49.75
2025-26,11,mjm1574cmd8zja6n,000zv,47.25
2025-26,11,mjm1574cmd8zja6n,01eo6,107.25
2025-26,11,mjm1574cmd8zja6n,06v5n,127.25
2025-26,11,mjm1574cmd8zja6n,01uyj,103.0
2025-26,11,mjm1574cmd8zja6n,05qtj,207.5
2025-26,11,mjm1574cmd8zja6n,042n1,125.0
2025-26,11,mjm1574cmd8zja6n,06217,146.25
2025-26,11,mjm1574cmd8zja6n,06cc7,92.75
2025-26,11,sha0v3f8md8zja6k,05uie,139.25
2025-26,11,sha0v3f8md8zja6k,06cd4,97.25
2025-26,11,sha0v3f8md8zja6k,05ujd,105.5
2025-26,11,sha0v3f8md8zja6k,04qrn,106.25
2025-26,11,sha0v3f8md8zja6k,05uj4,95.75
2025-26,11,sha0v3f8md8zja6k,04qrm,96.0
2025-26,11,sha0v3f8md8zja6k,04qrp,117.25
2025-26,11,sha0v3f8md8zja6k,04qro,151.75
2025-26,11,sha0v3f8md8zja6k,06mk6,68.0
2025-26,11,sha0v3f8md8zja6k,04ewf,96.25
2025-26,11,8htzhjs2md8zja6l,05qug,138.5
2025-26,11,8htzhjs2md8zja6l,06211,149.0
2025-26,11,8htzhjs2md8zja6l,05qsq,234.5
2025-26,11,8htzhjs2md8zja6l,005kc,117.75
2025-26,11,8htzhjs2md8zja6l,04azw,121.25
2025-26,11,8htzhjs2md8zja6l,03al2,183.0
2025-26,11,8htzhjs2md8zja6l,06mjw,92.75
2025-26,11,8htzhjs2md8zja6l,03lls,176.25
2025-26,11,8htzhjs2md8zja6l,06ccf,82.75
2025-26,11,8htzhjs2md8zja6l,0011e,125.0
2025-26,11,7kj0njiwmd8zja6g,04ewt,181.0
2025-26,11,7kj0njiwmd8zja6g,05uif,44.0
2025-26,11,7kj0njiwmd8zja6g,02ng3,46.75
2025-26,11,7kj0njiwmd8zja6g,06cca,147.75
2025-26,11,7kj0njiwmd8zja6g,06cby,111.0
2025-26,11,7kj0njiwmd8zja6g,051oi,84.25
2025-26,11,7kj0njiwmd8zja6g,02nf1,75.5
2025-26,11,7kj0njiwmd8zja6g,0621e,77.5
2025-26,11,7kj0njiwmd8zja6g,06v5h,61.25
2025-26,11,7kj0njiwmd8zja6g,001aw,139.0
2025-26,11,nmbx4rkzmd8zja6m,06mk3,139.5
2025-26,11,nmbx4rkzmd8zja6m,05qtt,139.0
2025-26,11,nmbx4rkzmd8zja6m,051oh,118.5
2025-26,11,nmbx4rkzmd8zja6m,05qto,126.25
2025-26,11,nmbx4rkzmd8zja6m,06ca8,116.25
2025-26,11,nmbx4rkzmd8zja6m,027oz,201.75
2025-26,11,nmbx4rkzmd8zja6m,06mju,97.75
2025-26,11,nmbx4rkzmd8zja6m,03nwm,153.0
2025-26,11,nmbx4rkzmd8zja6m,05uiz,122.0
2025-26,11,nmbx4rkzmd8zja6m,03r7z,110.5
2025-26,11,mp3txfdsmd8zja6i,03ad2,74.0
2025-26,11,mp3txfdsmd8zja6i,042nm,129.0
2025-26,11,mp3txfdsmd8zja6i,027pe,110.5
2025-26,11,mp3txfdsmd8zja6i,05ujt,63.25
2025-26,11,mp3txfdsmd8zja6i,06mkl,121.5
2025-26,11,mp3txfdsmd8zja6i,04qs1,110.75
2025-26,11,mp3txfdsmd8zja6i,042n4,148.25
2025-26,11,mp3txfdsmd8zja6i,04ewk,112.5
2025-26,11,mp3txfdsmd8zja6i,051p9,76.5
2025-26,11,mp3txfdsmd8zja6i,06mk7,84.25
2025-26,11,q86f43pcmd8zja6k,049kb,120.0
2025-26,11,q86f43pcmd8zja6k,06213,95.5
2025-26,11,q86f43pcmd8zja6k,031lx,80.75
2025-26,11,q86f43pcmd8zja6k,03ajv,104.0
2025-26,11,q86f43pcmd8zja6k,051p8,81.25
2025-26,11,q86f43pcmd8zja6k,04qrl,91.75
2025-26,11,q86f43pcmd8zja6k,027p0,163.5
2025-26,11,q86f43pcmd8zja6k,04kj6,154.5
2025-26,11,q86f43pcmd8zja6k,01eon,107.0
2025-26,11,q86f43pcmd8zja6k,05uij,72.25
2025-26,11,nmlbr2ppmd8zja6n,0621b,118.75
2025-26,11,nmlbr2ppmd8zja6n,01enh,118.5
2025-26,11,nmlbr2ppmd8zja6n,0621c,51.25
2025-26,11,nmlbr2ppmd8zja6n,05uid,117.25
2025-26,11,nmlbr2ppmd8zja6n,05qt3,113.25
2025-26,11,nmlbr2ppmd8zja6n,05uib,210.5
2025-26,11,nmlbr2ppmd8zja6n,06v5k,175.75
2025-26,11,nmlbr2ppmd8zja6n,06mjz,127.75
2025-26,11,nmlbr2ppmd8zja6n,0621u,107.75
2025-26,11,nmlbr2ppmd8zja6n,0621g,91.75
2025-26,11,mm10q3fvmd8zja6j,051pa,111.0
2025-26,11,mm10q3fvmd8zja6j,04ewe,151.0
2025-26,11,mm10q3fvmd8zja6j,05uiu,192.75
2025-26,11,mm10q3fvmd8zja6j,06210,152.5
2025-26,11,mm10q3fvmd8zja6j,031m4,90.75
2025-26,11,mm10q3fvmd8zja6j,06cch,47.75
2025-26,11,mm10q3fvmd8zja6j,06216,112.25
2025-26,11,mm10q3fvmd8zja6j,04ex8,104.25
2025-26,11,mm10q3fvmd8zja6j,05qu9,83.0
2025-26,12,qxb6cn3omd8zja6h,04qrr,123.75
2025-26,12,qxb6cn3omd8zja6h,06212,68.25
2025-26,12,qxb6cn3omd8zja6h,02xg9,130.25
2025-26,12,qxb6cn3omd8zja6h,04qsa,120.0
2025-26,12,qxb6cn3omd8zja6h,05qt1,138.75
2025-26,12,qxb6cn3omd8zja6h,05ujc,72.75
2025-26,12,qxb6cn3omd8zja6h,04qrj,130.25
2025-26,12,qxb6cn3omd8zja6h,051oj,73.75
2025-26,12,qxb6cn3omd8zja6h,051ot,93.5
2025-26,12,qxb6cn3omd8zja6h,031m2,153.5
2025-26,12,mjm1574cmd8zja6n,04ewn,90.5
2025-26,12,mjm1574cmd8zja6n,000zv,70.75
2025-26,12,mjm1574cmd8zja6n,05uiq,41.25
2025-26,12,mjm1574cmd8zja6n,01eo6,182.5
2025-26,12,mjm1574cmd8zja6n,06v5n,116.25
2025-26,12,mjm1574cmd8zja6n,01uyj,109.25
2025-26,12,mjm1574cmd8zja6n,05qtj,120.5
2025-26,12,mjm1574cmd8zja6n,02nfz,82.0
2025-26,12,mjm1574cmd8zja6n,06217,126.0
2025-26,12,mjm1574cmd8zja6n,06cc7,48.25
2025-26,12,sha0v3f8md8zja6k,06v5a,128.25
2025-26,12,sha0v3f8md8zja6k,05ujd,114.75
2025-26,12,sha0v3f8md8zja6k,04qrn,106.25
2025-26,12,sha0v3f8md8zja6k,05uj4,104.75
2025-26,12,sha0v3f8md8zja6k,04qrp,106.0
2025-26,12,sha0v3f8md8zja6k,04qro,114.75
2025-26,12,sha0v3f8md8zja6k,04ewm,128.25
2025-26,12,sha0v3f8md8zja6k,06mk6,98.25
2025-26,12,sha0v3f8md8zja6k,06v58,95.75
2025-26,12,sha0v3f8md8zja6k,06226,119.75
2025-26,12,8htzhjs2md8zja6l,05qug,155.75
2025-26,12,8htzhjs2md8zja6l,05qsq,174.0
2025-26,12,8htzhjs2md8zja6l,05uup,94.25
2025-26,12,8htzhjs2md8zja6l,06cc1,104.5
2025-26,12,8htzhjs2md8zja6l,005kc,121.25
2025-26,12,8htzhjs2md8zja6l,04azw,142.5
2025-26,12,8htzhjs2md8zja6l,03al2,119.5
2025-26,12,8htzhjs2md8zja6l,06mjw,101.25
2025-26,12,8htzhjs2md8zja6l,03lls,126.75
2025-26,12,8htzhjs2md8zja6l,0011e,142.75
2025-26,12,7kj0njiwmd8zja6g,049kd,102.25
2025-26,12,7kj0njiwmd8zja6g,04ewt,142.5
2025-26,12,7kj0njiwmd8zja6g,03ad4,14.5
2025-26,12,7kj0njiwmd8zja6g,02ng3,41.25
2025-26,12,7kj0njiwmd8zja6g,06cca,76.5
2025-26,12,7kj0njiwmd8zja6g,0496e,30.0
2025-26,12,7kj0njiwmd8zja6g,06cby,148.25
2025-26,12,7kj0njiwmd8zja6g,02nf1,85.75
2025-26,12,7kj0njiwmd8zja6g,06v5h,144.5
2025-26,12,7kj0njiwmd8zja6g,001aw,130.0
2025-26,12,nmbx4rkzmd8zja6m,03ad3,119.0
2025-26,12,nmbx4rkzmd8zja6m,051ol,145.25
2025-26,12,nmbx4rkzmd8zja6m,05uir,146.5
2025-26,12,nmbx4rkzmd8zja6m,051oh,147.25
2025-26,12,nmbx4rkzmd8zja6m,05qto,155.5
2025-26,12,nmbx4rkzmd8zja6m,05qu0,110.0
2025-26,12,nmbx4rkzmd8zja6m,06ca8,144.0
2025-26,12,nmbx4rkzmd8zja6m,027oz,170.75
2025-26,12,nmbx4rkzmd8zja6m,06mju,140.0
2025-26,12,nmbx4rkzmd8zja6m,03nwm,106.75
2025-26,12,mp3txfdsmd8zja6i,03ad2,55.75
2025-26,12,mp3txfdsmd8zja6i,042nm,151.75
2025-26,12,mp3txfdsmd8zja6i,027pe,111.0
2025-26,12,mp3txfdsmd8zja6i,049kc,75.75
2025-26,12,mp3txfdsmd8zja6i,051pb,97.25
2025-26,12,mp3txfdsmd8zja6i,05ujt,76.5
2025-26,12,mp3txfdsmd8zja6i,06mkl,84.5
2025-26,12,mp3txfdsmd8zja6i,04qs1,80.75
2025-26,12,mp3txfdsmd8zja6i,04ewk,116.5
2025-26,12,mp3txfdsmd8zja6i,051p9,103.25
2025-26,12,q86f43pcmd8zja6k,049kb,120.75
2025-26,12,q86f43pcmd8zja6k,027ou,79.75
2025-26,12,q86f43pcmd8zja6k,0527h,124.0
2025-26,12,q86f43pcmd8zja6k,03ajv,148.0
2025-26,12,q86f43pcmd8zja6k,03ams,100.25
2025-26,12,q86f43pcmd8zja6k,03wr4,101.25
2025-26,12,q86f43pcmd8zja6k,04qru,128.0
2025-26,12,q86f43pcmd8zja6k,027p0,85.5
2025-26,12,q86f43pcmd8zja6k,04kj6,229.5
2025-26,12,q86f43pcmd8zja6k,01eon,156.0
2025-26,12,nmlbr2ppmd8zja6n,0621b,113.75
2025-26,12,nmlbr2ppmd8zja6n,01enh,133.25
2025-26,12,nmlbr2ppmd8zja6n,05qt4,96.75
2025-26,12,nmlbr2ppmd8zja6n,05uid,150.25
2025-26,12,nmlbr2ppmd8zja6n,05qt3,110.25
2025-26,12,nmlbr2ppmd8zja6n,042nt,112.0
2025-26,12,nmlbr2ppmd8zja6n,06v5k,127.25
2025-26,12,nmlbr2ppmd8zja6n,06mjz,89.5
2025-26,12,nmlbr2ppmd8zja6n,06v5g,103.25
2025-26,12,nmlbr2ppmd8zja6n,0621u,122.75
2025-26,12,mm10q3fvmd8zja6j,051pa,108.5
2025-26,12,mm10q3fvmd8zja6j,04ewe,123.25
2025-26,12,mm10q3fvmd8zja6j,05uiu,135.5
2025-26,12,mm10q3fvmd8zja6j,06v80,29.25
2025-26,12,mm10q3fvmd8zja6j,06210,149.75
2025-26,12,mm10q3fvmd8zja6j,06v5l,158.5
2025-26,12,mm10q3fvmd8zja6j,06cch,167.5
2025-26,12,mm10q3fvmd8zja6j,06216,96.0
2025-26,12,mm10q3fvmd8zja6j,04ex8,93.25
2025-26,12,mm10q3fvmd8zja6j,05qu9,141.25
2025-26,13,qxb6cn3omd8zja6h,06212,126.0
2025-26,13,qxb6cn3omd8zja6h,04qrr,101.0
2025-26,13,qxb6cn3omd8zja6h,04ewr,49.5
2025-26,13,qxb6cn3omd8zja6h,03aq2,53.75
2025-26,13,qxb6cn3omd8zja6h,05ujc,101.5
2025-26,13,qxb6cn3omd8zja6h,05qt1,44.0
2025-26,13,qxb6cn3omd8zja6h,04qrj,66.5
2025-26,13,qxb6cn3omd8zja6h,05ujq,49.5
2025-26,13,qxb6cn3omd8zja6h,051ot,64.0
2025-26,13,qxb6cn3omd8zja6h,031m2,119.5
2025-26,13,mjm1574cmd8zja6n,01eo9,68.25
2025-26,13,mjm1574cmd8zja6n,04ewn,127.25
2025-26,13,mjm1574cmd8zja6n,05uiq,174.0
2025-26,13,mjm1574cmd8zja6n,000zv,84.25
2025-26,13,mjm1574cmd8zja6n,01eo6,146.0
2025-26,13,mjm1574cmd8zja6n,06v5n,100.0
2025-26,13,mjm1574cmd8zja6n,02nfz,65.25
2025-26,13,mjm1574cmd8zja6n,042n1,116.25
2025-26,13,mjm1574cmd8zja6n,06cc7,129.25
2025-26,13,mjm1574cmd8zja6n,06217,97.5
2025-26,13,sha0v3f8md8zja6k,05uie,137.75
2025-26,13,sha0v3f8md8zja6k,06v5a,83.75
2025-26,13,sha0v3f8md8zja6k,06cd4,72.25
2025-26,13,sha0v3f8md8zja6k,04qrn,100.5
2025-26,13,sha0v3f8md8zja6k,051on,87.75
2025-26,13,sha0v3f8md8zja6k,04qro,171.5
2025-26,13,sha0v3f8md8zja6k,06mk6,100.25
2025-26,13,sha0v3f8md8zja6k,04ewf,159.25
2025-26,13,sha0v3f8md8zja6k,06v58,80.25
2025-26,13,sha0v3f8md8zja6k,06mkd,93.5
2025-26,13,8htzhjs2md8zja6l,06211,151.0
2025-26,13,8htzhjs2md8zja6l,05qsq,142.25
2025-26,13,8htzhjs2md8zja6l,005kc,115.75
2025-26,13,8htzhjs2md8zja6l,02ym0,103.5
2025-26,13,8htzhjs2md8zja6l,03al2,118.5
2025-26,13,8htzhjs2md8zja6l,06mjw,136.5
2025-26,13,8htzhjs2md8zja6l,06mkg,156.0
2025-26,13,8htzhjs2md8zja6l,03lls,132.0
2025-26,13,8htzhjs2md8zja6l,0011e,195.25
2025-26,13,8htzhjs2md8zja6l,03al0,104.25
2025-26,13,7kj0njiwmd8zja6g,04ewt,89.0
2025-26,13,7kj0njiwmd8zja6g,02ng3,83.75
2025-26,13,7kj0njiwmd8zja6g,06cca,106.5
2025-26,13,7kj0njiwmd8zja6g,049ka,29.75
2025-26,13,7kj0njiwmd8zja6g,0496e,64.75
2025-26,13,7kj0njiwmd8zja6g,06cby,149.5
2025-26,13,7kj0njiwmd8zja6g,051oi,49.75
2025-26,13,7kj0njiwmd8zja6g,0621e,123.25
2025-26,13,7kj0njiwmd8zja6g,06v5h,112.25
2025-26,13,7kj0njiwmd8zja6g,001aw,173.75
2025-26,13,nmbx4rkzmd8zja6m,03ad3,163.75
2025-26,13,nmbx4rkzmd8zja6m,05qtt,129.0
2025-26,13,nmbx4rkzmd8zja6m,05uir,167.25
2025-26,13,nmbx4rkzmd8zja6m,051oh,143.75
2025-26,13,nmbx4rkzmd8zja6m,05qto,101.25
2025-26,13,nmbx4rkzmd8zja6m,05qu0,111.5
2025-26,13,nmbx4rkzmd8zja6m,06ca8,134.75
2025-26,13,nmbx4rkzmd8zja6m,06cbz,124.5
2025-26,13,nmbx4rkzmd8zja6m,03nwm,114.75
2025-26,13,nmbx4rkzmd8zja6m,03r7z,134.75
2025-26,13,mp3txfdsmd8zja6i,042nm,121.5
2025-26,13,mp3txfdsmd8zja6i,027pe,111.75
2025-26,13,mp3txfdsmd8zja6i,051pb,115.75
2025-26,13,mp3txfdsmd8zja6i,05ujt,93.5
2025-26,13,mp3txfdsmd8zja6i,04qs1,80.75
2025-26,13,mp3txfdsmd8zja6i,06mkl,80.75
2025-26,13,mp3txfdsmd8zja6i,042n4,175.0
2025-26,13,mp3txfdsmd8zja6i,06v57,95.5
2025-26,13,mp3txfdsmd8zja6i,06mk7,72.25
2025-26,13,mp3txfdsmd8zja6i,06v56,88.5
2025-26,13,q86f43pcmd8zja6k,049kb,137.75
2025-26,13,q86f43pcmd8zja6k,027ou,107.75
2025-26,13,q86f43pcmd8zja6k,027p4,87.25
2025-26,13,q86f43pcmd8zja6k,031lx,115.5
2025-26,13,q86f43pcmd8zja6k,03ajv,131.0
2025-26,13,q86f43pcmd8zja6k,03ams,79.25
2025-26,13,q86f43pcmd8zja6k,027p0,168.25
2025-26,13,q86f43pcmd8zja6k,06mle,115.75
2025-26,13,q86f43pcmd8zja6k,04kj6,132.0
2025-26,13,q86f43pcmd8zja6k,01eon,98.5
2025-26,13,nmlbr2ppmd8zja6n,0621b,70.0
2025-26,13,nmlbr2ppmd8zja6n,01enh,130.25
2025-26,13,nmlbr2ppmd8zja6n,0621c,108.25
2025-26,13,nmlbr2ppmd8zja6n,05uid,117.75
2025-26,13,nmlbr2ppmd8zja6n,05uib,100.5
2025-26,13,nmlbr2ppmd8zja6n,06v5k,60.0
2025-26,13,nmlbr2ppmd8zja6n,06mjz,125.75
2025-26,13,nmlbr2ppmd8zja6n,05uug,95.0
2025-26,13,nmlbr2ppmd8zja6n,06v5g,82.75
2025-26,13,nmlbr2ppmd8zja6n,0621u,94.25
2025-26,13,mm10q3fvmd8zja6j,04ewe,130.0
2025-26,13,mm10q3fvmd8zja6j,05uiu,141.0
2025-26,13,mm10q3fvmd8zja6j,051ok,81.5
2025-26,13,mm10q3fvmd8zja6j,06v80,63.25
2025-26,13,mm10q3fvmd8zja6j,06210,89.75
2025-26,13,mm10q3fvmd8zja6j,06v5y,89.25
2025-26,13,mm10q3fvmd8zja6j,06cch,178.0
2025-26,13,mm10q3fvmd8zja6j,06216,136.75
2025-26,13,mm10q3fvmd8zja6j,04ex8,100.0
2025-26,13,mm10q3fvmd8zja6j,03nwn,78.5
2025-26,14,qxb6cn3omd8zja6h,06212,109.0
2025-26,14,qxb6cn3omd8zja6h,04qrr,81.5
2025-26,14,qxb6cn3omd8zja6h,03aq2,59.5
2025-26,14,qxb6cn3omd8zja6h,02xg9,119.75
2025-26,14,qxb6cn3omd8zja6h,04qsa,74.75
2025-26,14,qxb6cn3omd8zja6h,05qt1,126.0
2025-26,14,qxb6cn3omd8zja6h,05ujc,93.5
2025-26,14,qxb6cn3omd8zja6h,04qrj,110.25
2025-26,14,qxb6cn3omd8zja6h,051oj,48.5
2025-26,14,qxb6cn3omd8zja6h,031m2,90.75
2025-26,14,mjm1574cmd8zja6n,05uig,96.0
2025-26,14,mjm1574cmd8zja6n,0621q,81.25
2025-26,14,mjm1574cmd8zja6n,01eo9,86.0
2025-26,14,mjm1574cmd8zja6n,05uiq,168.25
2025-26,14,mjm1574cmd8zja6n,01eo6,109.5
2025-26,14,mjm1574cmd8zja6n,06v5n,126.75
2025-26,14,mjm1574cmd8zja6n,042n7,108.75
2025-26,14,mjm1574cmd8zja6n,042n1,135.75
2025-26,14,mjm1574cmd8zja6n,06cc7,108.75
2025-26,14,mjm1574cmd8zja6n,06217,90.5
2025-26,14,sha0v3f8md8zja6k,05uie,179.75
2025-26,14,sha0v3f8md8zja6k,06cd4,98.0
2025-26,14,sha0v3f8md8zja6k,04qrm,75.75
2025-26,14,sha0v3f8md8zja6k,051on,134.5
2025-26,14,sha0v3f8md8zja6k,04qrp,88.75
2025-26,14,sha0v3f8md8zja6k,04qro,167.0
2025-26,14,sha0v3f8md8zja6k,04ewm,100.0
2025-26,14,sha0v3f8md8zja6k,04ewf,180.75
2025-26,14,sha0v3f8md8zja6k,06226,79.5
2025-26,14,sha0v3f8md8zja6k,06v58,60.25
2025-26,14,8htzhjs2md8zja6l,05qug,131.25
2025-26,14,8htzhjs2md8zja6l,06211,97.0
2025-26,14,8htzhjs2md8zja6l,05qsq,149.25
2025-26,14,8htzhjs2md8zja6l,005kc,111.5
2025-26,14,8htzhjs2md8zja6l,02ym0,118.25
2025-26,14,8htzhjs2md8zja6l,03al2,122.0
2025-26,14,8htzhjs2md8zja6l,06mjw,90.75
2025-26,14,8htzhjs2md8zja6l,03lls,204.0
2025-26,14,8htzhjs2md8zja6l,0011e,146.75
2025-26,14,8htzhjs2md8zja6l,03al0,90.25
2025-26,14,7kj0njiwmd8zja6g,05uj9,33.25
2025-26,14,7kj0njiwmd8zja6g,049kd,57.5
2025-26,14,7kj0njiwmd8zja6g,04ewt,88.0
2025-26,14,7kj0njiwmd8zja6g,05uif,40.5
2025-26,14,7kj0njiwmd8zja6g,06cca,150.75
2025-26,14,7kj0njiwmd8zja6g,06cby,117.0
2025-26,14,7kj0njiwmd8zja6g,051oi,46.5
2025-26,14,7kj0njiwmd8zja6g,06v5h,57.25
2025-26,14,7kj0njiwmd8zja6g,001aw,172.0
2025-26,14,7kj0njiwmd8zja6g,051os,39.75
2025-26,14,nmbx4rkzmd8zja6m,06mk3,111.25
2025-26,14,nmbx4rkzmd8zja6m,05qtt,98.0
2025-26,14,nmbx4rkzmd8zja6m,05uir,108.25
2025-26,14,nmbx4rkzmd8zja6m,051oh,100.25
2025-26,14,nmbx4rkzmd8zja6m,05qto,118.25
2025-26,14,nmbx4rkzmd8zja6m,05qu0,94.75
2025-26,14,nmbx4rkzmd8zja6m,06ca8,162.25
2025-26,14,nmbx4rkzmd8zja6m,06mju,67.5
2025-26,14,nmbx4rkzmd8zja6m,03r7z,104.25
2025-26,14,nmbx4rkzmd8zja6m,05uiz,76.75
2025-26,14,mp3txfdsmd8zja6i,051op,101.25
2025-26,14,mp3txfdsmd8zja6i,03ad2,41.75
2025-26,14,mp3txfdsmd8zja6i,049kc,105.0
2025-26,14,mp3txfdsmd8zja6i,042nm,134.25
2025-26,14,mp3txfdsmd8zja6i,03nwk,117.75
2025-26,14,mp3txfdsmd8zja6i,051pb,75.75
2025-26,14,mp3txfdsmd8zja6i,04qs1,92.0
2025-26,14,mp3txfdsmd8zja6i,06mkl,88.75
2025-26,14,mp3txfdsmd8zja6i,042n4,84.5
2025-26,14,mp3txfdsmd8zja6i,06v57,83.75
2025-26,14,q86f43pcmd8zja6k,049kb,91.0
2025-26,14,q86f43pcmd8zja6k,027p4,54.75
2025-26,14,q86f43pcmd8zja6k,0527h,119.5
2025-26,14,q86f43pcmd8zja6k,031lx,100.5
2025-26,14,q86f43pcmd8zja6k,03ajv,130.75
2025-26,14,q86f43pcmd8zja6k,03ams,66.5
2025-26,14,q86f43pcmd8zja6k,04qru,124.75
2025-26,14,q86f43pcmd8zja6k,027p0,142.5
2025-26,14,q86f43pcmd8zja6k,04kj6,261.25
2025-26,14,q86f43pcmd8zja6k,01eon,96.25
2025-26,14,nmlbr2ppmd8zja6n,01enh,112.75
2025-26,14,nmlbr2ppmd8zja6n,0621c,105.0
2025-26,14,nmlbr2ppmd8zja6n,05uid,164.75
2025-26,14,nmlbr2ppmd8zja6n,05qt3,90.75
2025-26,14,nmlbr2ppmd8zja6n,05uib,80.0
2025-26,14,nmlbr2ppmd8zja6n,06v5k,106.75
2025-26,14,nmlbr2ppmd8zja6n,06mjz,99.25
2025-26,14,nmlbr2ppmd8zja6n,05uug,107.25
2025-26,14,nmlbr2ppmd8zja6n,0621u,105.5
2025-26,14,nmlbr2ppmd8zja6n,0621g,79.0
2025-26,14,mm10q3fvmd8zja6j,04ewe,193.75
2025-26,14,mm10q3fvmd8zja6j,05uiu,153.5
2025-26,14,mm10q3fvmd8zja6j,06v80,81.25
2025-26,14,mm10q3fvmd8zja6j,06210,125.0
2025-26,14,mm10q3fvmd8zja6j,031m4,79.0
2025-26,14,mm10q3fvmd8zja6j,06v5l,73.5
2025-26,14,mm10q3fvmd8zja6j,06cch,126.5
2025-26,14,mm10q3fvmd8zja6j,06216,95.75
2025-26,14,mm10q3fvmd8zja6j,04ex8,79.5
2025-26,14,mm10q3fvmd8zja6j,05qu9,184.25
2025-26,15,qxb6cn3omd8zja6h,06212,126.75
2025-26,15,qxb6cn3omd8zja6h,04qrr,111.75
2025-26,15,qxb6cn3omd8zja6h,04ewr,103.5
2025-26,15,qxb6cn3omd8zja6h,02xg9,114.75
2025-26,15,qxb6cn3omd8zja6h,04qsa,132.0
2025-26,15,qxb6cn3omd8zja6h,05ujc,131.75
2025-26,15,qxb6cn3omd8zja6h,05qt1,76.75
2025-26,15,qxb6cn3omd8zja6h,04qrj,124.75
2025-26,15,qxb6cn3omd8zja6h,051oj,89.25
2025-26,15,qxb6cn3omd8zja6h,06mk8,56.0
2025-26,15,mjm1574cmd8zja6n,04ewn,147.25
2025-26,15,mjm1574cmd8zja6n,05uiq,180.75
2025-26,15,mjm1574cmd8zja6n,000zv,65.5
2025-26,15,mjm1574cmd8zja6n,01eo6,83.5
2025-26,15,mjm1574cmd8zja6n,06v5n,119.5
2025-26,15,mjm1574cmd8zja6n,01uyj,76.75
2025-26,15,mjm1574cmd8zja6n,05qtj,52.25
2025-26,15,mjm1574cmd8zja6n,042n1,119.0
2025-26,15,mjm1574cmd8zja6n,06217,104.5
2025-26,15,mjm1574cmd8zja6n,06cc7,66.5
2025-26,15,sha0v3f8md8zja6k,05uie,117.25
2025-26,15,sha0v3f8md8zja6k,06v5r,68.75
2025-26,15,sha0v3f8md8zja6k,04qrn,107.5
2025-26,15,sha0v3f8md8zja6k,051on,76.0
2025-26,15,sha0v3f8md8zja6k,04qrp,114.0
2025-26,15,sha0v3f8md8zja6k,04qro,147.75
2025-26,15,sha0v3f8md8zja6k,04ewm,140.25
2025-26,15,sha0v3f8md8zja6k,06mk6,84.0
2025-26,15,sha0v3f8md8zja6k,04ewf,157.5
2025-26,15,sha0v3f8md8zja6k,06226,126.25
2025-26,15,8htzhjs2md8zja6l,05qug,180.5
2025-26,15,8htzhjs2md8zja6l,06211,107.75
2025-26,15,8htzhjs2md8zja6l,04ewu,134.5
2025-26,15,8htzhjs2md8zja6l,05qsq,181.75
2025-26,15,8htzhjs2md8zja6l,06cc1,93.5
2025-26,15,8htzhjs2md8zja6l,02ym0,99.0
2025-26,15,8htzhjs2md8zja6l,04azw,112.75
2025-26,15,8htzhjs2md8zja6l,03al2,201.5
2025-26,15,8htzhjs2md8zja6l,06mkg,128.5
2025-26,15,8htzhjs2md8zja6l,06ccf,114.0
2025-26,15,7kj0njiwmd8zja6g,05uj9,97.75
2025-26,15,7kj0njiwmd8zja6g,05uif,91.25
2025-26,15,7kj0njiwmd8zja6g,04ewt,90.25
2025-26,15,7kj0njiwmd8zja6g,02ng3,79.25
2025-26,15,7kj0njiwmd8zja6g,06cca,137.25
2025-26,15,7kj0njiwmd8zja6g,06cby,79.5
2025-26,15,7kj0njiwmd8zja6g,06v5h,123.0
2025-26,15,7kj0njiwmd8zja6g,0621e,103.25
2025-26,15,7kj0njiwmd8zja6g,001aw,109.0
2025-26,15,7kj0njiwmd8zja6g,051os,83.0
2025-26,15,nmbx4rkzmd8zja6m,03ad3,153.0
2025-26,15,nmbx4rkzmd8zja6m,06cac,56.75
2025-26,15,nmbx4rkzmd8zja6m,05uir,118.5
2025-26,15,nmbx4rkzmd8zja6m,051oh,129.5
2025-26,15,nmbx4rkzmd8zja6m,05qto,142.0
2025-26,15,nmbx4rkzmd8zja6m,05qu0,111.0
2025-26,15,nmbx4rkzmd8zja6m,06ca8,174.75
2025-26,15,nmbx4rkzmd8zja6m,027oz,159.0
2025-26,15,nmbx4rkzmd8zja6m,06mju,140.75
2025-26,15,nmbx4rkzmd8zja6m,03r7z,47.5
2025-26,15,mp3txfdsmd8zja6i,03ad2,110.0
2025-26,15,mp3txfdsmd8zja6i,042nm,103.75
2025-26,15,mp3txfdsmd8zja6i,03nwk,83.0
2025-26,15,mp3txfdsmd8zja6i,051pb,103.5
2025-26,15,mp3txfdsmd8zja6i,05ujt,71.75
2025-26,15,mp3txfdsmd8zja6i,06mkl,117.75
2025-26,15,mp3txfdsmd8zja6i,042n4,165.0
2025-26,15,mp3txfdsmd8zja6i,04ewk,103.5
2025-26,15,mp3txfdsmd8zja6i,06mll,80.75
2025-26,15,mp3txfdsmd8zja6i,06v57,100.25
2025-26,15,q86f43pcmd8zja6k,049kb,92.0
2025-26,15,q86f43pcmd8zja6k,027p4,112.75
2025-26,15,q86f43pcmd8zja6k,0527h,142.0
2025-26,15,q86f43pcmd8zja6k,031lx,77.5
2025-26,15,q86f43pcmd8zja6k,03ajv,163.25
2025-26,15,q86f43pcmd8zja6k,03ams,91.75
2025-26,15,q86f43pcmd8zja6k,04qru,108.0
2025-26,15,q86f43pcmd8zja6k,027oo,108.5
2025-26,15,q86f43pcmd8zja6k,04kj6,171.25
2025-26,15,q86f43pcmd8zja6k,01eon,130.5
2025-26,15,nmlbr2ppmd8zja6n,05qt4,81.25
2025-26,15,nmlbr2ppmd8zja6n,0621c,157.0
2025-26,15,nmlbr2ppmd8zja6n,05qt3,105.0
2025-26,15,nmlbr2ppmd8zja6n,05uib,191.0
2025-26,15,nmlbr2ppmd8zja6n,042nt,106.75
2025-26,15,nmlbr2ppmd8zja6n,06v5k,106.75
2025-26,15,nmlbr2ppmd8zja6n,06v5g,76.5
2025-26,15,nmlbr2ppmd8zja6n,0621u,108.75
2025-26,15,nmlbr2ppmd8zja6n,06215,84.25
2025-26,15,nmlbr2ppmd8zja6n,0621g,82.25
2025-26,15,mm10q3fvmd8zja6j,04ewe,94.0
2025-26,15,mm10q3fvmd8zja6j,05uiu,107.75
2025-26,15,mm10q3fvmd8zja6j,06v80,60.0
2025-26,15,mm10q3fvmd8zja6j,06210,133.75
2025-26,15,mm10q3fvmd8zja6j,06v5l,122.5
2025-26,15,mm10q3fvmd8zja6j,06v5y,83.75
2025-26,15,mm10q3fvmd8zja6j,06cch,144.0
2025-26,15,mm10q3fvmd8zja6j,06216,98.25
2025-26,15,mm10q3fvmd8zja6j,04ex8,160.0
2025-26,15,mm10q3fvmd8zja6j,03nwn,104.75
2025-26,16,qxb6cn3omd8zja6h,06212,95.75
2025-26,16,qxb6cn3omd8zja6h,04qrr,85.5
2025-26,16,qxb6cn3omd8zja6h,04ewr,84.75
2025-26,16,qxb6cn3omd8zja6h,04ex6,103.25
2025-26,16,qxb6cn3omd8zja6h,06214,86.0
2025-26,16,qxb6cn3omd8zja6h,03aq2,120.75
2025-26,16,qxb6cn3omd8zja6h,02xg9,122.75
2025-26,16,qxb6cn3omd8zja6h,04qsa,167.5
2025-26,16,qxb6cn3omd8zja6h,05qt1,128.5
2025-26,16,qxb6cn3omd8zja6h,05ujc,83.5
2025-26,16,mjm1574cmd8zja6n,01eo9,126.0
2025-26,16,mjm1574cmd8zja6n,04ewn,66.0
2025-26,16,mjm1574cmd8zja6n,05uiq,118.0
2025-26,16,mjm1574cmd8zja6n,000zv,89.25
2025-26,16,mjm1574cmd8zja6n,01eo6,85.5
2025-26,16,mjm1574cmd8zja6n,06v5n,97.75
2025-26,16,mjm1574cmd8zja6n,02nfz,72.0
2025-26,16,mjm1574cmd8zja6n,042n1,113.75
2025-26,16,mjm1574cmd8zja6n,06cc7,75.75
2025-26,16,mjm1574cmd8zja6n,06217,64.25
2025-26,16,sha0v3f8md8zja6k,05uie,137.0
2025-26,16,sha0v3f8md8zja6k,06v5a,67.75
2025-26,16,sha0v3f8md8zja6k,06v5r,57.0
2025-26,16,sha0v3f8md8zja6k,06cd4,119.75
2025-26,16,sha0v3f8md8zja6k,04qrn,101.25
2025-26,16,sha0v3f8md8zja6k,04qrp,83.0
2025-26,16,sha0v3f8md8zja6k,04ewm,116.0
2025-26,16,sha0v3f8md8zja6k,042nf,65.25
2025-26,16,sha0v3f8md8zja6k,06mk6,73.5
2025-26,16,sha0v3f8md8zja6k,04ewf,147.0
2025-26,16,8htzhjs2md8zja6l,05qug,182.25
2025-26,16,8htzhjs2md8zja6l,06211,97.0
2025-26,16,8htzhjs2md8zja6l,05qsq,159.5
2025-26,16,8htzhjs2md8zja6l,02ym0,105.25
2025-26,16,8htzhjs2md8zja6l,04azw,123.25
2025-26,16,8htzhjs2md8zja6l,03al2,106.0
2025-26,16,8htzhjs2md8zja6l,06mjw,144.5
2025-26,16,8htzhjs2md8zja6l,03lls,122.5
2025-26,16,8htzhjs2md8zja6l,06ccf,105.0
2025-26,16,8htzhjs2md8zja6l,0011e,159.5
2025-26,16,7kj0njiwmd8zja6g,05uj9,56.0
2025-26,16,7kj0njiwmd8zja6g,05uif,163.5
2025-26,16,7kj0njiwmd8zja6g,04ewt,130.25
2025-26,16,7kj0njiwmd8zja6g,06cca,83.0
2025-26,16,7kj0njiwmd8zja6g,0623a,51.75
2025-26,16,7kj0njiwmd8zja6g,0496e,51.75
2025-26,16,7kj0njiwmd8zja6g,0621e,96.5
2025-26,16,7kj0njiwmd8zja6g,06v5h,75.5
2025-26,16,7kj0njiwmd8zja6g,001aw,94.25
2025-26,16,7kj0njiwmd8zja6g,051os,22.75
2025-26,16,nmbx4rkzmd8zja6m,03ad3,108.75
2025-26,16,nmbx4rkzmd8zja6m,06cac,122.0
2025-26,16,nmbx4rkzmd8zja6m,06mk3,130.0
2025-26,16,nmbx4rkzmd8zja6m,05uir,138.5
2025-26,16,nmbx4rkzmd8zja6m,051oh,106.0
2025-26,16,nmbx4rkzmd8zja6m,05qto,94.25
2025-26,16,nmbx4rkzmd8zja6m,027oz,152.5
2025-26,16,nmbx4rkzmd8zja6m,06cbz,86.5
2025-26,16,nmbx4rkzmd8zja6m,06mju,84.25
2025-26,16,nmbx4rkzmd8zja6m,03r7z,65.75
2025-26,16,mp3txfdsmd8zja6i,03nwk,117.5
2025-26,16,mp3txfdsmd8zja6i,051pb,114.0
2025-26,16,mp3txfdsmd8zja6i,05ujt,79.25
2025-26,16,mp3txfdsmd8zja6i,06mkl,181.25
2025-26,16,mp3txfdsmd8zja6i,04qs1,91.25
2025-26,16,mp3txfdsmd8zja6i,042n4,191.25
2025-26,16,mp3txfdsmd8zja6i,04ewk,83.0
2025-26,16,mp3txfdsmd8zja6i,051p9,75.0
2025-26,16,mp3txfdsmd8zja6i,06v57,117.75
2025-26,16,mp3txfdsmd8zja6i,03e75,239.25
2025-26,16,q86f43pcmd8zja6k,049kb,93.25
2025-26,16,q86f43pcmd8zja6k,027p4,65.75
2025-26,16,q86f43pcmd8zja6k,0527h,100.0
2025-26,16,q86f43pcmd8zja6k,031lx,115.5
2025-26,16,q86f43pcmd8zja6k,03ajv,150.5
2025-26,16,q86f43pcmd8zja6k,04qru,76.75
2025-26,16,q86f43pcmd8zja6k,06mle,132.25
2025-26,16,q86f43pcmd8zja6k,04kj6,49.0
2025-26,16,q86f43pcmd8zja6k,01eon,79.75
2025-26,16,q86f43pcmd8zja6k,05uij,75.75
2025-26,16,nmlbr2ppmd8zja6n,0621c,68.75
2025-26,16,nmlbr2ppmd8zja6n,05qt3,111.25
2025-26,16,nmlbr2ppmd8zja6n,05uib,173.0
2025-26,16,nmlbr2ppmd8zja6n,06v5k,123.25
2025-26,16,nmlbr2ppmd8zja6n,06mjz,161.0
2025-26,16,nmlbr2ppmd8zja6n,05uug,34.0
2025-26,16,nmlbr2ppmd8zja6n,06v5g,63.25
2025-26,16,nmlbr2ppmd8zja6n,0621u,53.25
2025-26,16,nmlbr2ppmd8zja6n,06mjt,66.5
2025-26,16,nmlbr2ppmd8zja6n,0621g,57.0
2025-26,16,mm10q3fvmd8zja6j,051pa,135.25
2025-26,16,mm10q3fvmd8zja6j,05uus,125.25
2025-26,16,mm10q3fvmd8zja6j,04ewe,157.5
2025-26,16,mm10q3fvmd8zja6j,05uiu,180.0
2025-26,16,mm10q3fvmd8zja6j,06v80,41.75
2025-26,16,mm10q3fvmd8zja6j,06210,133.5
2025-26,16,mm10q3fvmd8zja6j,06v5l,134.75
2025-26,16,mm10q3fvmd8zja6j,06cch,140.5
2025-26,16,mm10q3fvmd8zja6j,04ex8,86.0
2025-26,16,mm10q3fvmd8zja6j,05qu9,106.25
2025-26,17,qxb6cn3omd8zja6h,06212,62.0
2025-26,17,qxb6cn3omd8zja6h,04ewr,45.75
2025-26,17,qxb6cn3omd8zja6h,03aq2,41.75
2025-26,17,qxb6cn3omd8zja6h,02xg9,27.5
2025-26,17,qxb6cn3omd8zja6h,05qtr,31.0
2025-26,17,qxb6cn3omd8zja6h,04qsa,76.25
2025-26,17,qxb6cn3omd8zja6h,05qt1,43.25
2025-26,17,qxb6cn3omd8zja6h,04qrj,33.0
2025-26,17,qxb6cn3omd8zja6h,06mk8,38.25
2025-26,17,qxb6cn3omd8zja6h,051oj,27.75
2025-26,17,mjm1574cmd8zja6n,01eo9,82.5
2025-26,17,mjm1574cmd8zja6n,05uiq,75.5
2025-26,17,mjm1574cmd8zja6n,000zv,11.5
2025-26,17,mjm1574cmd8zja6n,01eo6,30.5
2025-26,17,mjm1574cmd8zja6n,06v5n,34.5
2025-26,17,mjm1574cmd8zja6n,02nfz,42.0
2025-26,17,mjm1574cmd8zja6n,05qtj,18.75
2025-26,17,mjm1574cmd8zja6n,05uii,13.5
2025-26,17,mjm1574cmd8zja6n,06217,28.75
2025-26,17,mjm1574cmd8zja6n,06cc7,26.25
2025-26,17,sha0v3f8md8zja6k,05uie,45.25
2025-26,17,sha0v3f8md8zja6k,06v5r,29.75
2025-26,17,sha0v3f8md8zja6k,06cd4,48.5
2025-26,17,sha0v3f8md8zja6k,04qrn,76.25
2025-26,17,sha0v3f8md8zja6k,04qrm,21.25
2025-26,17,sha0v3f8md8zja6k,04ewm,35.75
2025-26,17,sha0v3f8md8zja6k,042nf,14.0
2025-26,17,sha0v3f8md8zja6k,06mk6,14.75
2025-26,17,sha0v3f8md8zja6k,04ewf,55.5
2025-26,17,sha0v3f8md8zja6k,06v58,20.75
2025-26,17,8htzhjs2md8zja6l,06211,62.25
2025-26,17,8htzhjs2md8zja6l,04ewu,77.5
2025-26,17,8htzhjs2md8zja6l,05qsq,38.5
2025-26,17,8htzhjs2md8zja6l,05uup,48.5
2025-26,17,8htzhjs2md8zja6l,04azw,34.25
2025-26,17,8htzhjs2md8zja6l,06mjw,30.75
2025-26,17,8htzhjs2md8zja6l,0621k,29.75
2025-26,17,8htzhjs2md8zja6l,06mjv,59.0
2025-26,17,8htzhjs2md8zja6l,03lls,33.0
2025-26,17,8htzhjs2md8zja6l,0011e,56.5
2025-26,17,7kj0njiwmd8zja6g,05uj9,17.0
2025-26,17,7kj0njiwmd8zja6g,05uif,45.25
2025-26,17,7kj0njiwmd8zja6g,04ewt,35.5
2025-26,17,7kj0njiwmd8zja6g,02ng3,31.0
2025-26,17,7kj0njiwmd8zja6g,06cca,46.25
2025-26,17,7kj0njiwmd8zja6g,0496e,15.5
2025-26,17,7kj0njiwmd8zja6g,0621e,32.0
2025-26,17,7kj0njiwmd8zja6g,06v5h,19.25
2025-26,17,7kj0njiwmd8zja6g,001aw,71.0
2025-26,17,7kj0njiwmd8zja6g,051os,44.75
2025-26,17,nmbx4rkzmd8zja6m,03ad3,83.25
2025-26,17,nmbx4rkzmd8zja6m,06cac,26.5
2025-26,17,nmbx4rkzmd8zja6m,06mk3,35.0
2025-26,17,nmbx4rkzmd8zja6m,05qtt,26.75
2025-26,17,nmbx4rkzmd8zja6m,05qto,39.0
2025-26,17,nmbx4rkzmd8zja6m,05qu0,43.5
2025-26,17,nmbx4rkzmd8zja6m,06ca8,55.0
2025-26,17,nmbx4rkzmd8zja6m,027oz,91.5
2025-26,17,nmbx4rkzmd8zja6m,06cbz,52.5
2025-26,17,nmbx4rkzmd8zja6m,03nwm,34.0
2025-26,17,mp3txfdsmd8zja6i,051op,44.25
2025-26,17,mp3txfdsmd8zja6i,042nm,48.5
2025-26,17,mp3txfdsmd8zja6i,05ujt,32.75
2025-26,17,mp3txfdsmd8zja6i,06mkl,65.25
2025-26,17,mp3txfdsmd8zja6i,042n4,41.0
2025-26,17,mp3txfdsmd8zja6i,04ewk,49.5
2025-26,17,mp3txfdsmd8zja6i,051p9,45.5
2025-26,17,mp3txfdsmd8zja6i,06v57,49.5
2025-26,17,mp3txfdsmd8zja6i,03e75,52.25
2025-26,17,mp3txfdsmd8zja6i,06mk7,37.0
2025-26,17,q86f43pcmd8zja6k,049kb,68.5
2025-26,17,q86f43pcmd8zja6k,027p4,29.0
2025-26,17,q86f43pcmd8zja6k,031lx,35.5
2025-26,17,q86f43pcmd8zja6k,03ajv,51.75
2025-26,17,q86f43pcmd8zja6k,03wr4,17.75
2025-26,17,q86f43pcmd8zja6k,04qru,20.5
2025-26,17,q86f43pcmd8zja6k,06mle,45.75
2025-26,17,q86f43pcmd8zja6k,027p0,39.25
2025-26,17,q86f43pcmd8zja6k,01eon,25.25
2025-26,17,q86f43pcmd8zja6k,05uij,17.75
2025-26,17,nmlbr2ppmd8zja6n,0621b,39.5
2025-26,17,nmlbr2ppmd8zja6n,05qt3,43.0
2025-26,17,nmlbr2ppmd8zja6n,05uib,55.25
2025-26,17,nmlbr2ppmd8zja6n,06mjz,87.75
2025-26,17,nmlbr2ppmd8zja6n,05uj1,54.25
2025-26,17,nmlbr2ppmd8zja6n,06v5g,40.5
2025-26,17,nmlbr2ppmd8zja6n,06215,61.0
2025-26,17,nmlbr2ppmd8zja6n,0621u,41.0
2025-26,17,nmlbr2ppmd8zja6n,06v5e,7.25
2025-26,17,nmlbr2ppmd8zja6n,0621g,32.75
2025-26,17,mm10q3fvmd8zja6j,051pa,77.25
2025-26,17,mm10q3fvmd8zja6j,05uus,30.0
2025-26,17,mm10q3fvmd8zja6j,04ewe,40.25
2025-26,17,mm10q3fvmd8zja6j,05uiu,55.75
2025-26,17,mm10q3fvmd8zja6j,06v80,20.0
2025-26,17,mm10q3fvmd8zja6j,06v5l,35.25
2025-26,17,mm10q3fvmd8zja6j,06v5y,61.0
2025-26,17,mm10q3fvmd8zja6j,06cch,108.25
2025-26,17,mm10q3fvmd8zja6j,04ex8,63.75
2025-26,17,mm10q3fvmd8zja6j,03nwn,47.0
2025-26,18,qxb6cn3omd8zja6h,06212,110.0
2025-26,18,qxb6cn3omd8zja6h,04qrr,103.75
2025-26,18,qxb6cn3omd8zja6h,04ex6,57.75
2025-26,18,qxb6cn3omd8zja6h,02xg9,50.75
2025-26,18,qxb6cn3omd8zja6h,05qtr,70.25
2025-26,18,qxb6cn3omd8zja6h,04qsa,119.0
2025-26,18,qxb6cn3omd8zja6h,05qt1,85.0
2025-26,18,qxb6cn3omd8zja6h,051oj,49.0
2025-26,18,qxb6cn3omd8zja6h,06mk8,43.25
2025-26,18,qxb6cn3omd8zja6h,051ot,60.75
2025-26,18,mjm1574cmd8zja6n,05uig,75.0
2025-26,18,mjm1574cmd8zja6n,01eo9,42.25
2025-26,18,mjm1574cmd8zja6n,04ewn,75.25
2025-26,18,mjm1574cmd8zja6n,05uiq,108.25
2025-26,18,mjm1574cmd8zja6n,000zv,62.75
2025-26,18,mjm1574cmd8zja6n,01eo6,113.5
2025-26,18,mjm1574cmd8zja6n,06v5n,111.5
2025-26,18,mjm1574cmd8zja6n,042n1,87.5
2025-26,18,mjm1574cmd8zja6n,06217,83.5
2025-26,18,mjm1574cmd8zja6n,06cc7,82.0
2025-26,18,sha0v3f8md8zja6k,06v5a,40.0
2025-26,18,sha0v3f8md8zja6k,06v5r,61.75
2025-26,18,sha0v3f8md8zja6k,06cd4,43.25
2025-26,18,sha0v3f8md8zja6k,04qrn,62.75
2025-26,18,sha0v3f8md8zja6k,04qrm,37.5
2025-26,18,sha0v3f8md8zja6k,04ewm,111.75
2025-26,18,sha0v3f8md8zja6k,042nf,39.75
2025-26,18,sha0v3f8md8zja6k,06mk6,57.0
2025-26,18,sha0v3f8md8zja6k,04ewf,63.5
2025-26,18,sha0v3f8md8zja6k,06v58,55.0
2025-26,18,8htzhjs2md8zja6l,05qug,92.75
2025-26,18,8htzhjs2md8zja6l,03xmt,77.75
2025-26,18,8htzhjs2md8zja6l,05qsq,140.25
2025-26,18,8htzhjs2md8zja6l,05uup,76.5
2025-26,18,8htzhjs2md8zja6l,06cc1,80.75
2025-26,18,8htzhjs2md8zja6l,06mjw,102.5
2025-26,18,8htzhjs2md8zja6l,0621k,76.75
2025-26,18,8htzhjs2md8zja6l,03lls,112.75
2025-26,18,8htzhjs2md8zja6l,06ccf,69.0
2025-26,18,8htzhjs2md8zja6l,0011e,69.75
2025-26,18,7kj0njiwmd8zja6g,05uj9,38.25
2025-26,18,7kj0njiwmd8zja6g,04ewt,68.5
2025-26,18,7kj0njiwmd8zja6g,05uif,16.25
2025-26,18,7kj0njiwmd8zja6g,02ng3,74.75
2025-26,18,7kj0njiwmd8zja6g,06cca,86.5
2025-26,18,7kj0njiwmd8zja6g,0623a,57.25
2025-26,18,7kj0njiwmd8zja6g,0621e,59.5
2025-26,18,7kj0njiwmd8zja6g,06v5h,59.5
2025-26,18,7kj0njiwmd8zja6g,001aw,138.25
2025-26,18,7kj0njiwmd8zja6g,051os,74.25
2025-26,18,nmbx4rkzmd8zja6m,03ad3,123.75
2025-26,18,nmbx4rkzmd8zja6m,06cac,71.0
2025-26,18,nmbx4rkzmd8zja6m,06mk3,65.0
2025-26,18,nmbx4rkzmd8zja6m,05qtt,88.0
2025-26,18,nmbx4rkzmd8zja6m,051oh,85.0
2025-26,18,nmbx4rkzmd8zja6m,05qto,118.25
2025-26,18,nmbx4rkzmd8zja6m,06ca8,101.0
2025-26,18,nmbx4rkzmd8zja6m,027oz,129.0
2025-26,18,nmbx4rkzmd8zja6m,05uiz,70.0
2025-26,18,nmbx4rkzmd8zja6m,03r7z,62.25
2025-26,18,mp3txfdsmd8zja6i,049kc,60.25
2025-26,18,mp3txfdsmd8zja6i,03nwk,100.75
2025-26,18,mp3txfdsmd8zja6i,05uic,96.25
2025-26,18,mp3txfdsmd8zja6i,06mkl,68.75
2025-26,18,mp3txfdsmd8zja6i,042n4,109.0
2025-26,18,mp3txfdsmd8zja6i,04ewk,51.25
2025-26,18,mp3txfdsmd8zja6i,06mll,77.5
2025-26,18,mp3txfdsmd8zja6i,06v57,49.0
2025-26,18,mp3txfdsmd8zja6i,03e75,189.0
2025-26,18,mp3txfdsmd8zja6i,06mk7,62.25
2025-26,18,q86f43pcmd8zja6k,049kb,86.0
2025-26,18,q86f43pcmd8zja6k,027p4,82.0
2025-26,18,q86f43pcmd8zja6k,06213,80.25
2025-26,18,q86f43pcmd8zja6k,031lx,88.75
2025-26,18,q86f43pcmd8zja6k,03ajv,49.0
2025-26,18,q86f43pcmd8zja6k,04qrl,70.75
2025-26,18,q86f43pcmd8zja6k,04qru,48.75
2025-26,18,q86f43pcmd8zja6k,06mle,67.75
2025-26,18,q86f43pcmd8zja6k,04kj6,103.75
2025-26,18,q86f43pcmd8zja6k,01eon,94.0
2025-26,18,nmlbr2ppmd8zja6n,0621c,92.25
2025-26,18,nmlbr2ppmd8zja6n,05qt3,125.25
2025-26,18,nmlbr2ppmd8zja6n,05uib,173.75
2025-26,18,nmlbr2ppmd8zja6n,06v5k,90.25
2025-26,18,nmlbr2ppmd8zja6n,06mjz,78.0
2025-26,18,nmlbr2ppmd8zja6n,05uj1,48.5
2025-26,18,nmlbr2ppmd8zja6n,06v5g,52.25
2025-26,18,nmlbr2ppmd8zja6n,06215,125.75
2025-26,18,nmlbr2ppmd8zja6n,0621g,74.25
2025-26,18,nmlbr2ppmd8zja6n,06mjt,45.0
2025-26,18,mm10q3fvmd8zja6j,051pa,86.5
2025-26,18,mm10q3fvmd8zja6j,05uus,72.25
2025-26,18,mm10q3fvmd8zja6j,04ewe,106.25
2025-26,18,mm10q3fvmd8zja6j,05uiu,150.5
2025-26,18,mm10q3fvmd8zja6j,051or,76.25
2025-26,18,mm10q3fvmd8zja6j,06v80,81.0
2025-26,18,mm10q3fvmd8zja6j,06210,138.5
2025-26,18,mm10q3fvmd8zja6j,031m4,66.25
2025-26,18,mm10q3fvmd8zja6j,06cch,171.75
2025-26,18,mm10q3fvmd8zja6j,05qu9,74.25
2025-26,19,qxb6cn3omd8zja6h,04qrr,131.75
2025-26,19,qxb6cn3omd8zja6h,04ewr,96.25
2025-26,19,qxb6cn3omd8zja6h,04ex6,86.0
2025-26,19,qxb6cn3omd8zja6h,03aq2,101.25
2025-26,19,qxb6cn3omd8zja6h,02xg9,106.25
2025-26,19,qxb6cn3omd8zja6h,05qtr,94.75
2025-26,19,qxb6cn3omd8zja6h,04qsa,103.0
2025-26,19,qxb6cn3omd8zja6h,05qt1,121.5
2025-26,19,qxb6cn3omd8zja6h,051oj,95.0
2025-26,19,qxb6cn3omd8zja6h,051ot,88.0
2025-26,19,mjm1574cmd8zja6n,05uig,105.5
2025-26,19,mjm1574cmd8zja6n,01eo9,124.75
2025-26,19,mjm1574cmd8zja6n,04ewn,70.75
2025-26,19,mjm1574cmd8zja6n,05uiq,170.0
2025-26,19,mjm1574cmd8zja6n,000zv,77.5
2025-26,19,mjm1574cmd8zja6n,06v5n,93.75
2025-26,19,mjm1574cmd8zja6n,042n1,105.0
2025-26,19,mjm1574cmd8zja6n,042nq,86.0
2025-26,19,mjm1574cmd8zja6n,06cc7,136.25
2025-26,19,mjm1574cmd8zja6n,06217,111.0
2025-26,19,sha0v3f8md8zja6k,05uie,98.25
2025-26,19,sha0v3f8md8zja6k,06cd4,90.75
2025-26,19,sha0v3f8md8zja6k,05ujd,131.5
2025-26,19,sha0v3f8md8zja6k,04qrn,103.25
2025-26,19,sha0v3f8md8zja6k,051on,61.25
2025-26,19,sha0v3f8md8zja6k,04qrp,85.0
2025-26,19,sha0v3f8md8zja6k,04qro,107.75
2025-26,19,sha0v3f8md8zja6k,04ewm,159.5
2025-26,19,sha0v3f8md8zja6k,06mk6,98.25
2025-26,19,sha0v3f8md8zja6k,06226,106.25
2025-26,19,8htzhjs2md8zja6l,05qug,123.0
2025-26,19,8htzhjs2md8zja6l,06211,121.75
2025-26,19,8htzhjs2md8zja6l,05qsq,171.5
2025-26,19,8htzhjs2md8zja6l,06cc1,107.75
2025-26,19,8htzhjs2md8zja6l,03al2,85.75
2025-26,19,8htzhjs2md8zja6l,0621k,104.25
2025-26,19,8htzhjs2md8zja6l,06mjv,159.0
2025-26,19,8htzhjs2md8zja6l,03lls,141.5
2025-26,19,8htzhjs2md8zja6l,06ccf,111.25
2025-26,19,8htzhjs2md8zja6l,0011e,140.5
2025-26,19,7kj0njiwmd8zja6g,05uj9,92.0
2025-26,19,7kj0njiwmd8zja6g,049kd,87.75
2025-26,19,7kj0njiwmd8zja6g,04ewt,196.5
2025-26,19,7kj0njiwmd8zja6g,02ng3,66.75
2025-26,19,7kj0njiwmd8zja6g,06cca,114.5
2025-26,19,7kj0njiwmd8zja6g,0623a,71.0
2025-26,19,7kj0njiwmd8zja6g,0496e,56.25
2025-26,19,7kj0njiwmd8zja6g,06cby,71.0
2025-26,19,7kj0njiwmd8zja6g,06v5h,91.0
2025-26,19,7kj0njiwmd8zja6g,001aw,177.5
2025-26,19,nmbx4rkzmd8zja6m,03ad3,89.5
2025-26,19,nmbx4rkzmd8zja6m,06cac,129.5
2025-26,19,nmbx4rkzmd8zja6m,06mk3,116.75
2025-26,19,nmbx4rkzmd8zja6m,05uih,111.75
2025-26,19,nmbx4rkzmd8zja6m,05qtt,117.75
2025-26,19,nmbx4rkzmd8zja6m,051oh,86.75
2025-26,19,nmbx4rkzmd8zja6m,05qto,103.25
2025-26,19,nmbx4rkzmd8zja6m,05qu0,107.0
2025-26,19,nmbx4rkzmd8zja6m,06ca8,103.5
2025-26,19,nmbx4rkzmd8zja6m,05uiz,42.75
2025-26,19,mp3txfdsmd8zja6i,03ad2,99.25
2025-26,19,mp3txfdsmd8zja6i,03nwk,66.5
2025-26,19,mp3txfdsmd8zja6i,05ujt,57.25
2025-26,19,mp3txfdsmd8zja6i,06mkl,79.5
2025-26,19,mp3txfdsmd8zja6i,042n4,156.25
2025-26,19,mp3txfdsmd8zja6i,051p9,33.5
2025-26,19,mp3txfdsmd8zja6i,06mll,66.75
2025-26,19,mp3txfdsmd8zja6i,06v57,89.5
2025-26,19,mp3txfdsmd8zja6i,03e75,228.5
2025-26,19,mp3txfdsmd8zja6i,06v56,68.25
2025-26,19,q86f43pcmd8zja6k,049kb,69.0
2025-26,19,q86f43pcmd8zja6k,027p4,93.5
2025-26,19,q86f43pcmd8zja6k,031lx,84.5
2025-26,19,q86f43pcmd8zja6k,03ajv,82.25
2025-26,19,q86f43pcmd8zja6k,04qru,92.25
2025-26,19,q86f43pcmd8zja6k,027p0,135.0
2025-26,19,q86f43pcmd8zja6k,06mle,83.5
2025-26,19,q86f43pcmd8zja6k,04kj6,218.0
2025-26,19,q86f43pcmd8zja6k,01eon,70.75
2025-26,19,q86f43pcmd8zja6k,05uij,56.25
2025-26,19,nmlbr2ppmd8zja6n,0621c,153.25
2025-26,19,nmlbr2ppmd8zja6n,05uid,106.0
2025-26,19,nmlbr2ppmd8zja6n,05qt3,112.25
2025-26,19,nmlbr2ppmd8zja6n,05uib,157.5
2025-26,19,nmlbr2ppmd8zja6n,06v5k,117.5
2025-26,19,nmlbr2ppmd8zja6n,06mjz,109.75
2025-26,19,nmlbr2ppmd8zja6n,06cdn,86.5
2025-26,19,nmlbr2ppmd8zja6n,06v5g,115.75
2025-26,19,nmlbr2ppmd8zja6n,05uug,94.5
2025-26,19,nmlbr2ppmd8zja6n,0621g,89.25
2025-26,19,mm10q3fvmd8zja6j,051pa,180.75
2025-26,19,mm10q3fvmd8zja6j,05uus,94.0
2025-26,19,mm10q3fvmd8zja6j,051or,50.75
2025-26,19,mm10q3fvmd8zja6j,06210,133.75
2025-26,19,mm10q3fvmd8zja6j,031m4,95.25
2025-26,19,mm10q3fvmd8zja6j,042n6,76.75
2025-26,19,mm10q3fvmd8zja6j,06v5y,81.75
2025-26,19,mm10q3fvmd8zja6j,06cch,117.25
2025-26,19,mm10q3fvmd8zja6j,05qu9,94.75
2025-26,19,mm10q3fvmd8zja6j,03nwn,97.25
2025-26,20,qxb6cn3omd8zja6h,04qrr,119.75
2025-26,20,qxb6cn3omd8zja6h,03aq2,106.75
2025-26,20,qxb6cn3omd8zja6h,02xg9,95.0
2025-26,20,qxb6cn3omd8zja6h,05qtr,91.25
2025-26,20,qxb6cn3omd8zja6h,04qsa,201.0
2025-26,20,qxb6cn3omd8zja6h,05qt1,71.5
2025-26,20,qxb6cn3omd8zja6h,051pi,98.5
2025-26,20,qxb6cn3omd8zja6h,051oj,104.0
2025-26,20,qxb6cn3omd8zja6h,051ot,159.0
2025-26,20,qxb6cn3omd8zja6h,031m2,92.5
2025-26,20,mjm1574cmd8zja6n,05uig,84.75
2025-26,20,mjm1574cmd8zja6n,01eo9,124.0
2025-26,20,mjm1574cmd8zja6n,04ewn,163.25
2025-26,20,mjm1574cmd8zja6n,05uiq,90.75
2025-26,20,mjm1574cmd8zja6n,000zv,54.25
2025-26,20,mjm1574cmd8zja6n,01eo6,103.5
2025-26,20,mjm1574cmd8zja6n,06v5n,111.75
2025-26,20,mjm1574cmd8zja6n,042n1,92.25
2025-26,20,mjm1574cmd8zja6n,042nq,103.0
2025-26,20,mjm1574cmd8zja6n,06cc7,105.25
2025-26,20,sha0v3f8md8zja6k,05uie,83.0
2025-26,20,sha0v3f8md8zja6k,06cd4,86.5
2025-26,20,sha0v3f8md8zja6k,05ujd,61.5
2025-26,20,sha0v3f8md8zja6k,04qrn,103.75
2025-26,20,sha0v3f8md8zja6k,04qrm,101.5
2025-26,20,sha0v3f8md8zja6k,051on,63.25
2025-26,20,sha0v3f8md8zja6k,04qrp,83.25
2025-26,20,sha0v3f8md8zja6k,04qro,154.25
2025-26,20,sha0v3f8md8zja6k,04ewf,185.25
2025-26,20,sha0v3f8md8zja6k,06226,95.25
2025-26,20,8htzhjs2md8zja6l,05qug,139.75
2025-26,20,8htzhjs2md8zja6l,03xmt,80.25
2025-26,20,8htzhjs2md8zja6l,04ewu,145.25
2025-26,20,8htzhjs2md8zja6l,05qsq,123.5
2025-26,20,8htzhjs2md8zja6l,05uup,94.25
2025-26,20,8htzhjs2md8zja6l,06cc1,55.25
2025-26,20,8htzhjs2md8zja6l,005kc,131.25
2025-26,20,8htzhjs2md8zja6l,06mjw,126.5
2025-26,20,8htzhjs2md8zja6l,03lls,127.75
2025-26,20,8htzhjs2md8zja6l,0011e,80.5
2025-26,20,7kj0njiwmd8zja6g,05uiw,77.5
2025-26,20,7kj0njiwmd8zja6g,05uj9,80.75
2025-26,20,7kj0njiwmd8zja6g,05uif,123.0
2025-26,20,7kj0njiwmd8zja6g,04ewt,98.25
2025-26,20,7kj0njiwmd8zja6g,02ng3,75.25
2025-26,20,7kj0njiwmd8zja6g,06cca,140.0
2025-26,20,7kj0njiwmd8zja6g,06cby,85.5
2025-26,20,7kj0njiwmd8zja6g,06v5h,73.5
2025-26,20,7kj0njiwmd8zja6g,001aw,111.75
2025-26,20,7kj0njiwmd8zja6g,051os,88.75
2025-26,20,nmbx4rkzmd8zja6m,03ad3,232.5
2025-26,20,nmbx4rkzmd8zja6m,051ol,95.75
2025-26,20,nmbx4rkzmd8zja6m,06mln,72.25
2025-26,20,nmbx4rkzmd8zja6m,05uir,153.5
2025-26,20,nmbx4rkzmd8zja6m,051oh,126.75
2025-26,20,nmbx4rkzmd8zja6m,05qto,143.25
2025-26,20,nmbx4rkzmd8zja6m,06ca8,138.0
2025-26,20,nmbx4rkzmd8zja6m,027oz,187.75
2025-26,20,nmbx4rkzmd8zja6m,03nwm,157.25
2025-26,20,nmbx4rkzmd8zja6m,05uiz,94.0
2025-26,20,mp3txfdsmd8zja6i,042nm,114.5
2025-26,20,mp3txfdsmd8zja6i,049kc,89.0
2025-26,20,mp3txfdsmd8zja6i,05uic,115.5
2025-26,20,mp3txfdsmd8zja6i,042n4,103.25
2025-26,20,mp3txfdsmd8zja6i,051p9,80.5
2025-26,20,mp3txfdsmd8zja6i,06mll,94.0
2025-26,20,mp3txfdsmd8zja6i,06v57,78.5
2025-26,20,mp3txfdsmd8zja6i,03e75,182.0
2025-26,20,mp3txfdsmd8zja6i,06mk7,141.5
2025-26,20,mp3txfdsmd8zja6i,06v56,79.75
2025-26,20,q86f43pcmd8zja6k,049kb,145.0
2025-26,20,q86f43pcmd8zja6k,027ou,59.25
2025-26,20,q86f43pcmd8zja6k,027p4,87.5
2025-26,20,q86f43pcmd8zja6k,031lx,62.75
2025-26,20,q86f43pcmd8zja6k,03ajv,97.5
2025-26,20,q86f43pcmd8zja6k,04qrl,77.5
2025-26,20,q86f43pcmd8zja6k,04qru,59.75
2025-26,20,q86f43pcmd8zja6k,06mle,162.25
2025-26,20,q86f43pcmd8zja6k,04kj6,220.0
2025-26,20,q86f43pcmd8zja6k,05uij,75.75
2025-26,20,nmlbr2ppmd8zja6n,0621c,137.0
2025-26,20,nmlbr2ppmd8zja6n,05qt3,143.5
2025-26,20,nmlbr2ppmd8zja6n,05uid,105.25
2025-26,20,nmlbr2ppmd8zja6n,05uib,114.75
2025-26,20,nmlbr2ppmd8zja6n,06mjz,91.25
2025-26,20,nmlbr2ppmd8zja6n,06cdn,66.0
2025-26,20,nmlbr2ppmd8zja6n,06v5g,77.75
2025-26,20,nmlbr2ppmd8zja6n,0621u,80.0
2025-26,20,nmlbr2ppmd8zja6n,06215,132.5
2025-26,20,nmlbr2ppmd8zja6n,0621g,53.0
2025-26,20,mm10q3fvmd8zja6j,05uus,141.75
2025-26,20,mm10q3fvmd8zja6j,04ewe,86.0
2025-26,20,mm10q3fvmd8zja6j,05uiu,97.75
2025-26,20,mm10q3fvmd8zja6j,06210,176.25
2025-26,20,mm10q3fvmd8zja6j,06v5l,117.25
2025-26,20,mm10q3fvmd8zja6j,042n6,86.0
2025-26,20,mm10q3fvmd8zja6j,06v5y,84.5
2025-26,20,mm10q3fvmd8zja6j,06cch,216.0
2025-26,20,mm10q3fvmd8zja6j,05qu9,98.5
2025-26,20,mm10q3fvmd8zja6j,03nwn,77.5
2025-26,21,qxb6cn3omd8zja6h,06212,120.5
2025-26,21,qxb6cn3omd8zja6h,04ewr,100.75
2025-26,21,qxb6cn3omd8zja6h,03aq2,90.5
2025-26,21,qxb6cn3omd8zja6h,02xg9,87.25
2025-26,21,qxb6cn3omd8zja6h,05qtr,98.75
2025-26,21,qxb6cn3omd8zja6h,04qsa,144.5
2025-26,21,qxb6cn3omd8zja6h,05qt1,77.0
2025-26,21,qxb6cn3omd8zja6h,051pi,70.0
2025-26,21,qxb6cn3omd8zja6h,051oj,139.75
2025-26,21,qxb6cn3omd8zja6h,031m2,135.5
2025-26,21,mjm1574cmd8zja6n,05uig,226.25
2025-26,21,mjm1574cmd8zja6n,01eo9,99.0
2025-26,21,mjm1574cmd8zja6n,03el5,114.25
2025-26,21,mjm1574cmd8zja6n,05uiq,53.0
2025-26,21,mjm1574cmd8zja6n,06v5n,95.25
2025-26,21,mjm1574cmd8zja6n,01eo6,104.25
2025-26,21,mjm1574cmd8zja6n,05qtj,150.0
2025-26,21,mjm1574cmd8zja6n,042n1,142.0
2025-26,21,mjm1574cmd8zja6n,06cc7,127.25
2025-26,21,mjm1574cmd8zja6n,06217,108.0
2025-26,21,sha0v3f8md8zja6k,05uie,136.75
2025-26,21,sha0v3f8md8zja6k,03xmv,123.0
2025-26,21,sha0v3f8md8zja6k,06cd4,85.5
2025-26,21,sha0v3f8md8zja6k,05ujd,100.75
2025-26,21,sha0v3f8md8zja6k,04qrp,87.25
2025-26,21,sha0v3f8md8zja6k,04qro,105.75
2025-26,21,sha0v3f8md8zja6k,06mk6,72.0
2025-26,21,sha0v3f8md8zja6k,04ewf,176.0
2025-26,21,sha0v3f8md8zja6k,06v58,57.75
2025-26,21,sha0v3f8md8zja6k,06226,64.5
2025-26,21,8htzhjs2md8zja6l,05qug,161.0
2025-26,21,8htzhjs2md8zja6l,06211,67.5
2025-26,21,8htzhjs2md8zja6l,05uup,80.0
2025-26,21,8htzhjs2md8zja6l,06cc1,133.25
2025-26,21,8htzhjs2md8zja6l,005kc,83.25
2025-26,21,8htzhjs2md8zja6l,06mjw,170.5
2025-26,21,8htzhjs2md8zja6l,0621k,75.5
2025-26,21,8htzhjs2md8zja6l,06mjv,84.5
2025-26,21,8htzhjs2md8zja6l,03lls,156.25
2025-26,21,8htzhjs2md8zja6l,0011e,105.0
2025-26,21,7kj0njiwmd8zja6g,05uiw,94.0
2025-26,21,7kj0njiwmd8zja6g,05uj9,71.5
2025-26,21,7kj0njiwmd8zja6g,049kd,118.0
2025-26,21,7kj0njiwmd8zja6g,05uif,122.75
2025-26,21,7kj0njiwmd8zja6g,04ewt,117.25
2025-26,21,7kj0njiwmd8zja6g,02ng3,95.0
2025-26,21,7kj0njiwmd8zja6g,06cca,91.5
2025-26,21,7kj0njiwmd8zja6g,04qrk,81.75
2025-26,21,7kj0njiwmd8zja6g,001aw,138.75
2025-26,21,7kj0njiwmd8zja6g,051os,123.0
2025-26,21,nmbx4rkzmd8zja6m,06mk3,172.5
2025-26,21,nmbx4rkzmd8zja6m,05qtt,124.25
2025-26,21,nmbx4rkzmd8zja6m,051ol,111.0
2025-26,21,nmbx4rkzmd8zja6m,05uir,112.5
2025-26,21,nmbx4rkzmd8zja6m,06ca8,150.5
2025-26,21,nmbx4rkzmd8zja6m,027oz,138.75
2025-26,21,nmbx4rkzmd8zja6m,06cbz,105.75
2025-26,21,nmbx4rkzmd8zja6m,06mju,87.25
2025-26,21,nmbx4rkzmd8zja6m,03nwm,185.5
2025-26,21,nmbx4rkzmd8zja6m,05uiz,146.75
2025-26,21,mp3txfdsmd8zja6i,051op,53.25
2025-26,21,mp3txfdsmd8zja6i,03ad2,93.75
2025-26,21,mp3txfdsmd8zja6i,03nwk,49.5
2025-26,21,mp3txfdsmd8zja6i,05uic,158.75
2025-26,21,mp3txfdsmd8zja6i,06mkl,88.0
2025-26,21,mp3txfdsmd8zja6i,042n4,113.0
2025-26,21,mp3txfdsmd8zja6i,051p9,67.25
2025-26,21,mp3txfdsmd8zja6i,04ewk,48.0
2025-26,21,mp3txfdsmd8zja6i,06mll,70.5
2025-26,21,mp3txfdsmd8zja6i,03e75,211.5
2025-26,21,q86f43pcmd8zja6k,049kb,153.75
2025-26,21,q86f43pcmd8zja6k,027p4,62.5
2025-26,21,q86f43pcmd8zja6k,0527h,81.5
2025-26,21,q86f43pcmd8zja6k,031lx,105.0
2025-26,21,q86f43pcmd8zja6k,03ajv,111.5
2025-26,21,q86f43pcmd8zja6k,04qrl,125.25
2025-26,21,q86f43pcmd8zja6k,04qru,77.0
2025-26,21,q86f43pcmd8zja6k,04kj6,262.0
2025-26,21,q86f43pcmd8zja6k,01eon,175.25
2025-26,21,q86f43pcmd8zja6k,05uij,77.5
2025-26,21,nmlbr2ppmd8zja6n,05qt4,94.0
2025-26,21,nmlbr2ppmd8zja6n,0621c,155.5
2025-26,21,nmlbr2ppmd8zja6n,05qt3,149.25
2025-26,21,nmlbr2ppmd8zja6n,05uid,126.75
2025-26,21,nmlbr2ppmd8zja6n,05uib,185.75
2025-26,21,nmlbr2ppmd8zja6n,06v5k,130.0
2025-26,21,nmlbr2ppmd8zja6n,06mjz,168.0
2025-26,21,nmlbr2ppmd8zja6n,06cdn,92.5
2025-26,21,nmlbr2ppmd8zja6n,05uug,80.25
2025-26,21,nmlbr2ppmd8zja6n,06215,125.0
2025-26,21,mm10q3fvmd8zja6j,05uus,182.5
2025-26,21,mm10q3fvmd8zja6j,04ewe,125.0
2025-26,21,mm10q3fvmd8zja6j,05uiu,211.25
2025-26,21,mm10q3fvmd8zja6j,051or,85.75
2025-26,21,mm10q3fvmd8zja6j,06210,159.0
2025-26,21,mm10q3fvmd8zja6j,06v5l,195.25
2025-26,21,mm10q3fvmd8zja6j,042n6,86.25
2025-26,21,mm10q3fvmd8zja6j,06cch,173.5
2025-26,21,mm10q3fvmd8zja6j,05qu9,112.25
2025-26,21,mm10q3fvmd8zja6j,03nwn,100.75
2025-26,22,qxb6cn3omd8zja6h,06212,108.25
2025-26,22,qxb6cn3omd8zja6h,04ex6,106.25
2025-26,22,qxb6cn3omd8zja6h,02xg9,161.5
2025-26,22,qxb6cn3omd8zja6h,04qsa,65.25
2025-26,22,qxb6cn3omd8zja6h,05ujc,154.0
2025-26,22,qxb6cn3omd8zja6h,05qt1,74.25
2025-26,22,qxb6cn3omd8zja6h,06mk8,86.75
2025-26,22,qxb6cn3omd8zja6h,051oj,114.0
2025-26,22,qxb6cn3omd8zja6h,051ot,137.75
2025-26,22,qxb6cn3omd8zja6h,05qsx,57.75
2025-26,22,mjm1574cmd8zja6n,05uig,105.75
2025-26,22,mjm1574cmd8zja6n,01eo9,104.25
2025-26,22,mjm1574cmd8zja6n,05uiq,192.0
2025-26,22,mjm1574cmd8zja6n,03el5,78.25
2025-26,22,mjm1574cmd8zja6n,01eo6,148.0
2025-26,22,mjm1574cmd8zja6n,06v5n,81.25
2025-26,22,mjm1574cmd8zja6n,05qtj,163.5
2025-26,22,mjm1574cmd8zja6n,02nfz,93.25
2025-26,22,mjm1574cmd8zja6n,06217,124.75
2025-26,22,mjm1574cmd8zja6n,06cc7,100.0
2025-26,22,sha0v3f8md8zja6k,05uie,150.25
2025-26,22,sha0v3f8md8zja6k,06cd4,102.25
2025-26,22,sha0v3f8md8zja6k,03xmv,94.5
2025-26,22,sha0v3f8md8zja6k,051on,94.0
2025-26,22,sha0v3f8md8zja6k,04qro,183.0
2025-26,22,sha0v3f8md8zja6k,042nf,81.25
2025-26,22,sha0v3f8md8zja6k,06mk6,112.0
2025-26,22,sha0v3f8md8zja6k,04ewf,142.5
2025-26,22,sha0v3f8md8zja6k,06226,80.0
2025-26,22,sha0v3f8md8zja6k,06mkd,76.75
2025-26,22,8htzhjs2md8zja6l,06211,131.25
2025-26,22,8htzhjs2md8zja6l,04ewu,82.75
2025-26,22,8htzhjs2md8zja6l,05uup,61.25
2025-26,22,8htzhjs2md8zja6l,06cc1,66.25
2025-26,22,8htzhjs2md8zja6l,0621k,126.5
2025-26,22,8htzhjs2md8zja6l,06mjv,133.75
2025-26,22,8htzhjs2md8zja6l,03lls,132.25
2025-26,22,8htzhjs2md8zja6l,06ccf,95.0
2025-26,22,8htzhjs2md8zja6l,0011e,157.75
2025-26,22,8htzhjs2md8zja6l,03al0,70.75
2025-26,22,7kj0njiwmd8zja6g,05uiw,80.0
2025-26,22,7kj0njiwmd8zja6g,05uj9,68.25
2025-26,22,7kj0njiwmd8zja6g,049kd,89.0
2025-26,22,7kj0njiwmd8zja6g,04ewt,82.75
2025-26,22,7kj0njiwmd8zja6g,05uif,74.0
2025-26,22,7kj0njiwmd8zja6g,02ng3,33.5
2025-26,22,7kj0njiwmd8zja6g,06cca,96.25
2025-26,22,7kj0njiwmd8zja6g,0496e,47.75
2025-26,22,7kj0njiwmd8zja6g,001aw,161.75
2025-26,22,7kj0njiwmd8zja6g,051os,89.0
2025-26,22,nmbx4rkzmd8zja6m,03ad3,140.5
2025-26,22,nmbx4rkzmd8zja6m,05qtt,104.75
2025-26,22,nmbx4rkzmd8zja6m,051ol,112.0
2025-26,22,nmbx4rkzmd8zja6m,05uir,104.0
2025-26,22,nmbx4rkzmd8zja6m,051oh,91.25
2025-26,22,nmbx4rkzmd8zja6m,05qto,137.75
2025-26,22,nmbx4rkzmd8zja6m,05qu0,133.75
2025-26,22,nmbx4rkzmd8zja6m,06ca8,165.25
2025-26,22,nmbx4rkzmd8zja6m,027oz,130.5
2025-26,22,nmbx4rkzmd8zja6m,03nwm,137.75
2025-26,22,mp3txfdsmd8zja6i,042nm,77.0
2025-26,22,mp3txfdsmd8zja6i,049kc,52.25
2025-26,22,mp3txfdsmd8zja6i,05uic,117.75
2025-26,22,mp3txfdsmd8zja6i,042n4,151.75
2025-26,22,mp3txfdsmd8zja6i,051p9,97.25
2025-26,22,mp3txfdsmd8zja6i,04ewk,76.0
2025-26,22,mp3txfdsmd8zja6i,06v57,177.5
2025-26,22,mp3txfdsmd8zja6i,03e75,199.75
2025-26,22,mp3txfdsmd8zja6i,06mk7,66.75
2025-26,22,mp3txfdsmd8zja6i,06v56,68.5
2025-26,22,q86f43pcmd8zja6k,049kb,119.5
2025-26,22,q86f43pcmd8zja6k,027ou,57.25
2025-26,22,q86f43pcmd8zja6k,027p4,123.0
2025-26,22,q86f43pcmd8zja6k,031lx,132.75
2025-26,22,q86f43pcmd8zja6k,03ajv,140.5
2025-26,22,q86f43pcmd8zja6k,04qrl,77.25
2025-26,22,q86f43pcmd8zja6k,03wr4,101.5
2025-26,22,q86f43pcmd8zja6k,06mle,91.75
2025-26,22,q86f43pcmd8zja6k,04kj6,254.5
2025-26,22,q86f43pcmd8zja6k,05uij,89.75
2025-26,22,nmlbr2ppmd8zja6n,05qt4,69.5
2025-26,22,nmlbr2ppmd8zja6n,0621c,161.75
2025-26,22,nmlbr2ppmd8zja6n,05qt3,121.5
2025-26,22,nmlbr2ppmd8zja6n,05uid,141.25
2025-26,22,nmlbr2ppmd8zja6n,06v5k,180.75
2025-26,22,nmlbr2ppmd8zja6n,06mjz,171.75
2025-26,22,nmlbr2ppmd8zja6n,06cdn,86.5
2025-26,22,nmlbr2ppmd8zja6n,0621u,78.5
2025-26,22,nmlbr2ppmd8zja6n,06mjt,95.0
2025-26,22,nmlbr2ppmd8zja6n,0621g,67.5
2025-26,22,mm10q3fvmd8zja6j,05uus,137.25
2025-26,22,mm10q3fvmd8zja6j,051or,102.25
2025-26,22,mm10q3fvmd8zja6j,04ewe,78.75
2025-26,22,mm10q3fvmd8zja6j,06210,171.5
2025-26,22,mm10q3fvmd8zja6j,06v5l,130.0
2025-26,22,mm10q3fvmd8zja6j,042n6,82.75
2025-26,22,mm10q3fvmd8zja6j,06v5y,116.0
2025-26,22,mm10q3fvmd8zja6j,06cch,197.75
2025-26,22,mm10q3fvmd8zja6j,05qu9,83.25
2025-26,22,mm10q3fvmd8zja6j,03nwn,83.25
2025-26,23,qxb6cn3omd8zja6h,06212,111.0
2025-26,23,qxb6cn3omd8zja6h,04ex6,76.5
2025-26,23,qxb6cn3omd8zja6h,02xg9,105.0
2025-26,23,qxb6cn3omd8zja6h,05qtr,87.5
2025-26,23,qxb6cn3omd8zja6h,04qsa,131.5
2025-26,23,qxb6cn3omd8zja6h,05qt1,126.75
2025-26,23,qxb6cn3omd8zja6h,05ujc,59.75
2025-26,23,qxb6cn3omd8zja6h,051oj,93.25
2025-26,23,qxb6cn3omd8zja6h,051ot,135.0
2025-26,23,qxb6cn3omd8zja6h,05qsx,78.75
2025-26,23,mjm1574cmd8zja6n,05uig,162.5
2025-26,23,mjm1574cmd8zja6n,05uiq,163.25
2025-26,23,mjm1574cmd8zja6n,03el5,92.5
2025-26,23,mjm1574cmd8zja6n,01eo6,170.75
2025-26,23,mjm1574cmd8zja6n,06v5n,117.0
2025-26,23,mjm1574cmd8zja6n,01uyj,131.75
2025-26,23,mjm1574cmd8zja6n,05qtj,109.0
2025-26,23,mjm1574cmd8zja6n,042nq,96.0
2025-26,23,mjm1574cmd8zja6n,06cc7,118.25
2025-26,23,mjm1574cmd8zja6n,06217,101.0
2025-26,23,sha0v3f8md8zja6k,05uie,152.25
2025-26,23,sha0v3f8md8zja6k,03xmv,146.25
2025-26,23,sha0v3f8md8zja6k,06cd4,79.25
2025-26,23,sha0v3f8md8zja6k,05ujd,84.0
2025-26,23,sha0v3f8md8zja6k,04qrm,118.0
2025-26,23,sha0v3f8md8zja6k,051on,97.0
2025-26,23,sha0v3f8md8zja6k,04qrp,88.25
2025-26,23,sha0v3f8md8zja6k,04qro,185.0
2025-26,23,sha0v3f8md8zja6k,04ewf,171.0
2025-26,23,sha0v3f8md8zja6k,06226,99.75
2025-26,23,8htzhjs2md8zja6l,06211,77.25
2025-26,23,8htzhjs2md8zja6l,04ewu,93.25
2025-26,23,8htzhjs2md8zja6l,05qsq,95.0
2025-26,23,8htzhjs2md8zja6l,02ym0,107.0
2025-26,23,8htzhjs2md8zja6l,03al2,133.75
2025-26,23,8htzhjs2md8zja6l,06mjw,117.75
2025-26,23,8htzhjs2md8zja6l,03lls,103.0
2025-26,23,8htzhjs2md8zja6l,06mjv,76.75
2025-26,23,8htzhjs2md8zja6l,06ccf,115.25
2025-26,23,8htzhjs2md8zja6l,0011e,132.75
2025-26,23,7kj0njiwmd8zja6g,05uj9,75.75
2025-26,23,7kj0njiwmd8zja6g,049kd,50.0
2025-26,23,7kj0njiwmd8zja6g,04ewt,66.25
2025-26,23,7kj0njiwmd8zja6g,05uif,43.5
2025-26,23,7kj0njiwmd8zja6g,02ng3,36.25
2025-26,23,7kj0njiwmd8zja6g,06cca,122.75
2025-26,23,7kj0njiwmd8zja6g,0496e,58.0
2025-26,23,7kj0njiwmd8zja6g,06v5h,87.75
2025-26,23,7kj0njiwmd8zja6g,001aw,126.25
2025-26,23,7kj0njiwmd8zja6g,051os,51.5
2025-26,23,nmbx4rkzmd8zja6m,03ad3,95.25
2025-26,23,nmbx4rkzmd8zja6m,06mk3,135.75
2025-26,23,nmbx4rkzmd8zja6m,05qtt,81.5
2025-26,23,nmbx4rkzmd8zja6m,051ol,105.5
2025-26,23,nmbx4rkzmd8zja6m,051oh,129.75
2025-26,23,nmbx4rkzmd8zja6m,05qto,142.0
2025-26,23,nmbx4rkzmd8zja6m,06ca8,113.25
2025-26,23,nmbx4rkzmd8zja6m,027oz,120.5
2025-26,23,nmbx4rkzmd8zja6m,06cbz,91.0
2025-26,23,nmbx4rkzmd8zja6m,03nwm,125.5
2025-26,23,mp3txfdsmd8zja6i,049kc,84.75
2025-26,23,mp3txfdsmd8zja6i,042nm,100.25
2025-26,23,mp3txfdsmd8zja6i,04qse,69.75
2025-26,23,mp3txfdsmd8zja6i,05uic,111.5
2025-26,23,mp3txfdsmd8zja6i,042n4,192.25
2025-26,23,mp3txfdsmd8zja6i,051p9,72.75
2025-26,23,mp3txfdsmd8zja6i,06v57,109.5
2025-26,23,mp3txfdsmd8zja6i,03e75,267.0
2025-26,23,mp3txfdsmd8zja6i,06mk7,90.5
2025-26,23,mp3txfdsmd8zja6i,06v56,77.5
2025-26,23,q86f43pcmd8zja6k,027p4,102.0
2025-26,23,q86f43pcmd8zja6k,0527h,71.5
2025-26,23,q86f43pcmd8zja6k,031lx,125.75
2025-26,23,q86f43pcmd8zja6k,03ajv,98.25
2025-26,23,q86f43pcmd8zja6k,03wr4,70.25
2025-26,23,q86f43pcmd8zja6k,04qru,81.25
2025-26,23,q86f43pcmd8zja6k,06mle,132.25
2025-26,23,q86f43pcmd8zja6k,04kj6,116.5
2025-26,23,q86f43pcmd8zja6k,01eon,103.0
2025-26,23,q86f43pcmd8zja6k,05uij,78.25
2025-26,23,nmlbr2ppmd8zja6n,0621b,79.0
2025-26,23,nmlbr2ppmd8zja6n,0621c,138.75
2025-26,23,nmlbr2ppmd8zja6n,05uid,164.25
2025-26,23,nmlbr2ppmd8zja6n,05qt3,83.0
2025-26,23,nmlbr2ppmd8zja6n,06v5k,87.0
2025-26,23,nmlbr2ppmd8zja6n,06mjz,95.25
2025-26,23,nmlbr2ppmd8zja6n,06cdn,87.0
2025-26,23,nmlbr2ppmd8zja6n,06v5g,99.75
2025-26,23,nmlbr2ppmd8zja6n,0621u,106.0
2025-26,23,nmlbr2ppmd8zja6n,06215,99.25
2025-26,23,mm10q3fvmd8zja6j,05uus,117.0
2025-26,23,mm10q3fvmd8zja6j,04ewe,155.5
2025-26,23,mm10q3fvmd8zja6j,05uiu,182.25
2025-26,23,mm10q3fvmd8zja6j,051or,77.25
2025-26,23,mm10q3fvmd8zja6j,06210,115.5
2025-26,23,mm10q3fvmd8zja6j,06v5l,108.75
2025-26,23,mm10q3fvmd8zja6j,031m4,62.75
2025-26,23,mm10q3fvmd8zja6j,042n6,87.5
2025-26,23,mm10q3fvmd8zja6j,06v5y,72.5
2025-26,23,mm10q3fvmd8zja6j,06cch,187.0
2025-26,24,qxb6cn3omd8zja6h,06212,114.25
2025-26,24,qxb6cn3omd8zja6h,04ewr,83.25
2025-26,24,qxb6cn3omd8zja6h,02xg9,71.25
2025-26,24,qxb6cn3omd8zja6h,05qtr,97.25
2025-26,24,qxb6cn3omd8zja6h,04qsa,116.0
2025-26,24,qxb6cn3omd8zja6h,05ujc,85.0
2025-26,24,qxb6cn3omd8zja6h,05qt1,81.25
2025-26,24,qxb6cn3omd8zja6h,051pi,58.0
2025-26,24,qxb6cn3omd8zja6h,051oj,127.75
2025-26,24,qxb6cn3omd8zja6h,05qsx,70.75
2025-26,24,mjm1574cmd8zja6n,01eo9,129.25
2025-26,24,mjm1574cmd8zja6n,04ewn,148.0
2025-26,24,mjm1574cmd8zja6n,05uiq,155.0
2025-26,24,mjm1574cmd8zja6n,03el5,49.75
2025-26,24,mjm1574cmd8zja6n,01eo6,93.0
2025-26,24,mjm1574cmd8zja6n,06v5n,98.0
2025-26,24,mjm1574cmd8zja6n,01uyj,167.0
2025-26,24,mjm1574cmd8zja6n,05qtj,142.75
2025-26,24,mjm1574cmd8zja6n,02nfz,94.25
2025-26,24,mjm1574cmd8zja6n,06217,102.75
2025-26,24,sha0v3f8md8zja6k,05uie,121.75
2025-26,24,sha0v3f8md8zja6k,06v5a,112.75
2025-26,24,sha0v3f8md8zja6k,03xmv,171.0
2025-26,24,sha0v3f8md8zja6k,06cd4,102.5
2025-26,24,sha0v3f8md8zja6k,05ujd,121.5
2025-26,24,sha0v3f8md8zja6k,04qrm,85.5
2025-26,24,sha0v3f8md8zja6k,051on,83.75
2025-26,24,sha0v3f8md8zja6k,04qrp,143.75
2025-26,24,sha0v3f8md8zja6k,04qro,80.75
2025-26,24,sha0v3f8md8zja6k,04ewm,91.0
2025-26,24,8htzhjs2md8zja6l,05qsq,138.0
2025-26,24,8htzhjs2md8zja6l,05uup,66.5
2025-26,24,8htzhjs2md8zja6l,03al2,105.25
2025-26,24,8htzhjs2md8zja6l,06mjw,154.5
2025-26,24,8htzhjs2md8zja6l,0621k,93.5
2025-26,24,8htzhjs2md8zja6l,06mjv,126.25
2025-26,24,8htzhjs2md8zja6l,03lls,131.0
2025-26,24,8htzhjs2md8zja6l,06ccf,116.0
2025-26,24,8htzhjs2md8zja6l,0011e,117.5
2025-26,24,8htzhjs2md8zja6l,03al0,80.25
2025-26,24,7kj0njiwmd8zja6g,05uj9,31.5
2025-26,24,7kj0njiwmd8zja6g,049kd,67.5
2025-26,24,7kj0njiwmd8zja6g,05uif,185.25
2025-26,24,7kj0njiwmd8zja6g,04ewt,72.0
2025-26,24,7kj0njiwmd8zja6g,02ng3,27.5
2025-26,24,7kj0njiwmd8zja6g,06cca,117.75
2025-26,24,7kj0njiwmd8zja6g,0496e,11.0
2025-26,24,7kj0njiwmd8zja6g,06v5h,71.0
2025-26,24,7kj0njiwmd8zja6g,001aw,184.5
2025-26,24,7kj0njiwmd8zja6g,051os,20.5
2025-26,24,nmbx4rkzmd8zja6m,03ad3,128.75
2025-26,24,nmbx4rkzmd8zja6m,05qtt,92.0
2025-26,24,nmbx4rkzmd8zja6m,051ol,81.5
2025-26,24,nmbx4rkzmd8zja6m,05uir,58.0
2025-26,24,nmbx4rkzmd8zja6m,051oh,73.5
2025-26,24,nmbx4rkzmd8zja6m,05qto,158.0
2025-26,24,nmbx4rkzmd8zja6m,06ca8,150.25
2025-26,24,nmbx4rkzmd8zja6m,027oz,118.5
2025-26,24,nmbx4rkzmd8zja6m,06cbz,115.25
2025-26,24,nmbx4rkzmd8zja6m,03nwm,124.25
2025-26,24,mp3txfdsmd8zja6i,03ad2,81.0
2025-26,24,mp3txfdsmd8zja6i,042nm,81.25
2025-26,24,mp3txfdsmd8zja6i,03nwk,73.75
2025-26,24,mp3txfdsmd8zja6i,05uic,87.75
2025-26,24,mp3txfdsmd8zja6i,042n4,125.5
2025-26,24,mp3txfdsmd8zja6i,04ewk,86.5
2025-26,24,mp3txfdsmd8zja6i,051p9,79.5
2025-26,24,mp3txfdsmd8zja6i,06v57,70.25
2025-26,24,mp3txfdsmd8zja6i,03e75,204.75
2025-26,24,mp3txfdsmd8zja6i,06v56,68.25
2025-26,24,q86f43pcmd8zja6k,049kb,114.5
2025-26,24,q86f43pcmd8zja6k,027p4,63.75
2025-26,24,q86f43pcmd8zja6k,031lx,96.5
2025-26,24,q86f43pcmd8zja6k,03ajv,113.75
2025-26,24,q86f43pcmd8zja6k,04qrl,131.5
2025-26,24,q86f43pcmd8zja6k,0015e,38.0
2025-26,24,q86f43pcmd8zja6k,06mle,122.75
2025-26,24,q86f43pcmd8zja6k,04kj6,93.75
2025-26,24,q86f43pcmd8zja6k,01eon,72.25
2025-26,24,q86f43pcmd8zja6k,05uij,59.0
2025-26,24,nmlbr2ppmd8zja6n,0621b,62.25
2025-26,24,nmlbr2ppmd8zja6n,0621c,153.75
2025-26,24,nmlbr2ppmd8zja6n,05qt3,182.5
2025-26,24,nmlbr2ppmd8zja6n,05uid,84.5
2025-26,24,nmlbr2ppmd8zja6n,06v5k,118.25
2025-26,24,nmlbr2ppmd8zja6n,06mjz,67.75
2025-26,24,nmlbr2ppmd8zja6n,06cdn,68.75
2025-26,24,nmlbr2ppmd8zja6n,06v5g,113.25
2025-26,24,nmlbr2ppmd8zja6n,05uug,65.25
2025-26,24,nmlbr2ppmd8zja6n,0621g,76.75
2025-26,24,mm10q3fvmd8zja6j,04ewe,112.25
2025-26,24,mm10q3fvmd8zja6j,05uiu,126.0
2025-26,24,mm10q3fvmd8zja6j,051or,109.5
2025-26,24,mm10q3fvmd8zja6j,06210,184.75
2025-26,24,mm10q3fvmd8zja6j,031m4,95.5
2025-26,24,mm10q3fvmd8zja6j,06v5l,183.5
2025-26,24,mm10q3fvmd8zja6j,042n6,91.5
2025-26,24,mm10q3fvmd8zja6j,06v5y,98.0
2025-26,24,mm10q3fvmd8zja6j,06cch,180.75
2025-26,24,mm10q3fvmd8zja6j,04ex8,60.5
2025-26,25,qxb6cn3omd8zja6h,06212,84.75
2025-26,25,qxb6cn3omd8zja6h,04ex6,32.5
2025-26,25,qxb6cn3omd8zja6h,05qtr,66.0
2025-26,25,qxb6cn3omd8zja6h,04qsa,77.0
2025-26,25,qxb6cn3omd8zja6h,05qt1,94.0
2025-26,25,qxb6cn3omd8zja6h,05ujq,73.0
2025-26,25,qxb6cn3omd8zja6h,051oj,98.75
2025-26,25,qxb6cn3omd8zja6h,06mk8,56.25
2025-26,25,qxb6cn3omd8zja6h,051ot,81.75
2025-26,25,qxb6cn3omd8zja6h,05qsx,103.75
2025-26,25,mjm1574cmd8zja6n,01eo9,83.5
2025-26,25,mjm1574cmd8zja6n,05uiq,101.0
2025-26,25,mjm1574cmd8zja6n,03el5,46.25
2025-26,25,mjm1574cmd8zja6n,06v5n,70.25
2025-26,25,mjm1574cmd8zja6n,01uyj,62.0
2025-26,25,mjm1574cmd8zja6n,05qtj,132.5
2025-26,25,mjm1574cmd8zja6n,042n1,165.5
2025-26,25,mjm1574cmd8zja6n,05uii,78.0
2025-26,25,mjm1574cmd8zja6n,06cc7,97.75
2025-26,25,mjm1574cmd8zja6n,06217,81.25
2025-26,25,sha0v3f8md8zja6k,05uie,150.0
2025-26,25,sha0v3f8md8zja6k,06v5a,64.5
2025-26,25,sha0v3f8md8zja6k,03xmv,85.5
2025-26,25,sha0v3f8md8zja6k,06cd4,75.75
2025-26,25,sha0v3f8md8zja6k,05ujd,77.75
2025-26,25,sha0v3f8md8zja6k,04qrm,128.25
2025-26,25,sha0v3f8md8zja6k,04qrp,72.75
2025-26,25,sha0v3f8md8zja6k,04qro,78.0
2025-26,25,sha0v3f8md8zja6k,06mk6,116.0
2025-26,25,sha0v3f8md8zja6k,04ewf,177.25
2025-26,25,8htzhjs2md8zja6l,06211,98.5
2025-26,25,8htzhjs2md8zja6l,04ewu,43.75
2025-26,25,8htzhjs2md8zja6l,05qsq,109.75
2025-26,25,8htzhjs2md8zja6l,05uup,114.5
2025-26,25,8htzhjs2md8zja6l,06cc1,69.0
2025-26,25,8htzhjs2md8zja6l,02ym0,70.75
2025-26,25,8htzhjs2md8zja6l,06mjv,84.0
2025-26,25,8htzhjs2md8zja6l,03lls,73.0
2025-26,25,8htzhjs2md8zja6l,06ccf,83.5
2025-26,25,8htzhjs2md8zja6l,0011e,148.0
2025-26,25,7kj0njiwmd8zja6g,049kd,100.75
2025-26,25,7kj0njiwmd8zja6g,05uif,71.25
2025-26,25,7kj0njiwmd8zja6g,04ewt,55.25
2025-26,25,7kj0njiwmd8zja6g,02ng3,46.75
2025-26,25,7kj0njiwmd8zja6g,06cca,82.5
2025-26,25,7kj0njiwmd8zja6g,0496e,15.25
2025-26,25,7kj0njiwmd8zja6g,06v5h,159.75
2025-26,25,7kj0njiwmd8zja6g,001aw,129.0
2025-26,25,nmbx4rkzmd8zja6m,03ad3,81.0
2025-26,25,nmbx4rkzmd8zja6m,05uih,61.75
2025-26,25,nmbx4rkzmd8zja6m,05qtt,37.0
2025-26,25,nmbx4rkzmd8zja6m,051ol,91.25
2025-26,25,nmbx4rkzmd8zja6m,06mkj,105.25
2025-26,25,nmbx4rkzmd8zja6m,05qto,134.25
2025-26,25,nmbx4rkzmd8zja6m,06ca8,148.75
2025-26,25,nmbx4rkzmd8zja6m,027oz,118.5
2025-26,25,nmbx4rkzmd8zja6m,03nwm,97.75
2025-26,25,nmbx4rkzmd8zja6m,05uiz,63.0
2025-26,25,mp3txfdsmd8zja6i,051op,100.75
2025-26,25,mp3txfdsmd8zja6i,03nwk,86.5
2025-26,25,mp3txfdsmd8zja6i,05ujt,58.0
2025-26,25,mp3txfdsmd8zja6i,05uic,26.5
2025-26,25,mp3txfdsmd8zja6i,042n4,39.25
2025-26,25,mp3txfdsmd8zja6i,051p9,89.0
2025-26,25,mp3txfdsmd8zja6i,04ewk,84.75
2025-26,25,mp3txfdsmd8zja6i,06v57,62.75
2025-26,25,mp3txfdsmd8zja6i,06mk7,90.25
2025-26,25,mp3txfdsmd8zja6i,03e75,87.5
2025-26,25,q86f43pcmd8zja6k,049kb,117.0
2025-26,25,q86f43pcmd8zja6k,027ou,38.25
2025-26,25,q86f43pcmd8zja6k,027p4,73.75
2025-26,25,q86f43pcmd8zja6k,031lx,71.0
2025-26,25,q86f43pcmd8zja6k,03ajv,26.5
2025-26,25,q86f43pcmd8zja6k,051p8,60.75
2025-26,25,q86f43pcmd8zja6k,04qru,79.25
2025-26,25,q86f43pcmd8zja6k,027oo,108.0
2025-26,25,q86f43pcmd8zja6k,027p0,62.5
2025-26,25,q86f43pcmd8zja6k,05uij,67.5
2025-26,25,nmlbr2ppmd8zja6n,01enh,85.5
2025-26,25,nmlbr2ppmd8zja6n,0621c,73.0
2025-26,25,nmlbr2ppmd8zja6n,05uid,72.25
2025-26,25,nmlbr2ppmd8zja6n,05uib,97.25
2025-26,25,nmlbr2ppmd8zja6n,06v5k,116.5
2025-26,25,nmlbr2ppmd8zja6n,06mjz,109.5
2025-26,25,nmlbr2ppmd8zja6n,06cdn,75.0
2025-26,25,nmlbr2ppmd8zja6n,06v5g,173.0
2025-26,25,nmlbr2ppmd8zja6n,06215,80.25
2025-26,25,nmlbr2ppmd8zja6n,0621g,96.5
2025-26,25,mm10q3fvmd8zja6j,04ewe,45.75
2025-26,25,mm10q3fvmd8zja6j,05uiu,62.0
2025-26,25,mm10q3fvmd8zja6j,06210,120.75
2025-26,25,mm10q3fvmd8zja6j,06v5l,140.5
2025-26,25,mm10q3fvmd8zja6j,042n6,77.5
2025-26,25,mm10q3fvmd8zja6j,06v5y,73.75
2025-26,25,mm10q3fvmd8zja6j,06cch,67.75
2025-26,25,mm10q3fvmd8zja6j,04ex8,71.0
2025-26,25,mm10q3fvmd8zja6j,06216,33.25
2025-26,25,mm10q3fvmd8zja6j,05qu9,57.75
