season,period,team_id,player_id,status
2022-23,1,6bpping1l96ajun5,051pa,ACTIVE
2022-23,1,6bpping1l96ajun5,05qu1,ACTIVE
2022-23,1,6bpping1l96ajun5,031lp,ACTIVE
2022-23,1,6bpping1l96ajun5,051op,ACTIVE
2022-23,1,6bpping1l96ajun5,05qty,ACTIVE
2022-23,1,6bpping1l96ajun5,05ujc,ACTIVE
2022-23,1,6bpping1l96ajun5,05uig,ACTIVE
2022-23,1,6bpping1l96ajun5,005lx,ACTIVE
2022-23,1,6bpping1l96ajun5,03nwm,ACTIVE
2022-23,1,6bpping1l96ajun5,059ca,ACTIVE
2022-23,1,6bpping1l96ajun5,04qse,ACTIVE
2022-23,1,6bpping1l96ajun5,06210,ACTIVE
2022-23,1,6bpping1l96ajun5,027pg,ACTIVE
2022-23,1,6bpping1l96ajun5,02nfz,ACTIVE
2022-23,1,6bpping1l96ajun5,03xmv,ACTIVE
2022-23,1,6bpping1l96ajun5,051p3,ACTIVE
2022-23,1,6bpping1l96ajun5,03ad0,ACTIVE
2022-23,1,6bpping1l96ajun5,027p0,ACTIVE
2022-23,1,6bpping1l96ajun5,051ol,ACTIVE
2022-23,1,6bpping1l96ajun5,05qt3,ACTIVE
2022-23,1,rt1ug69sl97ijzno,03ad4,ACTIVE
2022-23,1,rt1ug69sl97ijzno,042nq,ACTIVE
2022-23,1,rt1ug69sl97ijzno,01ens,ACTIVE
2022-23,1,rt1ug69sl97ijzno,01sc8,ACTIVE
2022-23,1,rt1ug69sl97ijzno,042nw,ACTIVE
2022-23,1,rt1ug69sl97ijzno,04ewt,ACTIVE
2022-23,1,rt1ug69sl97ijzno,031m0,ACTIVE
2022-23,1,rt1ug69sl97ijzno,051pq,ACTIVE
2022-23,1,rt1ug69sl97ijzno,04ewn,ACTIVE
2022-23,1,rt1ug69sl97ijzno,042n3,ACTIVE
2022-23,1,rt1ug69sl97ijzno,03ad7,ACTIVE
2022-23,1,rt1ug69sl97ijzno,042nf,ACTIVE
2022-23,1,rt1ug69sl97ijzno,001aw,ACTIVE
2022-23,1,rt1ug69sl97ijzno,02nf6,ACTIVE
2022-23,1,rt1ug69sl97ijzno,04qsm,ACTIVE
2022-23,1,rt1ug69sl97ijzno,04qrl,ACTIVE
2022-23,1,rt1ug69sl97ijzno,02ym0,ACTIVE
2022-23,1,rt1ug69sl97ijzno,03nwq,ACTIVE
2022-23,1,rt1ug69sl97ijzno,02nf3,ACTIVE
2022-23,1,rt1ug69sl97ijzno,049kd,ACTIVE
2022-23,1,tnykxdccl93mdr11,04qsi,ACTIVE
2022-23,1,tnykxdccl93mdr11,01enh,ACTIVE
2022-23,1,tnykxdccl93mdr11,05qto,ACTIVE
2022-23,1,tnykxdccl93mdr11,05uj9,ACTIVE
2022-23,1,tnykxdccl93mdr11,04qrw,ACTIVE
2022-23,1,tnykxdccl93mdr11,04qrj,ACTIVE
2022-23,1,tnykxdccl93mdr11,03el5,ACTIVE
2022-23,1,tnykxdccl93mdr11,05qtq,ACTIVE
2022-23,1,tnykxdccl93mdr11,0621l,ACTIVE
2022-23,1,tnykxdccl93mdr11,05uie,ACTIVE
2022-23,1,tnykxdccl93mdr11,027p9,ACTIVE
2022-23,1,tnykxdccl93mdr11,05uic,ACTIVE
2022-23,1,tnykxdccl93mdr11,04ex6,ACTIVE
2022-23,1,tnykxdccl93mdr11,06216,ACTIVE
2022-23,1,tnykxdccl93mdr11,04ewf,ACTIVE
2022-23,1,tnykxdccl93mdr11,04qrr,ACTIVE
2022-23,1,tnykxdccl93mdr11,0527l,ACTIVE
2022-23,1,tnykxdccl93mdr11,06213,ACTIVE
2022-23,1,tnykxdccl93mdr11,03al1,ACTIVE
2022-23,1,tnykxdccl93mdr11,051or,ACTIVE
2022-23,1,xa5w57ngl93mbh2g,01enw,ACTIVE
2022-23,1,xa5w57ngl93mbh2g,051p9,ACTIVE
2022-23,1,xa5w57ngl93mbh2g,049kf,ACTIVE
2022-23,1,xa5w57ngl93mbh2g,049ka,ACTIVE
2022-23,1,xa5w57ngl93mbh2g,042nm,ACTIVE
2022-23,1,xa5w57ngl93mbh2g,031lv,ACTIVE
2022-23,1,xa5w57ngl93mbh2g,05uj0,ACTIVE
2022-23,1,xa5w57ngl93mbh2g,049s6,ACTIVE
2022-23,1,xa5w57ngl93mbh2g,03e6n,ACTIVE
2022-23,1,xa5w57ngl93mbh2g,042nt,ACTIVE
2022-23,1,xa5w57ngl93mbh2g,051os,ACTIVE
2022-23,1,xa5w57ngl93mbh2g,05qu5,ACTIVE
2022-23,1,xa5w57ngl93mbh2g,049kb,ACTIVE
2022-23,1,xa5w57ngl93mbh2g,04exe,ACTIVE
2022-23,1,xa5w57ngl93mbh2g,06212,ACTIVE
2022-23,1,xa5w57ngl93mbh2g,04kj6,ACTIVE
2022-23,1,xa5w57ngl93mbh2g,051p1,ACTIVE
2022-23,1,xa5w57ngl93mbh2g,01eo9,ACTIVE
2022-23,1,xa5w57ngl93mbh2g,005kd,ACTIVE
2022-23,1,xa5w57ngl93mbh2g,01uyj,ACTIVE
2022-23,1,gl61mmryl93md0at,000zv,ACTIVE
2022-23,1,gl61mmryl93md0at,04ewe,ACTIVE
2022-23,1,gl61mmryl93md0at,0011e,ACTIVE
2022-23,1,gl61mmryl93md0at,02ng3,ACTIVE
2022-23,1,gl61mmryl93md0at,03byg,ACTIVE
2022-23,1,gl61mmryl93md0at,031m9,ACTIVE
2022-23,1,gl61mmryl93md0at,03nwl,ACTIVE
2022-23,1,gl61mmryl93md0at,051pi,ACTIVE
2022-23,1,gl61mmryl93md0at,005lm,ACTIVE
2022-23,1,gl61mmryl93md0at,03byk,ACTIVE
2022-23,1,gl61mmryl93md0at,027ou,ACTIVE
2022-23,1,gl61mmryl93md0at,049ki,ACTIVE
2022-23,1,gl61mmryl93md0at,05qtl,ACTIVE
2022-23,1,gl61mmryl93md0at,043ib,ACTIVE
2022-23,1,gl61mmryl93md0at,04ewk,ACTIVE
2022-23,1,gl61mmryl93md0at,04qrk,ACTIVE
2022-23,1,gl61mmryl93md0at,031lz,ACTIVE
2022-23,1,gl61mmryl93md0at,02xg9,ACTIVE
2022-23,1,gl61mmryl93md0at,05uiw,ACTIVE
2022-23,1,gl61mmryl93md0at,051ot,ACTIVE
2022-23,1,lax5yix5l97irroa,027oj,ACTIVE
2022-23,1,lax5yix5l97irroa,02nf7,ACTIVE
2022-23,1,lax5yix5l97irroa,005kc,ACTIVE
2022-23,1,lax5yix5l97irroa,05qu0,ACTIVE
2022-23,1,lax5yix5l97irroa,05qub,ACTIVE
2022-23,1,lax5yix5l97irroa,03ajv,ACTIVE
2022-23,1,lax5yix5l97irroa,05qtr,ACTIVE
2022-23,1,lax5yix5l97irroa,0621c,ACTIVE
2022-23,1,lax5yix5l97irroa,05qu9,ACTIVE
2022-23,1,lax5yix5l97irroa,027pe,ACTIVE
2022-23,1,lax5yix5l97irroa,03nwn,ACTIVE
2022-23,1,lax5yix5l97irroa,03e6u,ACTIVE
2022-23,1,lax5yix5l97irroa,05qt0,ACTIVE
2022-23,1,lax5yix5l97irroa,04fj8,ACTIVE
2022-23,1,lax5yix5l97irroa,05qtv,ACTIVE
2022-23,1,lax5yix5l97irroa,04ewm,ACTIVE
2022-23,1,lax5yix5l97irroa,05uj6,ACTIVE
2022-23,1,lax5yix5l97irroa,04ex8,ACTIVE
2022-23,1,lax5yix5l97irroa,03ad3,ACTIVE
2022-23,1,lax5yix5l97irroa,03lg1,ACTIVE
2022-23,1,nygi7tael97irroa,031lx,ACTIVE
2022-23,1,nygi7tael97irroa,03e6s,ACTIVE
2022-23,1,nygi7tael97irroa,03lls,ACTIVE
2022-23,1,nygi7tael97irroa,0015b,ACTIVE
2022-23,1,nygi7tael97irroa,03al0,ACTIVE
2022-23,1,nygi7tael97irroa,03e74,ACTIVE
2022-23,1,nygi7tael97irroa,051oh,ACTIVE
2022-23,1,nygi7tael97irroa,04qsj,ACTIVE
2022-23,1,nygi7tael97irroa,03al2,ACTIVE
2022-23,1,nygi7tael97irroa,05uib,ACTIVE
2022-23,1,nygi7tael97irroa,05qtm,ACTIVE
2022-23,1,nygi7tael97irroa,04qsd,ACTIVE
2022-23,1,nygi7tael97irroa,05qsl,ACTIVE
2022-23,1,nygi7tael97irroa,04qro,ACTIVE
2022-23,1,nygi7tael97irroa,04xdu,ACTIVE
2022-23,1,nygi7tael97irroa,051oj,ACTIVE
2022-23,1,nygi7tael97irroa,02ng4,ACTIVE
2022-23,1,nygi7tael97irroa,042n4,ACTIVE
2022-23,1,nygi7tael97irroa,05uih,ACTIVE
2022-23,1,nygi7tael97irroa,0621g,ACTIVE
2022-23,1,ibf4yutil93mhju7,03r7z,ACTIVE
2022-23,1,ibf4yutil93mhju7,0015e,ACTIVE
2022-23,1,ibf4yutil93mhju7,03aq2,ACTIVE
2022-23,1,ibf4yutil93mhju7,042n7,ACTIVE
2022-23,1,ibf4yutil93mhju7,0496e,ACTIVE
2022-23,1,ibf4yutil93mhju7,04848,ACTIVE
2022-23,1,ibf4yutil93mhju7,027oo,ACTIVE
2022-23,1,ibf4yutil93mhju7,06218,ACTIVE
2022-23,1,ibf4yutil93mhju7,05uin,ACTIVE
2022-23,1,ibf4yutil93mhju7,03ams,ACTIVE
2022-23,1,ibf4yutil93mhju7,03e75,ACTIVE
2022-23,1,ibf4yutil93mhju7,06215,ACTIVE
2022-23,1,ibf4yutil93mhju7,051p8,ACTIVE
2022-23,1,ibf4yutil93mhju7,05qtt,ACTIVE
2022-23,1,ibf4yutil93mhju7,04qrn,ACTIVE
2022-23,1,ibf4yutil93mhju7,05uif,ACTIVE
2022-23,1,ibf4yutil93mhju7,0017e,ACTIVE
2022-23,1,ibf4yutil93mhju7,04azw,ACTIVE
2022-23,1,ibf4yutil93mhju7,02nf9,ACTIVE
2022-23,1,ibf4yutil93mhju7,038ia,ACTIVE
2022-23,1,jk0ke7gol93k5zd7,04ex5,ACTIVE
2022-23,1,jk0ke7gol93k5zd7,05uii,ACTIVE
2022-23,1,jk0ke7gol93k5zd7,051pb,ACTIVE
2022-23,1,jk0ke7gol93k5zd7,04qrm,ACTIVE
2022-23,1,jk0ke7gol93k5zd7,05uid,ACTIVE
2022-23,1,jk0ke7gol93k5zd7,04qs1,ACTIVE
2022-23,1,jk0ke7gol93k5zd7,042n1,ACTIVE
2022-23,1,jk0ke7gol93k5zd7,02nf1,ACTIVE
2022-23,1,jk0ke7gol93k5zd7,05qsq,ACTIVE
2022-23,1,jk0ke7gol93k5zd7,03r7r,ACTIVE
2022-23,1,jk0ke7gol93k5zd7,005ki,ACTIVE
2022-23,1,jk0ke7gol93k5zd7,05qsx,ACTIVE
2022-23,1,jk0ke7gol93k5zd7,05qve,ACTIVE
2022-23,1,jk0ke7gol93k5zd7,03wr4,ACTIVE
2022-23,1,jk0ke7gol93k5zd7,06214,ACTIVE
2022-23,1,jk0ke7gol93k5zd7,031mb,ACTIVE
2022-23,1,jk0ke7gol93k5zd7,05qug,ACTIVE
2022-23,1,jk0ke7gol93k5zd7,031m2,ACTIVE
2022-23,1,jk0ke7gol93k5zd7,027p4,ACTIVE
2022-23,1,jk0ke7gol93k5zd7,038xi,ACTIVE
2022-23,1,pqp9fc6yl93j5xul,05uij,ACTIVE
2022-23,1,pqp9fc6yl93j5xul,05uiq,ACTIVE
2022-23,1,pqp9fc6yl93j5xul,042ne,ACTIVE
2022-23,1,pqp9fc6yl93j5xul,01eo6,ACTIVE
2022-23,1,pqp9fc6yl93j5xul,027oz,ACTIVE
2022-23,1,pqp9fc6yl93j5xul,01eon,ACTIVE
2022-23,1,pqp9fc6yl93j5xul,04ewu,ACTIVE
2022-23,1,pqp9fc6yl93j5xul,051oi,ACTIVE
2022-23,1,pqp9fc6yl93j5xul,04xgj,ACTIVE
2022-23,1,pqp9fc6yl93j5xul,03ad2,ACTIVE
2022-23,1,pqp9fc6yl93j5xul,042nr,ACTIVE
2022-23,1,pqp9fc6yl93j5xul,04ewr,ACTIVE
2022-23,1,pqp9fc6yl93j5xul,051ok,ACTIVE
2022-23,1,pqp9fc6yl93j5xul,042n6,ACTIVE
2022-23,1,pqp9fc6yl93j5xul,05uj4,ACTIVE
2022-23,1,pqp9fc6yl93j5xul,05qud,ACTIVE
2022-23,1,pqp9fc6yl93j5xul,01uz7,ACTIVE
2022-23,1,pqp9fc6yl93j5xul,04qs4,ACTIVE
2022-23,1,pqp9fc6yl93j5xul,04qsa,ACTIVE
2022-23,1,pqp9fc6yl93j5xul,03nwk,ACTIVE
2022-23,2,6bpping1l96ajun5,051pa,ACTIVE
2022-23,2,6bpping1l96ajun5,05qu1,ACTIVE
2022-23,2,6bpping1l96ajun5,031lp,ACTIVE
2022-23,2,6bpping1l96ajun5,051op,ACTIVE
2022-23,2,6bpping1l96ajun5,05qty,ACTIVE
2022-23,2,6bpping1l96ajun5,05ujc,ACTIVE
2022-23,2,6bpping1l96ajun5,05uig,ACTIVE
2022-23,2,6bpping1l96ajun5,005lx,ACTIVE
2022-23,2,6bpping1l96ajun5,03nwm,ACTIVE
2022-23,2,6bpping1l96ajun5,059ca,ACTIVE
2022-23,2,6bpping1l96ajun5,04qse,ACTIVE
2022-23,2,6bpping1l96ajun5,06210,ACTIVE
2022-23,2,6bpping1l96ajun5,027pg,ACTIVE
2022-23,2,6bpping1l96ajun5,02nfz,ACTIVE
2022-23,2,6bpping1l96ajun5,03xmv,ACTIVE
2022-23,2,6bpping1l96ajun5,051p3,ACTIVE
2022-23,2,6bpping1l96ajun5,03ad0,ACTIVE
2022-23,2,6bpping1l96ajun5,027p0,ACTIVE
2022-23,2,6bpping1l96ajun5,051ol,ACTIVE
2022-23,2,6bpping1l96ajun5,05qt3,ACTIVE
2022-23,2,rt1ug69sl97ijzno,03ad4,ACTIVE
2022-23,2,rt1ug69sl97ijzno,042nq,ACTIVE
2022-23,2,rt1ug69sl97ijzno,01ens,ACTIVE
2022-23,2,rt1ug69sl97ijzno,01sc8,ACTIVE
2022-23,2,rt1ug69sl97ijzno,042nw,ACTIVE
2022-23,2,rt1ug69sl97ijzno,04ewt,ACTIVE
2022-23,2,rt1ug69sl97ijzno,031m0,ACTIVE
2022-23,2,rt1ug69sl97ijzno,051pq,ACTIVE
2022-23,2,rt1ug69sl97ijzno,04ewn,ACTIVE
2022-23,2,rt1ug69sl97ijzno,042n3,ACTIVE
2022-23,2,rt1ug69sl97ijzno,03ad7,ACTIVE
2022-23,2,rt1ug69sl97ijzno,042nf,ACTIVE
2022-23,2,rt1ug69sl97ijzno,001aw,ACTIVE
2022-23,2,rt1ug69sl97ijzno,02nf6,ACTIVE
2022-23,2,rt1ug69sl97ijzno,04qsm,ACTIVE
2022-23,2,rt1ug69sl97ijzno,04qrl,ACTIVE
2022-23,2,rt1ug69sl97ijzno,02ym0,ACTIVE
2022-23,2,rt1ug69sl97ijzno,03nwq,ACTIVE
2022-23,2,rt1ug69sl97ijzno,02nf3,ACTIVE
2022-23,2,rt1ug69sl97ijzno,049kd,ACTIVE
2022-23,2,tnykxdccl93mdr11,04qsi,ACTIVE
2022-23,2,tnykxdccl93mdr11,01enh,ACTIVE
2022-23,2,tnykxdccl93mdr11,05qto,ACTIVE
2022-23,2,tnykxdccl93mdr11,05uj9,ACTIVE
2022-23,2,tnykxdccl93mdr11,04qrw,ACTIVE
2022-23,2,tnykxdccl93mdr11,04qrj,ACTIVE
2022-23,2,tnykxdccl93mdr11,03el5,ACTIVE
2022-23,2,tnykxdccl93mdr11,05qtq,ACTIVE
2022-23,2,tnykxdccl93mdr11,0621l,ACTIVE
2022-23,2,tnykxdccl93mdr11,05uie,ACTIVE
2022-23,2,tnykxdccl93mdr11,027p9,ACTIVE
2022-23,2,tnykxdccl93mdr11,05uic,ACTIVE
2022-23,2,tnykxdccl93mdr11,04ex6,ACTIVE
2022-23,2,tnykxdccl93mdr11,06216,ACTIVE
2022-23,2,tnykxdccl93mdr11,04ewf,ACTIVE
2022-23,2,tnykxdccl93mdr11,04qrr,ACTIVE
2022-23,2,tnykxdccl93mdr11,0527l,ACTIVE
2022-23,2,tnykxdccl93mdr11,06213,ACTIVE
2022-23,2,tnykxdccl93mdr11,03al1,ACTIVE
2022-23,2,tnykxdccl93mdr11,051or,ACTIVE
2022-23,2,xa5w57ngl93mbh2g,01enw,ACTIVE
2022-23,2,xa5w57ngl93mbh2g,051p9,ACTIVE
2022-23,2,xa5w57ngl93mbh2g,049kf,ACTIVE
2022-23,2,xa5w57ngl93mbh2g,049ka,ACTIVE
2022-23,2,xa5w57ngl93mbh2g,042nm,ACTIVE
2022-23,2,xa5w57ngl93mbh2g,031lv,ACTIVE
2022-23,2,xa5w57ngl93mbh2g,05uj0,ACTIVE
2022-23,2,xa5w57ngl93mbh2g,049s6,ACTIVE
2022-23,2,xa5w57ngl93mbh2g,03e6n,ACTIVE
2022-23,2,xa5w57ngl93mbh2g,042nt,ACTIVE
2022-23,2,xa5w57ngl93mbh2g,051os,ACTIVE
2022-23,2,xa5w57ngl93mbh2g,05qu5,ACTIVE
2022-23,2,xa5w57ngl93mbh2g,049kb,ACTIVE
2022-23,2,xa5w57ngl93mbh2g,04exe,ACTIVE
2022-23,2,xa5w57ngl93mbh2g,06212,ACTIVE
2022-23,2,xa5w57ngl93mbh2g,04kj6,ACTIVE
2022-23,2,xa5w57ngl93mbh2g,051p1,ACTIVE
2022-23,2,xa5w57ngl93mbh2g,01eo9,ACTIVE
2022-23,2,xa5w57ngl93mbh2g,005kd,ACTIVE
2022-23,2,xa5w57ngl93mbh2g,01uyj,ACTIVE
2022-23,2,gl61mmryl93md0at,000zv,ACTIVE
2022-23,2,gl61mmryl93md0at,04ewe,ACTIVE
2022-23,2,gl61mmryl93md0at,0011e,ACTIVE
2022-23,2,gl61mmryl93md0at,02ng3,ACTIVE
2022-23,2,gl61mmryl93md0at,03byg,ACTIVE
2022-23,2,gl61mmryl93md0at,031m9,ACTIVE
2022-23,2,gl61mmryl93md0at,03nwl,ACTIVE
2022-23,2,gl61mmryl93md0at,051pi,ACTIVE
2022-23,2,gl61mmryl93md0at,005lm,ACTIVE
2022-23,2,gl61mmryl93md0at,03byk,ACTIVE
2022-23,2,gl61mmryl93md0at,027ou,ACTIVE
2022-23,2,gl61mmryl93md0at,049ki,ACTIVE
2022-23,2,gl61mmryl93md0at,05qtl,ACTIVE
2022-23,2,gl61mmryl93md0at,043ib,ACTIVE
2022-23,2,gl61mmryl93md0at,04ewk,ACTIVE
2022-23,2,gl61mmryl93md0at,04qrk,ACTIVE
2022-23,2,gl61mmryl93md0at,031lz,ACTIVE
2022-23,2,gl61mmryl93md0at,02xg9,ACTIVE
2022-23,2,gl61mmryl93md0at,05uiw,ACTIVE
2022-23,2,gl61mmryl93md0at,051ot,ACTIVE
2022-23,2,lax5yix5l97irroa,027oj,ACTIVE
2022-23,2,lax5yix5l97irroa,02nf7,ACTIVE
2022-23,2,lax5yix5l97irroa,005kc,ACTIVE
2022-23,2,lax5yix5l97irroa,05qu0,ACTIVE
2022-23,2,lax5yix5l97irroa,05qub,ACTIVE
2022-23,2,lax5yix5l97irroa,03ajv,ACTIVE
2022-23,2,lax5yix5l97irroa,05qtr,ACTIVE
2022-23,2,lax5yix5l97irroa,0621c,ACTIVE
2022-23,2,lax5yix5l97irroa,05qu9,ACTIVE
2022-23,2,lax5yix5l97irroa,027pe,ACTIVE
2022-23,2,lax5yix5l97irroa,03nwn,ACTIVE
2022-23,2,lax5yix5l97irroa,03e6u,ACTIVE
2022-23,2,lax5yix5l97irroa,05qt0,ACTIVE
2022-23,2,lax5yix5l97irroa,04fj8,ACTIVE
2022-23,2,lax5yix5l97irroa,05qtv,ACTIVE
2022-23,2,lax5yix5l97irroa,04ewm,ACTIVE
2022-23,2,lax5yix5l97irroa,05uj6,ACTIVE
2022-23,2,lax5yix5l97irroa,04ex8,ACTIVE
2022-23,2,lax5yix5l97irroa,03ad3,ACTIVE
2022-23,2,lax5yix5l97irroa,03lg1,ACTIVE
2022-23,2,nygi7tael97irroa,031lx,ACTIVE
2022-23,2,nygi7tael97irroa,03e6s,ACTIVE
2022-23,2,nygi7tael97irroa,03lls,ACTIVE
2022-23,2,nygi7tael97irroa,0015b,ACTIVE
2022-23,2,nygi7tael97irroa,03al0,ACTIVE
2022-23,2,nygi7tael97irroa,03e74,ACTIVE
2022-23,2,nygi7tael97irroa,051oh,ACTIVE
2022-23,2,nygi7tael97irroa,04qsj,ACTIVE
2022-23,2,nygi7tael97irroa,03al2,ACTIVE
2022-23,2,nygi7tael97irroa,05uib,ACTIVE
2022-23,2,nygi7tael97irroa,05qtm,ACTIVE
2022-23,2,nygi7tael97irroa,04qsd,ACTIVE
2022-23,2,nygi7tael97irroa,05qsl,ACTIVE
2022-23,2,nygi7tael97irroa,04qro,ACTIVE
2022-23,2,nygi7tael97irroa,04xdu,ACTIVE
2022-23,2,nygi7tael97irroa,051oj,ACTIVE
2022-23,2,nygi7tael97irroa,02ng4,ACTIVE
2022-23,2,nygi7tael97irroa,042n4,ACTIVE
2022-23,2,nygi7tael97irroa,05uih,ACTIVE
2022-23,2,nygi7tael97irroa,0621g,ACTIVE
2022-23,2,ibf4yutil93mhju7,03r7z,ACTIVE
2022-23,2,ibf4yutil93mhju7,0015e,ACTIVE
2022-23,2,ibf4yutil93mhju7,03aq2,ACTIVE
2022-23,2,ibf4yutil93mhju7,042n7,ACTIVE
2022-23,2,ibf4yutil93mhju7,0496e,ACTIVE
2022-23,2,ibf4yutil93mhju7,04848,ACTIVE
2022-23,2,ibf4yutil93mhju7,027oo,ACTIVE
2022-23,2,ibf4yutil93mhju7,06218,ACTIVE
2022-23,2,ibf4yutil93mhju7,05uin,ACTIVE
2022-23,2,ibf4yutil93mhju7,03ams,ACTIVE
2022-23,2,ibf4yutil93mhju7,03e75,ACTIVE
2022-23,2,ibf4yutil93mhju7,06215,ACTIVE
2022-23,2,ibf4yutil93mhju7,051p8,ACTIVE
2022-23,2,ibf4yutil93mhju7,05qtt,ACTIVE
2022-23,2,ibf4yutil93mhju7,04qrn,ACTIVE
2022-23,2,ibf4yutil93mhju7,05uif,ACTIVE
2022-23,2,ibf4yutil93mhju7,0017e,ACTIVE
2022-23,2,ibf4yutil93mhju7,04azw,ACTIVE
2022-23,2,ibf4yutil93mhju7,02nf9,ACTIVE
2022-23,2,ibf4yutil93mhju7,038ia,ACTIVE
2022-23,2,jk0ke7gol93k5zd7,04ex5,ACTIVE
2022-23,2,jk0ke7gol93k5zd7,05uii,ACTIVE
2022-23,2,jk0ke7gol93k5zd7,051pb,ACTIVE
2022-23,2,jk0ke7gol93k5zd7,04qrm,ACTIVE
2022-23,2,jk0ke7gol93k5zd7,05uid,ACTIVE
2022-23,2,jk0ke7gol93k5zd7,04qs1,ACTIVE
2022-23,2,jk0ke7gol93k5zd7,042n1,ACTIVE
2022-23,2,jk0ke7gol93k5zd7,02nf1,ACTIVE
2022-23,2,jk0ke7gol93k5zd7,05qsq,ACTIVE
2022-23,2,jk0ke7gol93k5zd7,03r7r,ACTIVE
2022-23,2,jk0ke7gol93k5zd7,005ki,ACTIVE
2022-23,2,jk0ke7gol93k5zd7,05qsx,ACTIVE
2022-23,2,jk0ke7gol93k5zd7,05qve,ACTIVE
2022-23,2,jk0ke7gol93k5zd7,03wr4,ACTIVE
2022-23,2,jk0ke7gol93k5zd7,06214,ACTIVE
2022-23,2,jk0ke7gol93k5zd7,031mb,ACTIVE
2022-23,2,jk0ke7gol93k5zd7,05qug,ACTIVE
2022-23,2,jk0ke7gol93k5zd7,031m2,ACTIVE
2022-23,2,jk0ke7gol93k5zd7,027p4,ACTIVE
2022-23,2,jk0ke7gol93k5zd7,038xi,ACTIVE
2022-23,2,pqp9fc6yl93j5xul,05uij,ACTIVE
2022-23,2,pqp9fc6yl93j5xul,05uiq,ACTIVE
2022-23,2,pqp9fc6yl93j5xul,042ne,ACTIVE
2022-23,2,pqp9fc6yl93j5xul,01eo6,ACTIVE
2022-23,2,pqp9fc6yl93j5xul,027oz,ACTIVE
2022-23,2,pqp9fc6yl93j5xul,01eon,ACTIVE
2022-23,2,pqp9fc6yl93j5xul,04ewu,ACTIVE
2022-23,2,pqp9fc6yl93j5xul,051oi,ACTIVE
2022-23,2,pqp9fc6yl93j5xul,04xgj,ACTIVE
2022-23,2,pqp9fc6yl93j5xul,03ad2,ACTIVE
2022-23,2,pqp9fc6yl93j5xul,042nr,ACTIVE
2022-23,2,pqp9fc6yl93j5xul,04ewr,ACTIVE
2022-23,2,pqp9fc6yl93j5xul,051ok,ACTIVE
2022-23,2,pqp9fc6yl93j5xul,042n6,ACTIVE
2022-23,2,pqp9fc6yl93j5xul,05uj4,ACTIVE
2022-23,2,pqp9fc6yl93j5xul,05qud,ACTIVE
2022-23,2,pqp9fc6yl93j5xul,01uz7,ACTIVE
2022-23,2,pqp9fc6yl93j5xul,04qs4,ACTIVE
2022-23,2,pqp9fc6yl93j5xul,04qsa,ACTIVE
2022-23,2,pqp9fc6yl93j5xul,03nwk,ACTIVE
2022-23,3,6bpping1l96ajun5,051pa,ACTIVE
2022-23,3,6bpping1l96ajun5,05qu1,ACTIVE
2022-23,3,6bpping1l96ajun5,031lp,ACTIVE
2022-23,3,6bpping1l96ajun5,051op,ACTIVE
2022-23,3,6bpping1l96ajun5,05qty,ACTIVE
2022-23,3,6bpping1l96ajun5,05ujc,ACTIVE
2022-23,3,6bpping1l96ajun5,05uig,ACTIVE
2022-23,3,6bpping1l96ajun5,005lx,ACTIVE
2022-23,3,6bpping1l96ajun5,03nwm,ACTIVE
2022-23,3,6bpping1l96ajun5,059ca,ACTIVE
2022-23,3,6bpping1l96ajun5,04qse,ACTIVE
2022-23,3,6bpping1l96ajun5,06210,ACTIVE
2022-23,3,6bpping1l96ajun5,027pg,ACTIVE
2022-23,3,6bpping1l96ajun5,02nfz,ACTIVE
2022-23,3,6bpping1l96ajun5,03xmv,ACTIVE
2022-23,3,6bpping1l96ajun5,051p3,ACTIVE
2022-23,3,6bpping1l96ajun5,03ad0,ACTIVE
2022-23,3,6bpping1l96ajun5,027p0,ACTIVE
2022-23,3,6bpping1l96ajun5,051ol,ACTIVE
2022-23,3,6bpping1l96ajun5,05qt3,ACTIVE
2022-23,3,rt1ug69sl97ijzno,03ad4,ACTIVE
2022-23,3,rt1ug69sl97ijzno,042nq,ACTIVE
2022-23,3,rt1ug69sl97ijzno,01ens,ACTIVE
2022-23,3,rt1ug69sl97ijzno,01sc8,ACTIVE
2022-23,3,rt1ug69sl97ijzno,042nw,ACTIVE
2022-23,3,rt1ug69sl97ijzno,04ewt,ACTIVE
2022-23,3,rt1ug69sl97ijzno,031m0,ACTIVE
2022-23,3,rt1ug69sl97ijzno,051pq,ACTIVE
2022-23,3,rt1ug69sl97ijzno,04ewn,ACTIVE
2022-23,3,rt1ug69sl97ijzno,042n3,ACTIVE
2022-23,3,rt1ug69sl97ijzno,03ad7,ACTIVE
2022-23,3,rt1ug69sl97ijzno,042nf,ACTIVE
2022-23,3,rt1ug69sl97ijzno,001aw,ACTIVE
2022-23,3,rt1ug69sl97ijzno,02nf6,ACTIVE
2022-23,3,rt1ug69sl97ijzno,04qsm,ACTIVE
2022-23,3,rt1ug69sl97ijzno,04qrl,ACTIVE
2022-23,3,rt1ug69sl97ijzno,02ym0,ACTIVE
2022-23,3,rt1ug69sl97ijzno,03nwq,ACTIVE
2022-23,3,rt1ug69sl97ijzno,02nf3,ACTIVE
2022-23,3,rt1ug69sl97ijzno,049kd,ACTIVE
2022-23,3,tnykxdccl93mdr11,04qsi,ACTIVE
2022-23,3,tnykxdccl93mdr11,01enh,ACTIVE
2022-23,3,tnykxdccl93mdr11,05qto,ACTIVE
2022-23,3,tnykxdccl93mdr11,05uj9,ACTIVE
2022-23,3,tnykxdccl93mdr11,04qrw,ACTIVE
2022-23,3,tnykxdccl93mdr11,04qrj,ACTIVE
2022-23,3,tnykxdccl93mdr11,03el5,ACTIVE
2022-23,3,tnykxdccl93mdr11,05qtq,ACTIVE
2022-23,3,tnykxdccl93mdr11,0621l,ACTIVE
2022-23,3,tnykxdccl93mdr11,05uie,ACTIVE
2022-23,3,tnykxdccl93mdr11,027p9,ACTIVE
2022-23,3,tnykxdccl93mdr11,05uic,ACTIVE
2022-23,3,tnykxdccl93mdr11,04ex6,ACTIVE
2022-23,3,tnykxdccl93mdr11,06216,ACTIVE
2022-23,3,tnykxdccl93mdr11,04ewf,ACTIVE
2022-23,3,tnykxdccl93mdr11,04qrr,ACTIVE
2022-23,3,tnykxdccl93mdr11,0527l,ACTIVE
2022-23,3,tnykxdccl93mdr11,06213,ACTIVE
2022-23,3,tnykxdccl93mdr11,03al1,ACTIVE
2022-23,3,tnykxdccl93mdr11,051or,ACTIVE
2022-23,3,xa5w57ngl93mbh2g,01enw,ACTIVE
2022-23,3,xa5w57ngl93mbh2g,051p9,ACTIVE
2022-23,3,xa5w57ngl93mbh2g,049kf,ACTIVE
2022-23,3,xa5w57ngl93mbh2g,049ka,ACTIVE
2022-23,3,xa5w57ngl93mbh2g,042nm,ACTIVE
2022-23,3,xa5w57ngl93mbh2g,031lv,ACTIVE
2022-23,3,xa5w57ngl93mbh2g,05uj0,ACTIVE
2022-23,3,xa5w57ngl93mbh2g,049s6,ACTIVE
2022-23,3,xa5w57ngl93mbh2g,03e6n,ACTIVE
2022-23,3,xa5w57ngl93mbh2g,042nt,ACTIVE
2022-23,3,xa5w57ngl93mbh2g,051os,ACTIVE
2022-23,3,xa5w57ngl93mbh2g,05qu5,ACTIVE
2022-23,3,xa5w57ngl93mbh2g,049kb,ACTIVE
2022-23,3,xa5w57ngl93mbh2g,04exe,ACTIVE
2022-23,3,xa5w57ngl93mbh2g,06212,ACTIVE
2022-23,3,xa5w57ngl93mbh2g,04kj6,ACTIVE
2022-23,3,xa5w57ngl93mbh2g,051p1,ACTIVE
2022-23,3,xa5w57ngl93mbh2g,01eo9,ACTIVE
2022-23,3,xa5w57ngl93mbh2g,005kd,ACTIVE
2022-23,3,xa5w57ngl93mbh2g,01uyj,ACTIVE
2022-23,3,gl61mmryl93md0at,000zv,ACTIVE
2022-23,3,gl61mmryl93md0at,04ewe,ACTIVE
2022-23,3,gl61mmryl93md0at,0011e,ACTIVE
2022-23,3,gl61mmryl93md0at,02ng3,ACTIVE
2022-23,3,gl61mmryl93md0at,03byg,ACTIVE
2022-23,3,gl61mmryl93md0at,031m9,ACTIVE
2022-23,3,gl61mmryl93md0at,03nwl,ACTIVE
2022-23,3,gl61mmryl93md0at,051pi,ACTIVE
2022-23,3,gl61mmryl93md0at,005lm,ACTIVE
2022-23,3,gl61mmryl93md0at,03byk,ACTIVE
2022-23,3,gl61mmryl93md0at,027ou,ACTIVE
2022-23,3,gl61mmryl93md0at,049ki,ACTIVE
2022-23,3,gl61mmryl93md0at,05qtl,ACTIVE
2022-23,3,gl61mmryl93md0at,043ib,ACTIVE
2022-23,3,gl61mmryl93md0at,04ewk,ACTIVE
2022-23,3,gl61mmryl93md0at,04qrk,ACTIVE
2022-23,3,gl61mmryl93md0at,031lz,ACTIVE
2022-23,3,gl61mmryl93md0at,02xg9,ACTIVE
2022-23,3,gl61mmryl93md0at,05uiw,ACTIVE
2022-23,3,gl61mmryl93md0at,051ot,ACTIVE
2022-23,3,lax5yix5l97irroa,027oj,ACTIVE
2022-23,3,lax5yix5l97irroa,02nf7,ACTIVE
2022-23,3,lax5yix5l97irroa,005kc,ACTIVE
2022-23,3,lax5yix5l97irroa,05qu0,ACTIVE
2022-23,3,lax5yix5l97irroa,05qub,ACTIVE
2022-23,3,lax5yix5l97irroa,03ajv,ACTIVE
2022-23,3,lax5yix5l97irroa,05qtr,ACTIVE
2022-23,3,lax5yix5l97irroa,0621c,ACTIVE
2022-23,3,lax5yix5l97irroa,05qu9,ACTIVE
2022-23,3,lax5yix5l97irroa,027pe,ACTIVE
2022-23,3,lax5yix5l97irroa,03nwn,ACTIVE
2022-23,3,lax5yix5l97irroa,03e6u,ACTIVE
2022-23,3,lax5yix5l97irroa,05qt0,ACTIVE
2022-23,3,lax5yix5l97irroa,04fj8,ACTIVE
2022-23,3,lax5yix5l97irroa,05qtv,ACTIVE
2022-23,3,lax5yix5l97irroa,04ewm,ACTIVE
2022-23,3,lax5yix5l97irroa,05uj6,ACTIVE
2022-23,3,lax5yix5l97irroa,04ex8,ACTIVE
2022-23,3,lax5yix5l97irroa,03ad3,ACTIVE
2022-23,3,lax5yix5l97irroa,03lg1,ACTIVE
2022-23,3,nygi7tael97irroa,031lx,ACTIVE
2022-23,3,nygi7tael97irroa,03e6s,ACTIVE
2022-23,3,nygi7tael97irroa,03lls,ACTIVE
2022-23,3,nygi7tael97irroa,0015b,ACTIVE
2022-23,3,nygi7tael97irroa,03al0,ACTIVE
2022-23,3,nygi7tael97irroa,03e74,ACTIVE
2022-23,3,nygi7tael97irroa,051oh,ACTIVE
2022-23,3,nygi7tael97irroa,04qsj,ACTIVE
2022-23,3,nygi7tael97irroa,03al2,ACTIVE
2022-23,3,nygi7tael97irroa,05uib,ACTIVE
2022-23,3,nygi7tael97irroa,05qtm,ACTIVE
2022-23,3,nygi7tael97irroa,04qsd,ACTIVE
2022-23,3,nygi7tael97irroa,05qsl,ACTIVE
2022-23,3,nygi7tael97irroa,04qro,ACTIVE
2022-23,3,nygi7tael97irroa,04xdu,ACTIVE
2022-23,3,nygi7tael97irroa,051oj,ACTIVE
2022-23,3,nygi7tael97irroa,02ng4,ACTIVE
2022-23,3,nygi7tael97irroa,042n4,ACTIVE
2022-23,3,nygi7tael97irroa,05uih,ACTIVE
2022-23,3,nygi7tael97irroa,0621g,ACTIVE
2022-23,3,ibf4yutil93mhju7,03r7z,ACTIVE
2022-23,3,ibf4yutil93mhju7,0015e,ACTIVE
2022-23,3,ibf4yutil93mhju7,03aq2,ACTIVE
2022-23,3,ibf4yutil93mhju7,042n7,ACTIVE
2022-23,3,ibf4yutil93mhju7,0496e,ACTIVE
2022-23,3,ibf4yutil93mhju7,04848,ACTIVE
2022-23,3,ibf4yutil93mhju7,027oo,ACTIVE
2022-23,3,ibf4yutil93mhju7,06218,ACTIVE
2022-23,3,ibf4yutil93mhju7,05uin,ACTIVE
2022-23,3,ibf4yutil93mhju7,03ams,ACTIVE
2022-23,3,ibf4yutil93mhju7,03e75,ACTIVE
2022-23,3,ibf4yutil93mhju7,06215,ACTIVE
2022-23,3,ibf4yutil93mhju7,051p8,ACTIVE
2022-23,3,ibf4yutil93mhju7,05qtt,ACTIVE
2022-23,3,ibf4yutil93mhju7,04qrn,ACTIVE
2022-23,3,ibf4yutil93mhju7,05uif,ACTIVE
2022-23,3,ibf4yutil93mhju7,0017e,ACTIVE
2022-23,3,ibf4yutil93mhju7,04azw,ACTIVE
2022-23,3,ibf4yutil93mhju7,02nf9,ACTIVE
2022-23,3,ibf4yutil93mhju7,038ia,ACTIVE
2022-23,3,jk0ke7gol93k5zd7,04ex5,ACTIVE
2022-23,3,jk0ke7gol93k5zd7,05uii,ACTIVE
2022-23,3,jk0ke7gol93k5zd7,051pb,ACTIVE
2022-23,3,jk0ke7gol93k5zd7,04qrm,ACTIVE
2022-23,3,jk0ke7gol93k5zd7,05uid,ACTIVE
2022-23,3,jk0ke7gol93k5zd7,04qs1,ACTIVE
2022-23,3,jk0ke7gol93k5zd7,042n1,ACTIVE
2022-23,3,jk0ke7gol93k5zd7,02nf1,ACTIVE
2022-23,3,jk0ke7gol93k5zd7,05qsq,ACTIVE
2022-23,3,jk0ke7gol93k5zd7,03r7r,ACTIVE
2022-23,3,jk0ke7gol93k5zd7,005ki,ACTIVE
2022-23,3,jk0ke7gol93k5zd7,05qsx,ACTIVE
2022-23,3,jk0ke7gol93k5zd7,05qve,ACTIVE
2022-23,3,jk0ke7gol93k5zd7,03wr4,ACTIVE
2022-23,3,jk0ke7gol93k5zd7,06214,ACTIVE
2022-23,3,jk0ke7gol93k5zd7,031mb,ACTIVE
2022-23,3,jk0ke7gol93k5zd7,05qug,ACTIVE
2022-23,3,jk0ke7gol93k5zd7,031m2,ACTIVE
2022-23,3,jk0ke7gol93k5zd7,027p4,ACTIVE
2022-23,3,jk0ke7gol93k5zd7,038xi,ACTIVE
2022-23,3,pqp9fc6yl93j5xul,05uij,ACTIVE
2022-23,3,pqp9fc6yl93j5xul,05uiq,ACTIVE
2022-23,3,pqp9fc6yl93j5xul,042ne,ACTIVE
2022-23,3,pqp9fc6yl93j5xul,01eo6,ACTIVE
2022-23,3,pqp9fc6yl93j5xul,027oz,ACTIVE
2022-23,3,pqp9fc6yl93j5xul,01eon,ACTIVE
2022-23,3,pqp9fc6yl93j5xul,04ewu,ACTIVE
2022-23,3,pqp9fc6yl93j5xul,051oi,ACTIVE
2022-23,3,pqp9fc6yl93j5xul,04xgj,ACTIVE
2022-23,3,pqp9fc6yl93j5xul,03ad2,ACTIVE
2022-23,3,pqp9fc6yl93j5xul,042nr,ACTIVE
2022-23,3,pqp9fc6yl93j5xul,04ewr,ACTIVE
2022-23,3,pqp9fc6yl93j5xul,051ok,ACTIVE
2022-23,3,pqp9fc6yl93j5xul,042n6,ACTIVE
2022-23,3,pqp9fc6yl93j5xul,05uj4,ACTIVE
2022-23,3,pqp9fc6yl93j5xul,05qud,ACTIVE
2022-23,3,pqp9fc6yl93j5xul,01uz7,ACTIVE
2022-23,3,pqp9fc6yl93j5xul,04qs4,ACTIVE
2022-23,3,pqp9fc6yl93j5xul,04qsa,ACTIVE
2022-23,3,pqp9fc6yl93j5xul,03nwk,ACTIVE
2022-23,4,6bpping1l96ajun5,051pa,ACTIVE
2022-23,4,6bpping1l96ajun5,05qu1,ACTIVE
2022-23,4,6bpping1l96ajun5,031lp,ACTIVE
2022-23,4,6bpping1l96ajun5,051op,ACTIVE
2022-23,4,6bpping1l96ajun5,05qty,ACTIVE
2022-23,4,6bpping1l96ajun5,05ujc,ACTIVE
2022-23,4,6bpping1l96ajun5,05uig,ACTIVE
2022-23,4,6bpping1l96ajun5,005lx,ACTIVE
2022-23,4,6bpping1l96ajun5,03nwm,ACTIVE
2022-23,4,6bpping1l96ajun5,059ca,ACTIVE
2022-23,4,6bpping1l96ajun5,04qse,ACTIVE
2022-23,4,6bpping1l96ajun5,06210,ACTIVE
2022-23,4,6bpping1l96ajun5,027pg,ACTIVE
2022-23,4,6bpping1l96ajun5,02nfz,ACTIVE
2022-23,4,6bpping1l96ajun5,03xmv,ACTIVE
2022-23,4,6bpping1l96ajun5,051p3,ACTIVE
2022-23,4,6bpping1l96ajun5,03ad0,ACTIVE
2022-23,4,6bpping1l96ajun5,027p0,ACTIVE
2022-23,4,6bpping1l96ajun5,051ol,ACTIVE
2022-23,4,6bpping1l96ajun5,05qt3,ACTIVE
2022-23,4,rt1ug69sl97ijzno,03ad4,ACTIVE
2022-23,4,rt1ug69sl97ijzno,042nq,ACTIVE
2022-23,4,rt1ug69sl97ijzno,01ens,ACTIVE
2022-23,4,rt1ug69sl97ijzno,01sc8,ACTIVE
2022-23,4,rt1ug69sl97ijzno,042nw,ACTIVE
2022-23,4,rt1ug69sl97ijzno,04ewt,ACTIVE
2022-23,4,rt1ug69sl97ijzno,031m0,ACTIVE
2022-23,4,rt1ug69sl97ijzno,051pq,ACTIVE
2022-23,4,rt1ug69sl97ijzno,04ewn,ACTIVE
2022-23,4,rt1ug69sl97ijzno,042n3,ACTIVE
2022-23,4,rt1ug69sl97ijzno,03ad7,ACTIVE
2022-23,4,rt1ug69sl97ijzno,042nf,ACTIVE
2022-23,4,rt1ug69sl97ijzno,001aw,ACTIVE
2022-23,4,rt1ug69sl97ijzno,02nf6,ACTIVE
2022-23,4,rt1ug69sl97ijzno,04qsm,ACTIVE
2022-23,4,rt1ug69sl97ijzno,04qrl,ACTIVE
2022-23,4,rt1ug69sl97ijzno,02ym0,ACTIVE
2022-23,4,rt1ug69sl97ijzno,03nwq,ACTIVE
2022-23,4,rt1ug69sl97ijzno,02nf3,ACTIVE
2022-23,4,rt1ug69sl97ijzno,049kd,ACTIVE
2022-23,4,tnykxdccl93mdr11,04qsi,ACTIVE
2022-23,4,tnykxdccl93mdr11,01enh,ACTIVE
2022-23,4,tnykxdccl93mdr11,05qto,ACTIVE
2022-23,4,tnykxdccl93mdr11,05uj9,ACTIVE
2022-23,4,tnykxdccl93mdr11,04qrw,ACTIVE
2022-23,4,tnykxdccl93mdr11,04qrj,ACTIVE
2022-23,4,tnykxdccl93mdr11,03el5,ACTIVE
2022-23,4,tnykxdccl93mdr11,05qtq,ACTIVE
2022-23,4,tnykxdccl93mdr11,0621l,ACTIVE
2022-23,4,tnykxdccl93mdr11,05uie,ACTIVE
2022-23,4,tnykxdccl93mdr11,027p9,ACTIVE
2022-23,4,tnykxdccl93mdr11,05uic,ACTIVE
2022-23,4,tnykxdccl93mdr11,04ex6,ACTIVE
2022-23,4,tnykxdccl93mdr11,06216,ACTIVE
2022-23,4,tnykxdccl93mdr11,04ewf,ACTIVE
2022-23,4,tnykxdccl93mdr11,04qrr,ACTIVE
2022-23,4,tnykxdccl93mdr11,0527l,ACTIVE
2022-23,4,tnykxdccl93mdr11,06213,ACTIVE
2022-23,4,tnykxdccl93mdr11,03al1,ACTIVE
2022-23,4,tnykxdccl93mdr11,051or,ACTIVE
2022-23,4,xa5w57ngl93mbh2g,01enw,ACTIVE
2022-23,4,xa5w57ngl93mbh2g,051p9,ACTIVE
2022-23,4,xa5w57ngl93mbh2g,049kf,ACTIVE
2022-23,4,xa5w57ngl93mbh2g,049ka,ACTIVE
2022-23,4,xa5w57ngl93mbh2g,042nm,ACTIVE
2022-23,4,xa5w57ngl93mbh2g,031lv,ACTIVE
2022-23,4,xa5w57ngl93mbh2g,05uj0,ACTIVE
2022-23,4,xa5w57ngl93mbh2g,049s6,ACTIVE
2022-23,4,xa5w57ngl93mbh2g,03e6n,ACTIVE
2022-23,4,xa5w57ngl93mbh2g,042nt,ACTIVE
2022-23,4,xa5w57ngl93mbh2g,051os,ACTIVE
2022-23,4,xa5w57ngl93mbh2g,05qu5,ACTIVE
2022-23,4,xa5w57ngl93mbh2g,049kb,ACTIVE
2022-23,4,xa5w57ngl93mbh2g,04exe,ACTIVE
2022-23,4,xa5w57ngl93mbh2g,06212,ACTIVE
2022-23,4,xa5w57ngl93mbh2g,04kj6,ACTIVE
2022-23,4,xa5w57ngl93mbh2g,051p1,ACTIVE
2022-23,4,xa5w57ngl93mbh2g,01eo9,ACTIVE
2022-23,4,xa5w57ngl93mbh2g,005kd,ACTIVE
2022-23,4,xa5w57ngl93mbh2g,01uyj,ACTIVE
2022-23,4,gl61mmryl93md0at,000zv,ACTIVE
2022-23,4,gl61mmryl93md0at,04ewe,ACTIVE
2022-23,4,gl61mmryl93md0at,0011e,ACTIVE
2022-23,4,gl61mmryl93md0at,02ng3,ACTIVE
2022-23,4,gl61mmryl93md0at,03byg,ACTIVE
2022-23,4,gl61mmryl93md0at,031m9,ACTIVE
2022-23,4,gl61mmryl93md0at,03nwl,ACTIVE
2022-23,4,gl61mmryl93md0at,051pi,ACTIVE
2022-23,4,gl61mmryl93md0at,005lm,ACTIVE
2022-23,4,gl61mmryl93md0at,03byk,ACTIVE
2022-23,4,gl61mmryl93md0at,027ou,ACTIVE
2022-23,4,gl61mmryl93md0at,049ki,ACTIVE
2022-23,4,gl61mmryl93md0at,05qtl,ACTIVE
2022-23,4,gl61mmryl93md0at,043ib,ACTIVE
2022-23,4,gl61mmryl93md0at,04ewk,ACTIVE
2022-23,4,gl61mmryl93md0at,04qrk,ACTIVE
2022-23,4,gl61mmryl93md0at,031lz,ACTIVE
2022-23,4,gl61mmryl93md0at,02xg9,ACTIVE
2022-23,4,gl61mmryl93md0at,05uiw,ACTIVE
2022-23,4,gl61mmryl93md0at,051ot,ACTIVE
2022-23,4,lax5yix5l97irroa,027oj,ACTIVE
2022-23,4,lax5yix5l97irroa,02nf7,ACTIVE
2022-23,4,lax5yix5l97irroa,005kc,ACTIVE
2022-23,4,lax5yix5l97irroa,05qu0,ACTIVE
2022-23,4,lax5yix5l97irroa,05qub,ACTIVE
2022-23,4,lax5yix5l97irroa,03ajv,ACTIVE
2022-23,4,lax5yix5l97irroa,05qtr,ACTIVE
2022-23,4,lax5yix5l97irroa,0621c,ACTIVE
2022-23,4,lax5yix5l97irroa,05qu9,ACTIVE
2022-23,4,lax5yix5l97irroa,027pe,ACTIVE
2022-23,4,lax5yix5l97irroa,03nwn,ACTIVE
2022-23,4,lax5yix5l97irroa,03e6u,ACTIVE
2022-23,4,lax5yix5l97irroa,05qt0,ACTIVE
2022-23,4,lax5yix5l97irroa,04fj8,ACTIVE
2022-23,4,lax5yix5l97irroa,05qtv,ACTIVE
2022-23,4,lax5yix5l97irroa,04ewm,ACTIVE
2022-23,4,lax5yix5l97irroa,05uj6,ACTIVE
2022-23,4,lax5yix5l97irroa,04ex8,ACTIVE
2022-23,4,lax5yix5l97irroa,03ad3,ACTIVE
2022-23,4,lax5yix5l97irroa,03lg1,ACTIVE
2022-23,4,nygi7tael97irroa,031lx,ACTIVE
2022-23,4,nygi7tael97irroa,03e6s,ACTIVE
2022-23,4,nygi7tael97irroa,03lls,ACTIVE
2022-23,4,nygi7tael97irroa,0015b,ACTIVE
2022-23,4,nygi7tael97irroa,03al0,ACTIVE
2022-23,4,nygi7tael97irroa,03e74,ACTIVE
2022-23,4,nygi7tael97irroa,051oh,ACTIVE
2022-23,4,nygi7tael97irroa,04qsj,ACTIVE
2022-23,4,nygi7tael97irroa,03al2,ACTIVE
2022-23,4,nygi7tael97irroa,05uib,ACTIVE
2022-23,4,nygi7tael97irroa,05qtm,ACTIVE
2022-23,4,nygi7tael97irroa,04qsd,ACTIVE
2022-23,4,nygi7tael97irroa,05qsl,ACTIVE
2022-23,4,nygi7tael97irroa,04qro,ACTIVE
2022-23,4,nygi7tael97irroa,04xdu,ACTIVE
2022-23,4,nygi7tael97irroa,051oj,ACTIVE
2022-23,4,nygi7tael97irroa,02ng4,ACTIVE
2022-23,4,nygi7tael97irroa,042n4,ACTIVE
2022-23,4,nygi7tael97irroa,05uih,ACTIVE
2022-23,4,nygi7tael97irroa,0621g,ACTIVE
2022-23,4,ibf4yutil93mhju7,03r7z,ACTIVE
2022-23,4,ibf4yutil93mhju7,0015e,ACTIVE
2022-23,4,ibf4yutil93mhju7,03aq2,ACTIVE
2022-23,4,ibf4yutil93mhju7,042n7,ACTIVE
2022-23,4,ibf4yutil93mhju7,0496e,ACTIVE
2022-23,4,ibf4yutil93mhju7,04848,ACTIVE
2022-23,4,ibf4yutil93mhju7,027oo,ACTIVE
2022-23,4,ibf4yutil93mhju7,06218,ACTIVE
2022-23,4,ibf4yutil93mhju7,05uin,ACTIVE
2022-23,4,ibf4yutil93mhju7,03ams,ACTIVE
2022-23,4,ibf4yutil93mhju7,03e75,ACTIVE
2022-23,4,ibf4yutil93mhju7,06215,ACTIVE
2022-23,4,ibf4yutil93mhju7,051p8,ACTIVE
2022-23,4,ibf4yutil93mhju7,05qtt,ACTIVE
2022-23,4,ibf4yutil93mhju7,04qrn,ACTIVE
2022-23,4,ibf4yutil93mhju7,05uif,ACTIVE
2022-23,4,ibf4yutil93mhju7,0017e,ACTIVE
2022-23,4,ibf4yutil93mhju7,04azw,ACTIVE
2022-23,4,ibf4yutil93mhju7,02nf9,ACTIVE
2022-23,4,ibf4yutil93mhju7,038ia,ACTIVE
2022-23,4,jk0ke7gol93k5zd7,04ex5,ACTIVE
2022-23,4,jk0ke7gol93k5zd7,05uii,ACTIVE
2022-23,4,jk0ke7gol93k5zd7,051pb,ACTIVE
2022-23,4,jk0ke7gol93k5zd7,04qrm,ACTIVE
2022-23,4,jk0ke7gol93k5zd7,05uid,ACTIVE
2022-23,4,jk0ke7gol93k5zd7,04qs1,ACTIVE
2022-23,4,jk0ke7gol93k5zd7,042n1,ACTIVE
2022-23,4,jk0ke7gol93k5zd7,02nf1,ACTIVE
2022-23,4,jk0ke7gol93k5zd7,05qsq,ACTIVE
2022-23,4,jk0ke7gol93k5zd7,03r7r,ACTIVE
2022-23,4,jk0ke7gol93k5zd7,005ki,ACTIVE
2022-23,4,jk0ke7gol93k5zd7,05qsx,ACTIVE
2022-23,4,jk0ke7gol93k5zd7,05qve,ACTIVE
2022-23,4,jk0ke7gol93k5zd7,03wr4,ACTIVE
2022-23,4,jk0ke7gol93k5zd7,06214,ACTIVE
2022-23,4,jk0ke7gol93k5zd7,031mb,ACTIVE
2022-23,4,jk0ke7gol93k5zd7,05qug,ACTIVE
2022-23,4,jk0ke7gol93k5zd7,031m2,ACTIVE
2022-23,4,jk0ke7gol93k5zd7,027p4,ACTIVE
2022-23,4,jk0ke7gol93k5zd7,038xi,ACTIVE
2022-23,4,pqp9fc6yl93j5xul,05uij,ACTIVE
2022-23,4,pqp9fc6yl93j5xul,05uiq,ACTIVE
2022-23,4,pqp9fc6yl93j5xul,042ne,ACTIVE
2022-23,4,pqp9fc6yl93j5xul,01eo6,ACTIVE
2022-23,4,pqp9fc6yl93j5xul,027oz,ACTIVE
2022-23,4,pqp9fc6yl93j5xul,01eon,ACTIVE
2022-23,4,pqp9fc6yl93j5xul,04ewu,ACTIVE
2022-23,4,pqp9fc6yl93j5xul,051oi,ACTIVE
2022-23,4,pqp9fc6yl93j5xul,04xgj,ACTIVE
2022-23,4,pqp9fc6yl93j5xul,03ad2,ACTIVE
2022-23,4,pqp9fc6yl93j5xul,042nr,ACTIVE
2022-23,4,pqp9fc6yl93j5xul,04ewr,ACTIVE
2022-23,4,pqp9fc6yl93j5xul,051ok,ACTIVE
2022-23,4,pqp9fc6yl93j5xul,042n6,ACTIVE
2022-23,4,pqp9fc6yl93j5xul,05uj4,ACTIVE
2022-23,4,pqp9fc6yl93j5xul,05qud,ACTIVE
2022-23,4,pqp9fc6yl93j5xul,01uz7,ACTIVE
2022-23,4,pqp9fc6yl93j5xul,04qs4,ACTIVE
2022-23,4,pqp9fc6yl93j5xul,04qsa,ACTIVE
2022-23,4,pqp9fc6yl93j5xul,03nwk,ACTIVE
2022-23,5,6bpping1l96ajun5,051pa,ACTIVE
2022-23,5,6bpping1l96ajun5,05qu1,ACTIVE
2022-23,5,6bpping1l96ajun5,031lp,ACTIVE
2022-23,5,6bpping1l96ajun5,051op,ACTIVE
2022-23,5,6bpping1l96ajun5,05qty,ACTIVE
2022-23,5,6bpping1l96ajun5,05ujc,ACTIVE
2022-23,5,6bpping1l96ajun5,05uig,ACTIVE
2022-23,5,6bpping1l96ajun5,005lx,ACTIVE
2022-23,5,6bpping1l96ajun5,03nwm,ACTIVE
2022-23,5,6bpping1l96ajun5,059ca,ACTIVE
2022-23,5,6bpping1l96ajun5,04qse,ACTIVE
2022-23,5,6bpping1l96ajun5,06210,ACTIVE
2022-23,5,6bpping1l96ajun5,027pg,ACTIVE
2022-23,5,6bpping1l96ajun5,02nfz,ACTIVE
2022-23,5,6bpping1l96ajun5,03xmv,ACTIVE
2022-23,5,6bpping1l96ajun5,051p3,ACTIVE
2022-23,5,6bpping1l96ajun5,03ad0,ACTIVE
2022-23,5,6bpping1l96ajun5,027p0,ACTIVE
2022-23,5,6bpping1l96ajun5,051ol,ACTIVE
2022-23,5,6bpping1l96ajun5,05qt3,ACTIVE
2022-23,5,rt1ug69sl97ijzno,03ad4,ACTIVE
2022-23,5,rt1ug69sl97ijzno,042nq,ACTIVE
2022-23,5,rt1ug69sl97ijzno,01ens,ACTIVE
2022-23,5,rt1ug69sl97ijzno,01sc8,ACTIVE
2022-23,5,rt1ug69sl97ijzno,042nw,ACTIVE
2022-23,5,rt1ug69sl97ijzno,04ewt,ACTIVE
2022-23,5,rt1ug69sl97ijzno,031m0,ACTIVE
2022-23,5,rt1ug69sl97ijzno,051pq,ACTIVE
2022-23,5,rt1ug69sl97ijzno,04ewn,ACTIVE
2022-23,5,rt1ug69sl97ijzno,042n3,ACTIVE
2022-23,5,rt1ug69sl97ijzno,03ad7,ACTIVE
2022-23,5,rt1ug69sl97ijzno,042nf,ACTIVE
2022-23,5,rt1ug69sl97ijzno,001aw,ACTIVE
2022-23,5,rt1ug69sl97ijzno,02nf6,ACTIVE
2022-23,5,rt1ug69sl97ijzno,04qsm,ACTIVE
2022-23,5,rt1ug69sl97ijzno,04qrl,ACTIVE
2022-23,5,rt1ug69sl97ijzno,02ym0,ACTIVE
2022-23,5,rt1ug69sl97ijzno,03nwq,ACTIVE
2022-23,5,rt1ug69sl97ijzno,02nf3,ACTIVE
2022-23,5,rt1ug69sl97ijzno,049kd,ACTIVE
2022-23,5,tnykxdccl93mdr11,04qsi,ACTIVE
2022-23,5,tnykxdccl93mdr11,01enh,ACTIVE
2022-23,5,tnykxdccl93mdr11,05qto,ACTIVE
2022-23,5,tnykxdccl93mdr11,05uj9,ACTIVE
2022-23,5,tnykxdccl93mdr11,04qrw,ACTIVE
2022-23,5,tnykxdccl93mdr11,04qrj,ACTIVE
2022-23,5,tnykxdccl93mdr11,03el5,ACTIVE
2022-23,5,tnykxdccl93mdr11,05qtq,ACTIVE
2022-23,5,tnykxdccl93mdr11,0621l,ACTIVE
2022-23,5,tnykxdccl93mdr11,05uie,ACTIVE
2022-23,5,tnykxdccl93mdr11,027p9,ACTIVE
2022-23,5,tnykxdccl93mdr11,05uic,ACTIVE
2022-23,5,tnykxdccl93mdr11,04ex6,ACTIVE
2022-23,5,tnykxdccl93mdr11,06216,ACTIVE
2022-23,5,tnykxdccl93mdr11,04ewf,ACTIVE
2022-23,5,tnykxdccl93mdr11,04qrr,ACTIVE
2022-23,5,tnykxdccl93mdr11,0527l,ACTIVE
2022-23,5,tnykxdccl93mdr11,06213,ACTIVE
2022-23,5,tnykxdccl93mdr11,03al1,ACTIVE
2022-23,5,tnykxdccl93mdr11,051or,ACTIVE
2022-23,5,xa5w57ngl93mbh2g,01enw,ACTIVE
2022-23,5,xa5w57ngl93mbh2g,051p9,ACTIVE
2022-23,5,xa5w57ngl93mbh2g,049kf,ACTIVE
2022-23,5,xa5w57ngl93mbh2g,049ka,ACTIVE
2022-23,5,xa5w57ngl93mbh2g,042nm,ACTIVE
2022-23,5,xa5w57ngl93mbh2g,031lv,ACTIVE
2022-23,5,xa5w57ngl93mbh2g,05uj0,ACTIVE
2022-23,5,xa5w57ngl93mbh2g,049s6,ACTIVE
2022-23,5,xa5w57ngl93mbh2g,03e6n,ACTIVE
2022-23,5,xa5w57ngl93mbh2g,042nt,ACTIVE
2022-23,5,xa5w57ngl93mbh2g,051os,ACTIVE
2022-23,5,xa5w57ngl93mbh2g,05qu5,ACTIVE
2022-23,5,xa5w57ngl93mbh2g,049kb,ACTIVE
2022-23,5,xa5w57ngl93mbh2g,04exe,ACTIVE
2022-23,5,xa5w57ngl93mbh2g,06212,ACTIVE
2022-23,5,xa5w57ngl93mbh2g,04kj6,ACTIVE
2022-23,5,xa5w57ngl93mbh2g,051p1,ACTIVE
2022-23,5,xa5w57ngl93mbh2g,01eo9,ACTIVE
2022-23,5,xa5w57ngl93mbh2g,005kd,ACTIVE
2022-23,5,xa5w57ngl93mbh2g,01uyj,ACTIVE
2022-23,5,gl61mmryl93md0at,000zv,ACTIVE
2022-23,5,gl61mmryl93md0at,04ewe,ACTIVE
2022-23,5,gl61mmryl93md0at,0011e,ACTIVE
2022-23,5,gl61mmryl93md0at,02ng3,ACTIVE
2022-23,5,gl61mmryl93md0at,03byg,ACTIVE
2022-23,5,gl61mmryl93md0at,031m9,ACTIVE
2022-23,5,gl61mmryl93md0at,03nwl,ACTIVE
2022-23,5,gl61mmryl93md0at,051pi,ACTIVE
2022-23,5,gl61mmryl93md0at,005lm,ACTIVE
2022-23,5,gl61mmryl93md0at,03byk,ACTIVE
2022-23,5,gl61mmryl93md0at,027ou,ACTIVE
2022-23,5,gl61mmryl93md0at,049ki,ACTIVE
2022-23,5,gl61mmryl93md0at,05qtl,ACTIVE
2022-23,5,gl61mmryl93md0at,043ib,ACTIVE
2022-23,5,gl61mmryl93md0at,04ewk,ACTIVE
2022-23,5,gl61mmryl93md0at,04qrk,ACTIVE
2022-23,5,gl61mmryl93md0at,031lz,ACTIVE
2022-23,5,gl61mmryl93md0at,02xg9,ACTIVE
2022-23,5,gl61mmryl93md0at,05uiw,ACTIVE
2022-23,5,gl61mmryl93md0at,051ot,ACTIVE
2022-23,5,lax5yix5l97irroa,027oj,ACTIVE
2022-23,5,lax5yix5l97irroa,02nf7,ACTIVE
2022-23,5,lax5yix5l97irroa,005kc,ACTIVE
2022-23,5,lax5yix5l97irroa,05qu0,ACTIVE
2022-23,5,lax5yix5l97irroa,05qub,ACTIVE
2022-23,5,lax5yix5l97irroa,03ajv,ACTIVE
2022-23,5,lax5yix5l97irroa,05qtr,ACTIVE
2022-23,5,lax5yix5l97irroa,0621c,ACTIVE
2022-23,5,lax5yix5l97irroa,05qu9,ACTIVE
2022-23,5,lax5yix5l97irroa,027pe,ACTIVE
2022-23,5,lax5yix5l97irroa,03nwn,ACTIVE
2022-23,5,lax5yix5l97irroa,03e6u,ACTIVE
2022-23,5,lax5yix5l97irroa,05qt0,ACTIVE
2022-23,5,lax5yix5l97irroa,04fj8,ACTIVE
2022-23,5,lax5yix5l97irroa,05qtv,ACTIVE
2022-23,5,lax5yix5l97irroa,04ewm,ACTIVE
2022-23,5,lax5yix5l97irroa,05uj6,ACTIVE
2022-23,5,lax5yix5l97irroa,04ex8,ACTIVE
2022-23,5,lax5yix5l97irroa,03ad3,ACTIVE
2022-23,5,lax5yix5l97irroa,03lg1,ACTIVE
2022-23,5,nygi7tael97irroa,031lx,ACTIVE
2022-23,5,nygi7tael97irroa,03e6s,ACTIVE
2022-23,5,nygi7tael97irroa,03lls,ACTIVE
2022-23,5,nygi7tael97irroa,0015b,ACTIVE
2022-23,5,nygi7tael97irroa,03al0,ACTIVE
2022-23,5,nygi7tael97irroa,03e74,ACTIVE
2022-23,5,nygi7tael97irroa,051oh,ACTIVE
2022-23,5,nygi7tael97irroa,04qsj,ACTIVE
2022-23,5,nygi7tael97irroa,03al2,ACTIVE
2022-23,5,nygi7tael97irroa,05uib,ACTIVE
2022-23,5,nygi7tael97irroa,05qtm,ACTIVE
2022-23,5,nygi7tael97irroa,04qsd,ACTIVE
2022-23,5,nygi7tael97irroa,05qsl,ACTIVE
2022-23,5,nygi7tael97irroa,04qro,ACTIVE
2022-23,5,nygi7tael97irroa,04xdu,ACTIVE
2022-23,5,nygi7tael97irroa,051oj,ACTIVE
2022-23,5,nygi7tael97irroa,02ng4,ACTIVE
2022-23,5,nygi7tael97irroa,042n4,ACTIVE
2022-23,5,nygi7tael97irroa,05uih,ACTIVE
2022-23,5,nygi7tael97irroa,0621g,ACTIVE
2022-23,5,ibf4yutil93mhju7,03r7z,ACTIVE
2022-23,5,ibf4yutil93mhju7,0015e,ACTIVE
2022-23,5,ibf4yutil93mhju7,03aq2,ACTIVE
2022-23,5,ibf4yutil93mhju7,042n7,ACTIVE
2022-23,5,ibf4yutil93mhju7,0496e,ACTIVE
2022-23,5,ibf4yutil93mhju7,04848,ACTIVE
2022-23,5,ibf4yutil93mhju7,027oo,ACTIVE
2022-23,5,ibf4yutil93mhju7,06218,ACTIVE
2022-23,5,ibf4yutil93mhju7,05uin,ACTIVE
2022-23,5,ibf4yutil93mhju7,03ams,ACTIVE
2022-23,5,ibf4yutil93mhju7,03e75,ACTIVE
2022-23,5,ibf4yutil93mhju7,06215,ACTIVE
2022-23,5,ibf4yutil93mhju7,051p8,ACTIVE
2022-23,5,ibf4yutil93mhju7,05qtt,ACTIVE
2022-23,5,ibf4yutil93mhju7,04qrn,ACTIVE
2022-23,5,ibf4yutil93mhju7,05uif,ACTIVE
2022-23,5,ibf4yutil93mhju7,0017e,ACTIVE
2022-23,5,ibf4yutil93mhju7,04azw,ACTIVE
2022-23,5,ibf4yutil93mhju7,02nf9,ACTIVE
2022-23,5,ibf4yutil93mhju7,038ia,ACTIVE
2022-23,5,jk0ke7gol93k5zd7,04ex5,ACTIVE
2022-23,5,jk0ke7gol93k5zd7,05uii,ACTIVE
2022-23,5,jk0ke7gol93k5zd7,051pb,ACTIVE
2022-23,5,jk0ke7gol93k5zd7,04qrm,ACTIVE
2022-23,5,jk0ke7gol93k5zd7,05uid,ACTIVE
2022-23,5,jk0ke7gol93k5zd7,04qs1,ACTIVE
2022-23,5,jk0ke7gol93k5zd7,042n1,ACTIVE
2022-23,5,jk0ke7gol93k5zd7,02nf1,ACTIVE
2022-23,5,jk0ke7gol93k5zd7,05qsq,ACTIVE
2022-23,5,jk0ke7gol93k5zd7,03r7r,ACTIVE
2022-23,5,jk0ke7gol93k5zd7,005ki,ACTIVE
2022-23,5,jk0ke7gol93k5zd7,05qsx,ACTIVE
2022-23,5,jk0ke7gol93k5zd7,05qve,ACTIVE
2022-23,5,jk0ke7gol93k5zd7,03wr4,ACTIVE
2022-23,5,jk0ke7gol93k5zd7,06214,ACTIVE
2022-23,5,jk0ke7gol93k5zd7,031mb,ACTIVE
2022-23,5,jk0ke7gol93k5zd7,05qug,ACTIVE
2022-23,5,jk0ke7gol93k5zd7,031m2,ACTIVE
2022-23,5,jk0ke7gol93k5zd7,027p4,ACTIVE
2022-23,5,jk0ke7gol93k5zd7,038xi,ACTIVE
2022-23,5,pqp9fc6yl93j5xul,05uij,ACTIVE
2022-23,5,pqp9fc6yl93j5xul,05uiq,ACTIVE
2022-23,5,pqp9fc6yl93j5xul,042ne,ACTIVE
2022-23,5,pqp9fc6yl93j5xul,01eo6,ACTIVE
2022-23,5,pqp9fc6yl93j5xul,027oz,ACTIVE
2022-23,5,pqp9fc6yl93j5xul,01eon,ACTIVE
2022-23,5,pqp9fc6yl93j5xul,04ewu,ACTIVE
2022-23,5,pqp9fc6yl93j5xul,051oi,ACTIVE
2022-23,5,pqp9fc6yl93j5xul,04xgj,ACTIVE
2022-23,5,pqp9fc6yl93j5xul,03ad2,ACTIVE
2022-23,5,pqp9fc6yl93j5xul,042nr,ACTIVE
2022-23,5,pqp9fc6yl93j5xul,04ewr,ACTIVE
2022-23,5,pqp9fc6yl93j5xul,051ok,ACTIVE
2022-23,5,pqp9fc6yl93j5xul,042n6,ACTIVE
2022-23,5,pqp9fc6yl93j5xul,05uj4,ACTIVE
2022-23,5,pqp9fc6yl93j5xul,05qud,ACTIVE
2022-23,5,pqp9fc6yl93j5xul,01uz7,ACTIVE
2022-23,5,pqp9fc6yl93j5xul,04qs4,ACTIVE
2022-23,5,pqp9fc6yl93j5xul,04qsa,ACTIVE
2022-23,5,pqp9fc6yl93j5xul,03nwk,ACTIVE
2022-23,6,6bpping1l96ajun5,051pa,ACTIVE
2022-23,6,6bpping1l96ajun5,05qu1,ACTIVE
2022-23,6,6bpping1l96ajun5,031lp,ACTIVE
2022-23,6,6bpping1l96ajun5,051op,ACTIVE
2022-23,6,6bpping1l96ajun5,05qty,ACTIVE
2022-23,6,6bpping1l96ajun5,05ujc,ACTIVE
2022-23,6,6bpping1l96ajun5,05uig,ACTIVE
2022-23,6,6bpping1l96ajun5,005lx,ACTIVE
2022-23,6,6bpping1l96ajun5,03nwm,ACTIVE
2022-23,6,6bpping1l96ajun5,059ca,ACTIVE
2022-23,6,6bpping1l96ajun5,04qse,ACTIVE
2022-23,6,6bpping1l96ajun5,06210,ACTIVE
2022-23,6,6bpping1l96ajun5,027pg,ACTIVE
2022-23,6,6bpping1l96ajun5,02nfz,ACTIVE
2022-23,6,6bpping1l96ajun5,03xmv,ACTIVE
2022-23,6,6bpping1l96ajun5,051p3,ACTIVE
2022-23,6,6bpping1l96ajun5,03ad0,ACTIVE
2022-23,6,6bpping1l96ajun5,027p0,ACTIVE
2022-23,6,6bpping1l96ajun5,051ol,ACTIVE
2022-23,6,6bpping1l96ajun5,05qt3,ACTIVE
2022-23,6,rt1ug69sl97ijzno,03ad4,ACTIVE
2022-23,6,rt1ug69sl97ijzno,042nq,ACTIVE
2022-23,6,rt1ug69sl97ijzno,01ens,ACTIVE
2022-23,6,rt1ug69sl97ijzno,01sc8,ACTIVE
2022-23,6,rt1ug69sl97ijzno,042nw,ACTIVE
2022-23,6,rt1ug69sl97ijzno,04ewt,ACTIVE
2022-23,6,rt1ug69sl97ijzno,031m0,ACTIVE
2022-23,6,rt1ug69sl97ijzno,051pq,ACTIVE
2022-23,6,rt1ug69sl97ijzno,04ewn,ACTIVE
2022-23,6,rt1ug69sl97ijzno,042n3,ACTIVE
2022-23,6,rt1ug69sl97ijzno,03ad7,ACTIVE
2022-23,6,rt1ug69sl97ijzno,042nf,ACTIVE
2022-23,6,rt1ug69sl97ijzno,001aw,ACTIVE
2022-23,6,rt1ug69sl97ijzno,02nf6,ACTIVE
2022-23,6,rt1ug69sl97ijzno,04qsm,ACTIVE
2022-23,6,rt1ug69sl97ijzno,04qrl,ACTIVE
2022-23,6,rt1ug69sl97ijzno,02ym0,ACTIVE
2022-23,6,rt1ug69sl97ijzno,03nwq,ACTIVE
2022-23,6,rt1ug69sl97ijzno,02nf3,ACTIVE
2022-23,6,rt1ug69sl97ijzno,049kd,ACTIVE
2022-23,6,tnykxdccl93mdr11,04qsi,ACTIVE
2022-23,6,tnykxdccl93mdr11,01enh,ACTIVE
2022-23,6,tnykxdccl93mdr11,05qto,ACTIVE
2022-23,6,tnykxdccl93mdr11,05uj9,ACTIVE
2022-23,6,tnykxdccl93mdr11,04qrw,ACTIVE
2022-23,6,tnykxdccl93mdr11,04qrj,ACTIVE
2022-23,6,tnykxdccl93mdr11,03el5,ACTIVE
2022-23,6,tnykxdccl93mdr11,05qtq,ACTIVE
2022-23,6,tnykxdccl93mdr11,0621l,ACTIVE
2022-23,6,tnykxdccl93mdr11,05uie,ACTIVE
2022-23,6,tnykxdccl93mdr11,027p9,ACTIVE
2022-23,6,tnykxdccl93mdr11,05uic,ACTIVE
2022-23,6,tnykxdccl93mdr11,04ex6,ACTIVE
2022-23,6,tnykxdccl93mdr11,06216,ACTIVE
2022-23,6,tnykxdccl93mdr11,04ewf,ACTIVE
2022-23,6,tnykxdccl93mdr11,04qrr,ACTIVE
2022-23,6,tnykxdccl93mdr11,0527l,ACTIVE
2022-23,6,tnykxdccl93mdr11,06213,ACTIVE
2022-23,6,tnykxdccl93mdr11,03al1,ACTIVE
2022-23,6,tnykxdccl93mdr11,051or,ACTIVE
2022-23,6,xa5w57ngl93mbh2g,01enw,ACTIVE
2022-23,6,xa5w57ngl93mbh2g,051p9,ACTIVE
2022-23,6,xa5w57ngl93mbh2g,049kf,ACTIVE
2022-23,6,xa5w57ngl93mbh2g,049ka,ACTIVE
2022-23,6,xa5w57ngl93mbh2g,042nm,ACTIVE
2022-23,6,xa5w57ngl93mbh2g,031lv,ACTIVE
2022-23,6,xa5w57ngl93mbh2g,05uj0,ACTIVE
2022-23,6,xa5w57ngl93mbh2g,049s6,ACTIVE
2022-23,6,xa5w57ngl93mbh2g,03e6n,ACTIVE
2022-23,6,xa5w57ngl93mbh2g,042nt,ACTIVE
2022-23,6,xa5w57ngl93mbh2g,051os,ACTIVE
2022-23,6,xa5w57ngl93mbh2g,05qu5,ACTIVE
2022-23,6,xa5w57ngl93mbh2g,049kb,ACTIVE
2022-23,6,xa5w57ngl93mbh2g,04exe,ACTIVE
2022-23,6,xa5w57ngl93mbh2g,06212,ACTIVE
2022-23,6,xa5w57ngl93mbh2g,04kj6,ACTIVE
2022-23,6,xa5w57ngl93mbh2g,051p1,ACTIVE
2022-23,6,xa5w57ngl93mbh2g,01eo9,ACTIVE
2022-23,6,xa5w57ngl93mbh2g,005kd,ACTIVE
2022-23,6,xa5w57ngl93mbh2g,01uyj,ACTIVE
2022-23,6,gl61mmryl93md0at,000zv,ACTIVE
2022-23,6,gl61mmryl93md0at,04ewe,ACTIVE
2022-23,6,gl61mmryl93md0at,0011e,ACTIVE
2022-23,6,gl61mmryl93md0at,02ng3,ACTIVE
2022-23,6,gl61mmryl93md0at,03byg,ACTIVE
2022-23,6,gl61mmryl93md0at,031m9,ACTIVE
2022-23,6,gl61mmryl93md0at,03nwl,ACTIVE
2022-23,6,gl61mmryl93md0at,051pi,ACTIVE
2022-23,6,gl61mmryl93md0at,005lm,ACTIVE
2022-23,6,gl61mmryl93md0at,03byk,ACTIVE
2022-23,6,gl61mmryl93md0at,027ou,ACTIVE
2022-23,6,gl61mmryl93md0at,049ki,ACTIVE
2022-23,6,gl61mmryl93md0at,05qtl,ACTIVE
2022-23,6,gl61mmryl93md0at,043ib,ACTIVE
2022-23,6,gl61mmryl93md0at,04ewk,ACTIVE
2022-23,6,gl61mmryl93md0at,04qrk,ACTIVE
2022-23,6,gl61mmryl93md0at,031lz,ACTIVE
2022-23,6,gl61mmryl93md0at,02xg9,ACTIVE
2022-23,6,gl61mmryl93md0at,05uiw,ACTIVE
2022-23,6,gl61mmryl93md0at,051ot,ACTIVE
2022-23,6,lax5yix5l97irroa,027oj,ACTIVE
2022-23,6,lax5yix5l97irroa,02nf7,ACTIVE
2022-23,6,lax5yix5l97irroa,005kc,ACTIVE
2022-23,6,lax5yix5l97irroa,05qu0,ACTIVE
2022-23,6,lax5yix5l97irroa,05qub,ACTIVE
2022-23,6,lax5yix5l97irroa,03ajv,ACTIVE
2022-23,6,lax5yix5l97irroa,05qtr,ACTIVE
2022-23,6,lax5yix5l97irroa,0621c,ACTIVE
2022-23,6,lax5yix5l97irroa,05qu9,ACTIVE
2022-23,6,lax5yix5l97irroa,027pe,ACTIVE
2022-23,6,lax5yix5l97irroa,03nwn,ACTIVE
2022-23,6,lax5yix5l97irroa,03e6u,ACTIVE
2022-23,6,lax5yix5l97irroa,05qt0,ACTIVE
2022-23,6,lax5yix5l97irroa,04fj8,ACTIVE
2022-23,6,lax5yix5l97irroa,05qtv,ACTIVE
2022-23,6,lax5yix5l97irroa,04ewm,ACTIVE
2022-23,6,lax5yix5l97irroa,05uj6,ACTIVE
2022-23,6,lax5yix5l97irroa,04ex8,ACTIVE
2022-23,6,lax5yix5l97irroa,03ad3,ACTIVE
2022-23,6,lax5yix5l97irroa,03lg1,ACTIVE
2022-23,6,nygi7tael97irroa,031lx,ACTIVE
2022-23,6,nygi7tael97irroa,03e6s,ACTIVE
2022-23,6,nygi7tael97irroa,03lls,ACTIVE
2022-23,6,nygi7tael97irroa,0015b,ACTIVE
2022-23,6,nygi7tael97irroa,03al0,ACTIVE
2022-23,6,nygi7tael97irroa,03e74,ACTIVE
2022-23,6,nygi7tael97irroa,051oh,ACTIVE
2022-23,6,nygi7tael97irroa,04qsj,ACTIVE
2022-23,6,nygi7tael97irroa,03al2,ACTIVE
2022-23,6,nygi7tael97irroa,05uib,ACTIVE
2022-23,6,nygi7tael97irroa,05qtm,ACTIVE
2022-23,6,nygi7tael97irroa,04qsd,ACTIVE
2022-23,6,nygi7tael97irroa,05qsl,ACTIVE
2022-23,6,nygi7tael97irroa,04qro,ACTIVE
2022-23,6,nygi7tael97irroa,04xdu,ACTIVE
2022-23,6,nygi7tael97irroa,051oj,ACTIVE
2022-23,6,nygi7tael97irroa,02ng4,ACTIVE
2022-23,6,nygi7tael97irroa,042n4,ACTIVE
2022-23,6,nygi7tael97irroa,05uih,ACTIVE
2022-23,6,nygi7tael97irroa,0621g,ACTIVE
2022-23,6,ibf4yutil93mhju7,03r7z,ACTIVE
2022-23,6,ibf4yutil93mhju7,0015e,ACTIVE
2022-23,6,ibf4yutil93mhju7,03aq2,ACTIVE
2022-23,6,ibf4yutil93mhju7,042n7,ACTIVE
2022-23,6,ibf4yutil93mhju7,0496e,ACTIVE
2022-23,6,ibf4yutil93mhju7,04848,ACTIVE
2022-23,6,ibf4yutil93mhju7,027oo,ACTIVE
2022-23,6,ibf4yutil93mhju7,06218,ACTIVE
2022-23,6,ibf4yutil93mhju7,05uin,ACTIVE
2022-23,6,ibf4yutil93mhju7,03ams,ACTIVE
2022-23,6,ibf4yutil93mhju7,03e75,ACTIVE
2022-23,6,ibf4yutil93mhju7,06215,ACTIVE
2022-23,6,ibf4yutil93mhju7,051p8,ACTIVE
2022-23,6,ibf4yutil93mhju7,05qtt,ACTIVE
2022-23,6,ibf4yutil93mhju7,04qrn,ACTIVE
2022-23,6,ibf4yutil93mhju7,05uif,ACTIVE
2022-23,6,ibf4yutil93mhju7,0017e,ACTIVE
2022-23,6,ibf4yutil93mhju7,04azw,ACTIVE
2022-23,6,ibf4yutil93mhju7,02nf9,ACTIVE
2022-23,6,ibf4yutil93mhju7,038ia,ACTIVE
2022-23,6,jk0ke7gol93k5zd7,04ex5,ACTIVE
2022-23,6,jk0ke7gol93k5zd7,05uii,ACTIVE
2022-23,6,jk0ke7gol93k5zd7,051pb,ACTIVE
2022-23,6,jk0ke7gol93k5zd7,04qrm,ACTIVE
2022-23,6,jk0ke7gol93k5zd7,05uid,ACTIVE
2022-23,6,jk0ke7gol93k5zd7,04qs1,ACTIVE
2022-23,6,jk0ke7gol93k5zd7,042n1,ACTIVE
2022-23,6,jk0ke7gol93k5zd7,02nf1,ACTIVE
2022-23,6,jk0ke7gol93k5zd7,05qsq,ACTIVE
2022-23,6,jk0ke7gol93k5zd7,03r7r,ACTIVE
2022-23,6,jk0ke7gol93k5zd7,005ki,ACTIVE
2022-23,6,jk0ke7gol93k5zd7,05qsx,ACTIVE
2022-23,6,jk0ke7gol93k5zd7,05qve,ACTIVE
2022-23,6,jk0ke7gol93k5zd7,03wr4,ACTIVE
2022-23,6,jk0ke7gol93k5zd7,06214,ACTIVE
2022-23,6,jk0ke7gol93k5zd7,031mb,ACTIVE
2022-23,6,jk0ke7gol93k5zd7,05qug,ACTIVE
2022-23,6,jk0ke7gol93k5zd7,031m2,ACTIVE
2022-23,6,jk0ke7gol93k5zd7,027p4,ACTIVE
2022-23,6,jk0ke7gol93k5zd7,038xi,ACTIVE
2022-23,6,pqp9fc6yl93j5xul,05uij,ACTIVE
2022-23,6,pqp9fc6yl93j5xul,05uiq,ACTIVE
2022-23,6,pqp9fc6yl93j5xul,042ne,ACTIVE
2022-23,6,pqp9fc6yl93j5xul,01eo6,ACTIVE
2022-23,6,pqp9fc6yl93j5xul,027oz,ACTIVE
2022-23,6,pqp9fc6yl93j5xul,01eon,ACTIVE
2022-23,6,pqp9fc6yl93j5xul,04ewu,ACTIVE
2022-23,6,pqp9fc6yl93j5xul,051oi,ACTIVE
2022-23,6,pqp9fc6yl93j5xul,04xgj,ACTIVE
2022-23,6,pqp9fc6yl93j5xul,03ad2,ACTIVE
2022-23,6,pqp9fc6yl93j5xul,042nr,ACTIVE
2022-23,6,pqp9fc6yl93j5xul,04ewr,ACTIVE
2022-23,6,pqp9fc6yl93j5xul,051ok,ACTIVE
2022-23,6,pqp9fc6yl93j5xul,042n6,ACTIVE
2022-23,6,pqp9fc6yl93j5xul,05uj4,ACTIVE
2022-23,6,pqp9fc6yl93j5xul,05qud,ACTIVE
2022-23,6,pqp9fc6yl93j5xul,01uz7,ACTIVE
2022-23,6,pqp9fc6yl93j5xul,04qs4,ACTIVE
2022-23,6,pqp9fc6yl93j5xul,04qsa,ACTIVE
2022-23,6,pqp9fc6yl93j5xul,03nwk,ACTIVE
2022-23,7,6bpping1l96ajun5,051pa,ACTIVE
2022-23,7,6bpping1l96ajun5,05qu1,ACTIVE
2022-23,7,6bpping1l96ajun5,031lp,ACTIVE
2022-23,7,6bpping1l96ajun5,051op,ACTIVE
2022-23,7,6bpping1l96ajun5,05qty,ACTIVE
2022-23,7,6bpping1l96ajun5,05ujc,ACTIVE
2022-23,7,6bpping1l96ajun5,05uig,ACTIVE
2022-23,7,6bpping1l96ajun5,005lx,ACTIVE
2022-23,7,6bpping1l96ajun5,03nwm,ACTIVE
2022-23,7,6bpping1l96ajun5,059ca,ACTIVE
2022-23,7,6bpping1l96ajun5,04qse,ACTIVE
2022-23,7,6bpping1l96ajun5,06210,ACTIVE
2022-23,7,6bpping1l96ajun5,027pg,ACTIVE
2022-23,7,6bpping1l96ajun5,02nfz,ACTIVE
2022-23,7,6bpping1l96ajun5,03xmv,ACTIVE
2022-23,7,6bpping1l96ajun5,051p3,ACTIVE
2022-23,7,6bpping1l96ajun5,03ad0,ACTIVE
2022-23,7,6bpping1l96ajun5,027p0,ACTIVE
2022-23,7,6bpping1l96ajun5,051ol,ACTIVE
2022-23,7,6bpping1l96ajun5,05qt3,ACTIVE
2022-23,7,rt1ug69sl97ijzno,03ad4,ACTIVE
2022-23,7,rt1ug69sl97ijzno,042nq,ACTIVE
2022-23,7,rt1ug69sl97ijzno,01ens,ACTIVE
2022-23,7,rt1ug69sl97ijzno,01sc8,ACTIVE
2022-23,7,rt1ug69sl97ijzno,042nw,ACTIVE
2022-23,7,rt1ug69sl97ijzno,04ewt,ACTIVE
2022-23,7,rt1ug69sl97ijzno,031m0,ACTIVE
2022-23,7,rt1ug69sl97ijzno,051pq,ACTIVE
2022-23,7,rt1ug69sl97ijzno,04ewn,ACTIVE
2022-23,7,rt1ug69sl97ijzno,042n3,ACTIVE
2022-23,7,rt1ug69sl97ijzno,03ad7,ACTIVE
2022-23,7,rt1ug69sl97ijzno,042nf,ACTIVE
2022-23,7,rt1ug69sl97ijzno,001aw,ACTIVE
2022-23,7,rt1ug69sl97ijzno,02nf6,ACTIVE
2022-23,7,rt1ug69sl97ijzno,04qsm,ACTIVE
2022-23,7,rt1ug69sl97ijzno,04qrl,ACTIVE
2022-23,7,rt1ug69sl97ijzno,02ym0,ACTIVE
2022-23,7,rt1ug69sl97ijzno,03nwq,ACTIVE
2022-23,7,rt1ug69sl97ijzno,02nf3,ACTIVE
2022-23,7,rt1ug69sl97ijzno,049kd,ACTIVE
2022-23,7,tnykxdccl93mdr11,04qsi,ACTIVE
2022-23,7,tnykxdccl93mdr11,01enh,ACTIVE
2022-23,7,tnykxdccl93mdr11,05qto,ACTIVE
2022-23,7,tnykxdccl93mdr11,05uj9,ACTIVE
2022-23,7,tnykxdccl93mdr11,04qrw,ACTIVE
2022-23,7,tnykxdccl93mdr11,04qrj,ACTIVE
2022-23,7,tnykxdccl93mdr11,03el5,ACTIVE
2022-23,7,tnykxdccl93mdr11,05qtq,ACTIVE
2022-23,7,tnykxdccl93mdr11,0621l,ACTIVE
2022-23,7,tnykxdccl93mdr11,05uie,ACTIVE
2022-23,7,tnykxdccl93mdr11,027p9,ACTIVE
2022-23,7,tnykxdccl93mdr11,05uic,ACTIVE
2022-23,7,tnykxdccl93mdr11,04ex6,ACTIVE
2022-23,7,tnykxdccl93mdr11,06216,ACTIVE
2022-23,7,tnykxdccl93mdr11,04ewf,ACTIVE
2022-23,7,tnykxdccl93mdr11,04qrr,ACTIVE
2022-23,7,tnykxdccl93mdr11,0527l,ACTIVE
2022-23,7,tnykxdccl93mdr11,06213,ACTIVE
2022-23,7,tnykxdccl93mdr11,03al1,ACTIVE
2022-23,7,tnykxdccl93mdr11,051or,ACTIVE
2022-23,7,xa5w57ngl93mbh2g,01enw,ACTIVE
2022-23,7,xa5w57ngl93mbh2g,051p9,ACTIVE
2022-23,7,xa5w57ngl93mbh2g,049kf,ACTIVE
2022-23,7,xa5w57ngl93mbh2g,049ka,ACTIVE
2022-23,7,xa5w57ngl93mbh2g,042nm,ACTIVE
2022-23,7,xa5w57ngl93mbh2g,031lv,ACTIVE
2022-23,7,xa5w57ngl93mbh2g,05uj0,ACTIVE
2022-23,7,xa5w57ngl93mbh2g,049s6,ACTIVE
2022-23,7,xa5w57ngl93mbh2g,03e6n,ACTIVE
2022-23,7,xa5w57ngl93mbh2g,042nt,ACTIVE
2022-23,7,xa5w57ngl93mbh2g,051os,ACTIVE
2022-23,7,xa5w57ngl93mbh2g,05qu5,ACTIVE
2022-23,7,xa5w57ngl93mbh2g,049kb,ACTIVE
2022-23,7,xa5w57ngl93mbh2g,04exe,ACTIVE
2022-23,7,xa5w57ngl93mbh2g,06212,ACTIVE
2022-23,7,xa5w57ngl93mbh2g,04kj6,ACTIVE
2022-23,7,xa5w57ngl93mbh2g,051p1,ACTIVE
2022-23,7,xa5w57ngl93mbh2g,01eo9,ACTIVE
2022-23,7,xa5w57ngl93mbh2g,005kd,ACTIVE
2022-23,7,xa5w57ngl93mbh2g,01uyj,ACTIVE
2022-23,7,gl61mmryl93md0at,000zv,ACTIVE
2022-23,7,gl61mmryl93md0at,04ewe,ACTIVE
2022-23,7,gl61mmryl93md0at,0011e,ACTIVE
2022-23,7,gl61mmryl93md0at,02ng3,ACTIVE
2022-23,7,gl61mmryl93md0at,03byg,ACTIVE
2022-23,7,gl61mmryl93md0at,031m9,ACTIVE
2022-23,7,gl61mmryl93md0at,03nwl,ACTIVE
2022-23,7,gl61mmryl93md0at,051pi,ACTIVE
2022-23,7,gl61mmryl93md0at,005lm,ACTIVE
2022-23,7,gl61mmryl93md0at,03byk,ACTIVE
2022-23,7,gl61mmryl93md0at,027ou,ACTIVE
2022-23,7,gl61mmryl93md0at,049ki,ACTIVE
2022-23,7,gl61mmryl93md0at,05qtl,ACTIVE
2022-23,7,gl61mmryl93md0at,043ib,ACTIVE
2022-23,7,gl61mmryl93md0at,04ewk,ACTIVE
2022-23,7,gl61mmryl93md0at,04qrk,ACTIVE
2022-23,7,gl61mmryl93md0at,031lz,ACTIVE
2022-23,7,gl61mmryl93md0at,02xg9,ACTIVE
2022-23,7,gl61mmryl93md0at,05uiw,ACTIVE
2022-23,7,gl61mmryl93md0at,051ot,ACTIVE
2022-23,7,lax5yix5l97irroa,027oj,ACTIVE
2022-23,7,lax5yix5l97irroa,02nf7,ACTIVE
2022-23,7,lax5yix5l97irroa,005kc,ACTIVE
2022-23,7,lax5yix5l97irroa,05qu0,ACTIVE
2022-23,7,lax5yix5l97irroa,05qub,ACTIVE
2022-23,7,lax5yix5l97irroa,03ajv,ACTIVE
2022-23,7,lax5yix5l97irroa,05qtr,ACTIVE
2022-23,7,lax5yix5l97irroa,0621c,ACTIVE
2022-23,7,lax5yix5l97irroa,05qu9,ACTIVE
2022-23,7,lax5yix5l97irroa,027pe,ACTIVE
2022-23,7,lax5yix5l97irroa,03nwn,ACTIVE
2022-23,7,lax5yix5l97irroa,03e6u,ACTIVE
2022-23,7,lax5yix5l97irroa,05qt0,ACTIVE
2022-23,7,lax5yix5l97irroa,04fj8,ACTIVE
2022-23,7,lax5yix5l97irroa,05qtv,ACTIVE
2022-23,7,lax5yix5l97irroa,04ewm,ACTIVE
2022-23,7,lax5yix5l97irroa,05uj6,ACTIVE
2022-23,7,lax5yix5l97irroa,04ex8,ACTIVE
2022-23,7,lax5yix5l97irroa,03ad3,ACTIVE
2022-23,7,lax5yix5l97irroa,03lg1,ACTIVE
2022-23,7,nygi7tael97irroa,031lx,ACTIVE
2022-23,7,nygi7tael97irroa,03e6s,ACTIVE
2022-23,7,nygi7tael97irroa,03lls,ACTIVE
2022-23,7,nygi7tael97irroa,0015b,ACTIVE
2022-23,7,nygi7tael97irroa,03al0,ACTIVE
2022-23,7,nygi7tael97irroa,03e74,ACTIVE
2022-23,7,nygi7tael97irroa,051oh,ACTIVE
2022-23,7,nygi7tael97irroa,04qsj,ACTIVE
2022-23,7,nygi7tael97irroa,03al2,ACTIVE
2022-23,7,nygi7tael97irroa,05uib,ACTIVE
2022-23,7,nygi7tael97irroa,05qtm,ACTIVE
2022-23,7,nygi7tael97irroa,04qsd,ACTIVE
2022-23,7,nygi7tael97irroa,05qsl,ACTIVE
2022-23,7,nygi7tael97irroa,04qro,ACTIVE
2022-23,7,nygi7tael97irroa,04xdu,ACTIVE
2022-23,7,nygi7tael97irroa,051oj,ACTIVE
2022-23,7,nygi7tael97irroa,02ng4,ACTIVE
2022-23,7,nygi7tael97irroa,042n4,ACTIVE
2022-23,7,nygi7tael97irroa,05uih,ACTIVE
2022-23,7,nygi7tael97irroa,0621g,ACTIVE
2022-23,7,ibf4yutil93mhju7,03r7z,ACTIVE
2022-23,7,ibf4yutil93mhju7,0015e,ACTIVE
2022-23,7,ibf4yutil93mhju7,03aq2,ACTIVE
2022-23,7,ibf4yutil93mhju7,042n7,ACTIVE
2022-23,7,ibf4yutil93mhju7,0496e,ACTIVE
2022-23,7,ibf4yutil93mhju7,04848,ACTIVE
2022-23,7,ibf4yutil93mhju7,027oo,ACTIVE
2022-23,7,ibf4yutil93mhju7,06218,ACTIVE
2022-23,7,ibf4yutil93mhju7,05uin,ACTIVE
2022-23,7,ibf4yutil93mhju7,03ams,ACTIVE
2022-23,7,ibf4yutil93mhju7,03e75,ACTIVE
2022-23,7,ibf4yutil93mhju7,06215,ACTIVE
2022-23,7,ibf4yutil93mhju7,051p8,ACTIVE
2022-23,7,ibf4yutil93mhju7,05qtt,ACTIVE
2022-23,7,ibf4yutil93mhju7,04qrn,ACTIVE
2022-23,7,ibf4yutil93mhju7,05uif,ACTIVE
2022-23,7,ibf4yutil93mhju7,0017e,ACTIVE
2022-23,7,ibf4yutil93mhju7,04azw,ACTIVE
2022-23,7,ibf4yutil93mhju7,02nf9,ACTIVE
2022-23,7,ibf4yutil93mhju7,038ia,ACTIVE
2022-23,7,jk0ke7gol93k5zd7,04ex5,ACTIVE
2022-23,7,jk0ke7gol93k5zd7,05uii,ACTIVE
2022-23,7,jk0ke7gol93k5zd7,051pb,ACTIVE
2022-23,7,jk0ke7gol93k5zd7,04qrm,ACTIVE
2022-23,7,jk0ke7gol93k5zd7,05uid,ACTIVE
2022-23,7,jk0ke7gol93k5zd7,04qs1,ACTIVE
2022-23,7,jk0ke7gol93k5zd7,042n1,ACTIVE
2022-23,7,jk0ke7gol93k5zd7,02nf1,ACTIVE
2022-23,7,jk0ke7gol93k5zd7,05qsq,ACTIVE
2022-23,7,jk0ke7gol93k5zd7,03r7r,ACTIVE
2022-23,7,jk0ke7gol93k5zd7,005ki,ACTIVE
2022-23,7,jk0ke7gol93k5zd7,05qsx,ACTIVE
2022-23,7,jk0ke7gol93k5zd7,05qve,ACTIVE
2022-23,7,jk0ke7gol93k5zd7,03wr4,ACTIVE
2022-23,7,jk0ke7gol93k5zd7,06214,ACTIVE
2022-23,7,jk0ke7gol93k5zd7,031mb,ACTIVE
2022-23,7,jk0ke7gol93k5zd7,05qug,ACTIVE
2022-23,7,jk0ke7gol93k5zd7,031m2,ACTIVE
2022-23,7,jk0ke7gol93k5zd7,027p4,ACTIVE
2022-23,7,jk0ke7gol93k5zd7,038xi,ACTIVE
2022-23,7,pqp9fc6yl93j5xul,05uij,ACTIVE
2022-23,7,pqp9fc6yl93j5xul,05uiq,ACTIVE
2022-23,7,pqp9fc6yl93j5xul,042ne,ACTIVE
2022-23,7,pqp9fc6yl93j5xul,01eo6,ACTIVE
2022-23,7,pqp9fc6yl93j5xul,027oz,ACTIVE
2022-23,7,pqp9fc6yl93j5xul,01eon,ACTIVE
2022-23,7,pqp9fc6yl93j5xul,04ewu,ACTIVE
2022-23,7,pqp9fc6yl93j5xul,051oi,ACTIVE
2022-23,7,pqp9fc6yl93j5xul,04xgj,ACTIVE
2022-23,7,pqp9fc6yl93j5xul,03ad2,ACTIVE
2022-23,7,pqp9fc6yl93j5xul,042nr,ACTIVE
2022-23,7,pqp9fc6yl93j5xul,04ewr,ACTIVE
2022-23,7,pqp9fc6yl93j5xul,051ok,ACTIVE
2022-23,7,pqp9fc6yl93j5xul,042n6,ACTIVE
2022-23,7,pqp9fc6yl93j5xul,05uj4,ACTIVE
2022-23,7,pqp9fc6yl93j5xul,05qud,ACTIVE
2022-23,7,pqp9fc6yl93j5xul,01uz7,ACTIVE
2022-23,7,pqp9fc6yl93j5xul,04qs4,ACTIVE
2022-23,7,pqp9fc6yl93j5xul,04qsa,ACTIVE
2022-23,7,pqp9fc6yl93j5xul,03nwk,ACTIVE
2022-23,8,6bpping1l96ajun5,051pa,ACTIVE
2022-23,8,6bpping1l96ajun5,05qu1,ACTIVE
2022-23,8,6bpping1l96ajun5,031lp,ACTIVE
2022-23,8,6bpping1l96ajun5,051op,ACTIVE
2022-23,8,6bpping1l96ajun5,05qty,ACTIVE
2022-23,8,6bpping1l96ajun5,05ujc,ACTIVE
2022-23,8,6bpping1l96ajun5,05uig,ACTIVE
2022-23,8,6bpping1l96ajun5,005lx,ACTIVE
2022-23,8,6bpping1l96ajun5,03nwm,ACTIVE
2022-23,8,6bpping1l96ajun5,059ca,ACTIVE
2022-23,8,6bpping1l96ajun5,04qse,ACTIVE
2022-23,8,6bpping1l96ajun5,06210,ACTIVE
2022-23,8,6bpping1l96ajun5,027pg,ACTIVE
2022-23,8,6bpping1l96ajun5,02nfz,ACTIVE
2022-23,8,6bpping1l96ajun5,03xmv,ACTIVE
2022-23,8,6bpping1l96ajun5,051p3,ACTIVE
2022-23,8,6bpping1l96ajun5,03ad0,ACTIVE
2022-23,8,6bpping1l96ajun5,027p0,ACTIVE
2022-23,8,6bpping1l96ajun5,051ol,ACTIVE
2022-23,8,6bpping1l96ajun5,05qt3,ACTIVE
2022-23,8,rt1ug69sl97ijzno,03ad4,ACTIVE
2022-23,8,rt1ug69sl97ijzno,042nq,ACTIVE
2022-23,8,rt1ug69sl97ijzno,01ens,ACTIVE
2022-23,8,rt1ug69sl97ijzno,01sc8,ACTIVE
2022-23,8,rt1ug69sl97ijzno,042nw,ACTIVE
2022-23,8,rt1ug69sl97ijzno,04ewt,ACTIVE
2022-23,8,rt1ug69sl97ijzno,031m0,ACTIVE
2022-23,8,rt1ug69sl97ijzno,051pq,ACTIVE
2022-23,8,rt1ug69sl97ijzno,04ewn,ACTIVE
2022-23,8,rt1ug69sl97ijzno,042n3,ACTIVE
2022-23,8,rt1ug69sl97ijzno,03ad7,ACTIVE
2022-23,8,rt1ug69sl97ijzno,042nf,ACTIVE
2022-23,8,rt1ug69sl97ijzno,001aw,ACTIVE
2022-23,8,rt1ug69sl97ijzno,02nf6,ACTIVE
2022-23,8,rt1ug69sl97ijzno,04qsm,ACTIVE
2022-23,8,rt1ug69sl97ijzno,04qrl,ACTIVE
2022-23,8,rt1ug69sl97ijzno,02ym0,ACTIVE
2022-23,8,rt1ug69sl97ijzno,03nwq,ACTIVE
2022-23,8,rt1ug69sl97ijzno,02nf3,ACTIVE
2022-23,8,rt1ug69sl97ijzno,049kd,ACTIVE
2022-23,8,tnykxdccl93mdr11,04qsi,ACTIVE
2022-23,8,tnykxdccl93mdr11,01enh,ACTIVE
2022-23,8,tnykxdccl93mdr11,05qto,ACTIVE
2022-23,8,tnykxdccl93mdr11,05uj9,ACTIVE
2022-23,8,tnykxdccl93mdr11,04qrw,ACTIVE
2022-23,8,tnykxdccl93mdr11,04qrj,ACTIVE
2022-23,8,tnykxdccl93mdr11,03el5,ACTIVE
2022-23,8,tnykxdccl93mdr11,05qtq,ACTIVE
2022-23,8,tnykxdccl93mdr11,0621l,ACTIVE
2022-23,8,tnykxdccl93mdr11,05uie,ACTIVE
2022-23,8,tnykxdccl93mdr11,027p9,ACTIVE
2022-23,8,tnykxdccl93mdr11,05uic,ACTIVE
2022-23,8,tnykxdccl93mdr11,04ex6,ACTIVE
2022-23,8,tnykxdccl93mdr11,06216,ACTIVE
2022-23,8,tnykxdccl93mdr11,04ewf,ACTIVE
2022-23,8,tnykxdccl93mdr11,04qrr,ACTIVE
2022-23,8,tnykxdccl93mdr11,0527l,ACTIVE
2022-23,8,tnykxdccl93mdr11,06213,ACTIVE
2022-23,8,tnykxdccl93mdr11,03al1,ACTIVE
2022-23,8,tnykxdccl93mdr11,051or,ACTIVE
2022-23,8,xa5w57ngl93mbh2g,01enw,ACTIVE
2022-23,8,xa5w57ngl93mbh2g,051p9,ACTIVE
2022-23,8,xa5w57ngl93mbh2g,049kf,ACTIVE
2022-23,8,xa5w57ngl93mbh2g,049ka,ACTIVE
2022-23,8,xa5w57ngl93mbh2g,042nm,ACTIVE
2022-23,8,xa5w57ngl93mbh2g,031lv,ACTIVE
2022-23,8,xa5w57ngl93mbh2g,05uj0,ACTIVE
2022-23,8,xa5w57ngl93mbh2g,049s6,ACTIVE
2022-23,8,xa5w57ngl93mbh2g,03e6n,ACTIVE
2022-23,8,xa5w57ngl93mbh2g,042nt,ACTIVE
2022-23,8,xa5w57ngl93mbh2g,051os,ACTIVE
2022-23,8,xa5w57ngl93mbh2g,05qu5,ACTIVE
2022-23,8,xa5w57ngl93mbh2g,049kb,ACTIVE
2022-23,8,xa5w57ngl93mbh2g,04exe,ACTIVE
2022-23,8,xa5w57ngl93mbh2g,06212,ACTIVE
2022-23,8,xa5w57ngl93mbh2g,04kj6,ACTIVE
2022-23,8,xa5w57ngl93mbh2g,051p1,ACTIVE
2022-23,8,xa5w57ngl93mbh2g,01eo9,ACTIVE
2022-23,8,xa5w57ngl93mbh2g,005kd,ACTIVE
2022-23,8,xa5w57ngl93mbh2g,01uyj,ACTIVE
2022-23,8,gl61mmryl93md0at,000zv,ACTIVE
2022-23,8,gl61mmryl93md0at,04ewe,ACTIVE
2022-23,8,gl61mmryl93md0at,0011e,ACTIVE
2022-23,8,gl61mmryl93md0at,02ng3,ACTIVE
2022-23,8,gl61mmryl93md0at,03byg,ACTIVE
2022-23,8,gl61mmryl93md0at,031m9,ACTIVE
2022-23,8,gl61mmryl93md0at,03nwl,ACTIVE
2022-23,8,gl61mmryl93md0at,051pi,ACTIVE
2022-23,8,gl61mmryl93md0at,005lm,ACTIVE
2022-23,8,gl61mmryl93md0at,03byk,ACTIVE
2022-23,8,gl61mmryl93md0at,027ou,ACTIVE
2022-23,8,gl61mmryl93md0at,049ki,ACTIVE
2022-23,8,gl61mmryl93md0at,05qtl,ACTIVE
2022-23,8,gl61mmryl93md0at,043ib,ACTIVE
2022-23,8,gl61mmryl93md0at,04ewk,ACTIVE
2022-23,8,gl61mmryl93md0at,04qrk,ACTIVE
2022-23,8,gl61mmryl93md0at,031lz,ACTIVE
2022-23,8,gl61mmryl93md0at,02xg9,ACTIVE
2022-23,8,gl61mmryl93md0at,05uiw,ACTIVE
2022-23,8,gl61mmryl93md0at,051ot,ACTIVE
2022-23,8,lax5yix5l97irroa,027oj,ACTIVE
2022-23,8,lax5yix5l97irroa,02nf7,ACTIVE
2022-23,8,lax5yix5l97irroa,005kc,ACTIVE
2022-23,8,lax5yix5l97irroa,05qu0,ACTIVE
2022-23,8,lax5yix5l97irroa,05qub,ACTIVE
2022-23,8,lax5yix5l97irroa,03ajv,ACTIVE
2022-23,8,lax5yix5l97irroa,05qtr,ACTIVE
2022-23,8,lax5yix5l97irroa,0621c,ACTIVE
2022-23,8,lax5yix5l97irroa,05qu9,ACTIVE
2022-23,8,lax5yix5l97irroa,027pe,ACTIVE
2022-23,8,lax5yix5l97irroa,03nwn,ACTIVE
2022-23,8,lax5yix5l97irroa,03e6u,ACTIVE
2022-23,8,lax5yix5l97irroa,05qt0,ACTIVE
2022-23,8,lax5yix5l97irroa,04fj8,ACTIVE
2022-23,8,lax5yix5l97irroa,05qtv,ACTIVE
2022-23,8,lax5yix5l97irroa,04ewm,ACTIVE
2022-23,8,lax5yix5l97irroa,05uj6,ACTIVE
2022-23,8,lax5yix5l97irroa,04ex8,ACTIVE
2022-23,8,lax5yix5l97irroa,03ad3,ACTIVE
2022-23,8,lax5yix5l97irroa,03lg1,ACTIVE
2022-23,8,nygi7tael97irroa,031lx,ACTIVE
2022-23,8,nygi7tael97irroa,03e6s,ACTIVE
2022-23,8,nygi7tael97irroa,03lls,ACTIVE
2022-23,8,nygi7tael97irroa,0015b,ACTIVE
2022-23,8,nygi7tael97irroa,03al0,ACTIVE
2022-23,8,nygi7tael97irroa,03e74,ACTIVE
2022-23,8,nygi7tael97irroa,051oh,ACTIVE
2022-23,8,nygi7tael97irroa,04qsj,ACTIVE
2022-23,8,nygi7tael97irroa,03al2,ACTIVE
2022-23,8,nygi7tael97irroa,05uib,ACTIVE
2022-23,8,nygi7tael97irroa,05qtm,ACTIVE
2022-23,8,nygi7tael97irroa,04qsd,ACTIVE
2022-23,8,nygi7tael97irroa,05qsl,ACTIVE
2022-23,8,nygi7tael97irroa,04qro,ACTIVE
2022-23,8,nygi7tael97irroa,04xdu,ACTIVE
2022-23,8,nygi7tael97irroa,051oj,ACTIVE
2022-23,8,nygi7tael97irroa,02ng4,ACTIVE
2022-23,8,nygi7tael97irroa,042n4,ACTIVE
2022-23,8,nygi7tael97irroa,05uih,ACTIVE
2022-23,8,nygi7tael97irroa,0621g,ACTIVE
2022-23,8,ibf4yutil93mhju7,03r7z,ACTIVE
2022-23,8,ibf4yutil93mhju7,0015e,ACTIVE
2022-23,8,ibf4yutil93mhju7,03aq2,ACTIVE
2022-23,8,ibf4yutil93mhju7,042n7,ACTIVE
2022-23,8,ibf4yutil93mhju7,0496e,ACTIVE
2022-23,8,ibf4yutil93mhju7,04848,ACTIVE
2022-23,8,ibf4yutil93mhju7,027oo,ACTIVE
2022-23,8,ibf4yutil93mhju7,06218,ACTIVE
2022-23,8,ibf4yutil93mhju7,05uin,ACTIVE
2022-23,8,ibf4yutil93mhju7,03ams,ACTIVE
2022-23,8,ibf4yutil93mhju7,03e75,ACTIVE
2022-23,8,ibf4yutil93mhju7,06215,ACTIVE
2022-23,8,ibf4yutil93mhju7,051p8,ACTIVE
2022-23,8,ibf4yutil93mhju7,05qtt,ACTIVE
2022-23,8,ibf4yutil93mhju7,04qrn,ACTIVE
2022-23,8,ibf4yutil93mhju7,05uif,ACTIVE
2022-23,8,ibf4yutil93mhju7,0017e,ACTIVE
2022-23,8,ibf4yutil93mhju7,04azw,ACTIVE
2022-23,8,ibf4yutil93mhju7,02nf9,ACTIVE
2022-23,8,ibf4yutil93mhju7,038ia,ACTIVE
2022-23,8,jk0ke7gol93k5zd7,04ex5,ACTIVE
2022-23,8,jk0ke7gol93k5zd7,05uii,ACTIVE
2022-23,8,jk0ke7gol93k5zd7,051pb,ACTIVE
2022-23,8,jk0ke7gol93k5zd7,04qrm,ACTIVE
2022-23,8,jk0ke7gol93k5zd7,05uid,ACTIVE
2022-23,8,jk0ke7gol93k5zd7,04qs1,ACTIVE
2022-23,8,jk0ke7gol93k5zd7,042n1,ACTIVE
2022-23,8,jk0ke7gol93k5zd7,02nf1,ACTIVE
2022-23,8,jk0ke7gol93k5zd7,05qsq,ACTIVE
2022-23,8,jk0ke7gol93k5zd7,03r7r,ACTIVE
2022-23,8,jk0ke7gol93k5zd7,005ki,ACTIVE
2022-23,8,jk0ke7gol93k5zd7,05qsx,ACTIVE
2022-23,8,jk0ke7gol93k5zd7,05qve,ACTIVE
2022-23,8,jk0ke7gol93k5zd7,03wr4,ACTIVE
2022-23,8,jk0ke7gol93k5zd7,06214,ACTIVE
2022-23,8,jk0ke7gol93k5zd7,031mb,ACTIVE
2022-23,8,jk0ke7gol93k5zd7,05qug,ACTIVE
2022-23,8,jk0ke7gol93k5zd7,031m2,ACTIVE
2022-23,8,jk0ke7gol93k5zd7,027p4,ACTIVE
2022-23,8,jk0ke7gol93k5zd7,038xi,ACTIVE
2022-23,8,pqp9fc6yl93j5xul,05uij,ACTIVE
2022-23,8,pqp9fc6yl93j5xul,05uiq,ACTIVE
2022-23,8,pqp9fc6yl93j5xul,042ne,ACTIVE
2022-23,8,pqp9fc6yl93j5xul,01eo6,ACTIVE
2022-23,8,pqp9fc6yl93j5xul,027oz,ACTIVE
2022-23,8,pqp9fc6yl93j5xul,01eon,ACTIVE
2022-23,8,pqp9fc6yl93j5xul,04ewu,ACTIVE
2022-23,8,pqp9fc6yl93j5xul,051oi,ACTIVE
2022-23,8,pqp9fc6yl93j5xul,04xgj,ACTIVE
2022-23,8,pqp9fc6yl93j5xul,03ad2,ACTIVE
2022-23,8,pqp9fc6yl93j5xul,042nr,ACTIVE
2022-23,8,pqp9fc6yl93j5xul,04ewr,ACTIVE
2022-23,8,pqp9fc6yl93j5xul,051ok,ACTIVE
2022-23,8,pqp9fc6yl93j5xul,042n6,ACTIVE
2022-23,8,pqp9fc6yl93j5xul,05uj4,ACTIVE
2022-23,8,pqp9fc6yl93j5xul,05qud,ACTIVE
2022-23,8,pqp9fc6yl93j5xul,01uz7,ACTIVE
2022-23,8,pqp9fc6yl93j5xul,04qs4,ACTIVE
2022-23,8,pqp9fc6yl93j5xul,04qsa,ACTIVE
2022-23,8,pqp9fc6yl93j5xul,03nwk,ACTIVE
2022-23,9,6bpping1l96ajun5,051pa,ACTIVE
2022-23,9,6bpping1l96ajun5,05qu1,ACTIVE
2022-23,9,6bpping1l96ajun5,031lp,ACTIVE
2022-23,9,6bpping1l96ajun5,051op,ACTIVE
2022-23,9,6bpping1l96ajun5,05qty,ACTIVE
2022-23,9,6bpping1l96ajun5,05ujc,ACTIVE
2022-23,9,6bpping1l96ajun5,05uig,ACTIVE
2022-23,9,6bpping1l96ajun5,005lx,ACTIVE
2022-23,9,6bpping1l96ajun5,03nwm,ACTIVE
2022-23,9,6bpping1l96ajun5,059ca,ACTIVE
2022-23,9,6bpping1l96ajun5,04qse,ACTIVE
2022-23,9,6bpping1l96ajun5,06210,ACTIVE
2022-23,9,6bpping1l96ajun5,027pg,ACTIVE
2022-23,9,6bpping1l96ajun5,02nfz,ACTIVE
2022-23,9,6bpping1l96ajun5,03xmv,ACTIVE
2022-23,9,6bpping1l96ajun5,051p3,ACTIVE
2022-23,9,6bpping1l96ajun5,03ad0,ACTIVE
2022-23,9,6bpping1l96ajun5,027p0,ACTIVE
2022-23,9,6bpping1l96ajun5,051ol,ACTIVE
2022-23,9,6bpping1l96ajun5,05qt3,ACTIVE
2022-23,9,rt1ug69sl97ijzno,03ad4,ACTIVE
2022-23,9,rt1ug69sl97ijzno,042nq,ACTIVE
2022-23,9,rt1ug69sl97ijzno,01ens,ACTIVE
2022-23,9,rt1ug69sl97ijzno,01sc8,ACTIVE
2022-23,9,rt1ug69sl97ijzno,042nw,ACTIVE
2022-23,9,rt1ug69sl97ijzno,04ewt,ACTIVE
2022-23,9,rt1ug69sl97ijzno,031m0,ACTIVE
2022-23,9,rt1ug69sl97ijzno,051pq,ACTIVE
2022-23,9,rt1ug69sl97ijzno,04ewn,ACTIVE
2022-23,9,rt1ug69sl97ijzno,042n3,ACTIVE
2022-23,9,rt1ug69sl97ijzno,03ad7,ACTIVE
2022-23,9,rt1ug69sl97ijzno,042nf,ACTIVE
2022-23,9,rt1ug69sl97ijzno,001aw,ACTIVE
2022-23,9,rt1ug69sl97ijzno,02nf6,ACTIVE
2022-23,9,rt1ug69sl97ijzno,04qsm,ACTIVE
2022-23,9,rt1ug69sl97ijzno,04qrl,ACTIVE
2022-23,9,rt1ug69sl97ijzno,02ym0,ACTIVE
2022-23,9,rt1ug69sl97ijzno,03nwq,ACTIVE
2022-23,9,rt1ug69sl97ijzno,02nf3,ACTIVE
2022-23,9,rt1ug69sl97ijzno,049kd,ACTIVE
2022-23,9,tnykxdccl93mdr11,04qsi,ACTIVE
2022-23,9,tnykxdccl93mdr11,01enh,ACTIVE
2022-23,9,tnykxdccl93mdr11,05qto,ACTIVE
2022-23,9,tnykxdccl93mdr11,05uj9,ACTIVE
2022-23,9,tnykxdccl93mdr11,04qrw,ACTIVE
2022-23,9,tnykxdccl93mdr11,04qrj,ACTIVE
2022-23,9,tnykxdccl93mdr11,03el5,ACTIVE
2022-23,9,tnykxdccl93mdr11,05qtq,ACTIVE
2022-23,9,tnykxdccl93mdr11,0621l,ACTIVE
2022-23,9,tnykxdccl93mdr11,05uie,ACTIVE
2022-23,9,tnykxdccl93mdr11,027p9,ACTIVE
2022-23,9,tnykxdccl93mdr11,05uic,ACTIVE
2022-23,9,tnykxdccl93mdr11,04ex6,ACTIVE
2022-23,9,tnykxdccl93mdr11,06216,ACTIVE
2022-23,9,tnykxdccl93mdr11,04ewf,ACTIVE
2022-23,9,tnykxdccl93mdr11,04qrr,ACTIVE
2022-23,9,tnykxdccl93mdr11,0527l,ACTIVE
2022-23,9,tnykxdccl93mdr11,06213,ACTIVE
2022-23,9,tnykxdccl93mdr11,03al1,ACTIVE
2022-23,9,tnykxdccl93mdr11,051or,ACTIVE
2022-23,9,xa5w57ngl93mbh2g,01enw,ACTIVE
2022-23,9,xa5w57ngl93mbh2g,051p9,ACTIVE
2022-23,9,xa5w57ngl93mbh2g,049kf,ACTIVE
2022-23,9,xa5w57ngl93mbh2g,049ka,ACTIVE
2022-23,9,xa5w57ngl93mbh2g,042nm,ACTIVE
2022-23,9,xa5w57ngl93mbh2g,031lv,ACTIVE
2022-23,9,xa5w57ngl93mbh2g,05uj0,ACTIVE
2022-23,9,xa5w57ngl93mbh2g,049s6,ACTIVE
2022-23,9,xa5w57ngl93mbh2g,03e6n,ACTIVE
2022-23,9,xa5w57ngl93mbh2g,042nt,ACTIVE
2022-23,9,xa5w57ngl93mbh2g,051os,ACTIVE
2022-23,9,xa5w57ngl93mbh2g,05qu5,ACTIVE
2022-23,9,xa5w57ngl93mbh2g,049kb,ACTIVE
2022-23,9,xa5w57ngl93mbh2g,04exe,ACTIVE
2022-23,9,xa5w57ngl93mbh2g,06212,ACTIVE
2022-23,9,xa5w57ngl93mbh2g,04kj6,ACTIVE
2022-23,9,xa5w57ngl93mbh2g,051p1,ACTIVE
2022-23,9,xa5w57ngl93mbh2g,01eo9,ACTIVE
2022-23,9,xa5w57ngl93mbh2g,005kd,ACTIVE
2022-23,9,xa5w57ngl93mbh2g,01uyj,ACTIVE
2022-23,9,gl61mmryl93md0at,000zv,ACTIVE
2022-23,9,gl61mmryl93md0at,04ewe,ACTIVE
2022-23,9,gl61mmryl93md0at,0011e,ACTIVE
2022-23,9,gl61mmryl93md0at,02ng3,ACTIVE
2022-23,9,gl61mmryl93md0at,03byg,ACTIVE
2022-23,9,gl61mmryl93md0at,031m9,ACTIVE
2022-23,9,gl61mmryl93md0at,03nwl,ACTIVE
2022-23,9,gl61mmryl93md0at,051pi,ACTIVE
2022-23,9,gl61mmryl93md0at,005lm,ACTIVE
2022-23,9,gl61mmryl93md0at,03byk,ACTIVE
2022-23,9,gl61mmryl93md0at,027ou,ACTIVE
2022-23,9,gl61mmryl93md0at,049ki,ACTIVE
2022-23,9,gl61mmryl93md0at,05qtl,ACTIVE
2022-23,9,gl61mmryl93md0at,043ib,ACTIVE
2022-23,9,gl61mmryl93md0at,04ewk,ACTIVE
2022-23,9,gl61mmryl93md0at,04qrk,ACTIVE
2022-23,9,gl61mmryl93md0at,031lz,ACTIVE
2022-23,9,gl61mmryl93md0at,02xg9,ACTIVE
2022-23,9,gl61mmryl93md0at,05uiw,ACTIVE
2022-23,9,gl61mmryl93md0at,051ot,ACTIVE
2022-23,9,lax5yix5l97irroa,027oj,ACTIVE
2022-23,9,lax5yix5l97irroa,02nf7,ACTIVE
2022-23,9,lax5yix5l97irroa,005kc,ACTIVE
2022-23,9,lax5yix5l97irroa,05qu0,ACTIVE
2022-23,9,lax5yix5l97irroa,05qub,ACTIVE
2022-23,9,lax5yix5l97irroa,03ajv,ACTIVE
2022-23,9,lax5yix5l97irroa,05qtr,ACTIVE
2022-23,9,lax5yix5l97irroa,0621c,ACTIVE
2022-23,9,lax5yix5l97irroa,05qu9,ACTIVE
2022-23,9,lax5yix5l97irroa,027pe,ACTIVE
2022-23,9,lax5yix5l97irroa,03nwn,ACTIVE
2022-23,9,lax5yix5l97irroa,03e6u,ACTIVE
2022-23,9,lax5yix5l97irroa,05qt0,ACTIVE
2022-23,9,lax5yix5l97irroa,04fj8,ACTIVE
2022-23,9,lax5yix5l97irroa,05qtv,ACTIVE
2022-23,9,lax5yix5l97irroa,04ewm,ACTIVE
2022-23,9,lax5yix5l97irroa,05uj6,ACTIVE
2022-23,9,lax5yix5l97irroa,04ex8,ACTIVE
2022-23,9,lax5yix5l97irroa,03ad3,ACTIVE
2022-23,9,lax5yix5l97irroa,03lg1,ACTIVE
2022-23,9,nygi7tael97irroa,031lx,ACTIVE
2022-23,9,nygi7tael97irroa,03e6s,ACTIVE
2022-23,9,nygi7tael97irroa,03lls,ACTIVE
2022-23,9,nygi7tael97irroa,0015b,ACTIVE
2022-23,9,nygi7tael97irroa,03al0,ACTIVE
2022-23,9,nygi7tael97irroa,03e74,ACTIVE
2022-23,9,nygi7tael97irroa,051oh,ACTIVE
2022-23,9,nygi7tael97irroa,04qsj,ACTIVE
2022-23,9,nygi7tael97irroa,03al2,ACTIVE
2022-23,9,nygi7tael97irroa,05uib,ACTIVE
2022-23,9,nygi7tael97irroa,05qtm,ACTIVE
2022-23,9,nygi7tael97irroa,04qsd,ACTIVE
2022-23,9,nygi7tael97irroa,05qsl,ACTIVE
2022-23,9,nygi7tael97irroa,04qro,ACTIVE
2022-23,9,nygi7tael97irroa,04xdu,ACTIVE
2022-23,9,nygi7tael97irroa,051oj,ACTIVE
2022-23,9,nygi7tael97irroa,02ng4,ACTIVE
2022-23,9,nygi7tael97irroa,042n4,ACTIVE
2022-23,9,nygi7tael97irroa,05uih,ACTIVE
2022-23,9,nygi7tael97irroa,0621g,ACTIVE
2022-23,9,ibf4yutil93mhju7,03r7z,ACTIVE
2022-23,9,ibf4yutil93mhju7,0015e,ACTIVE
2022-23,9,ibf4yutil93mhju7,03aq2,ACTIVE
2022-23,9,ibf4yutil93mhju7,042n7,ACTIVE
2022-23,9,ibf4yutil93mhju7,0496e,ACTIVE
2022-23,9,ibf4yutil93mhju7,04848,ACTIVE
2022-23,9,ibf4yutil93mhju7,027oo,ACTIVE
2022-23,9,ibf4yutil93mhju7,06218,ACTIVE
2022-23,9,ibf4yutil93mhju7,05uin,ACTIVE
2022-23,9,ibf4yutil93mhju7,03ams,ACTIVE
2022-23,9,ibf4yutil93mhju7,03e75,ACTIVE
2022-23,9,ibf4yutil93mhju7,06215,ACTIVE
2022-23,9,ibf4yutil93mhju7,051p8,ACTIVE
2022-23,9,ibf4yutil93mhju7,05qtt,ACTIVE
2022-23,9,ibf4yutil93mhju7,04qrn,ACTIVE
2022-23,9,ibf4yutil93mhju7,05uif,ACTIVE
2022-23,9,ibf4yutil93mhju7,0017e,ACTIVE
2022-23,9,ibf4yutil93mhju7,04azw,ACTIVE
2022-23,9,ibf4yutil93mhju7,02nf9,ACTIVE
2022-23,9,ibf4yutil93mhju7,038ia,ACTIVE
2022-23,9,jk0ke7gol93k5zd7,04ex5,ACTIVE
2022-23,9,jk0ke7gol93k5zd7,05uii,ACTIVE
2022-23,9,jk0ke7gol93k5zd7,051pb,ACTIVE
2022-23,9,jk0ke7gol93k5zd7,04qrm,ACTIVE
2022-23,9,jk0ke7gol93k5zd7,05uid,ACTIVE
2022-23,9,jk0ke7gol93k5zd7,04qs1,ACTIVE
2022-23,9,jk0ke7gol93k5zd7,042n1,ACTIVE
2022-23,9,jk0ke7gol93k5zd7,02nf1,ACTIVE
2022-23,9,jk0ke7gol93k5zd7,05qsq,ACTIVE
2022-23,9,jk0ke7gol93k5zd7,03r7r,ACTIVE
2022-23,9,jk0ke7gol93k5zd7,005ki,ACTIVE
2022-23,9,jk0ke7gol93k5zd7,05qsx,ACTIVE
2022-23,9,jk0ke7gol93k5zd7,05qve,ACTIVE
2022-23,9,jk0ke7gol93k5zd7,03wr4,ACTIVE
2022-23,9,jk0ke7gol93k5zd7,06214,ACTIVE
2022-23,9,jk0ke7gol93k5zd7,031mb,ACTIVE
2022-23,9,jk0ke7gol93k5zd7,05qug,ACTIVE
2022-23,9,jk0ke7gol93k5zd7,031m2,ACTIVE
2022-23,9,jk0ke7gol93k5zd7,027p4,ACTIVE
2022-23,9,jk0ke7gol93k5zd7,038xi,ACTIVE
2022-23,9,pqp9fc6yl93j5xul,05uij,ACTIVE
2022-23,9,pqp9fc6yl93j5xul,05uiq,ACTIVE
2022-23,9,pqp9fc6yl93j5xul,042ne,ACTIVE
2022-23,9,pqp9fc6yl93j5xul,01eo6,ACTIVE
2022-23,9,pqp9fc6yl93j5xul,027oz,ACTIVE
2022-23,9,pqp9fc6yl93j5xul,01eon,ACTIVE
2022-23,9,pqp9fc6yl93j5xul,04ewu,ACTIVE
2022-23,9,pqp9fc6yl93j5xul,051oi,ACTIVE
2022-23,9,pqp9fc6yl93j5xul,04xgj,ACTIVE
2022-23,9,pqp9fc6yl93j5xul,03ad2,ACTIVE
2022-23,9,pqp9fc6yl93j5xul,042nr,ACTIVE
2022-23,9,pqp9fc6yl93j5xul,04ewr,ACTIVE
2022-23,9,pqp9fc6yl93j5xul,051ok,ACTIVE
2022-23,9,pqp9fc6yl93j5xul,042n6,ACTIVE
2022-23,9,pqp9fc6yl93j5xul,05uj4,ACTIVE
2022-23,9,pqp9fc6yl93j5xul,05qud,ACTIVE
2022-23,9,pqp9fc6yl93j5xul,01uz7,ACTIVE
2022-23,9,pqp9fc6yl93j5xul,04qs4,ACTIVE
2022-23,9,pqp9fc6yl93j5xul,04qsa,ACTIVE
2022-23,9,pqp9fc6yl93j5xul,03nwk,ACTIVE
2022-23,10,6bpping1l96ajun5,051pa,ACTIVE
2022-23,10,6bpping1l96ajun5,05qu1,ACTIVE
2022-23,10,6bpping1l96ajun5,031lp,ACTIVE
2022-23,10,6bpping1l96ajun5,051op,ACTIVE
2022-23,10,6bpping1l96ajun5,05qty,ACTIVE
2022-23,10,6bpping1l96ajun5,05ujc,ACTIVE
2022-23,10,6bpping1l96ajun5,05uig,ACTIVE
2022-23,10,6bpping1l96ajun5,005lx,ACTIVE
2022-23,10,6bpping1l96ajun5,03nwm,ACTIVE
2022-23,10,6bpping1l96ajun5,059ca,ACTIVE
2022-23,10,6bpping1l96ajun5,04qse,ACTIVE
2022-23,10,6bpping1l96ajun5,06210,ACTIVE
2022-23,10,6bpping1l96ajun5,027pg,ACTIVE
2022-23,10,6bpping1l96ajun5,02nfz,ACTIVE
2022-23,10,6bpping1l96ajun5,03xmv,ACTIVE
2022-23,10,6bpping1l96ajun5,051p3,ACTIVE
2022-23,10,6bpping1l96ajun5,03ad0,ACTIVE
2022-23,10,6bpping1l96ajun5,027p0,ACTIVE
2022-23,10,6bpping1l96ajun5,051ol,ACTIVE
2022-23,10,6bpping1l96ajun5,05qt3,ACTIVE
2022-23,10,rt1ug69sl97ijzno,03ad4,ACTIVE
2022-23,10,rt1ug69sl97ijzno,042nq,ACTIVE
2022-23,10,rt1ug69sl97ijzno,01ens,ACTIVE
2022-23,10,rt1ug69sl97ijzno,01sc8,ACTIVE
2022-23,10,rt1ug69sl97ijzno,042nw,ACTIVE
2022-23,10,rt1ug69sl97ijzno,04ewt,ACTIVE
2022-23,10,rt1ug69sl97ijzno,031m0,ACTIVE
2022-23,10,rt1ug69sl97ijzno,051pq,ACTIVE
2022-23,10,rt1ug69sl97ijzno,04ewn,ACTIVE
2022-23,10,rt1ug69sl97ijzno,042n3,ACTIVE
2022-23,10,rt1ug69sl97ijzno,03ad7,ACTIVE
2022-23,10,rt1ug69sl97ijzno,042nf,ACTIVE
2022-23,10,rt1ug69sl97ijzno,001aw,ACTIVE
2022-23,10,rt1ug69sl97ijzno,02nf6,ACTIVE
2022-23,10,rt1ug69sl97ijzno,04qsm,ACTIVE
2022-23,10,rt1ug69sl97ijzno,04qrl,ACTIVE
2022-23,10,rt1ug69sl97ijzno,02ym0,ACTIVE
2022-23,10,rt1ug69sl97ijzno,03nwq,ACTIVE
2022-23,10,rt1ug69sl97ijzno,02nf3,ACTIVE
2022-23,10,rt1ug69sl97ijzno,049kd,ACTIVE
2022-23,10,tnykxdccl93mdr11,04qsi,ACTIVE
2022-23,10,tnykxdccl93mdr11,01enh,ACTIVE
2022-23,10,tnykxdccl93mdr11,05qto,ACTIVE
2022-23,10,tnykxdccl93mdr11,05uj9,ACTIVE
2022-23,10,tnykxdccl93mdr11,04qrw,ACTIVE
2022-23,10,tnykxdccl93mdr11,04qrj,ACTIVE
2022-23,10,tnykxdccl93mdr11,03el5,ACTIVE
2022-23,10,tnykxdccl93mdr11,05qtq,ACTIVE
2022-23,10,tnykxdccl93mdr11,0621l,ACTIVE
2022-23,10,tnykxdccl93mdr11,05uie,ACTIVE
2022-23,10,tnykxdccl93mdr11,027p9,ACTIVE
2022-23,10,tnykxdccl93mdr11,05uic,ACTIVE
2022-23,10,tnykxdccl93mdr11,04ex6,ACTIVE
2022-23,10,tnykxdccl93mdr11,06216,ACTIVE
2022-23,10,tnykxdccl93mdr11,04ewf,ACTIVE
2022-23,10,tnykxdccl93mdr11,04qrr,ACTIVE
2022-23,10,tnykxdccl93mdr11,0527l,ACTIVE
2022-23,10,tnykxdccl93mdr11,06213,ACTIVE
2022-23,10,tnykxdccl93mdr11,03al1,ACTIVE
2022-23,10,tnykxdccl93mdr11,051or,ACTIVE
2022-23,10,xa5w57ngl93mbh2g,01enw,ACTIVE
2022-23,10,xa5w57ngl93mbh2g,051p9,ACTIVE
2022-23,10,xa5w57ngl93mbh2g,049kf,ACTIVE
2022-23,10,xa5w57ngl93mbh2g,049ka,ACTIVE
2022-23,10,xa5w57ngl93mbh2g,042nm,ACTIVE
2022-23,10,xa5w57ngl93mbh2g,031lv,ACTIVE
2022-23,10,xa5w57ngl93mbh2g,05uj0,ACTIVE
2022-23,10,xa5w57ngl93mbh2g,049s6,ACTIVE
2022-23,10,xa5w57ngl93mbh2g,03e6n,ACTIVE
2022-23,10,xa5w57ngl93mbh2g,042nt,ACTIVE
2022-23,10,xa5w57ngl93mbh2g,051os,ACTIVE
2022-23,10,xa5w57ngl93mbh2g,05qu5,ACTIVE
2022-23,10,xa5w57ngl93mbh2g,049kb,ACTIVE
2022-23,10,xa5w57ngl93mbh2g,04exe,ACTIVE
2022-23,10,xa5w57ngl93mbh2g,06212,ACTIVE
2022-23,10,xa5w57ngl93mbh2g,04kj6,ACTIVE
2022-23,10,xa5w57ngl93mbh2g,051p1,ACTIVE
2022-23,10,xa5w57ngl93mbh2g,01eo9,ACTIVE
2022-23,10,xa5w57ngl93mbh2g,005kd,ACTIVE
2022-23,10,xa5w57ngl93mbh2g,01uyj,ACTIVE
2022-23,10,gl61mmryl93md0at,000zv,ACTIVE
2022-23,10,gl61mmryl93md0at,04ewe,ACTIVE
2022-23,10,gl61mmryl93md0at,0011e,ACTIVE
2022-23,10,gl61mmryl93md0at,02ng3,ACTIVE
2022-23,10,gl61mmryl93md0at,03byg,ACTIVE
2022-23,10,gl61mmryl93md0at,031m9,ACTIVE
2022-23,10,gl61mmryl93md0at,03nwl,ACTIVE
2022-23,10,gl61mmryl93md0at,051pi,ACTIVE
2022-23,10,gl61mmryl93md0at,005lm,ACTIVE
2022-23,10,gl61mmryl93md0at,03byk,ACTIVE
2022-23,10,gl61mmryl93md0at,027ou,ACTIVE
2022-23,10,gl61mmryl93md0at,049ki,ACTIVE
2022-23,10,gl61mmryl93md0at,05qtl,ACTIVE
2022-23,10,gl61mmryl93md0at,043ib,ACTIVE
2022-23,10,gl61mmryl93md0at,04ewk,ACTIVE
2022-23,10,gl61mmryl93md0at,04qrk,ACTIVE
2022-23,10,gl61mmryl93md0at,031lz,ACTIVE
2022-23,10,gl61mmryl93md0at,02xg9,ACTIVE
2022-23,10,gl61mmryl93md0at,05uiw,ACTIVE
2022-23,10,gl61mmryl93md0at,051ot,ACTIVE
2022-23,10,lax5yix5l97irroa,027oj,ACTIVE
2022-23,10,lax5yix5l97irroa,02nf7,ACTIVE
2022-23,10,lax5yix5l97irroa,005kc,ACTIVE
2022-23,10,lax5yix5l97irroa,05qu0,ACTIVE
2022-23,10,lax5yix5l97irroa,05qub,ACTIVE
2022-23,10,lax5yix5l97irroa,03ajv,ACTIVE
2022-23,10,lax5yix5l97irroa,05qtr,ACTIVE
2022-23,10,lax5yix5l97irroa,0621c,ACTIVE
2022-23,10,lax5yix5l97irroa,05qu9,ACTIVE
2022-23,10,lax5yix5l97irroa,027pe,ACTIVE
2022-23,10,lax5yix5l97irroa,03nwn,ACTIVE
2022-23,10,lax5yix5l97irroa,03e6u,ACTIVE
2022-23,10,lax5yix5l97irroa,05qt0,ACTIVE
2022-23,10,lax5yix5l97irroa,04fj8,ACTIVE
2022-23,10,lax5yix5l97irroa,05qtv,ACTIVE
2022-23,10,lax5yix5l97irroa,04ewm,ACTIVE
2022-23,10,lax5yix5l97irroa,05uj6,ACTIVE
2022-23,10,lax5yix5l97irroa,04ex8,ACTIVE
2022-23,10,lax5yix5l97irroa,03ad3,ACTIVE
2022-23,10,lax5yix5l97irroa,03lg1,ACTIVE
2022-23,10,nygi7tael97irroa,031lx,ACTIVE
2022-23,10,nygi7tael97irroa,03e6s,ACTIVE
2022-23,10,nygi7tael97irroa,03lls,ACTIVE
2022-23,10,nygi7tael97irroa,0015b,ACTIVE
2022-23,10,nygi7tael97irroa,03al0,ACTIVE
2022-23,10,nygi7tael97irroa,03e74,ACTIVE
2022-23,10,nygi7tael97irroa,051oh,ACTIVE
2022-23,10,nygi7tael97irroa,04qsj,ACTIVE
2022-23,10,nygi7tael97irroa,03al2,ACTIVE
2022-23,10,nygi7tael97irroa,05uib,ACTIVE
2022-23,10,nygi7tael97irroa,05qtm,ACTIVE
2022-23,10,nygi7tael97irroa,04qsd,ACTIVE
2022-23,10,nygi7tael97irroa,05qsl,ACTIVE
2022-23,10,nygi7tael97irroa,04qro,ACTIVE
2022-23,10,nygi7tael97irroa,04xdu,ACTIVE
2022-23,10,nygi7tael97irroa,051oj,ACTIVE
2022-23,10,nygi7tael97irroa,02ng4,ACTIVE
2022-23,10,nygi7tael97irroa,042n4,ACTIVE
2022-23,10,nygi7tael97irroa,05uih,ACTIVE
2022-23,10,nygi7tael97irroa,0621g,ACTIVE
2022-23,10,ibf4yutil93mhju7,03r7z,ACTIVE
2022-23,10,ibf4yutil93mhju7,0015e,ACTIVE
2022-23,10,ibf4yutil93mhju7,03aq2,ACTIVE
2022-23,10,ibf4yutil93mhju7,042n7,ACTIVE
2022-23,10,ibf4yutil93mhju7,0496e,ACTIVE
2022-23,10,ibf4yutil93mhju7,04848,ACTIVE
2022-23,10,ibf4yutil93mhju7,027oo,ACTIVE
2022-23,10,ibf4yutil93mhju7,06218,ACTIVE
2022-23,10,ibf4yutil93mhju7,05uin,ACTIVE
2022-23,10,ibf4yutil93mhju7,03ams,ACTIVE
2022-23,10,ibf4yutil93mhju7,03e75,ACTIVE
2022-23,10,ibf4yutil93mhju7,06215,ACTIVE
2022-23,10,ibf4yutil93mhju7,051p8,ACTIVE
2022-23,10,ibf4yutil93mhju7,05qtt,ACTIVE
2022-23,10,ibf4yutil93mhju7,04qrn,ACTIVE
2022-23,10,ibf4yutil93mhju7,05uif,ACTIVE
2022-23,10,ibf4yutil93mhju7,0017e,ACTIVE
2022-23,10,ibf4yutil93mhju7,04azw,ACTIVE
2022-23,10,ibf4yutil93mhju7,02nf9,ACTIVE
2022-23,10,ibf4yutil93mhju7,038ia,ACTIVE
2022-23,10,jk0ke7gol93k5zd7,04ex5,ACTIVE
2022-23,10,jk0ke7gol93k5zd7,05uii,ACTIVE
2022-23,10,jk0ke7gol93k5zd7,051pb,ACTIVE
2022-23,10,jk0ke7gol93k5zd7,04qrm,ACTIVE
2022-23,10,jk0ke7gol93k5zd7,05uid,ACTIVE
2022-23,10,jk0ke7gol93k5zd7,04qs1,ACTIVE
2022-23,10,jk0ke7gol93k5zd7,042n1,ACTIVE
2022-23,10,jk0ke7gol93k5zd7,02nf1,ACTIVE
2022-23,10,jk0ke7gol93k5zd7,05qsq,ACTIVE
2022-23,10,jk0ke7gol93k5zd7,03r7r,ACTIVE
2022-23,10,jk0ke7gol93k5zd7,005ki,ACTIVE
2022-23,10,jk0ke7gol93k5zd7,05qsx,ACTIVE
2022-23,10,jk0ke7gol93k5zd7,05qve,ACTIVE
2022-23,10,jk0ke7gol93k5zd7,03wr4,ACTIVE
2022-23,10,jk0ke7gol93k5zd7,06214,ACTIVE
2022-23,10,jk0ke7gol93k5zd7,031mb,ACTIVE
2022-23,10,jk0ke7gol93k5zd7,05qug,ACTIVE
2022-23,10,jk0ke7gol93k5zd7,031m2,ACTIVE
2022-23,10,jk0ke7gol93k5zd7,027p4,ACTIVE
2022-23,10,jk0ke7gol93k5zd7,038xi,ACTIVE
2022-23,10,pqp9fc6yl93j5xul,05uij,ACTIVE
2022-23,10,pqp9fc6yl93j5xul,05uiq,ACTIVE
2022-23,10,pqp9fc6yl93j5xul,042ne,ACTIVE
2022-23,10,pqp9fc6yl93j5xul,01eo6,ACTIVE
2022-23,10,pqp9fc6yl93j5xul,027oz,ACTIVE
2022-23,10,pqp9fc6yl93j5xul,01eon,ACTIVE
2022-23,10,pqp9fc6yl93j5xul,04ewu,ACTIVE
2022-23,10,pqp9fc6yl93j5xul,051oi,ACTIVE
2022-23,10,pqp9fc6yl93j5xul,04xgj,ACTIVE
2022-23,10,pqp9fc6yl93j5xul,03ad2,ACTIVE
2022-23,10,pqp9fc6yl93j5xul,042nr,ACTIVE
2022-23,10,pqp9fc6yl93j5xul,04ewr,ACTIVE
2022-23,10,pqp9fc6yl93j5xul,051ok,ACTIVE
2022-23,10,pqp9fc6yl93j5xul,042n6,ACTIVE
2022-23,10,pqp9fc6yl93j5xul,05uj4,ACTIVE
2022-23,10,pqp9fc6yl93j5xul,05qud,ACTIVE
2022-23,10,pqp9fc6yl93j5xul,01uz7,ACTIVE
2022-23,10,pqp9fc6yl93j5xul,04qs4,ACTIVE
2022-23,10,pqp9fc6yl93j5xul,04qsa,ACTIVE
2022-23,10,pqp9fc6yl93j5xul,03nwk,ACTIVE
2022-23,11,6bpping1l96ajun5,051pa,ACTIVE
2022-23,11,6bpping1l96ajun5,05qu1,ACTIVE
2022-23,11,6bpping1l96ajun5,031lp,ACTIVE
2022-23,11,6bpping1l96ajun5,051op,ACTIVE
2022-23,11,6bpping1l96ajun5,05qty,ACTIVE
2022-23,11,6bpping1l96ajun5,05ujc,ACTIVE
2022-23,11,6bpping1l96ajun5,05uig,ACTIVE
2022-23,11,6bpping1l96ajun5,005lx,ACTIVE
2022-23,11,6bpping1l96ajun5,03nwm,ACTIVE
2022-23,11,6bpping1l96ajun5,059ca,ACTIVE
2022-23,11,6bpping1l96ajun5,04qse,ACTIVE
2022-23,11,6bpping1l96ajun5,06210,ACTIVE
2022-23,11,6bpping1l96ajun5,027pg,ACTIVE
2022-23,11,6bpping1l96ajun5,02nfz,ACTIVE
2022-23,11,6bpping1l96ajun5,03xmv,ACTIVE
2022-23,11,6bpping1l96ajun5,051p3,ACTIVE
2022-23,11,6bpping1l96ajun5,03ad0,ACTIVE
2022-23,11,6bpping1l96ajun5,027p0,ACTIVE
2022-23,11,6bpping1l96ajun5,051ol,ACTIVE
2022-23,11,6bpping1l96ajun5,05qt3,ACTIVE
2022-23,11,rt1ug69sl97ijzno,03ad4,ACTIVE
2022-23,11,rt1ug69sl97ijzno,042nq,ACTIVE
2022-23,11,rt1ug69sl97ijzno,01ens,ACTIVE
2022-23,11,rt1ug69sl97ijzno,01sc8,ACTIVE
2022-23,11,rt1ug69sl97ijzno,042nw,ACTIVE
2022-23,11,rt1ug69sl97ijzno,04ewt,ACTIVE
2022-23,11,rt1ug69sl97ijzno,031m0,ACTIVE
2022-23,11,rt1ug69sl97ijzno,051pq,ACTIVE
2022-23,11,rt1ug69sl97ijzno,04ewn,ACTIVE
2022-23,11,rt1ug69sl97ijzno,042n3,ACTIVE
2022-23,11,rt1ug69sl97ijzno,03ad7,ACTIVE
2022-23,11,rt1ug69sl97ijzno,042nf,ACTIVE
2022-23,11,rt1ug69sl97ijzno,001aw,ACTIVE
2022-23,11,rt1ug69sl97ijzno,02nf6,ACTIVE
2022-23,11,rt1ug69sl97ijzno,04qsm,ACTIVE
2022-23,11,rt1ug69sl97ijzno,04qrl,ACTIVE
2022-23,11,rt1ug69sl97ijzno,02ym0,ACTIVE
2022-23,11,rt1ug69sl97ijzno,03nwq,ACTIVE
2022-23,11,rt1ug69sl97ijzno,02nf3,ACTIVE
2022-23,11,rt1ug69sl97ijzno,049kd,ACTIVE
2022-23,11,tnykxdccl93mdr11,04qsi,ACTIVE
2022-23,11,tnykxdccl93mdr11,01enh,ACTIVE
2022-23,11,tnykxdccl93mdr11,05qto,ACTIVE
2022-23,11,tnykxdccl93mdr11,05uj9,ACTIVE
2022-23,11,tnykxdccl93mdr11,04qrw,ACTIVE
2022-23,11,tnykxdccl93mdr11,04qrj,ACTIVE
2022-23,11,tnykxdccl93mdr11,03el5,ACTIVE
2022-23,11,tnykxdccl93mdr11,05qtq,ACTIVE
2022-23,11,tnykxdccl93mdr11,0621l,ACTIVE
2022-23,11,tnykxdccl93mdr11,05uie,ACTIVE
2022-23,11,tnykxdccl93mdr11,027p9,ACTIVE
2022-23,11,tnykxdccl93mdr11,05uic,ACTIVE
2022-23,11,tnykxdccl93mdr11,04ex6,ACTIVE
2022-23,11,tnykxdccl93mdr11,06216,ACTIVE
2022-23,11,tnykxdccl93mdr11,04ewf,ACTIVE
2022-23,11,tnykxdccl93mdr11,04qrr,ACTIVE
2022-23,11,tnykxdccl93mdr11,0527l,ACTIVE
2022-23,11,tnykxdccl93mdr11,06213,ACTIVE
2022-23,11,tnykxdccl93mdr11,03al1,ACTIVE
2022-23,11,tnykxdccl93mdr11,051or,ACTIVE
2022-23,11,xa5w57ngl93mbh2g,01enw,ACTIVE
2022-23,11,xa5w57ngl93mbh2g,051p9,ACTIVE
2022-23,11,xa5w57ngl93mbh2g,049kf,ACTIVE
2022-23,11,xa5w57ngl93mbh2g,049ka,ACTIVE
2022-23,11,xa5w57ngl93mbh2g,042nm,ACTIVE
2022-23,11,xa5w57ngl93mbh2g,031lv,ACTIVE
2022-23,11,xa5w57ngl93mbh2g,05uj0,ACTIVE
2022-23,11,xa5w57ngl93mbh2g,049s6,ACTIVE
2022-23,11,xa5w57ngl93mbh2g,03e6n,ACTIVE
2022-23,11,xa5w57ngl93mbh2g,042nt,ACTIVE
2022-23,11,xa5w57ngl93mbh2g,051os,ACTIVE
2022-23,11,xa5w57ngl93mbh2g,05qu5,ACTIVE
2022-23,11,xa5w57ngl93mbh2g,049kb,ACTIVE
2022-23,11,xa5w57ngl93mbh2g,04exe,ACTIVE
2022-23,11,xa5w57ngl93mbh2g,06212,ACTIVE
2022-23,11,xa5w57ngl93mbh2g,04kj6,ACTIVE
2022-23,11,xa5w57ngl93mbh2g,051p1,ACTIVE
2022-23,11,xa5w57ngl93mbh2g,01eo9,ACTIVE
2022-23,11,xa5w57ngl93mbh2g,005kd,ACTIVE
2022-23,11,xa5w57ngl93mbh2g,01uyj,ACTIVE
2022-23,11,gl61mmryl93md0at,000zv,ACTIVE
2022-23,11,gl61mmryl93md0at,04ewe,ACTIVE
2022-23,11,gl61mmryl93md0at,0011e,ACTIVE
2022-23,11,gl61mmryl93md0at,02ng3,ACTIVE
2022-23,11,gl61mmryl93md0at,03byg,ACTIVE
2022-23,11,gl61mmryl93md0at,031m9,ACTIVE
2022-23,11,gl61mmryl93md0at,03nwl,ACTIVE
2022-23,11,gl61mmryl93md0at,051pi,ACTIVE
2022-23,11,gl61mmryl93md0at,005lm,ACTIVE
2022-23,11,gl61mmryl93md0at,03byk,ACTIVE
2022-23,11,gl61mmryl93md0at,027ou,ACTIVE
2022-23,11,gl61mmryl93md0at,049ki,ACTIVE
2022-23,11,gl61mmryl93md0at,05qtl,ACTIVE
2022-23,11,gl61mmryl93md0at,043ib,ACTIVE
2022-23,11,gl61mmryl93md0at,04ewk,ACTIVE
2022-23,11,gl61mmryl93md0at,04qrk,ACTIVE
2022-23,11,gl61mmryl93md0at,031lz,ACTIVE
2022-23,11,gl61mmryl93md0at,02xg9,ACTIVE
2022-23,11,gl61mmryl93md0at,05uiw,ACTIVE
2022-23,11,gl61mmryl93md0at,051ot,ACTIVE
2022-23,11,lax5yix5l97irroa,027oj,ACTIVE
2022-23,11,lax5yix5l97irroa,02nf7,ACTIVE
2022-23,11,lax5yix5l97irroa,005kc,ACTIVE
2022-23,11,lax5yix5l97irroa,05qu0,ACTIVE
2022-23,11,lax5yix5l97irroa,05qub,ACTIVE
2022-23,11,lax5yix5l97irroa,03ajv,ACTIVE
2022-23,11,lax5yix5l97irroa,05qtr,ACTIVE
2022-23,11,lax5yix5l97irroa,0621c,ACTIVE
2022-23,11,lax5yix5l97irroa,05qu9,ACTIVE
2022-23,11,lax5yix5l97irroa,027pe,ACTIVE
2022-23,11,lax5yix5l97irroa,03nwn,ACTIVE
2022-23,11,lax5yix5l97irroa,03e6u,ACTIVE
2022-23,11,lax5yix5l97irroa,05qt0,ACTIVE
2022-23,11,lax5yix5l97irroa,04fj8,ACTIVE
2022-23,11,lax5yix5l97irroa,05qtv,ACTIVE
2022-23,11,lax5yix5l97irroa,04ewm,ACTIVE
2022-23,11,lax5yix5l97irroa,05uj6,ACTIVE
2022-23,11,lax5yix5l97irroa,04ex8,ACTIVE
2022-23,11,lax5yix5l97irroa,03ad3,ACTIVE
2022-23,11,lax5yix5l97irroa,03lg1,ACTIVE
2022-23,11,nygi7tael97irroa,031lx,ACTIVE
2022-23,11,nygi7tael97irroa,03e6s,ACTIVE
2022-23,11,nygi7tael97irroa,03lls,ACTIVE
2022-23,11,nygi7tael97irroa,0015b,ACTIVE
2022-23,11,nygi7tael97irroa,03al0,ACTIVE
2022-23,11,nygi7tael97irroa,03e74,ACTIVE
2022-23,11,nygi7tael97irroa,051oh,ACTIVE
2022-23,11,nygi7tael97irroa,04qsj,ACTIVE
2022-23,11,nygi7tael97irroa,03al2,ACTIVE
2022-23,11,nygi7tael97irroa,05uib,ACTIVE
2022-23,11,nygi7tael97irroa,05qtm,ACTIVE
2022-23,11,nygi7tael97irroa,04qsd,ACTIVE
2022-23,11,nygi7tael97irroa,05qsl,ACTIVE
2022-23,11,nygi7tael97irroa,04qro,ACTIVE
2022-23,11,nygi7tael97irroa,04xdu,ACTIVE
2022-23,11,nygi7tael97irroa,051oj,ACTIVE
2022-23,11,nygi7tael97irroa,02ng4,ACTIVE
2022-23,11,nygi7tael97irroa,042n4,ACTIVE
2022-23,11,nygi7tael97irroa,05uih,ACTIVE
2022-23,11,nygi7tael97irroa,0621g,ACTIVE
2022-23,11,ibf4yutil93mhju7,03r7z,ACTIVE
2022-23,11,ibf4yutil93mhju7,0015e,ACTIVE
2022-23,11,ibf4yutil93mhju7,03aq2,ACTIVE
2022-23,11,ibf4yutil93mhju7,042n7,ACTIVE
2022-23,11,ibf4yutil93mhju7,0496e,ACTIVE
2022-23,11,ibf4yutil93mhju7,04848,ACTIVE
2022-23,11,ibf4yutil93mhju7,027oo,ACTIVE
2022-23,11,ibf4yutil93mhju7,06218,ACTIVE
2022-23,11,ibf4yutil93mhju7,05uin,ACTIVE
2022-23,11,ibf4yutil93mhju7,03ams,ACTIVE
2022-23,11,ibf4yutil93mhju7,03e75,ACTIVE
2022-23,11,ibf4yutil93mhju7,06215,ACTIVE
2022-23,11,ibf4yutil93mhju7,051p8,ACTIVE
2022-23,11,ibf4yutil93mhju7,05qtt,ACTIVE
2022-23,11,ibf4yutil93mhju7,04qrn,ACTIVE
2022-23,11,ibf4yutil93mhju7,05uif,ACTIVE
2022-23,11,ibf4yutil93mhju7,0017e,ACTIVE
2022-23,11,ibf4yutil93mhju7,04azw,ACTIVE
2022-23,11,ibf4yutil93mhju7,02nf9,ACTIVE
2022-23,11,ibf4yutil93mhju7,038ia,ACTIVE
2022-23,11,jk0ke7gol93k5zd7,04ex5,ACTIVE
2022-23,11,jk0ke7gol93k5zd7,05uii,ACTIVE
2022-23,11,jk0ke7gol93k5zd7,051pb,ACTIVE
2022-23,11,jk0ke7gol93k5zd7,04qrm,ACTIVE
2022-23,11,jk0ke7gol93k5zd7,05uid,ACTIVE
2022-23,11,jk0ke7gol93k5zd7,04qs1,ACTIVE
2022-23,11,jk0ke7gol93k5zd7,042n1,ACTIVE
2022-23,11,jk0ke7gol93k5zd7,02nf1,ACTIVE
2022-23,11,jk0ke7gol93k5zd7,05qsq,ACTIVE
2022-23,11,jk0ke7gol93k5zd7,03r7r,ACTIVE
2022-23,11,jk0ke7gol93k5zd7,005ki,ACTIVE
2022-23,11,jk0ke7gol93k5zd7,05qsx,ACTIVE
2022-23,11,jk0ke7gol93k5zd7,05qve,ACTIVE
2022-23,11,jk0ke7gol93k5zd7,03wr4,ACTIVE
2022-23,11,jk0ke7gol93k5zd7,06214,ACTIVE
2022-23,11,jk0ke7gol93k5zd7,031mb,ACTIVE
2022-23,11,jk0ke7gol93k5zd7,05qug,ACTIVE
2022-23,11,jk0ke7gol93k5zd7,031m2,ACTIVE
2022-23,11,jk0ke7gol93k5zd7,027p4,ACTIVE
2022-23,11,jk0ke7gol93k5zd7,038xi,ACTIVE
2022-23,11,pqp9fc6yl93j5xul,05uij,ACTIVE
2022-23,11,pqp9fc6yl93j5xul,05uiq,ACTIVE
2022-23,11,pqp9fc6yl93j5xul,042ne,ACTIVE
2022-23,11,pqp9fc6yl93j5xul,01eo6,ACTIVE
2022-23,11,pqp9fc6yl93j5xul,027oz,ACTIVE
2022-23,11,pqp9fc6yl93j5xul,01eon,ACTIVE
2022-23,11,pqp9fc6yl93j5xul,04ewu,ACTIVE
2022-23,11,pqp9fc6yl93j5xul,051oi,ACTIVE
2022-23,11,pqp9fc6yl93j5xul,04xgj,ACTIVE
2022-23,11,pqp9fc6yl93j5xul,03ad2,ACTIVE
2022-23,11,pqp9fc6yl93j5xul,042nr,ACTIVE
2022-23,11,pqp9fc6yl93j5xul,04ewr,ACTIVE
2022-23,11,pqp9fc6yl93j5xul,051ok,ACTIVE
2022-23,11,pqp9fc6yl93j5xul,042n6,ACTIVE
2022-23,11,pqp9fc6yl93j5xul,05uj4,ACTIVE
2022-23,11,pqp9fc6yl93j5xul,05qud,ACTIVE
2022-23,11,pqp9fc6yl93j5xul,01uz7,ACTIVE
2022-23,11,pqp9fc6yl93j5xul,04qs4,ACTIVE
2022-23,11,pqp9fc6yl93j5xul,04qsa,ACTIVE
2022-23,11,pqp9fc6yl93j5xul,03nwk,ACTIVE
2022-23,12,6bpping1l96ajun5,051pa,ACTIVE
2022-23,12,6bpping1l96ajun5,05qu1,ACTIVE
2022-23,12,6bpping1l96ajun5,031lp,ACTIVE
2022-23,12,6bpping1l96ajun5,051op,ACTIVE
2022-23,12,6bpping1l96ajun5,05qty,ACTIVE
2022-23,12,6bpping1l96ajun5,05ujc,ACTIVE
2022-23,12,6bpping1l96ajun5,05uig,ACTIVE
2022-23,12,6bpping1l96ajun5,005lx,ACTIVE
2022-23,12,6bpping1l96ajun5,03nwm,ACTIVE
2022-23,12,6bpping1l96ajun5,059ca,ACTIVE
2022-23,12,6bpping1l96ajun5,04qse,ACTIVE
2022-23,12,6bpping1l96ajun5,06210,ACTIVE
2022-23,12,6bpping1l96ajun5,027pg,ACTIVE
2022-23,12,6bpping1l96ajun5,02nfz,ACTIVE
2022-23,12,6bpping1l96ajun5,03xmv,ACTIVE
2022-23,12,6bpping1l96ajun5,051p3,ACTIVE
2022-23,12,6bpping1l96ajun5,03ad0,ACTIVE
2022-23,12,6bpping1l96ajun5,027p0,ACTIVE
2022-23,12,6bpping1l96ajun5,051ol,ACTIVE
2022-23,12,6bpping1l96ajun5,05qt3,ACTIVE
2022-23,12,rt1ug69sl97ijzno,03ad4,ACTIVE
2022-23,12,rt1ug69sl97ijzno,042nq,ACTIVE
2022-23,12,rt1ug69sl97ijzno,01ens,ACTIVE
2022-23,12,rt1ug69sl97ijzno,01sc8,ACTIVE
2022-23,12,rt1ug69sl97ijzno,042nw,ACTIVE
2022-23,12,rt1ug69sl97ijzno,04ewt,ACTIVE
2022-23,12,rt1ug69sl97ijzno,031m0,ACTIVE
2022-23,12,rt1ug69sl97ijzno,051pq,ACTIVE
2022-23,12,rt1ug69sl97ijzno,04ewn,ACTIVE
2022-23,12,rt1ug69sl97ijzno,042n3,ACTIVE
2022-23,12,rt1ug69sl97ijzno,03ad7,ACTIVE
2022-23,12,rt1ug69sl97ijzno,042nf,ACTIVE
2022-23,12,rt1ug69sl97ijzno,001aw,ACTIVE
2022-23,12,rt1ug69sl97ijzno,02nf6,ACTIVE
2022-23,12,rt1ug69sl97ijzno,04qsm,ACTIVE
2022-23,12,rt1ug69sl97ijzno,04qrl,ACTIVE
2022-23,12,rt1ug69sl97ijzno,02ym0,ACTIVE
2022-23,12,rt1ug69sl97ijzno,03nwq,ACTIVE
2022-23,12,rt1ug69sl97ijzno,02nf3,ACTIVE
2022-23,12,rt1ug69sl97ijzno,049kd,ACTIVE
2022-23,12,tnykxdccl93mdr11,04qsi,ACTIVE
2022-23,12,tnykxdccl93mdr11,01enh,ACTIVE
2022-23,12,tnykxdccl93mdr11,05qto,ACTIVE
2022-23,12,tnykxdccl93mdr11,05uj9,ACTIVE
2022-23,12,tnykxdccl93mdr11,04qrw,ACTIVE
2022-23,12,tnykxdccl93mdr11,04qrj,ACTIVE
2022-23,12,tnykxdccl93mdr11,03el5,ACTIVE
2022-23,12,tnykxdccl93mdr11,05qtq,ACTIVE
2022-23,12,tnykxdccl93mdr11,0621l,ACTIVE
2022-23,12,tnykxdccl93mdr11,05uie,ACTIVE
2022-23,12,tnykxdccl93mdr11,027p9,ACTIVE
2022-23,12,tnykxdccl93mdr11,05uic,ACTIVE
2022-23,12,tnykxdccl93mdr11,04ex6,ACTIVE
2022-23,12,tnykxdccl93mdr11,06216,ACTIVE
2022-23,12,tnykxdccl93mdr11,04ewf,ACTIVE
2022-23,12,tnykxdccl93mdr11,04qrr,ACTIVE
2022-23,12,tnykxdccl93mdr11,0527l,ACTIVE
2022-23,12,tnykxdccl93mdr11,06213,ACTIVE
2022-23,12,tnykxdccl93mdr11,03al1,ACTIVE
2022-23,12,tnykxdccl93mdr11,051or,ACTIVE
2022-23,12,xa5w57ngl93mbh2g,01enw,ACTIVE
2022-23,12,xa5w57ngl93mbh2g,051p9,ACTIVE
2022-23,12,xa5w57ngl93mbh2g,049kf,ACTIVE
2022-23,12,xa5w57ngl93mbh2g,049ka,ACTIVE
2022-23,12,xa5w57ngl93mbh2g,042nm,ACTIVE
2022-23,12,xa5w57ngl93mbh2g,031lv,ACTIVE
2022-23,12,xa5w57ngl93mbh2g,05uj0,ACTIVE
2022-23,12,xa5w57ngl93mbh2g,049s6,ACTIVE
2022-23,12,xa5w57ngl93mbh2g,03e6n,ACTIVE
2022-23,12,xa5w57ngl93mbh2g,042nt,ACTIVE
2022-23,12,xa5w57ngl93mbh2g,051os,ACTIVE
2022-23,12,xa5w57ngl93mbh2g,05qu5,ACTIVE
2022-23,12,xa5w57ngl93mbh2g,049kb,ACTIVE
2022-23,12,xa5w57ngl93mbh2g,04exe,ACTIVE
2022-23,12,xa5w57ngl93mbh2g,06212,ACTIVE
2022-23,12,xa5w57ngl93mbh2g,04kj6,ACTIVE
2022-23,12,xa5w57ngl93mbh2g,051p1,ACTIVE
2022-23,12,xa5w57ngl93mbh2g,01eo9,ACTIVE
2022-23,12,xa5w57ngl93mbh2g,005kd,ACTIVE
2022-23,12,xa5w57ngl93mbh2g,01uyj,ACTIVE
2022-23,12,gl61mmryl93md0at,000zv,ACTIVE
2022-23,12,gl61mmryl93md0at,04ewe,ACTIVE
2022-23,12,gl61mmryl93md0at,0011e,ACTIVE
2022-23,12,gl61mmryl93md0at,02ng3,ACTIVE
2022-23,12,gl61mmryl93md0at,03byg,ACTIVE
2022-23,12,gl61mmryl93md0at,031m9,ACTIVE
2022-23,12,gl61mmryl93md0at,03nwl,ACTIVE
2022-23,12,gl61mmryl93md0at,051pi,ACTIVE
2022-23,12,gl61mmryl93md0at,005lm,ACTIVE
2022-23,12,gl61mmryl93md0at,03byk,ACTIVE
2022-23,12,gl61mmryl93md0at,027ou,ACTIVE
2022-23,12,gl61mmryl93md0at,049ki,ACTIVE
2022-23,12,gl61mmryl93md0at,05qtl,ACTIVE
2022-23,12,gl61mmryl93md0at,043ib,ACTIVE
2022-23,12,gl61mmryl93md0at,04ewk,ACTIVE
2022-23,12,gl61mmryl93md0at,04qrk,ACTIVE
2022-23,12,gl61mmryl93md0at,031lz,ACTIVE
2022-23,12,gl61mmryl93md0at,02xg9,ACTIVE
2022-23,12,gl61mmryl93md0at,05uiw,ACTIVE
2022-23,12,gl61mmryl93md0at,051ot,ACTIVE
2022-23,12,lax5yix5l97irroa,027oj,ACTIVE
2022-23,12,lax5yix5l97irroa,02nf7,ACTIVE
2022-23,12,lax5yix5l97irroa,005kc,ACTIVE
2022-23,12,lax5yix5l97irroa,05qu0,ACTIVE
2022-23,12,lax5yix5l97irroa,05qub,ACTIVE
2022-23,12,lax5yix5l97irroa,03ajv,ACTIVE
2022-23,12,lax5yix5l97irroa,05qtr,ACTIVE
2022-23,12,lax5yix5l97irroa,0621c,ACTIVE
2022-23,12,lax5yix5l97irroa,05qu9,ACTIVE
2022-23,12,lax5yix5l97irroa,027pe,ACTIVE
2022-23,12,lax5yix5l97irroa,03nwn,ACTIVE
2022-23,12,lax5yix5l97irroa,03e6u,ACTIVE
2022-23,12,lax5yix5l97irroa,05qt0,ACTIVE
2022-23,12,lax5yix5l97irroa,04fj8,ACTIVE
2022-23,12,lax5yix5l97irroa,05qtv,ACTIVE
2022-23,12,lax5yix5l97irroa,04ewm,ACTIVE
2022-23,12,lax5yix5l97irroa,05uj6,ACTIVE
2022-23,12,lax5yix5l97irroa,04ex8,ACTIVE
2022-23,12,lax5yix5l97irroa,03ad3,ACTIVE
2022-23,12,lax5yix5l97irroa,03lg1,ACTIVE
2022-23,12,nygi7tael97irroa,031lx,ACTIVE
2022-23,12,nygi7tael97irroa,03e6s,ACTIVE
2022-23,12,nygi7tael97irroa,03lls,ACTIVE
2022-23,12,nygi7tael97irroa,0015b,ACTIVE
2022-23,12,nygi7tael97irroa,03al0,ACTIVE
2022-23,12,nygi7tael97irroa,03e74,ACTIVE
2022-23,12,nygi7tael97irroa,051oh,ACTIVE
2022-23,12,nygi7tael97irroa,04qsj,ACTIVE
2022-23,12,nygi7tael97irroa,03al2,ACTIVE
2022-23,12,nygi7tael97irroa,05uib,ACTIVE
2022-23,12,nygi7tael97irroa,05qtm,ACTIVE
2022-23,12,nygi7tael97irroa,04qsd,ACTIVE
2022-23,12,nygi7tael97irroa,05qsl,ACTIVE
2022-23,12,nygi7tael97irroa,04qro,ACTIVE
2022-23,12,nygi7tael97irroa,04xdu,ACTIVE
2022-23,12,nygi7tael97irroa,051oj,ACTIVE
2022-23,12,nygi7tael97irroa,02ng4,ACTIVE
2022-23,12,nygi7tael97irroa,042n4,ACTIVE
2022-23,12,nygi7tael97irroa,05uih,ACTIVE
2022-23,12,nygi7tael97irroa,0621g,ACTIVE
2022-23,12,ibf4yutil93mhju7,03r7z,ACTIVE
2022-23,12,ibf4yutil93mhju7,0015e,ACTIVE
2022-23,12,ibf4yutil93mhju7,03aq2,ACTIVE
2022-23,12,ibf4yutil93mhju7,042n7,ACTIVE
2022-23,12,ibf4yutil93mhju7,0496e,ACTIVE
2022-23,12,ibf4yutil93mhju7,04848,ACTIVE
2022-23,12,ibf4yutil93mhju7,027oo,ACTIVE
2022-23,12,ibf4yutil93mhju7,06218,ACTIVE
2022-23,12,ibf4yutil93mhju7,05uin,ACTIVE
2022-23,12,ibf4yutil93mhju7,03ams,ACTIVE
2022-23,12,ibf4yutil93mhju7,03e75,ACTIVE
2022-23,12,ibf4yutil93mhju7,06215,ACTIVE
2022-23,12,ibf4yutil93mhju7,051p8,ACTIVE
2022-23,12,ibf4yutil93mhju7,05qtt,ACTIVE
2022-23,12,ibf4yutil93mhju7,04qrn,ACTIVE
2022-23,12,ibf4yutil93mhju7,05uif,ACTIVE
2022-23,12,ibf4yutil93mhju7,0017e,ACTIVE
2022-23,12,ibf4yutil93mhju7,04azw,ACTIVE
2022-23,12,ibf4yutil93mhju7,02nf9,ACTIVE
2022-23,12,ibf4yutil93mhju7,038ia,ACTIVE
2022-23,12,jk0ke7gol93k5zd7,04ex5,ACTIVE
2022-23,12,jk0ke7gol93k5zd7,05uii,ACTIVE
2022-23,12,jk0ke7gol93k5zd7,051pb,ACTIVE
2022-23,12,jk0ke7gol93k5zd7,04qrm,ACTIVE
2022-23,12,jk0ke7gol93k5zd7,05uid,ACTIVE
2022-23,12,jk0ke7gol93k5zd7,04qs1,ACTIVE
2022-23,12,jk0ke7gol93k5zd7,042n1,ACTIVE
2022-23,12,jk0ke7gol93k5zd7,02nf1,ACTIVE
2022-23,12,jk0ke7gol93k5zd7,05qsq,ACTIVE
2022-23,12,jk0ke7gol93k5zd7,03r7r,ACTIVE
2022-23,12,jk0ke7gol93k5zd7,005ki,ACTIVE
2022-23,12,jk0ke7gol93k5zd7,05qsx,ACTIVE
2022-23,12,jk0ke7gol93k5zd7,05qve,ACTIVE
2022-23,12,jk0ke7gol93k5zd7,03wr4,ACTIVE
2022-23,12,jk0ke7gol93k5zd7,06214,ACTIVE
2022-23,12,jk0ke7gol93k5zd7,031mb,ACTIVE
2022-23,12,jk0ke7gol93k5zd7,05qug,ACTIVE
2022-23,12,jk0ke7gol93k5zd7,031m2,ACTIVE
2022-23,12,jk0ke7gol93k5zd7,027p4,ACTIVE
2022-23,12,jk0ke7gol93k5zd7,038xi,ACTIVE
2022-23,12,pqp9fc6yl93j5xul,05uij,ACTIVE
2022-23,12,pqp9fc6yl93j5xul,05uiq,ACTIVE
2022-23,12,pqp9fc6yl93j5xul,042ne,ACTIVE
2022-23,12,pqp9fc6yl93j5xul,01eo6,ACTIVE
2022-23,12,pqp9fc6yl93j5xul,027oz,ACTIVE
2022-23,12,pqp9fc6yl93j5xul,01eon,ACTIVE
2022-23,12,pqp9fc6yl93j5xul,04ewu,ACTIVE
2022-23,12,pqp9fc6yl93j5xul,051oi,ACTIVE
2022-23,12,pqp9fc6yl93j5xul,04xgj,ACTIVE
2022-23,12,pqp9fc6yl93j5xul,03ad2,ACTIVE
2022-23,12,pqp9fc6yl93j5xul,042nr,ACTIVE
2022-23,12,pqp9fc6yl93j5xul,04ewr,ACTIVE
2022-23,12,pqp9fc6yl93j5xul,051ok,ACTIVE
2022-23,12,pqp9fc6yl93j5xul,042n6,ACTIVE
2022-23,12,pqp9fc6yl93j5xul,05uj4,ACTIVE
2022-23,12,pqp9fc6yl93j5xul,05qud,ACTIVE
2022-23,12,pqp9fc6yl93j5xul,01uz7,ACTIVE
2022-23,12,pqp9fc6yl93j5xul,04qs4,ACTIVE
2022-23,12,pqp9fc6yl93j5xul,04qsa,ACTIVE
2022-23,12,pqp9fc6yl93j5xul,03nwk,ACTIVE
2022-23,13,6bpping1l96ajun5,051pa,ACTIVE
2022-23,13,6bpping1l96ajun5,05qu1,ACTIVE
2022-23,13,6bpping1l96ajun5,031lp,ACTIVE
2022-23,13,6bpping1l96ajun5,051op,ACTIVE
2022-23,13,6bpping1l96ajun5,05qty,ACTIVE
2022-23,13,6bpping1l96ajun5,05ujc,ACTIVE
2022-23,13,6bpping1l96ajun5,05uig,ACTIVE
2022-23,13,6bpping1l96ajun5,005lx,ACTIVE
2022-23,13,6bpping1l96ajun5,03nwm,ACTIVE
2022-23,13,6bpping1l96ajun5,059ca,ACTIVE
2022-23,13,6bpping1l96ajun5,04qse,ACTIVE
2022-23,13,6bpping1l96ajun5,06210,ACTIVE
2022-23,13,6bpping1l96ajun5,027pg,ACTIVE
2022-23,13,6bpping1l96ajun5,02nfz,ACTIVE
2022-23,13,6bpping1l96ajun5,03xmv,ACTIVE
2022-23,13,6bpping1l96ajun5,051p3,ACTIVE
2022-23,13,6bpping1l96ajun5,03ad0,ACTIVE
2022-23,13,6bpping1l96ajun5,027p0,ACTIVE
2022-23,13,6bpping1l96ajun5,051ol,ACTIVE
2022-23,13,6bpping1l96ajun5,05qt3,ACTIVE
2022-23,13,rt1ug69sl97ijzno,03ad4,ACTIVE
2022-23,13,rt1ug69sl97ijzno,042nq,ACTIVE
2022-23,13,rt1ug69sl97ijzno,01ens,ACTIVE
2022-23,13,rt1ug69sl97ijzno,01sc8,ACTIVE
2022-23,13,rt1ug69sl97ijzno,042nw,ACTIVE
2022-23,13,rt1ug69sl97ijzno,04ewt,ACTIVE
2022-23,13,rt1ug69sl97ijzno,031m0,ACTIVE
2022-23,13,rt1ug69sl97ijzno,051pq,ACTIVE
2022-23,13,rt1ug69sl97ijzno,04ewn,ACTIVE
2022-23,13,rt1ug69sl97ijzno,042n3,ACTIVE
2022-23,13,rt1ug69sl97ijzno,03ad7,ACTIVE
2022-23,13,rt1ug69sl97ijzno,042nf,ACTIVE
2022-23,13,rt1ug69sl97ijzno,001aw,ACTIVE
2022-23,13,rt1ug69sl97ijzno,02nf6,ACTIVE
2022-23,13,rt1ug69sl97ijzno,04qsm,ACTIVE
2022-23,13,rt1ug69sl97ijzno,04qrl,ACTIVE
2022-23,13,rt1ug69sl97ijzno,02ym0,ACTIVE
2022-23,13,rt1ug69sl97ijzno,03nwq,ACTIVE
2022-23,13,rt1ug69sl97ijzno,02nf3,ACTIVE
2022-23,13,rt1ug69sl97ijzno,049kd,ACTIVE
2022-23,13,tnykxdccl93mdr11,04qsi,ACTIVE
2022-23,13,tnykxdccl93mdr11,01enh,ACTIVE
2022-23,13,tnykxdccl93mdr11,05qto,ACTIVE
2022-23,13,tnykxdccl93mdr11,05uj9,ACTIVE
2022-23,13,tnykxdccl93mdr11,04qrw,ACTIVE
2022-23,13,tnykxdccl93mdr11,04qrj,ACTIVE
2022-23,13,tnykxdccl93mdr11,03el5,ACTIVE
2022-23,13,tnykxdccl93mdr11,05qtq,ACTIVE
2022-23,13,tnykxdccl93mdr11,0621l,ACTIVE
2022-23,13,tnykxdccl93mdr11,05uie,ACTIVE
2022-23,13,tnykxdccl93mdr11,027p9,ACTIVE
2022-23,13,tnykxdccl93mdr11,05uic,ACTIVE
2022-23,13,tnykxdccl93mdr11,04ex6,ACTIVE
2022-23,13,tnykxdccl93mdr11,06216,ACTIVE
2022-23,13,tnykxdccl93mdr11,04ewf,ACTIVE
2022-23,13,tnykxdccl93mdr11,04qrr,ACTIVE
2022-23,13,tnykxdccl93mdr11,0527l,ACTIVE
2022-23,13,tnykxdccl93mdr11,06213,ACTIVE
2022-23,13,tnykxdccl93mdr11,03al1,ACTIVE
2022-23,13,tnykxdccl93mdr11,051or,ACTIVE
2022-23,13,xa5w57ngl93mbh2g,01enw,ACTIVE
2022-23,13,xa5w57ngl93mbh2g,051p9,ACTIVE
2022-23,13,xa5w57ngl93mbh2g,049kf,ACTIVE
2022-23,13,xa5w57ngl93mbh2g,049ka,ACTIVE
2022-23,13,xa5w57ngl93mbh2g,042nm,ACTIVE
2022-23,13,xa5w57ngl93mbh2g,031lv,ACTIVE
2022-23,13,xa5w57ngl93mbh2g,05uj0,ACTIVE
2022-23,13,xa5w57ngl93mbh2g,049s6,ACTIVE
2022-23,13,xa5w57ngl93mbh2g,03e6n,ACTIVE
2022-23,13,xa5w57ngl93mbh2g,042nt,ACTIVE
2022-23,13,xa5w57ngl93mbh2g,051os,ACTIVE
2022-23,13,xa5w57ngl93mbh2g,05qu5,ACTIVE
2022-23,13,xa5w57ngl93mbh2g,049kb,ACTIVE
2022-23,13,xa5w57ngl93mbh2g,04exe,ACTIVE
2022-23,13,xa5w57ngl93mbh2g,06212,ACTIVE
2022-23,13,xa5w57ngl93mbh2g,04kj6,ACTIVE
2022-23,13,xa5w57ngl93mbh2g,051p1,ACTIVE
2022-23,13,xa5w57ngl93mbh2g,01eo9,ACTIVE
2022-23,13,xa5w57ngl93mbh2g,005kd,ACTIVE
2022-23,13,xa5w57ngl93mbh2g,01uyj,ACTIVE
2022-23,13,gl61mmryl93md0at,000zv,ACTIVE
2022-23,13,gl61mmryl93md0at,04ewe,ACTIVE
2022-23,13,gl61mmryl93md0at,0011e,ACTIVE
2022-23,13,gl61mmryl93md0at,02ng3,ACTIVE
2022-23,13,gl61mmryl93md0at,03byg,ACTIVE
2022-23,13,gl61mmryl93md0at,031m9,ACTIVE
2022-23,13,gl61mmryl93md0at,03nwl,ACTIVE
2022-23,13,gl61mmryl93md0at,051pi,ACTIVE
2022-23,13,gl61mmryl93md0at,005lm,ACTIVE
2022-23,13,gl61mmryl93md0at,03byk,ACTIVE
2022-23,13,gl61mmryl93md0at,027ou,ACTIVE
2022-23,13,gl61mmryl93md0at,049ki,ACTIVE
2022-23,13,gl61mmryl93md0at,05qtl,ACTIVE
2022-23,13,gl61mmryl93md0at,043ib,ACTIVE
2022-23,13,gl61mmryl93md0at,04ewk,ACTIVE
2022-23,13,gl61mmryl93md0at,04qrk,ACTIVE
2022-23,13,gl61mmryl93md0at,031lz,ACTIVE
2022-23,13,gl61mmryl93md0at,02xg9,ACTIVE
2022-23,13,gl61mmryl93md0at,05uiw,ACTIVE
2022-23,13,gl61mmryl93md0at,051ot,ACTIVE
2022-23,13,lax5yix5l97irroa,027oj,ACTIVE
2022-23,13,lax5yix5l97irroa,02nf7,ACTIVE
2022-23,13,lax5yix5l97irroa,005kc,ACTIVE
2022-23,13,lax5yix5l97irroa,05qu0,ACTIVE
2022-23,13,lax5yix5l97irroa,05qub,ACTIVE
2022-23,13,lax5yix5l97irroa,03ajv,ACTIVE
2022-23,13,lax5yix5l97irroa,05qtr,ACTIVE
2022-23,13,lax5yix5l97irroa,0621c,ACTIVE
2022-23,13,lax5yix5l97irroa,05qu9,ACTIVE
2022-23,13,lax5yix5l97irroa,027pe,ACTIVE
2022-23,13,lax5yix5l97irroa,03nwn,ACTIVE
2022-23,13,lax5yix5l97irroa,03e6u,ACTIVE
2022-23,13,lax5yix5l97irroa,05qt0,ACTIVE
2022-23,13,lax5yix5l97irroa,04fj8,ACTIVE
2022-23,13,lax5yix5l97irroa,05qtv,ACTIVE
2022-23,13,lax5yix5l97irroa,04ewm,ACTIVE
2022-23,13,lax5yix5l97irroa,05uj6,ACTIVE
2022-23,13,lax5yix5l97irroa,04ex8,ACTIVE
2022-23,13,lax5yix5l97irroa,03ad3,ACTIVE
2022-23,13,lax5yix5l97irroa,03lg1,ACTIVE
2022-23,13,nygi7tael97irroa,031lx,ACTIVE
2022-23,13,nygi7tael97irroa,03e6s,ACTIVE
2022-23,13,nygi7tael97irroa,03lls,ACTIVE
2022-23,13,nygi7tael97irroa,0015b,ACTIVE
2022-23,13,nygi7tael97irroa,03al0,ACTIVE
2022-23,13,nygi7tael97irroa,03e74,ACTIVE
2022-23,13,nygi7tael97irroa,051oh,ACTIVE
2022-23,13,nygi7tael97irroa,04qsj,ACTIVE
2022-23,13,nygi7tael97irroa,03al2,ACTIVE
2022-23,13,nygi7tael97irroa,05uib,ACTIVE
2022-23,13,nygi7tael97irroa,05qtm,ACTIVE
2022-23,13,nygi7tael97irroa,04qsd,ACTIVE
2022-23,13,nygi7tael97irroa,05qsl,ACTIVE
2022-23,13,nygi7tael97irroa,04qro,ACTIVE
2022-23,13,nygi7tael97irroa,04xdu,ACTIVE
2022-23,13,nygi7tael97irroa,051oj,ACTIVE
2022-23,13,nygi7tael97irroa,02ng4,ACTIVE
2022-23,13,nygi7tael97irroa,042n4,ACTIVE
2022-23,13,nygi7tael97irroa,05uih,ACTIVE
2022-23,13,nygi7tael97irroa,0621g,ACTIVE
2022-23,13,ibf4yutil93mhju7,03r7z,ACTIVE
2022-23,13,ibf4yutil93mhju7,0015e,ACTIVE
2022-23,13,ibf4yutil93mhju7,03aq2,ACTIVE
2022-23,13,ibf4yutil93mhju7,042n7,ACTIVE
2022-23,13,ibf4yutil93mhju7,0496e,ACTIVE
2022-23,13,ibf4yutil93mhju7,04848,ACTIVE
2022-23,13,ibf4yutil93mhju7,027oo,ACTIVE
2022-23,13,ibf4yutil93mhju7,06218,ACTIVE
2022-23,13,ibf4yutil93mhju7,05uin,ACTIVE
2022-23,13,ibf4yutil93mhju7,03ams,ACTIVE
2022-23,13,ibf4yutil93mhju7,03e75,ACTIVE
2022-23,13,ibf4yutil93mhju7,06215,ACTIVE
2022-23,13,ibf4yutil93mhju7,051p8,ACTIVE
2022-23,13,ibf4yutil93mhju7,05qtt,ACTIVE
2022-23,13,ibf4yutil93mhju7,04qrn,ACTIVE
2022-23,13,ibf4yutil93mhju7,05uif,ACTIVE
2022-23,13,ibf4yutil93mhju7,0017e,ACTIVE
2022-23,13,ibf4yutil93mhju7,04azw,ACTIVE
2022-23,13,ibf4yutil93mhju7,02nf9,ACTIVE
2022-23,13,ibf4yutil93mhju7,038ia,ACTIVE
2022-23,13,jk0ke7gol93k5zd7,04ex5,ACTIVE
2022-23,13,jk0ke7gol93k5zd7,05uii,ACTIVE
2022-23,13,jk0ke7gol93k5zd7,051pb,ACTIVE
2022-23,13,jk0ke7gol93k5zd7,04qrm,ACTIVE
2022-23,13,jk0ke7gol93k5zd7,05uid,ACTIVE
2022-23,13,jk0ke7gol93k5zd7,04qs1,ACTIVE
2022-23,13,jk0ke7gol93k5zd7,042n1,ACTIVE
2022-23,13,jk0ke7gol93k5zd7,02nf1,ACTIVE
2022-23,13,jk0ke7gol93k5zd7,05qsq,ACTIVE
2022-23,13,jk0ke7gol93k5zd7,03r7r,ACTIVE
2022-23,13,jk0ke7gol93k5zd7,005ki,ACTIVE
2022-23,13,jk0ke7gol93k5zd7,05qsx,ACTIVE
2022-23,13,jk0ke7gol93k5zd7,05qve,ACTIVE
2022-23,13,jk0ke7gol93k5zd7,03wr4,ACTIVE
2022-23,13,jk0ke7gol93k5zd7,06214,ACTIVE
2022-23,13,jk0ke7gol93k5zd7,031mb,ACTIVE
2022-23,13,jk0ke7gol93k5zd7,05qug,ACTIVE
2022-23,13,jk0ke7gol93k5zd7,031m2,ACTIVE
2022-23,13,jk0ke7gol93k5zd7,027p4,ACTIVE
2022-23,13,jk0ke7gol93k5zd7,038xi,ACTIVE
2022-23,13,pqp9fc6yl93j5xul,05uij,ACTIVE
2022-23,13,pqp9fc6yl93j5xul,05uiq,ACTIVE
2022-23,13,pqp9fc6yl93j5xul,042ne,ACTIVE
2022-23,13,pqp9fc6yl93j5xul,01eo6,ACTIVE
2022-23,13,pqp9fc6yl93j5xul,027oz,ACTIVE
2022-23,13,pqp9fc6yl93j5xul,01eon,ACTIVE
2022-23,13,pqp9fc6yl93j5xul,04ewu,ACTIVE
2022-23,13,pqp9fc6yl93j5xul,051oi,ACTIVE
2022-23,13,pqp9fc6yl93j5xul,04xgj,ACTIVE
2022-23,13,pqp9fc6yl93j5xul,03ad2,ACTIVE
2022-23,13,pqp9fc6yl93j5xul,042nr,ACTIVE
2022-23,13,pqp9fc6yl93j5xul,04ewr,ACTIVE
2022-23,13,pqp9fc6yl93j5xul,051ok,ACTIVE
2022-23,13,pqp9fc6yl93j5xul,042n6,ACTIVE
2022-23,13,pqp9fc6yl93j5xul,05uj4,ACTIVE
2022-23,13,pqp9fc6yl93j5xul,05qud,ACTIVE
2022-23,13,pqp9fc6yl93j5xul,01uz7,ACTIVE
2022-23,13,pqp9fc6yl93j5xul,04qs4,ACTIVE
2022-23,13,pqp9fc6yl93j5xul,04qsa,ACTIVE
2022-23,13,pqp9fc6yl93j5xul,03nwk,ACTIVE
2022-23,14,6bpping1l96ajun5,051pa,ACTIVE
2022-23,14,6bpping1l96ajun5,05qu1,ACTIVE
2022-23,14,6bpping1l96ajun5,031lp,ACTIVE
2022-23,14,6bpping1l96ajun5,051op,ACTIVE
2022-23,14,6bpping1l96ajun5,05qty,ACTIVE
2022-23,14,6bpping1l96ajun5,05ujc,ACTIVE
2022-23,14,6bpping1l96ajun5,05uig,ACTIVE
2022-23,14,6bpping1l96ajun5,005lx,ACTIVE
2022-23,14,6bpping1l96ajun5,03nwm,ACTIVE
2022-23,14,6bpping1l96ajun5,059ca,ACTIVE
2022-23,14,6bpping1l96ajun5,04qse,ACTIVE
2022-23,14,6bpping1l96ajun5,06210,ACTIVE
2022-23,14,6bpping1l96ajun5,027pg,ACTIVE
2022-23,14,6bpping1l96ajun5,02nfz,ACTIVE
2022-23,14,6bpping1l96ajun5,03xmv,ACTIVE
2022-23,14,6bpping1l96ajun5,051p3,ACTIVE
2022-23,14,6bpping1l96ajun5,03ad0,ACTIVE
2022-23,14,6bpping1l96ajun5,027p0,ACTIVE
2022-23,14,6bpping1l96ajun5,051ol,ACTIVE
2022-23,14,6bpping1l96ajun5,05qt3,ACTIVE
2022-23,14,rt1ug69sl97ijzno,03ad4,ACTIVE
2022-23,14,rt1ug69sl97ijzno,042nq,ACTIVE
2022-23,14,rt1ug69sl97ijzno,01ens,ACTIVE
2022-23,14,rt1ug69sl97ijzno,01sc8,ACTIVE
2022-23,14,rt1ug69sl97ijzno,042nw,ACTIVE
2022-23,14,rt1ug69sl97ijzno,04ewt,ACTIVE
2022-23,14,rt1ug69sl97ijzno,031m0,ACTIVE
2022-23,14,rt1ug69sl97ijzno,051pq,ACTIVE
2022-23,14,rt1ug69sl97ijzno,04ewn,ACTIVE
2022-23,14,rt1ug69sl97ijzno,042n3,ACTIVE
2022-23,14,rt1ug69sl97ijzno,03ad7,ACTIVE
2022-23,14,rt1ug69sl97ijzno,042nf,ACTIVE
2022-23,14,rt1ug69sl97ijzno,001aw,ACTIVE
2022-23,14,rt1ug69sl97ijzno,02nf6,ACTIVE
2022-23,14,rt1ug69sl97ijzno,04qsm,ACTIVE
2022-23,14,rt1ug69sl97ijzno,04qrl,ACTIVE
2022-23,14,rt1ug69sl97ijzno,02ym0,ACTIVE
2022-23,14,rt1ug69sl97ijzno,03nwq,ACTIVE
2022-23,14,rt1ug69sl97ijzno,02nf3,ACTIVE
2022-23,14,rt1ug69sl97ijzno,049kd,ACTIVE
2022-23,14,tnykxdccl93mdr11,04qsi,ACTIVE
2022-23,14,tnykxdccl93mdr11,01enh,ACTIVE
2022-23,14,tnykxdccl93mdr11,05qto,ACTIVE
2022-23,14,tnykxdccl93mdr11,05uj9,ACTIVE
2022-23,14,tnykxdccl93mdr11,04qrw,ACTIVE
2022-23,14,tnykxdccl93mdr11,04qrj,ACTIVE
2022-23,14,tnykxdccl93mdr11,03el5,ACTIVE
2022-23,14,tnykxdccl93mdr11,05qtq,ACTIVE
2022-23,14,tnykxdccl93mdr11,0621l,ACTIVE
2022-23,14,tnykxdccl93mdr11,05uie,ACTIVE
2022-23,14,tnykxdccl93mdr11,027p9,ACTIVE
2022-23,14,tnykxdccl93mdr11,05uic,ACTIVE
2022-23,14,tnykxdccl93mdr11,04ex6,ACTIVE
2022-23,14,tnykxdccl93mdr11,06216,ACTIVE
2022-23,14,tnykxdccl93mdr11,04ewf,ACTIVE
2022-23,14,tnykxdccl93mdr11,04qrr,ACTIVE
2022-23,14,tnykxdccl93mdr11,0527l,ACTIVE
2022-23,14,tnykxdccl93mdr11,06213,ACTIVE
2022-23,14,tnykxdccl93mdr11,03al1,ACTIVE
2022-23,14,tnykxdccl93mdr11,051or,ACTIVE
2022-23,14,xa5w57ngl93mbh2g,01enw,ACTIVE
2022-23,14,xa5w57ngl93mbh2g,051p9,ACTIVE
2022-23,14,xa5w57ngl93mbh2g,049kf,ACTIVE
2022-23,14,xa5w57ngl93mbh2g,049ka,ACTIVE
2022-23,14,xa5w57ngl93mbh2g,042nm,ACTIVE
2022-23,14,xa5w57ngl93mbh2g,031lv,ACTIVE
2022-23,14,xa5w57ngl93mbh2g,05uj0,ACTIVE
2022-23,14,xa5w57ngl93mbh2g,049s6,ACTIVE
2022-23,14,xa5w57ngl93mbh2g,03e6n,ACTIVE
2022-23,14,xa5w57ngl93mbh2g,042nt,ACTIVE
2022-23,14,xa5w57ngl93mbh2g,051os,ACTIVE
2022-23,14,xa5w57ngl93mbh2g,05qu5,ACTIVE
2022-23,14,xa5w57ngl93mbh2g,049kb,ACTIVE
2022-23,14,xa5w57ngl93mbh2g,04exe,ACTIVE
2022-23,14,xa5w57ngl93mbh2g,06212,ACTIVE
2022-23,14,xa5w57ngl93mbh2g,04kj6,ACTIVE
2022-23,14,xa5w57ngl93mbh2g,051p1,ACTIVE
2022-23,14,xa5w57ngl93mbh2g,01eo9,ACTIVE
2022-23,14,xa5w57ngl93mbh2g,005kd,ACTIVE
2022-23,14,xa5w57ngl93mbh2g,01uyj,ACTIVE
2022-23,14,gl61mmryl93md0at,000zv,ACTIVE
2022-23,14,gl61mmryl93md0at,04ewe,ACTIVE
2022-23,14,gl61mmryl93md0at,0011e,ACTIVE
2022-23,14,gl61mmryl93md0at,02ng3,ACTIVE
2022-23,14,gl61mmryl93md0at,03byg,ACTIVE
2022-23,14,gl61mmryl93md0at,031m9,ACTIVE
2022-23,14,gl61mmryl93md0at,03nwl,ACTIVE
2022-23,14,gl61mmryl93md0at,051pi,ACTIVE
2022-23,14,gl61mmryl93md0at,005lm,ACTIVE
2022-23,14,gl61mmryl93md0at,03byk,ACTIVE
2022-23,14,gl61mmryl93md0at,027ou,ACTIVE
2022-23,14,gl61mmryl93md0at,049ki,ACTIVE
2022-23,14,gl61mmryl93md0at,05qtl,ACTIVE
2022-23,14,gl61mmryl93md0at,043ib,ACTIVE
2022-23,14,gl61mmryl93md0at,04ewk,ACTIVE
2022-23,14,gl61mmryl93md0at,04qrk,ACTIVE
2022-23,14,gl61mmryl93md0at,031lz,ACTIVE
2022-23,14,gl61mmryl93md0at,02xg9,ACTIVE
2022-23,14,gl61mmryl93md0at,05uiw,ACTIVE
2022-23,14,gl61mmryl93md0at,051ot,ACTIVE
2022-23,14,lax5yix5l97irroa,027oj,ACTIVE
2022-23,14,lax5yix5l97irroa,02nf7,ACTIVE
2022-23,14,lax5yix5l97irroa,005kc,ACTIVE
2022-23,14,lax5yix5l97irroa,05qu0,ACTIVE
2022-23,14,lax5yix5l97irroa,05qub,ACTIVE
2022-23,14,lax5yix5l97irroa,03ajv,ACTIVE
2022-23,14,lax5yix5l97irroa,05qtr,ACTIVE
2022-23,14,lax5yix5l97irroa,0621c,ACTIVE
2022-23,14,lax5yix5l97irroa,05qu9,ACTIVE
2022-23,14,lax5yix5l97irroa,027pe,ACTIVE
2022-23,14,lax5yix5l97irroa,03nwn,ACTIVE
2022-23,14,lax5yix5l97irroa,03e6u,ACTIVE
2022-23,14,lax5yix5l97irroa,05qt0,ACTIVE
2022-23,14,lax5yix5l97irroa,04fj8,ACTIVE
2022-23,14,lax5yix5l97irroa,05qtv,ACTIVE
2022-23,14,lax5yix5l97irroa,04ewm,ACTIVE
2022-23,14,lax5yix5l97irroa,05uj6,ACTIVE
2022-23,14,lax5yix5l97irroa,04ex8,ACTIVE
2022-23,14,lax5yix5l97irroa,03ad3,ACTIVE
2022-23,14,lax5yix5l97irroa,03lg1,ACTIVE
2022-23,14,nygi7tael97irroa,031lx,ACTIVE
2022-23,14,nygi7tael97irroa,03e6s,ACTIVE
2022-23,14,nygi7tael97irroa,03lls,ACTIVE
2022-23,14,nygi7tael97irroa,0015b,ACTIVE
2022-23,14,nygi7tael97irroa,03al0,ACTIVE
2022-23,14,nygi7tael97irroa,03e74,ACTIVE
2022-23,14,nygi7tael97irroa,051oh,ACTIVE
2022-23,14,nygi7tael97irroa,04qsj,ACTIVE
2022-23,14,nygi7tael97irroa,03al2,ACTIVE
2022-23,14,nygi7tael97irroa,05uib,ACTIVE
2022-23,14,nygi7tael97irroa,05qtm,ACTIVE
2022-23,14,nygi7tael97irroa,04qsd,ACTIVE
2022-23,14,nygi7tael97irroa,05qsl,ACTIVE
2022-23,14,nygi7tael97irroa,04qro,ACTIVE
2022-23,14,nygi7tael97irroa,04xdu,ACTIVE
2022-23,14,nygi7tael97irroa,051oj,ACTIVE
2022-23,14,nygi7tael97irroa,02ng4,ACTIVE
2022-23,14,nygi7tael97irroa,042n4,ACTIVE
2022-23,14,nygi7tael97irroa,05uih,ACTIVE
2022-23,14,nygi7tael97irroa,0621g,ACTIVE
2022-23,14,ibf4yutil93mhju7,03r7z,ACTIVE
2022-23,14,ibf4yutil93mhju7,0015e,ACTIVE
2022-23,14,ibf4yutil93mhju7,03aq2,ACTIVE
2022-23,14,ibf4yutil93mhju7,042n7,ACTIVE
2022-23,14,ibf4yutil93mhju7,0496e,ACTIVE
2022-23,14,ibf4yutil93mhju7,04848,ACTIVE
2022-23,14,ibf4yutil93mhju7,027oo,ACTIVE
2022-23,14,ibf4yutil93mhju7,06218,ACTIVE
2022-23,14,ibf4yutil93mhju7,05uin,ACTIVE
2022-23,14,ibf4yutil93mhju7,03ams,ACTIVE
2022-23,14,ibf4yutil93mhju7,03e75,ACTIVE
2022-23,14,ibf4yutil93mhju7,06215,ACTIVE
2022-23,14,ibf4yutil93mhju7,051p8,ACTIVE
2022-23,14,ibf4yutil93mhju7,05qtt,ACTIVE
2022-23,14,ibf4yutil93mhju7,04qrn,ACTIVE
2022-23,14,ibf4yutil93mhju7,05uif,ACTIVE
2022-23,14,ibf4yutil93mhju7,0017e,ACTIVE
2022-23,14,ibf4yutil93mhju7,04azw,ACTIVE
2022-23,14,ibf4yutil93mhju7,02nf9,ACTIVE
2022-23,14,ibf4yutil93mhju7,038ia,ACTIVE
2022-23,14,jk0ke7gol93k5zd7,04ex5,ACTIVE
2022-23,14,jk0ke7gol93k5zd7,05uii,ACTIVE
2022-23,14,jk0ke7gol93k5zd7,051pb,ACTIVE
2022-23,14,jk0ke7gol93k5zd7,04qrm,ACTIVE
2022-23,14,jk0ke7gol93k5zd7,05uid,ACTIVE
2022-23,14,jk0ke7gol93k5zd7,04qs1,ACTIVE
2022-23,14,jk0ke7gol93k5zd7,042n1,ACTIVE
2022-23,14,jk0ke7gol93k5zd7,02nf1,ACTIVE
2022-23,14,jk0ke7gol93k5zd7,05qsq,ACTIVE
2022-23,14,jk0ke7gol93k5zd7,03r7r,ACTIVE
2022-23,14,jk0ke7gol93k5zd7,005ki,ACTIVE
2022-23,14,jk0ke7gol93k5zd7,05qsx,ACTIVE
2022-23,14,jk0ke7gol93k5zd7,05qve,ACTIVE
2022-23,14,jk0ke7gol93k5zd7,03wr4,ACTIVE
2022-23,14,jk0ke7gol93k5zd7,06214,ACTIVE
2022-23,14,jk0ke7gol93k5zd7,031mb,ACTIVE
2022-23,14,jk0ke7gol93k5zd7,05qug,ACTIVE
2022-23,14,jk0ke7gol93k5zd7,031m2,ACTIVE
2022-23,14,jk0ke7gol93k5zd7,027p4,ACTIVE
2022-23,14,jk0ke7gol93k5zd7,038xi,ACTIVE
2022-23,14,pqp9fc6yl93j5xul,05uij,ACTIVE
2022-23,14,pqp9fc6yl93j5xul,05uiq,ACTIVE
2022-23,14,pqp9fc6yl93j5xul,042ne,ACTIVE
2022-23,14,pqp9fc6yl93j5xul,01eo6,ACTIVE
2022-23,14,pqp9fc6yl93j5xul,027oz,ACTIVE
2022-23,14,pqp9fc6yl93j5xul,01eon,ACTIVE
2022-23,14,pqp9fc6yl93j5xul,04ewu,ACTIVE
2022-23,14,pqp9fc6yl93j5xul,051oi,ACTIVE
2022-23,14,pqp9fc6yl93j5xul,04xgj,ACTIVE
2022-23,14,pqp9fc6yl93j5xul,03ad2,ACTIVE
2022-23,14,pqp9fc6yl93j5xul,042nr,ACTIVE
2022-23,14,pqp9fc6yl93j5xul,04ewr,ACTIVE
2022-23,14,pqp9fc6yl93j5xul,051ok,ACTIVE
2022-23,14,pqp9fc6yl93j5xul,042n6,ACTIVE
2022-23,14,pqp9fc6yl93j5xul,05uj4,ACTIVE
2022-23,14,pqp9fc6yl93j5xul,05qud,ACTIVE
2022-23,14,pqp9fc6yl93j5xul,01uz7,ACTIVE
2022-23,14,pqp9fc6yl93j5xul,04qs4,ACTIVE
2022-23,14,pqp9fc6yl93j5xul,04qsa,ACTIVE
2022-23,14,pqp9fc6yl93j5xul,03nwk,ACTIVE
2022-23,15,6bpping1l96ajun5,051pa,ACTIVE
2022-23,15,6bpping1l96ajun5,05qu1,ACTIVE
2022-23,15,6bpping1l96ajun5,031lp,ACTIVE
2022-23,15,6bpping1l96ajun5,051op,ACTIVE
2022-23,15,6bpping1l96ajun5,05qty,ACTIVE
2022-23,15,6bpping1l96ajun5,05ujc,ACTIVE
2022-23,15,6bpping1l96ajun5,05uig,ACTIVE
2022-23,15,6bpping1l96ajun5,005lx,ACTIVE
2022-23,15,6bpping1l96ajun5,03nwm,ACTIVE
2022-23,15,6bpping1l96ajun5,059ca,ACTIVE
2022-23,15,6bpping1l96ajun5,04qse,ACTIVE
2022-23,15,6bpping1l96ajun5,06210,ACTIVE
2022-23,15,6bpping1l96ajun5,027pg,ACTIVE
2022-23,15,6bpping1l96ajun5,02nfz,ACTIVE
2022-23,15,6bpping1l96ajun5,03xmv,ACTIVE
2022-23,15,6bpping1l96ajun5,051p3,ACTIVE
2022-23,15,6bpping1l96ajun5,03ad0,ACTIVE
2022-23,15,6bpping1l96ajun5,027p0,ACTIVE
2022-23,15,6bpping1l96ajun5,051ol,ACTIVE
2022-23,15,6bpping1l96ajun5,05qt3,ACTIVE
2022-23,15,rt1ug69sl97ijzno,03ad4,ACTIVE
2022-23,15,rt1ug69sl97ijzno,042nq,ACTIVE
2022-23,15,rt1ug69sl97ijzno,01ens,ACTIVE
2022-23,15,rt1ug69sl97ijzno,01sc8,ACTIVE
2022-23,15,rt1ug69sl97ijzno,042nw,ACTIVE
2022-23,15,rt1ug69sl97ijzno,04ewt,ACTIVE
2022-23,15,rt1ug69sl97ijzno,031m0,ACTIVE
2022-23,15,rt1ug69sl97ijzno,051pq,ACTIVE
2022-23,15,rt1ug69sl97ijzno,04ewn,ACTIVE
2022-23,15,rt1ug69sl97ijzno,042n3,ACTIVE
2022-23,15,rt1ug69sl97ijzno,03ad7,ACTIVE
2022-23,15,rt1ug69sl97ijzno,042nf,ACTIVE
2022-23,15,rt1ug69sl97ijzno,001aw,ACTIVE
2022-23,15,rt1ug69sl97ijzno,02nf6,ACTIVE
2022-23,15,rt1ug69sl97ijzno,04qsm,ACTIVE
2022-23,15,rt1ug69sl97ijzno,04qrl,ACTIVE
2022-23,15,rt1ug69sl97ijzno,02ym0,ACTIVE
2022-23,15,rt1ug69sl97ijzno,03nwq,ACTIVE
2022-23,15,rt1ug69sl97ijzno,02nf3,ACTIVE
2022-23,15,rt1ug69sl97ijzno,049kd,ACTIVE
2022-23,15,tnykxdccl93mdr11,04qsi,ACTIVE
2022-23,15,tnykxdccl93mdr11,01enh,ACTIVE
2022-23,15,tnykxdccl93mdr11,05qto,ACTIVE
2022-23,15,tnykxdccl93mdr11,05uj9,ACTIVE
2022-23,15,tnykxdccl93mdr11,04qrw,ACTIVE
2022-23,15,tnykxdccl93mdr11,04qrj,ACTIVE
2022-23,15,tnykxdccl93mdr11,03el5,ACTIVE
2022-23,15,tnykxdccl93mdr11,05qtq,ACTIVE
2022-23,15,tnykxdccl93mdr11,0621l,ACTIVE
2022-23,15,tnykxdccl93mdr11,05uie,ACTIVE
2022-23,15,tnykxdccl93mdr11,027p9,ACTIVE
2022-23,15,tnykxdccl93mdr11,05uic,ACTIVE
2022-23,15,tnykxdccl93mdr11,04ex6,ACTIVE
2022-23,15,tnykxdccl93mdr11,06216,ACTIVE
2022-23,15,tnykxdccl93mdr11,04ewf,ACTIVE
2022-23,15,tnykxdccl93mdr11,04qrr,ACTIVE
2022-23,15,tnykxdccl93mdr11,0527l,ACTIVE
2022-23,15,tnykxdccl93mdr11,06213,ACTIVE
2022-23,15,tnykxdccl93mdr11,03al1,ACTIVE
2022-23,15,tnykxdccl93mdr11,051or,ACTIVE
2022-23,15,xa5w57ngl93mbh2g,01enw,ACTIVE
2022-23,15,xa5w57ngl93mbh2g,051p9,ACTIVE
2022-23,15,xa5w57ngl93mbh2g,049kf,ACTIVE
2022-23,15,xa5w57ngl93mbh2g,049ka,ACTIVE
2022-23,15,xa5w57ngl93mbh2g,042nm,ACTIVE
2022-23,15,xa5w57ngl93mbh2g,031lv,ACTIVE
2022-23,15,xa5w57ngl93mbh2g,05uj0,ACTIVE
2022-23,15,xa5w57ngl93mbh2g,049s6,ACTIVE
2022-23,15,xa5w57ngl93mbh2g,03e6n,ACTIVE
2022-23,15,xa5w57ngl93mbh2g,042nt,ACTIVE
2022-23,15,xa5w57ngl93mbh2g,051os,ACTIVE
2022-23,15,xa5w57ngl93mbh2g,05qu5,ACTIVE
2022-23,15,xa5w57ngl93mbh2g,049kb,ACTIVE
2022-23,15,xa5w57ngl93mbh2g,04exe,ACTIVE
2022-23,15,xa5w57ngl93mbh2g,06212,ACTIVE
2022-23,15,xa5w57ngl93mbh2g,04kj6,ACTIVE
2022-23,15,xa5w57ngl93mbh2g,051p1,ACTIVE
2022-23,15,xa5w57ngl93mbh2g,01eo9,ACTIVE
2022-23,15,xa5w57ngl93mbh2g,005kd,ACTIVE
2022-23,15,xa5w57ngl93mbh2g,01uyj,ACTIVE
2022-23,15,gl61mmryl93md0at,000zv,ACTIVE
2022-23,15,gl61mmryl93md0at,04ewe,ACTIVE
2022-23,15,gl61mmryl93md0at,0011e,ACTIVE
2022-23,15,gl61mmryl93md0at,02ng3,ACTIVE
2022-23,15,gl61mmryl93md0at,03byg,ACTIVE
2022-23,15,gl61mmryl93md0at,031m9,ACTIVE
2022-23,15,gl61mmryl93md0at,03nwl,ACTIVE
2022-23,15,gl61mmryl93md0at,051pi,ACTIVE
2022-23,15,gl61mmryl93md0at,005lm,ACTIVE
2022-23,15,gl61mmryl93md0at,03byk,ACTIVE
2022-23,15,gl61mmryl93md0at,027ou,ACTIVE
2022-23,15,gl61mmryl93md0at,049ki,ACTIVE
2022-23,15,gl61mmryl93md0at,05qtl,ACTIVE
2022-23,15,gl61mmryl93md0at,043ib,ACTIVE
2022-23,15,gl61mmryl93md0at,04ewk,ACTIVE
2022-23,15,gl61mmryl93md0at,04qrk,ACTIVE
2022-23,15,gl61mmryl93md0at,031lz,ACTIVE
2022-23,15,gl61mmryl93md0at,02xg9,ACTIVE
2022-23,15,gl61mmryl93md0at,05uiw,ACTIVE
2022-23,15,gl61mmryl93md0at,051ot,ACTIVE
2022-23,15,lax5yix5l97irroa,027oj,ACTIVE
2022-23,15,lax5yix5l97irroa,02nf7,ACTIVE
2022-23,15,lax5yix5l97irroa,005kc,ACTIVE
2022-23,15,lax5yix5l97irroa,05qu0,ACTIVE
2022-23,15,lax5yix5l97irroa,05qub,ACTIVE
2022-23,15,lax5yix5l97irroa,03ajv,ACTIVE
2022-23,15,lax5yix5l97irroa,05qtr,ACTIVE
2022-23,15,lax5yix5l97irroa,0621c,ACTIVE
2022-23,15,lax5yix5l97irroa,05qu9,ACTIVE
2022-23,15,lax5yix5l97irroa,027pe,ACTIVE
2022-23,15,lax5yix5l97irroa,03nwn,ACTIVE
2022-23,15,lax5yix5l97irroa,03e6u,ACTIVE
2022-23,15,lax5yix5l97irroa,05qt0,ACTIVE
2022-23,15,lax5yix5l97irroa,04fj8,ACTIVE
2022-23,15,lax5yix5l97irroa,05qtv,ACTIVE
2022-23,15,lax5yix5l97irroa,04ewm,ACTIVE
2022-23,15,lax5yix5l97irroa,05uj6,ACTIVE
2022-23,15,lax5yix5l97irroa,04ex8,ACTIVE
2022-23,15,lax5yix5l97irroa,03ad3,ACTIVE
2022-23,15,lax5yix5l97irroa,03lg1,ACTIVE
2022-23,15,nygi7tael97irroa,031lx,ACTIVE
2022-23,15,nygi7tael97irroa,03e6s,ACTIVE
2022-23,15,nygi7tael97irroa,03lls,ACTIVE
2022-23,15,nygi7tael97irroa,0015b,ACTIVE
2022-23,15,nygi7tael97irroa,03al0,ACTIVE
2022-23,15,nygi7tael97irroa,03e74,ACTIVE
2022-23,15,nygi7tael97irroa,051oh,ACTIVE
2022-23,15,nygi7tael97irroa,04qsj,ACTIVE
2022-23,15,nygi7tael97irroa,03al2,ACTIVE
2022-23,15,nygi7tael97irroa,05uib,ACTIVE
2022-23,15,nygi7tael97irroa,05qtm,ACTIVE
2022-23,15,nygi7tael97irroa,04qsd,ACTIVE
2022-23,15,nygi7tael97irroa,05qsl,ACTIVE
2022-23,15,nygi7tael97irroa,04qro,ACTIVE
2022-23,15,nygi7tael97irroa,04xdu,ACTIVE
2022-23,15,nygi7tael97irroa,051oj,ACTIVE
2022-23,15,nygi7tael97irroa,02ng4,ACTIVE
2022-23,15,nygi7tael97irroa,042n4,ACTIVE
2022-23,15,nygi7tael97irroa,05uih,ACTIVE
2022-23,15,nygi7tael97irroa,0621g,ACTIVE
2022-23,15,ibf4yutil93mhju7,03r7z,ACTIVE
2022-23,15,ibf4yutil93mhju7,0015e,ACTIVE
2022-23,15,ibf4yutil93mhju7,03aq2,ACTIVE
2022-23,15,ibf4yutil93mhju7,042n7,ACTIVE
2022-23,15,ibf4yutil93mhju7,0496e,ACTIVE
2022-23,15,ibf4yutil93mhju7,04848,ACTIVE
2022-23,15,ibf4yutil93mhju7,027oo,ACTIVE
2022-23,15,ibf4yutil93mhju7,06218,ACTIVE
2022-23,15,ibf4yutil93mhju7,05uin,ACTIVE
2022-23,15,ibf4yutil93mhju7,03ams,ACTIVE
2022-23,15,ibf4yutil93mhju7,03e75,ACTIVE
2022-23,15,ibf4yutil93mhju7,06215,ACTIVE
2022-23,15,ibf4yutil93mhju7,051p8,ACTIVE
2022-23,15,ibf4yutil93mhju7,05qtt,ACTIVE
2022-23,15,ibf4yutil93mhju7,04qrn,ACTIVE
2022-23,15,ibf4yutil93mhju7,05uif,ACTIVE
2022-23,15,ibf4yutil93mhju7,0017e,ACTIVE
2022-23,15,ibf4yutil93mhju7,04azw,ACTIVE
2022-23,15,ibf4yutil93mhju7,02nf9,ACTIVE
2022-23,15,ibf4yutil93mhju7,038ia,ACTIVE
2022-23,15,jk0ke7gol93k5zd7,04ex5,ACTIVE
2022-23,15,jk0ke7gol93k5zd7,05uii,ACTIVE
2022-23,15,jk0ke7gol93k5zd7,051pb,ACTIVE
2022-23,15,jk0ke7gol93k5zd7,04qrm,ACTIVE
2022-23,15,jk0ke7gol93k5zd7,05uid,ACTIVE
2022-23,15,jk0ke7gol93k5zd7,04qs1,ACTIVE
2022-23,15,jk0ke7gol93k5zd7,042n1,ACTIVE
2022-23,15,jk0ke7gol93k5zd7,02nf1,ACTIVE
2022-23,15,jk0ke7gol93k5zd7,05qsq,ACTIVE
2022-23,15,jk0ke7gol93k5zd7,03r7r,ACTIVE
2022-23,15,jk0ke7gol93k5zd7,005ki,ACTIVE
2022-23,15,jk0ke7gol93k5zd7,05qsx,ACTIVE
2022-23,15,jk0ke7gol93k5zd7,05qve,ACTIVE
2022-23,15,jk0ke7gol93k5zd7,03wr4,ACTIVE
2022-23,15,jk0ke7gol93k5zd7,06214,ACTIVE
2022-23,15,jk0ke7gol93k5zd7,031mb,ACTIVE
2022-23,15,jk0ke7gol93k5zd7,05qug,ACTIVE
2022-23,15,jk0ke7gol93k5zd7,031m2,ACTIVE
2022-23,15,jk0ke7gol93k5zd7,027p4,ACTIVE
2022-23,15,jk0ke7gol93k5zd7,038xi,ACTIVE
2022-23,15,pqp9fc6yl93j5xul,05uij,ACTIVE
2022-23,15,pqp9fc6yl93j5xul,05uiq,ACTIVE
2022-23,15,pqp9fc6yl93j5xul,042ne,ACTIVE
2022-23,15,pqp9fc6yl93j5xul,01eo6,ACTIVE
2022-23,15,pqp9fc6yl93j5xul,027oz,ACTIVE
2022-23,15,pqp9fc6yl93j5xul,01eon,ACTIVE
2022-23,15,pqp9fc6yl93j5xul,04ewu,ACTIVE
2022-23,15,pqp9fc6yl93j5xul,051oi,ACTIVE
2022-23,15,pqp9fc6yl93j5xul,04xgj,ACTIVE
2022-23,15,pqp9fc6yl93j5xul,03ad2,ACTIVE
2022-23,15,pqp9fc6yl93j5xul,042nr,ACTIVE
2022-23,15,pqp9fc6yl93j5xul,04ewr,ACTIVE
2022-23,15,pqp9fc6yl93j5xul,051ok,ACTIVE
2022-23,15,pqp9fc6yl93j5xul,042n6,ACTIVE
2022-23,15,pqp9fc6yl93j5xul,05uj4,ACTIVE
2022-23,15,pqp9fc6yl93j5xul,05qud,ACTIVE
2022-23,15,pqp9fc6yl93j5xul,01uz7,ACTIVE
2022-23,15,pqp9fc6yl93j5xul,04qs4,ACTIVE
2022-23,15,pqp9fc6yl93j5xul,04qsa,ACTIVE
2022-23,15,pqp9fc6yl93j5xul,03nwk,ACTIVE
2022-23,16,6bpping1l96ajun5,051pa,ACTIVE
2022-23,16,6bpping1l96ajun5,05qu1,ACTIVE
2022-23,16,6bpping1l96ajun5,031lp,ACTIVE
2022-23,16,6bpping1l96ajun5,051op,ACTIVE
2022-23,16,6bpping1l96ajun5,05qty,ACTIVE
2022-23,16,6bpping1l96ajun5,05ujc,ACTIVE
2022-23,16,6bpping1l96ajun5,05uig,ACTIVE
2022-23,16,6bpping1l96ajun5,005lx,ACTIVE
2022-23,16,6bpping1l96ajun5,03nwm,ACTIVE
2022-23,16,6bpping1l96ajun5,059ca,ACTIVE
2022-23,16,6bpping1l96ajun5,04qse,ACTIVE
2022-23,16,6bpping1l96ajun5,06210,ACTIVE
2022-23,16,6bpping1l96ajun5,027pg,ACTIVE
2022-23,16,6bpping1l96ajun5,02nfz,ACTIVE
2022-23,16,6bpping1l96ajun5,03xmv,ACTIVE
2022-23,16,6bpping1l96ajun5,051p3,ACTIVE
2022-23,16,6bpping1l96ajun5,03ad0,ACTIVE
2022-23,16,6bpping1l96ajun5,027p0,ACTIVE
2022-23,16,6bpping1l96ajun5,051ol,ACTIVE
2022-23,16,6bpping1l96ajun5,05qt3,ACTIVE
2022-23,16,rt1ug69sl97ijzno,03ad4,ACTIVE
2022-23,16,rt1ug69sl97ijzno,042nq,ACTIVE
2022-23,16,rt1ug69sl97ijzno,01ens,ACTIVE
2022-23,16,rt1ug69sl97ijzno,01sc8,ACTIVE
2022-23,16,rt1ug69sl97ijzno,042nw,ACTIVE
2022-23,16,rt1ug69sl97ijzno,04ewt,ACTIVE
2022-23,16,rt1ug69sl97ijzno,031m0,ACTIVE
2022-23,16,rt1ug69sl97ijzno,051pq,ACTIVE
2022-23,16,rt1ug69sl97ijzno,04ewn,ACTIVE
2022-23,16,rt1ug69sl97ijzno,042n3,ACTIVE
2022-23,16,rt1ug69sl97ijzno,03ad7,ACTIVE
2022-23,16,rt1ug69sl97ijzno,042nf,ACTIVE
2022-23,16,rt1ug69sl97ijzno,001aw,ACTIVE
2022-23,16,rt1ug69sl97ijzno,02nf6,ACTIVE
2022-23,16,rt1ug69sl97ijzno,04qsm,ACTIVE
2022-23,16,rt1ug69sl97ijzno,04qrl,ACTIVE
2022-23,16,rt1ug69sl97ijzno,02ym0,ACTIVE
2022-23,16,rt1ug69sl97ijzno,03nwq,ACTIVE
2022-23,16,rt1ug69sl97ijzno,02nf3,ACTIVE
2022-23,16,rt1ug69sl97ijzno,049kd,ACTIVE
2022-23,16,tnykxdccl93mdr11,04qsi,ACTIVE
2022-23,16,tnykxdccl93mdr11,01enh,ACTIVE
2022-23,16,tnykxdccl93mdr11,05qto,ACTIVE
2022-23,16,tnykxdccl93mdr11,05uj9,ACTIVE
2022-23,16,tnykxdccl93mdr11,04qrw,ACTIVE
2022-23,16,tnykxdccl93mdr11,04qrj,ACTIVE
2022-23,16,tnykxdccl93mdr11,03el5,ACTIVE
2022-23,16,tnykxdccl93mdr11,05qtq,ACTIVE
2022-23,16,tnykxdccl93mdr11,0621l,ACTIVE
2022-23,16,tnykxdccl93mdr11,05uie,ACTIVE
2022-23,16,tnykxdccl93mdr11,027p9,ACTIVE
2022-23,16,tnykxdccl93mdr11,05uic,ACTIVE
2022-23,16,tnykxdccl93mdr11,04ex6,ACTIVE
2022-23,16,tnykxdccl93mdr11,06216,ACTIVE
2022-23,16,tnykxdccl93mdr11,04ewf,ACTIVE
2022-23,16,tnykxdccl93mdr11,04qrr,ACTIVE
2022-23,16,tnykxdccl93mdr11,0527l,ACTIVE
2022-23,16,tnykxdccl93mdr11,06213,ACTIVE
2022-23,16,tnykxdccl93mdr11,03al1,ACTIVE
2022-23,16,tnykxdccl93mdr11,051or,ACTIVE
2022-23,16,xa5w57ngl93mbh2g,01enw,ACTIVE
2022-23,16,xa5w57ngl93mbh2g,051p9,ACTIVE
2022-23,16,xa5w57ngl93mbh2g,049kf,ACTIVE
2022-23,16,xa5w57ngl93mbh2g,049ka,ACTIVE
2022-23,16,xa5w57ngl93mbh2g,042nm,ACTIVE
2022-23,16,xa5w57ngl93mbh2g,031lv,ACTIVE
2022-23,16,xa5w57ngl93mbh2g,05uj0,ACTIVE
2022-23,16,xa5w57ngl93mbh2g,049s6,ACTIVE
2022-23,16,xa5w57ngl93mbh2g,03e6n,ACTIVE
2022-23,16,xa5w57ngl93mbh2g,042nt,ACTIVE
2022-23,16,xa5w57ngl93mbh2g,051os,ACTIVE
2022-23,16,xa5w57ngl93mbh2g,05qu5,ACTIVE
2022-23,16,xa5w57ngl93mbh2g,049kb,ACTIVE
2022-23,16,xa5w57ngl93mbh2g,04exe,ACTIVE
2022-23,16,xa5w57ngl93mbh2g,06212,ACTIVE
2022-23,16,xa5w57ngl93mbh2g,04kj6,ACTIVE
2022-23,16,xa5w57ngl93mbh2g,051p1,ACTIVE
2022-23,16,xa5w57ngl93mbh2g,01eo9,ACTIVE
2022-23,16,xa5w57ngl93mbh2g,005kd,ACTIVE
2022-23,16,xa5w57ngl93mbh2g,01uyj,ACTIVE
2022-23,16,gl61mmryl93md0at,000zv,ACTIVE
2022-23,16,gl61mmryl93md0at,04ewe,ACTIVE
2022-23,16,gl61mmryl93md0at,0011e,ACTIVE
2022-23,16,gl61mmryl93md0at,02ng3,ACTIVE
2022-23,16,gl61mmryl93md0at,03byg,ACTIVE
2022-23,16,gl61mmryl93md0at,031m9,ACTIVE
2022-23,16,gl61mmryl93md0at,03nwl,ACTIVE
2022-23,16,gl61mmryl93md0at,051pi,ACTIVE
2022-23,16,gl61mmryl93md0at,005lm,ACTIVE
2022-23,16,gl61mmryl93md0at,03byk,ACTIVE
2022-23,16,gl61mmryl93md0at,027ou,ACTIVE
2022-23,16,gl61mmryl93md0at,049ki,ACTIVE
2022-23,16,gl61mmryl93md0at,05qtl,ACTIVE
2022-23,16,gl61mmryl93md0at,043ib,ACTIVE
2022-23,16,gl61mmryl93md0at,04ewk,ACTIVE
2022-23,16,gl61mmryl93md0at,04qrk,ACTIVE
2022-23,16,gl61mmryl93md0at,031lz,ACTIVE
2022-23,16,gl61mmryl93md0at,02xg9,ACTIVE
2022-23,16,gl61mmryl93md0at,05uiw,ACTIVE
2022-23,16,gl61mmryl93md0at,051ot,ACTIVE
2022-23,16,lax5yix5l97irroa,027oj,ACTIVE
2022-23,16,lax5yix5l97irroa,02nf7,ACTIVE
2022-23,16,lax5yix5l97irroa,005kc,ACTIVE
2022-23,16,lax5yix5l97irroa,05qu0,ACTIVE
2022-23,16,lax5yix5l97irroa,05qub,ACTIVE
2022-23,16,lax5yix5l97irroa,03ajv,ACTIVE
2022-23,16,lax5yix5l97irroa,05qtr,ACTIVE
2022-23,16,lax5yix5l97irroa,0621c,ACTIVE
2022-23,16,lax5yix5l97irroa,05qu9,ACTIVE
2022-23,16,lax5yix5l97irroa,027pe,ACTIVE
2022-23,16,lax5yix5l97irroa,03nwn,ACTIVE
2022-23,16,lax5yix5l97irroa,03e6u,ACTIVE
2022-23,16,lax5yix5l97irroa,05qt0,ACTIVE
2022-23,16,lax5yix5l97irroa,04fj8,ACTIVE
2022-23,16,lax5yix5l97irroa,05qtv,ACTIVE
2022-23,16,lax5yix5l97irroa,04ewm,ACTIVE
2022-23,16,lax5yix5l97irroa,05uj6,ACTIVE
2022-23,16,lax5yix5l97irroa,04ex8,ACTIVE
2022-23,16,lax5yix5l97irroa,03ad3,ACTIVE
2022-23,16,lax5yix5l97irroa,03lg1,ACTIVE
2022-23,16,nygi7tael97irroa,031lx,ACTIVE
2022-23,16,nygi7tael97irroa,03e6s,ACTIVE
2022-23,16,nygi7tael97irroa,03lls,ACTIVE
2022-23,16,nygi7tael97irroa,0015b,ACTIVE
2022-23,16,nygi7tael97irroa,03al0,ACTIVE
2022-23,16,nygi7tael97irroa,03e74,ACTIVE
2022-23,16,nygi7tael97irroa,051oh,ACTIVE
2022-23,16,nygi7tael97irroa,04qsj,ACTIVE
2022-23,16,nygi7tael97irroa,03al2,ACTIVE
2022-23,16,nygi7tael97irroa,05uib,ACTIVE
2022-23,16,nygi7tael97irroa,05qtm,ACTIVE
2022-23,16,nygi7tael97irroa,04qsd,ACTIVE
2022-23,16,nygi7tael97irroa,05qsl,ACTIVE
2022-23,16,nygi7tael97irroa,04qro,ACTIVE
2022-23,16,nygi7tael97irroa,04xdu,ACTIVE
2022-23,16,nygi7tael97irroa,051oj,ACTIVE
2022-23,16,nygi7tael97irroa,02ng4,ACTIVE
2022-23,16,nygi7tael97irroa,042n4,ACTIVE
2022-23,16,nygi7tael97irroa,05uih,ACTIVE
2022-23,16,nygi7tael97irroa,0621g,ACTIVE
2022-23,16,ibf4yutil93mhju7,03r7z,ACTIVE
2022-23,16,ibf4yutil93mhju7,0015e,ACTIVE
2022-23,16,ibf4yutil93mhju7,03aq2,ACTIVE
2022-23,16,ibf4yutil93mhju7,042n7,ACTIVE
2022-23,16,ibf4yutil93mhju7,0496e,ACTIVE
2022-23,16,ibf4yutil93mhju7,04848,ACTIVE
2022-23,16,ibf4yutil93mhju7,027oo,ACTIVE
2022-23,16,ibf4yutil93mhju7,06218,ACTIVE
2022-23,16,ibf4yutil93mhju7,05uin,ACTIVE
2022-23,16,ibf4yutil93mhju7,03ams,ACTIVE
2022-23,16,ibf4yutil93mhju7,03e75,ACTIVE
2022-23,16,ibf4yutil93mhju7,06215,ACTIVE
2022-23,16,ibf4yutil93mhju7,051p8,ACTIVE
2022-23,16,ibf4yutil93mhju7,05qtt,ACTIVE
2022-23,16,ibf4yutil93mhju7,04qrn,ACTIVE
2022-23,16,ibf4yutil93mhju7,05uif,ACTIVE
2022-23,16,ibf4yutil93mhju7,0017e,ACTIVE
2022-23,16,ibf4yutil93mhju7,04azw,ACTIVE
2022-23,16,ibf4yutil93mhju7,02nf9,ACTIVE
2022-23,16,ibf4yutil93mhju7,038ia,ACTIVE
2022-23,16,jk0ke7gol93k5zd7,04ex5,ACTIVE
2022-23,16,jk0ke7gol93k5zd7,05uii,ACTIVE
2022-23,16,jk0ke7gol93k5zd7,051pb,ACTIVE
2022-23,16,jk0ke7gol93k5zd7,04qrm,ACTIVE
2022-23,16,jk0ke7gol93k5zd7,05uid,ACTIVE
2022-23,16,jk0ke7gol93k5zd7,04qs1,ACTIVE
2022-23,16,jk0ke7gol93k5zd7,042n1,ACTIVE
2022-23,16,jk0ke7gol93k5zd7,02nf1,ACTIVE
2022-23,16,jk0ke7gol93k5zd7,05qsq,ACTIVE
2022-23,16,jk0ke7gol93k5zd7,03r7r,ACTIVE
2022-23,16,jk0ke7gol93k5zd7,005ki,ACTIVE
2022-23,16,jk0ke7gol93k5zd7,05qsx,ACTIVE
2022-23,16,jk0ke7gol93k5zd7,05qve,ACTIVE
2022-23,16,jk0ke7gol93k5zd7,03wr4,ACTIVE
2022-23,16,jk0ke7gol93k5zd7,06214,ACTIVE
2022-23,16,jk0ke7gol93k5zd7,031mb,ACTIVE
2022-23,16,jk0ke7gol93k5zd7,05qug,ACTIVE
2022-23,16,jk0ke7gol93k5zd7,031m2,ACTIVE
2022-23,16,jk0ke7gol93k5zd7,027p4,ACTIVE
2022-23,16,jk0ke7gol93k5zd7,038xi,ACTIVE
2022-23,16,pqp9fc6yl93j5xul,05uij,ACTIVE
2022-23,16,pqp9fc6yl93j5xul,05uiq,ACTIVE
2022-23,16,pqp9fc6yl93j5xul,042ne,ACTIVE
2022-23,16,pqp9fc6yl93j5xul,01eo6,ACTIVE
2022-23,16,pqp9fc6yl93j5xul,027oz,ACTIVE
2022-23,16,pqp9fc6yl93j5xul,01eon,ACTIVE
2022-23,16,pqp9fc6yl93j5xul,04ewu,ACTIVE
2022-23,16,pqp9fc6yl93j5xul,051oi,ACTIVE
2022-23,16,pqp9fc6yl93j5xul,04xgj,ACTIVE
2022-23,16,pqp9fc6yl93j5xul,03ad2,ACTIVE
2022-23,16,pqp9fc6yl93j5xul,042nr,ACTIVE
2022-23,16,pqp9fc6yl93j5xul,04ewr,ACTIVE
2022-23,16,pqp9fc6yl93j5xul,051ok,ACTIVE
2022-23,16,pqp9fc6yl93j5xul,042n6,ACTIVE
2022-23,16,pqp9fc6yl93j5xul,05uj4,ACTIVE
2022-23,16,pqp9fc6yl93j5xul,05qud,ACTIVE
2022-23,16,pqp9fc6yl93j5xul,01uz7,ACTIVE
2022-23,16,pqp9fc6yl93j5xul,04qs4,ACTIVE
2022-23,16,pqp9fc6yl93j5xul,04qsa,ACTIVE
2022-23,16,pqp9fc6yl93j5xul,03nwk,ACTIVE
2022-23,17,6bpping1l96ajun5,051pa,ACTIVE
2022-23,17,6bpping1l96ajun5,05qu1,ACTIVE
2022-23,17,6bpping1l96ajun5,031lp,ACTIVE
2022-23,17,6bpping1l96ajun5,051op,ACTIVE
2022-23,17,6bpping1l96ajun5,05qty,ACTIVE
2022-23,17,6bpping1l96ajun5,05ujc,ACTIVE
2022-23,17,6bpping1l96ajun5,05uig,ACTIVE
2022-23,17,6bpping1l96ajun5,005lx,ACTIVE
2022-23,17,6bpping1l96ajun5,03nwm,ACTIVE
2022-23,17,6bpping1l96ajun5,059ca,ACTIVE
2022-23,17,6bpping1l96ajun5,04qse,ACTIVE
2022-23,17,6bpping1l96ajun5,06210,ACTIVE
2022-23,17,6bpping1l96ajun5,027pg,ACTIVE
2022-23,17,6bpping1l96ajun5,02nfz,ACTIVE
2022-23,17,6bpping1l96ajun5,03xmv,ACTIVE
2022-23,17,6bpping1l96ajun5,051p3,ACTIVE
2022-23,17,6bpping1l96ajun5,03ad0,ACTIVE
2022-23,17,6bpping1l96ajun5,027p0,ACTIVE
2022-23,17,6bpping1l96ajun5,051ol,ACTIVE
2022-23,17,6bpping1l96ajun5,05qt3,ACTIVE
2022-23,17,rt1ug69sl97ijzno,03ad4,ACTIVE
2022-23,17,rt1ug69sl97ijzno,042nq,ACTIVE
2022-23,17,rt1ug69sl97ijzno,01ens,ACTIVE
2022-23,17,rt1ug69sl97ijzno,01sc8,ACTIVE
2022-23,17,rt1ug69sl97ijzno,042nw,ACTIVE
2022-23,17,rt1ug69sl97ijzno,04ewt,ACTIVE
2022-23,17,rt1ug69sl97ijzno,031m0,ACTIVE
2022-23,17,rt1ug69sl97ijzno,051pq,ACTIVE
2022-23,17,rt1ug69sl97ijzno,04ewn,ACTIVE
2022-23,17,rt1ug69sl97ijzno,042n3,ACTIVE
2022-23,17,rt1ug69sl97ijzno,03ad7,ACTIVE
2022-23,17,rt1ug69sl97ijzno,042nf,ACTIVE
2022-23,17,rt1ug69sl97ijzno,001aw,ACTIVE
2022-23,17,rt1ug69sl97ijzno,02nf6,ACTIVE
2022-23,17,rt1ug69sl97ijzno,04qsm,ACTIVE
2022-23,17,rt1ug69sl97ijzno,04qrl,ACTIVE
2022-23,17,rt1ug69sl97ijzno,02ym0,ACTIVE
2022-23,17,rt1ug69sl97ijzno,03nwq,ACTIVE
2022-23,17,rt1ug69sl97ijzno,02nf3,ACTIVE
2022-23,17,rt1ug69sl97ijzno,049kd,ACTIVE
2022-23,17,tnykxdccl93mdr11,04qsi,ACTIVE
2022-23,17,tnykxdccl93mdr11,01enh,ACTIVE
2022-23,17,tnykxdccl93mdr11,05qto,ACTIVE
2022-23,17,tnykxdccl93mdr11,05uj9,ACTIVE
2022-23,17,tnykxdccl93mdr11,04qrw,ACTIVE
2022-23,17,tnykxdccl93mdr11,04qrj,ACTIVE
2022-23,17,tnykxdccl93mdr11,03el5,ACTIVE
2022-23,17,tnykxdccl93mdr11,05qtq,ACTIVE
2022-23,17,tnykxdccl93mdr11,0621l,ACTIVE
2022-23,17,tnykxdccl93mdr11,05uie,ACTIVE
2022-23,17,tnykxdccl93mdr11,027p9,ACTIVE
2022-23,17,tnykxdccl93mdr11,05uic,ACTIVE
2022-23,17,tnykxdccl93mdr11,04ex6,ACTIVE
2022-23,17,tnykxdccl93mdr11,06216,ACTIVE
2022-23,17,tnykxdccl93mdr11,04ewf,ACTIVE
2022-23,17,tnykxdccl93mdr11,04qrr,ACTIVE
2022-23,17,tnykxdccl93mdr11,0527l,ACTIVE
2022-23,17,tnykxdccl93mdr11,06213,ACTIVE
2022-23,17,tnykxdccl93mdr11,03al1,ACTIVE
2022-23,17,tnykxdccl93mdr11,051or,ACTIVE
2022-23,17,xa5w57ngl93mbh2g,01enw,ACTIVE
2022-23,17,xa5w57ngl93mbh2g,051p9,ACTIVE
2022-23,17,xa5w57ngl93mbh2g,049kf,ACTIVE
2022-23,17,xa5w57ngl93mbh2g,049ka,ACTIVE
2022-23,17,xa5w57ngl93mbh2g,042nm,ACTIVE
2022-23,17,xa5w57ngl93mbh2g,031lv,ACTIVE
2022-23,17,xa5w57ngl93mbh2g,05uj0,ACTIVE
2022-23,17,xa5w57ngl93mbh2g,049s6,ACTIVE
2022-23,17,xa5w57ngl93mbh2g,03e6n,ACTIVE
2022-23,17,xa5w57ngl93mbh2g,042nt,ACTIVE
2022-23,17,xa5w57ngl93mbh2g,051os,ACTIVE
2022-23,17,xa5w57ngl93mbh2g,05qu5,ACTIVE
2022-23,17,xa5w57ngl93mbh2g,049kb,ACTIVE
2022-23,17,xa5w57ngl93mbh2g,04exe,ACTIVE
2022-23,17,xa5w57ngl93mbh2g,06212,ACTIVE
2022-23,17,xa5w57ngl93mbh2g,04kj6,ACTIVE
2022-23,17,xa5w57ngl93mbh2g,051p1,ACTIVE
2022-23,17,xa5w57ngl93mbh2g,01eo9,ACTIVE
2022-23,17,xa5w57ngl93mbh2g,005kd,ACTIVE
2022-23,17,xa5w57ngl93mbh2g,01uyj,ACTIVE
2022-23,17,gl61mmryl93md0at,000zv,ACTIVE
2022-23,17,gl61mmryl93md0at,04ewe,ACTIVE
2022-23,17,gl61mmryl93md0at,0011e,ACTIVE
2022-23,17,gl61mmryl93md0at,02ng3,ACTIVE
2022-23,17,gl61mmryl93md0at,03byg,ACTIVE
2022-23,17,gl61mmryl93md0at,031m9,ACTIVE
2022-23,17,gl61mmryl93md0at,03nwl,ACTIVE
2022-23,17,gl61mmryl93md0at,051pi,ACTIVE
2022-23,17,gl61mmryl93md0at,005lm,ACTIVE
2022-23,17,gl61mmryl93md0at,03byk,ACTIVE
2022-23,17,gl61mmryl93md0at,027ou,ACTIVE
2022-23,17,gl61mmryl93md0at,049ki,ACTIVE
2022-23,17,gl61mmryl93md0at,05qtl,ACTIVE
2022-23,17,gl61mmryl93md0at,043ib,ACTIVE
2022-23,17,gl61mmryl93md0at,04ewk,ACTIVE
2022-23,17,gl61mmryl93md0at,04qrk,ACTIVE
2022-23,17,gl61mmryl93md0at,031lz,ACTIVE
2022-23,17,gl61mmryl93md0at,02xg9,ACTIVE
2022-23,17,gl61mmryl93md0at,05uiw,ACTIVE
2022-23,17,gl61mmryl93md0at,051ot,ACTIVE
2022-23,17,lax5yix5l97irroa,027oj,ACTIVE
2022-23,17,lax5yix5l97irroa,02nf7,ACTIVE
2022-23,17,lax5yix5l97irroa,005kc,ACTIVE
2022-23,17,lax5yix5l97irroa,05qu0,ACTIVE
2022-23,17,lax5yix5l97irroa,05qub,ACTIVE
2022-23,17,lax5yix5l97irroa,03ajv,ACTIVE
2022-23,17,lax5yix5l97irroa,05qtr,ACTIVE
2022-23,17,lax5yix5l97irroa,0621c,ACTIVE
2022-23,17,lax5yix5l97irroa,05qu9,ACTIVE
2022-23,17,lax5yix5l97irroa,027pe,ACTIVE
2022-23,17,lax5yix5l97irroa,03nwn,ACTIVE
2022-23,17,lax5yix5l97irroa,03e6u,ACTIVE
2022-23,17,lax5yix5l97irroa,05qt0,ACTIVE
2022-23,17,lax5yix5l97irroa,04fj8,ACTIVE
2022-23,17,lax5yix5l97irroa,05qtv,ACTIVE
2022-23,17,lax5yix5l97irroa,04ewm,ACTIVE
2022-23,17,lax5yix5l97irroa,05uj6,ACTIVE
2022-23,17,lax5yix5l97irroa,04ex8,ACTIVE
2022-23,17,lax5yix5l97irroa,03ad3,ACTIVE
2022-23,17,lax5yix5l97irroa,03lg1,ACTIVE
2022-23,17,nygi7tael97irroa,031lx,ACTIVE
2022-23,17,nygi7tael97irroa,03e6s,ACTIVE
2022-23,17,nygi7tael97irroa,03lls,ACTIVE
2022-23,17,nygi7tael97irroa,0015b,ACTIVE
2022-23,17,nygi7tael97irroa,03al0,ACTIVE
2022-23,17,nygi7tael97irroa,03e74,ACTIVE
2022-23,17,nygi7tael97irroa,051oh,ACTIVE
2022-23,17,nygi7tael97irroa,04qsj,ACTIVE
2022-23,17,nygi7tael97irroa,03al2,ACTIVE
2022-23,17,nygi7tael97irroa,05uib,ACTIVE
2022-23,17,nygi7tael97irroa,05qtm,ACTIVE
2022-23,17,nygi7tael97irroa,04qsd,ACTIVE
2022-23,17,nygi7tael97irroa,05qsl,ACTIVE
2022-23,17,nygi7tael97irroa,04qro,ACTIVE
2022-23,17,nygi7tael97irroa,04xdu,ACTIVE
2022-23,17,nygi7tael97irroa,051oj,ACTIVE
2022-23,17,nygi7tael97irroa,02ng4,ACTIVE
2022-23,17,nygi7tael97irroa,042n4,ACTIVE
2022-23,17,nygi7tael97irroa,05uih,ACTIVE
2022-23,17,nygi7tael97irroa,0621g,ACTIVE
2022-23,17,ibf4yutil93mhju7,03r7z,ACTIVE
2022-23,17,ibf4yutil93mhju7,0015e,ACTIVE
2022-23,17,ibf4yutil93mhju7,03aq2,ACTIVE
2022-23,17,ibf4yutil93mhju7,042n7,ACTIVE
2022-23,17,ibf4yutil93mhju7,0496e,ACTIVE
2022-23,17,ibf4yutil93mhju7,04848,ACTIVE
2022-23,17,ibf4yutil93mhju7,027oo,ACTIVE
2022-23,17,ibf4yutil93mhju7,06218,ACTIVE
2022-23,17,ibf4yutil93mhju7,05uin,ACTIVE
2022-23,17,ibf4yutil93mhju7,03ams,ACTIVE
2022-23,17,ibf4yutil93mhju7,03e75,ACTIVE
2022-23,17,ibf4yutil93mhju7,06215,ACTIVE
2022-23,17,ibf4yutil93mhju7,051p8,ACTIVE
2022-23,17,ibf4yutil93mhju7,05qtt,ACTIVE
2022-23,17,ibf4yutil93mhju7,04qrn,ACTIVE
2022-23,17,ibf4yutil93mhju7,05uif,ACTIVE
2022-23,17,ibf4yutil93mhju7,0017e,ACTIVE
2022-23,17,ibf4yutil93mhju7,04azw,ACTIVE
2022-23,17,ibf4yutil93mhju7,02nf9,ACTIVE
2022-23,17,ibf4yutil93mhju7,038ia,ACTIVE
2022-23,17,jk0ke7gol93k5zd7,04ex5,ACTIVE
2022-23,17,jk0ke7gol93k5zd7,05uii,ACTIVE
2022-23,17,jk0ke7gol93k5zd7,051pb,ACTIVE
2022-23,17,jk0ke7gol93k5zd7,04qrm,ACTIVE
2022-23,17,jk0ke7gol93k5zd7,05uid,ACTIVE
2022-23,17,jk0ke7gol93k5zd7,04qs1,ACTIVE
2022-23,17,jk0ke7gol93k5zd7,042n1,ACTIVE
2022-23,17,jk0ke7gol93k5zd7,02nf1,ACTIVE
2022-23,17,jk0ke7gol93k5zd7,05qsq,ACTIVE
2022-23,17,jk0ke7gol93k5zd7,03r7r,ACTIVE
2022-23,17,jk0ke7gol93k5zd7,005ki,ACTIVE
2022-23,17,jk0ke7gol93k5zd7,05qsx,ACTIVE
2022-23,17,jk0ke7gol93k5zd7,05qve,ACTIVE
2022-23,17,jk0ke7gol93k5zd7,03wr4,ACTIVE
2022-23,17,jk0ke7gol93k5zd7,06214,ACTIVE
2022-23,17,jk0ke7gol93k5zd7,031mb,ACTIVE
2022-23,17,jk0ke7gol93k5zd7,05qug,ACTIVE
2022-23,17,jk0ke7gol93k5zd7,031m2,ACTIVE
2022-23,17,jk0ke7gol93k5zd7,027p4,ACTIVE
2022-23,17,jk0ke7gol93k5zd7,038xi,ACTIVE
2022-23,17,pqp9fc6yl93j5xul,05uij,ACTIVE
2022-23,17,pqp9fc6yl93j5xul,05uiq,ACTIVE
2022-23,17,pqp9fc6yl93j5xul,042ne,ACTIVE
2022-23,17,pqp9fc6yl93j5xul,01eo6,ACTIVE
2022-23,17,pqp9fc6yl93j5xul,027oz,ACTIVE
2022-23,17,pqp9fc6yl93j5xul,01eon,ACTIVE
2022-23,17,pqp9fc6yl93j5xul,04ewu,ACTIVE
2022-23,17,pqp9fc6yl93j5xul,051oi,ACTIVE
2022-23,17,pqp9fc6yl93j5xul,04xgj,ACTIVE
2022-23,17,pqp9fc6yl93j5xul,03ad2,ACTIVE
2022-23,17,pqp9fc6yl93j5xul,042nr,ACTIVE
2022-23,17,pqp9fc6yl93j5xul,04ewr,ACTIVE
2022-23,17,pqp9fc6yl93j5xul,051ok,ACTIVE
2022-23,17,pqp9fc6yl93j5xul,042n6,ACTIVE
2022-23,17,pqp9fc6yl93j5xul,05uj4,ACTIVE
2022-23,17,pqp9fc6yl93j5xul,05qud,ACTIVE
2022-23,17,pqp9fc6yl93j5xul,01uz7,ACTIVE
2022-23,17,pqp9fc6yl93j5xul,04qs4,ACTIVE
2022-23,17,pqp9fc6yl93j5xul,04qsa,ACTIVE
2022-23,17,pqp9fc6yl93j5xul,03nwk,ACTIVE
2022-23,18,6bpping1l96ajun5,051pa,ACTIVE
2022-23,18,6bpping1l96ajun5,05qu1,ACTIVE
2022-23,18,6bpping1l96ajun5,031lp,ACTIVE
2022-23,18,6bpping1l96ajun5,051op,ACTIVE
2022-23,18,6bpping1l96ajun5,05qty,ACTIVE
2022-23,18,6bpping1l96ajun5,05ujc,ACTIVE
2022-23,18,6bpping1l96ajun5,05uig,ACTIVE
2022-23,18,6bpping1l96ajun5,005lx,ACTIVE
2022-23,18,6bpping1l96ajun5,03nwm,ACTIVE
2022-23,18,6bpping1l96ajun5,059ca,ACTIVE
2022-23,18,6bpping1l96ajun5,04qse,ACTIVE
2022-23,18,6bpping1l96ajun5,06210,ACTIVE
2022-23,18,6bpping1l96ajun5,027pg,ACTIVE
2022-23,18,6bpping1l96ajun5,02nfz,ACTIVE
2022-23,18,6bpping1l96ajun5,03xmv,ACTIVE
2022-23,18,6bpping1l96ajun5,051p3,ACTIVE
2022-23,18,6bpping1l96ajun5,03ad0,ACTIVE
2022-23,18,6bpping1l96ajun5,027p0,ACTIVE
2022-23,18,6bpping1l96ajun5,051ol,ACTIVE
2022-23,18,6bpping1l96ajun5,05qt3,ACTIVE
2022-23,18,rt1ug69sl97ijzno,03ad4,ACTIVE
2022-23,18,rt1ug69sl97ijzno,042nq,ACTIVE
2022-23,18,rt1ug69sl97ijzno,01ens,ACTIVE
2022-23,18,rt1ug69sl97ijzno,01sc8,ACTIVE
2022-23,18,rt1ug69sl97ijzno,042nw,ACTIVE
2022-23,18,rt1ug69sl97ijzno,04ewt,ACTIVE
2022-23,18,rt1ug69sl97ijzno,031m0,ACTIVE
2022-23,18,rt1ug69sl97ijzno,051pq,ACTIVE
2022-23,18,rt1ug69sl97ijzno,04ewn,ACTIVE
2022-23,18,rt1ug69sl97ijzno,042n3,ACTIVE
2022-23,18,rt1ug69sl97ijzno,03ad7,ACTIVE
2022-23,18,rt1ug69sl97ijzno,042nf,ACTIVE
2022-23,18,rt1ug69sl97ijzno,001aw,ACTIVE
2022-23,18,rt1ug69sl97ijzno,02nf6,ACTIVE
2022-23,18,rt1ug69sl97ijzno,04qsm,ACTIVE
2022-23,18,rt1ug69sl97ijzno,04qrl,ACTIVE
2022-23,18,rt1ug69sl97ijzno,02ym0,ACTIVE
2022-23,18,rt1ug69sl97ijzno,03nwq,ACTIVE
2022-23,18,rt1ug69sl97ijzno,02nf3,ACTIVE
2022-23,18,rt1ug69sl97ijzno,049kd,ACTIVE
2022-23,18,tnykxdccl93mdr11,04qsi,ACTIVE
2022-23,18,tnykxdccl93mdr11,01enh,ACTIVE
2022-23,18,tnykxdccl93mdr11,05qto,ACTIVE
2022-23,18,tnykxdccl93mdr11,05uj9,ACTIVE
2022-23,18,tnykxdccl93mdr11,04qrw,ACTIVE
2022-23,18,tnykxdccl93mdr11,04qrj,ACTIVE
2022-23,18,tnykxdccl93mdr11,03el5,ACTIVE
2022-23,18,tnykxdccl93mdr11,05qtq,ACTIVE
2022-23,18,tnykxdccl93mdr11,0621l,ACTIVE
2022-23,18,tnykxdccl93mdr11,05uie,ACTIVE
2022-23,18,tnykxdccl93mdr11,027p9,ACTIVE
2022-23,18,tnykxdccl93mdr11,05uic,ACTIVE
2022-23,18,tnykxdccl93mdr11,04ex6,ACTIVE
2022-23,18,tnykxdccl93mdr11,06216,ACTIVE
2022-23,18,tnykxdccl93mdr11,04ewf,ACTIVE
2022-23,18,tnykxdccl93mdr11,04qrr,ACTIVE
2022-23,18,tnykxdccl93mdr11,0527l,ACTIVE
2022-23,18,tnykxdccl93mdr11,06213,ACTIVE
2022-23,18,tnykxdccl93mdr11,03al1,ACTIVE
2022-23,18,tnykxdccl93mdr11,051or,ACTIVE
2022-23,18,xa5w57ngl93mbh2g,01enw,ACTIVE
2022-23,18,xa5w57ngl93mbh2g,051p9,ACTIVE
2022-23,18,xa5w57ngl93mbh2g,049kf,ACTIVE
2022-23,18,xa5w57ngl93mbh2g,049ka,ACTIVE
2022-23,18,xa5w57ngl93mbh2g,042nm,ACTIVE
2022-23,18,xa5w57ngl93mbh2g,031lv,ACTIVE
2022-23,18,xa5w57ngl93mbh2g,05uj0,ACTIVE
2022-23,18,xa5w57ngl93mbh2g,049s6,ACTIVE
2022-23,18,xa5w57ngl93mbh2g,03e6n,ACTIVE
2022-23,18,xa5w57ngl93mbh2g,042nt,ACTIVE
2022-23,18,xa5w57ngl93mbh2g,051os,ACTIVE
2022-23,18,xa5w57ngl93mbh2g,05qu5,ACTIVE
2022-23,18,xa5w57ngl93mbh2g,049kb,ACTIVE
2022-23,18,xa5w57ngl93mbh2g,04exe,ACTIVE
2022-23,18,xa5w57ngl93mbh2g,06212,ACTIVE
2022-23,18,xa5w57ngl93mbh2g,04kj6,ACTIVE
2022-23,18,xa5w57ngl93mbh2g,051p1,ACTIVE
2022-23,18,xa5w57ngl93mbh2g,01eo9,ACTIVE
2022-23,18,xa5w57ngl93mbh2g,005kd,ACTIVE
2022-23,18,xa5w57ngl93mbh2g,01uyj,ACTIVE
2022-23,18,gl61mmryl93md0at,000zv,ACTIVE
2022-23,18,gl61mmryl93md0at,04ewe,ACTIVE
2022-23,18,gl61mmryl93md0at,0011e,ACTIVE
2022-23,18,gl61mmryl93md0at,02ng3,ACTIVE
2022-23,18,gl61mmryl93md0at,03byg,ACTIVE
2022-23,18,gl61mmryl93md0at,031m9,ACTIVE
2022-23,18,gl61mmryl93md0at,03nwl,ACTIVE
2022-23,18,gl61mmryl93md0at,051pi,ACTIVE
2022-23,18,gl61mmryl93md0at,005lm,ACTIVE
2022-23,18,gl61mmryl93md0at,03byk,ACTIVE
2022-23,18,gl61mmryl93md0at,027ou,ACTIVE
2022-23,18,gl61mmryl93md0at,049ki,ACTIVE
2022-23,18,gl61mmryl93md0at,05qtl,ACTIVE
2022-23,18,gl61mmryl93md0at,043ib,ACTIVE
2022-23,18,gl61mmryl93md0at,04ewk,ACTIVE
2022-23,18,gl61mmryl93md0at,04qrk,ACTIVE
2022-23,18,gl61mmryl93md0at,031lz,ACTIVE
2022-23,18,gl61mmryl93md0at,02xg9,ACTIVE
2022-23,18,gl61mmryl93md0at,05uiw,ACTIVE
2022-23,18,gl61mmryl93md0at,051ot,ACTIVE
2022-23,18,lax5yix5l97irroa,027oj,ACTIVE
2022-23,18,lax5yix5l97irroa,02nf7,ACTIVE
2022-23,18,lax5yix5l97irroa,005kc,ACTIVE
2022-23,18,lax5yix5l97irroa,05qu0,ACTIVE
2022-23,18,lax5yix5l97irroa,05qub,ACTIVE
2022-23,18,lax5yix5l97irroa,03ajv,ACTIVE
2022-23,18,lax5yix5l97irroa,05qtr,ACTIVE
2022-23,18,lax5yix5l97irroa,0621c,ACTIVE
2022-23,18,lax5yix5l97irroa,05qu9,ACTIVE
2022-23,18,lax5yix5l97irroa,027pe,ACTIVE
2022-23,18,lax5yix5l97irroa,03nwn,ACTIVE
2022-23,18,lax5yix5l97irroa,03e6u,ACTIVE
2022-23,18,lax5yix5l97irroa,05qt0,ACTIVE
2022-23,18,lax5yix5l97irroa,04fj8,ACTIVE
2022-23,18,lax5yix5l97irroa,05qtv,ACTIVE
2022-23,18,lax5yix5l97irroa,04ewm,ACTIVE
2022-23,18,lax5yix5l97irroa,05uj6,ACTIVE
2022-23,18,lax5yix5l97irroa,04ex8,ACTIVE
2022-23,18,lax5yix5l97irroa,03ad3,ACTIVE
2022-23,18,lax5yix5l97irroa,03lg1,ACTIVE
2022-23,18,nygi7tael97irroa,031lx,ACTIVE
2022-23,18,nygi7tael97irroa,03e6s,ACTIVE
2022-23,18,nygi7tael97irroa,03lls,ACTIVE
2022-23,18,nygi7tael97irroa,0015b,ACTIVE
2022-23,18,nygi7tael97irroa,03al0,ACTIVE
2022-23,18,nygi7tael97irroa,03e74,ACTIVE
2022-23,18,nygi7tael97irroa,051oh,ACTIVE
2022-23,18,nygi7tael97irroa,04qsj,ACTIVE
2022-23,18,nygi7tael97irroa,03al2,ACTIVE
2022-23,18,nygi7tael97irroa,05uib,ACTIVE
2022-23,18,nygi7tael97irroa,05qtm,ACTIVE
2022-23,18,nygi7tael97irroa,04qsd,ACTIVE
2022-23,18,nygi7tael97irroa,05qsl,ACTIVE
2022-23,18,nygi7tael97irroa,04qro,ACTIVE
2022-23,18,nygi7tael97irroa,04xdu,ACTIVE
2022-23,18,nygi7tael97irroa,051oj,ACTIVE
2022-23,18,nygi7tael97irroa,02ng4,ACTIVE
2022-23,18,nygi7tael97irroa,042n4,ACTIVE
2022-23,18,nygi7tael97irroa,05uih,ACTIVE
2022-23,18,nygi7tael97irroa,0621g,ACTIVE
2022-23,18,ibf4yutil93mhju7,03r7z,ACTIVE
2022-23,18,ibf4yutil93mhju7,0015e,ACTIVE
2022-23,18,ibf4yutil93mhju7,03aq2,ACTIVE
2022-23,18,ibf4yutil93mhju7,042n7,ACTIVE
2022-23,18,ibf4yutil93mhju7,0496e,ACTIVE
2022-23,18,ibf4yutil93mhju7,04848,ACTIVE
2022-23,18,ibf4yutil93mhju7,027oo,ACTIVE
2022-23,18,ibf4yutil93mhju7,06218,ACTIVE
2022-23,18,ibf4yutil93mhju7,05uin,ACTIVE
2022-23,18,ibf4yutil93mhju7,03ams,ACTIVE
2022-23,18,ibf4yutil93mhju7,03e75,ACTIVE
2022-23,18,ibf4yutil93mhju7,06215,ACTIVE
2022-23,18,ibf4yutil93mhju7,051p8,ACTIVE
2022-23,18,ibf4yutil93mhju7,05qtt,ACTIVE
2022-23,18,ibf4yutil93mhju7,04qrn,ACTIVE
2022-23,18,ibf4yutil93mhju7,05uif,ACTIVE
2022-23,18,ibf4yutil93mhju7,0017e,ACTIVE
2022-23,18,ibf4yutil93mhju7,04azw,ACTIVE
2022-23,18,ibf4yutil93mhju7,02nf9,ACTIVE
2022-23,18,ibf4yutil93mhju7,038ia,ACTIVE
2022-23,18,jk0ke7gol93k5zd7,04ex5,ACTIVE
2022-23,18,jk0ke7gol93k5zd7,05uii,ACTIVE
2022-23,18,jk0ke7gol93k5zd7,051pb,ACTIVE
2022-23,18,jk0ke7gol93k5zd7,04qrm,ACTIVE
2022-23,18,jk0ke7gol93k5zd7,05uid,ACTIVE
2022-23,18,jk0ke7gol93k5zd7,04qs1,ACTIVE
2022-23,18,jk0ke7gol93k5zd7,042n1,ACTIVE
2022-23,18,jk0ke7gol93k5zd7,02nf1,ACTIVE
2022-23,18,jk0ke7gol93k5zd7,05qsq,ACTIVE
2022-23,18,jk0ke7gol93k5zd7,03r7r,ACTIVE
2022-23,18,jk0ke7gol93k5zd7,005ki,ACTIVE
2022-23,18,jk0ke7gol93k5zd7,05qsx,ACTIVE
2022-23,18,jk0ke7gol93k5zd7,05qve,ACTIVE
2022-23,18,jk0ke7gol93k5zd7,03wr4,ACTIVE
2022-23,18,jk0ke7gol93k5zd7,06214,ACTIVE
2022-23,18,jk0ke7gol93k5zd7,031mb,ACTIVE
2022-23,18,jk0ke7gol93k5zd7,05qug,ACTIVE
2022-23,18,jk0ke7gol93k5zd7,031m2,ACTIVE
2022-23,18,jk0ke7gol93k5zd7,027p4,ACTIVE
2022-23,18,jk0ke7gol93k5zd7,038xi,ACTIVE
2022-23,18,pqp9fc6yl93j5xul,05uij,ACTIVE
2022-23,18,pqp9fc6yl93j5xul,05uiq,ACTIVE
2022-23,18,pqp9fc6yl93j5xul,042ne,ACTIVE
2022-23,18,pqp9fc6yl93j5xul,01eo6,ACTIVE
2022-23,18,pqp9fc6yl93j5xul,027oz,ACTIVE
2022-23,18,pqp9fc6yl93j5xul,01eon,ACTIVE
2022-23,18,pqp9fc6yl93j5xul,04ewu,ACTIVE
2022-23,18,pqp9fc6yl93j5xul,051oi,ACTIVE
2022-23,18,pqp9fc6yl93j5xul,04xgj,ACTIVE
2022-23,18,pqp9fc6yl93j5xul,03ad2,ACTIVE
2022-23,18,pqp9fc6yl93j5xul,042nr,ACTIVE
2022-23,18,pqp9fc6yl93j5xul,04ewr,ACTIVE
2022-23,18,pqp9fc6yl93j5xul,051ok,ACTIVE
2022-23,18,pqp9fc6yl93j5xul,042n6,ACTIVE
2022-23,18,pqp9fc6yl93j5xul,05uj4,ACTIVE
2022-23,18,pqp9fc6yl93j5xul,05qud,ACTIVE
2022-23,18,pqp9fc6yl93j5xul,01uz7,ACTIVE
2022-23,18,pqp9fc6yl93j5xul,04qs4,ACTIVE
2022-23,18,pqp9fc6yl93j5xul,04qsa,ACTIVE
2022-23,18,pqp9fc6yl93j5xul,03nwk,ACTIVE
2022-23,19,6bpping1l96ajun5,051pa,ACTIVE
2022-23,19,6bpping1l96ajun5,05qu1,ACTIVE
2022-23,19,6bpping1l96ajun5,031lp,ACTIVE
2022-23,19,6bpping1l96ajun5,051op,ACTIVE
2022-23,19,6bpping1l96ajun5,05qty,ACTIVE
2022-23,19,6bpping1l96ajun5,05ujc,ACTIVE
2022-23,19,6bpping1l96ajun5,05uig,ACTIVE
2022-23,19,6bpping1l96ajun5,005lx,ACTIVE
2022-23,19,6bpping1l96ajun5,03nwm,ACTIVE
2022-23,19,6bpping1l96ajun5,059ca,ACTIVE
2022-23,19,6bpping1l96ajun5,04qse,ACTIVE
2022-23,19,6bpping1l96ajun5,06210,ACTIVE
2022-23,19,6bpping1l96ajun5,027pg,ACTIVE
2022-23,19,6bpping1l96ajun5,02nfz,ACTIVE
2022-23,19,6bpping1l96ajun5,03xmv,ACTIVE
2022-23,19,6bpping1l96ajun5,051p3,ACTIVE
2022-23,19,6bpping1l96ajun5,03ad0,ACTIVE
2022-23,19,6bpping1l96ajun5,027p0,ACTIVE
2022-23,19,6bpping1l96ajun5,051ol,ACTIVE
2022-23,19,6bpping1l96ajun5,05qt3,ACTIVE
2022-23,19,rt1ug69sl97ijzno,03ad4,ACTIVE
2022-23,19,rt1ug69sl97ijzno,042nq,ACTIVE
2022-23,19,rt1ug69sl97ijzno,01ens,ACTIVE
2022-23,19,rt1ug69sl97ijzno,01sc8,ACTIVE
2022-23,19,rt1ug69sl97ijzno,042nw,ACTIVE
2022-23,19,rt1ug69sl97ijzno,04ewt,ACTIVE
2022-23,19,rt1ug69sl97ijzno,031m0,ACTIVE
2022-23,19,rt1ug69sl97ijzno,051pq,ACTIVE
2022-23,19,rt1ug69sl97ijzno,04ewn,ACTIVE
2022-23,19,rt1ug69sl97ijzno,042n3,ACTIVE
2022-23,19,rt1ug69sl97ijzno,03ad7,ACTIVE
2022-23,19,rt1ug69sl97ijzno,042nf,ACTIVE
2022-23,19,rt1ug69sl97ijzno,001aw,ACTIVE
2022-23,19,rt1ug69sl97ijzno,02nf6,ACTIVE
2022-23,19,rt1ug69sl97ijzno,04qsm,ACTIVE
2022-23,19,rt1ug69sl97ijzno,04qrl,ACTIVE
2022-23,19,rt1ug69sl97ijzno,02ym0,ACTIVE
2022-23,19,rt1ug69sl97ijzno,03nwq,ACTIVE
2022-23,19,rt1ug69sl97ijzno,02nf3,ACTIVE
2022-23,19,rt1ug69sl97ijzno,049kd,ACTIVE
2022-23,19,tnykxdccl93mdr11,04qsi,ACTIVE
2022-23,19,tnykxdccl93mdr11,01enh,ACTIVE
2022-23,19,tnykxdccl93mdr11,05qto,ACTIVE
2022-23,19,tnykxdccl93mdr11,05uj9,ACTIVE
2022-23,19,tnykxdccl93mdr11,04qrw,ACTIVE
2022-23,19,tnykxdccl93mdr11,04qrj,ACTIVE
2022-23,19,tnykxdccl93mdr11,03el5,ACTIVE
2022-23,19,tnykxdccl93mdr11,05qtq,ACTIVE
2022-23,19,tnykxdccl93mdr11,0621l,ACTIVE
2022-23,19,tnykxdccl93mdr11,05uie,ACTIVE
2022-23,19,tnykxdccl93mdr11,027p9,ACTIVE
2022-23,19,tnykxdccl93mdr11,05uic,ACTIVE
2022-23,19,tnykxdccl93mdr11,04ex6,ACTIVE
2022-23,19,tnykxdccl93mdr11,06216,ACTIVE
2022-23,19,tnykxdccl93mdr11,04ewf,ACTIVE
2022-23,19,tnykxdccl93mdr11,04qrr,ACTIVE
2022-23,19,tnykxdccl93mdr11,0527l,ACTIVE
2022-23,19,tnykxdccl93mdr11,06213,ACTIVE
2022-23,19,tnykxdccl93mdr11,03al1,ACTIVE
2022-23,19,tnykxdccl93mdr11,051or,ACTIVE
2022-23,19,xa5w57ngl93mbh2g,01enw,ACTIVE
2022-23,19,xa5w57ngl93mbh2g,051p9,ACTIVE
2022-23,19,xa5w57ngl93mbh2g,049kf,ACTIVE
2022-23,19,xa5w57ngl93mbh2g,049ka,ACTIVE
2022-23,19,xa5w57ngl93mbh2g,042nm,ACTIVE
2022-23,19,xa5w57ngl93mbh2g,031lv,ACTIVE
2022-23,19,xa5w57ngl93mbh2g,05uj0,ACTIVE
2022-23,19,xa5w57ngl93mbh2g,049s6,ACTIVE
2022-23,19,xa5w57ngl93mbh2g,03e6n,ACTIVE
2022-23,19,xa5w57ngl93mbh2g,042nt,ACTIVE
2022-23,19,xa5w57ngl93mbh2g,051os,ACTIVE
2022-23,19,xa5w57ngl93mbh2g,05qu5,ACTIVE
2022-23,19,xa5w57ngl93mbh2g,049kb,ACTIVE
2022-23,19,xa5w57ngl93mbh2g,04exe,ACTIVE
2022-23,19,xa5w57ngl93mbh2g,06212,ACTIVE
2022-23,19,xa5w57ngl93mbh2g,04kj6,ACTIVE
2022-23,19,xa5w57ngl93mbh2g,051p1,ACTIVE
2022-23,19,xa5w57ngl93mbh2g,01eo9,ACTIVE
2022-23,19,xa5w57ngl93mbh2g,005kd,ACTIVE
2022-23,19,xa5w57ngl93mbh2g,01uyj,ACTIVE
2022-23,19,gl61mmryl93md0at,000zv,ACTIVE
2022-23,19,gl61mmryl93md0at,04ewe,ACTIVE
2022-23,19,gl61mmryl93md0at,0011e,ACTIVE
2022-23,19,gl61mmryl93md0at,02ng3,ACTIVE
2022-23,19,gl61mmryl93md0at,03byg,ACTIVE
2022-23,19,gl61mmryl93md0at,031m9,ACTIVE
2022-23,19,gl61mmryl93md0at,03nwl,ACTIVE
2022-23,19,gl61mmryl93md0at,051pi,ACTIVE
2022-23,19,gl61mmryl93md0at,005lm,ACTIVE
2022-23,19,gl61mmryl93md0at,03byk,ACTIVE
2022-23,19,gl61mmryl93md0at,027ou,ACTIVE
2022-23,19,gl61mmryl93md0at,049ki,ACTIVE
2022-23,19,gl61mmryl93md0at,05qtl,ACTIVE
2022-23,19,gl61mmryl93md0at,043ib,ACTIVE
2022-23,19,gl61mmryl93md0at,04ewk,ACTIVE
2022-23,19,gl61mmryl93md0at,04qrk,ACTIVE
2022-23,19,gl61mmryl93md0at,031lz,ACTIVE
2022-23,19,gl61mmryl93md0at,02xg9,ACTIVE
2022-23,19,gl61mmryl93md0at,05uiw,ACTIVE
2022-23,19,gl61mmryl93md0at,051ot,ACTIVE
2022-23,19,lax5yix5l97irroa,027oj,ACTIVE
2022-23,19,lax5yix5l97irroa,02nf7,ACTIVE
2022-23,19,lax5yix5l97irroa,005kc,ACTIVE
2022-23,19,lax5yix5l97irroa,05qu0,ACTIVE
2022-23,19,lax5yix5l97irroa,05qub,ACTIVE
2022-23,19,lax5yix5l97irroa,03ajv,ACTIVE
2022-23,19,lax5yix5l97irroa,05qtr,ACTIVE
2022-23,19,lax5yix5l97irroa,0621c,ACTIVE
2022-23,19,lax5yix5l97irroa,05qu9,ACTIVE
2022-23,19,lax5yix5l97irroa,027pe,ACTIVE
2022-23,19,lax5yix5l97irroa,03nwn,ACTIVE
2022-23,19,lax5yix5l97irroa,03e6u,ACTIVE
2022-23,19,lax5yix5l97irroa,05qt0,ACTIVE
2022-23,19,lax5yix5l97irroa,04fj8,ACTIVE
2022-23,19,lax5yix5l97irroa,05qtv,ACTIVE
2022-23,19,lax5yix5l97irroa,04ewm,ACTIVE
2022-23,19,lax5yix5l97irroa,05uj6,ACTIVE
2022-23,19,lax5yix5l97irroa,04ex8,ACTIVE
2022-23,19,lax5yix5l97irroa,03ad3,ACTIVE
2022-23,19,lax5yix5l97irroa,03lg1,ACTIVE
2022-23,19,nygi7tael97irroa,031lx,ACTIVE
2022-23,19,nygi7tael97irroa,03e6s,ACTIVE
2022-23,19,nygi7tael97irroa,03lls,ACTIVE
2022-23,19,nygi7tael97irroa,0015b,ACTIVE
2022-23,19,nygi7tael97irroa,03al0,ACTIVE
2022-23,19,nygi7tael97irroa,03e74,ACTIVE
2022-23,19,nygi7tael97irroa,051oh,ACTIVE
2022-23,19,nygi7tael97irroa,04qsj,ACTIVE
2022-23,19,nygi7tael97irroa,03al2,ACTIVE
2022-23,19,nygi7tael97irroa,05uib,ACTIVE
2022-23,19,nygi7tael97irroa,05qtm,ACTIVE
2022-23,19,nygi7tael97irroa,04qsd,ACTIVE
2022-23,19,nygi7tael97irroa,05qsl,ACTIVE
2022-23,19,nygi7tael97irroa,04qro,ACTIVE
2022-23,19,nygi7tael97irroa,04xdu,ACTIVE
2022-23,19,nygi7tael97irroa,051oj,ACTIVE
2022-23,19,nygi7tael97irroa,02ng4,ACTIVE
2022-23,19,nygi7tael97irroa,042n4,ACTIVE
2022-23,19,nygi7tael97irroa,05uih,ACTIVE
2022-23,19,nygi7tael97irroa,0621g,ACTIVE
2022-23,19,ibf4yutil93mhju7,03r7z,ACTIVE
2022-23,19,ibf4yutil93mhju7,0015e,ACTIVE
2022-23,19,ibf4yutil93mhju7,03aq2,ACTIVE
2022-23,19,ibf4yutil93mhju7,042n7,ACTIVE
2022-23,19,ibf4yutil93mhju7,0496e,ACTIVE
2022-23,19,ibf4yutil93mhju7,04848,ACTIVE
2022-23,19,ibf4yutil93mhju7,027oo,ACTIVE
2022-23,19,ibf4yutil93mhju7,06218,ACTIVE
2022-23,19,ibf4yutil93mhju7,05uin,ACTIVE
2022-23,19,ibf4yutil93mhju7,03ams,ACTIVE
2022-23,19,ibf4yutil93mhju7,03e75,ACTIVE
2022-23,19,ibf4yutil93mhju7,06215,ACTIVE
2022-23,19,ibf4yutil93mhju7,051p8,ACTIVE
2022-23,19,ibf4yutil93mhju7,05qtt,ACTIVE
2022-23,19,ibf4yutil93mhju7,04qrn,ACTIVE
2022-23,19,ibf4yutil93mhju7,05uif,ACTIVE
2022-23,19,ibf4yutil93mhju7,0017e,ACTIVE
2022-23,19,ibf4yutil93mhju7,04azw,ACTIVE
2022-23,19,ibf4yutil93mhju7,02nf9,ACTIVE
2022-23,19,ibf4yutil93mhju7,038ia,ACTIVE
2022-23,19,jk0ke7gol93k5zd7,04ex5,ACTIVE
2022-23,19,jk0ke7gol93k5zd7,05uii,ACTIVE
2022-23,19,jk0ke7gol93k5zd7,051pb,ACTIVE
2022-23,19,jk0ke7gol93k5zd7,04qrm,ACTIVE
2022-23,19,jk0ke7gol93k5zd7,05uid,ACTIVE
2022-23,19,jk0ke7gol93k5zd7,04qs1,ACTIVE
2022-23,19,jk0ke7gol93k5zd7,042n1,ACTIVE
2022-23,19,jk0ke7gol93k5zd7,02nf1,ACTIVE
2022-23,19,jk0ke7gol93k5zd7,05qsq,ACTIVE
2022-23,19,jk0ke7gol93k5zd7,03r7r,ACTIVE
2022-23,19,jk0ke7gol93k5zd7,005ki,ACTIVE
2022-23,19,jk0ke7gol93k5zd7,05qsx,ACTIVE
2022-23,19,jk0ke7gol93k5zd7,05qve,ACTIVE
2022-23,19,jk0ke7gol93k5zd7,03wr4,ACTIVE
2022-23,19,jk0ke7gol93k5zd7,06214,ACTIVE
2022-23,19,jk0ke7gol93k5zd7,031mb,ACTIVE
2022-23,19,jk0ke7gol93k5zd7,05qug,ACTIVE
2022-23,19,jk0ke7gol93k5zd7,031m2,ACTIVE
2022-23,19,jk0ke7gol93k5zd7,027p4,ACTIVE
2022-23,19,jk0ke7gol93k5zd7,038xi,ACTIVE
2022-23,19,pqp9fc6yl93j5xul,05uij,ACTIVE
2022-23,19,pqp9fc6yl93j5xul,05uiq,ACTIVE
2022-23,19,pqp9fc6yl93j5xul,042ne,ACTIVE
2022-23,19,pqp9fc6yl93j5xul,01eo6,ACTIVE
2022-23,19,pqp9fc6yl93j5xul,027oz,ACTIVE
2022-23,19,pqp9fc6yl93j5xul,01eon,ACTIVE
2022-23,19,pqp9fc6yl93j5xul,04ewu,ACTIVE
2022-23,19,pqp9fc6yl93j5xul,051oi,ACTIVE
2022-23,19,pqp9fc6yl93j5xul,04xgj,ACTIVE
2022-23,19,pqp9fc6yl93j5xul,03ad2,ACTIVE
2022-23,19,pqp9fc6yl93j5xul,042nr,ACTIVE
2022-23,19,pqp9fc6yl93j5xul,04ewr,ACTIVE
2022-23,19,pqp9fc6yl93j5xul,051ok,ACTIVE
2022-23,19,pqp9fc6yl93j5xul,042n6,ACTIVE
2022-23,19,pqp9fc6yl93j5xul,05uj4,ACTIVE
2022-23,19,pqp9fc6yl93j5xul,05qud,ACTIVE
2022-23,19,pqp9fc6yl93j5xul,01uz7,ACTIVE
2022-23,19,pqp9fc6yl93j5xul,04qs4,ACTIVE
2022-23,19,pqp9fc6yl93j5xul,04qsa,ACTIVE
2022-23,19,pqp9fc6yl93j5xul,03nwk,ACTIVE
2022-23,20,6bpping1l96ajun5,051pa,ACTIVE
2022-23,20,6bpping1l96ajun5,05qu1,ACTIVE
2022-23,20,6bpping1l96ajun5,031lp,ACTIVE
2022-23,20,6bpping1l96ajun5,051op,ACTIVE
2022-23,20,6bpping1l96ajun5,05qty,ACTIVE
2022-23,20,6bpping1l96ajun5,05ujc,ACTIVE
2022-23,20,6bpping1l96ajun5,05uig,ACTIVE
2022-23,20,6bpping1l96ajun5,005lx,ACTIVE
2022-23,20,6bpping1l96ajun5,03nwm,ACTIVE
2022-23,20,6bpping1l96ajun5,059ca,ACTIVE
2022-23,20,6bpping1l96ajun5,04qse,ACTIVE
2022-23,20,6bpping1l96ajun5,06210,ACTIVE
2022-23,20,6bpping1l96ajun5,027pg,ACTIVE
2022-23,20,6bpping1l96ajun5,02nfz,ACTIVE
2022-23,20,6bpping1l96ajun5,03xmv,ACTIVE
2022-23,20,6bpping1l96ajun5,051p3,ACTIVE
2022-23,20,6bpping1l96ajun5,03ad0,ACTIVE
2022-23,20,6bpping1l96ajun5,027p0,ACTIVE
2022-23,20,6bpping1l96ajun5,051ol,ACTIVE
2022-23,20,6bpping1l96ajun5,05qt3,ACTIVE
2022-23,20,rt1ug69sl97ijzno,03ad4,ACTIVE
2022-23,20,rt1ug69sl97ijzno,042nq,ACTIVE
2022-23,20,rt1ug69sl97ijzno,01ens,ACTIVE
2022-23,20,rt1ug69sl97ijzno,01sc8,ACTIVE
2022-23,20,rt1ug69sl97ijzno,042nw,ACTIVE
2022-23,20,rt1ug69sl97ijzno,04ewt,ACTIVE
2022-23,20,rt1ug69sl97ijzno,031m0,ACTIVE
2022-23,20,rt1ug69sl97ijzno,051pq,ACTIVE
2022-23,20,rt1ug69sl97ijzno,04ewn,ACTIVE
2022-23,20,rt1ug69sl97ijzno,042n3,ACTIVE
2022-23,20,rt1ug69sl97ijzno,03ad7,ACTIVE
2022-23,20,rt1ug69sl97ijzno,042nf,ACTIVE
2022-23,20,rt1ug69sl97ijzno,001aw,ACTIVE
2022-23,20,rt1ug69sl97ijzno,02nf6,ACTIVE
2022-23,20,rt1ug69sl97ijzno,04qsm,ACTIVE
2022-23,20,rt1ug69sl97ijzno,04qrl,ACTIVE
2022-23,20,rt1ug69sl97ijzno,02ym0,ACTIVE
2022-23,20,rt1ug69sl97ijzno,03nwq,ACTIVE
2022-23,20,rt1ug69sl97ijzno,02nf3,ACTIVE
2022-23,20,rt1ug69sl97ijzno,049kd,ACTIVE
2022-23,20,tnykxdccl93mdr11,04qsi,ACTIVE
2022-23,20,tnykxdccl93mdr11,01enh,ACTIVE
2022-23,20,tnykxdccl93mdr11,05qto,ACTIVE
2022-23,20,tnykxdccl93mdr11,05uj9,ACTIVE
2022-23,20,tnykxdccl93mdr11,04qrw,ACTIVE
2022-23,20,tnykxdccl93mdr11,04qrj,ACTIVE
2022-23,20,tnykxdccl93mdr11,03el5,ACTIVE
2022-23,20,tnykxdccl93mdr11,05qtq,ACTIVE
2022-23,20,tnykxdccl93mdr11,0621l,ACTIVE
2022-23,20,tnykxdccl93mdr11,05uie,ACTIVE
2022-23,20,tnykxdccl93mdr11,027p9,ACTIVE
2022-23,20,tnykxdccl93mdr11,05uic,ACTIVE
2022-23,20,tnykxdccl93mdr11,04ex6,ACTIVE
2022-23,20,tnykxdccl93mdr11,06216,ACTIVE
2022-23,20,tnykxdccl93mdr11,04ewf,ACTIVE
2022-23,20,tnykxdccl93mdr11,04qrr,ACTIVE
2022-23,20,tnykxdccl93mdr11,0527l,ACTIVE
2022-23,20,tnykxdccl93mdr11,06213,ACTIVE
2022-23,20,tnykxdccl93mdr11,03al1,ACTIVE
2022-23,20,tnykxdccl93mdr11,051or,ACTIVE
2022-23,20,xa5w57ngl93mbh2g,01enw,ACTIVE
2022-23,20,xa5w57ngl93mbh2g,051p9,ACTIVE
2022-23,20,xa5w57ngl93mbh2g,049kf,ACTIVE
2022-23,20,xa5w57ngl93mbh2g,049ka,ACTIVE
2022-23,20,xa5w57ngl93mbh2g,042nm,ACTIVE
2022-23,20,xa5w57ngl93mbh2g,031lv,ACTIVE
2022-23,20,xa5w57ngl93mbh2g,05uj0,ACTIVE
2022-23,20,xa5w57ngl93mbh2g,049s6,ACTIVE
2022-23,20,xa5w57ngl93mbh2g,03e6n,ACTIVE
2022-23,20,xa5w57ngl93mbh2g,042nt,ACTIVE
2022-23,20,xa5w57ngl93mbh2g,051os,ACTIVE
2022-23,20,xa5w57ngl93mbh2g,05qu5,ACTIVE
2022-23,20,xa5w57ngl93mbh2g,049kb,ACTIVE
2022-23,20,xa5w57ngl93mbh2g,04exe,ACTIVE
2022-23,20,xa5w57ngl93mbh2g,06212,ACTIVE
2022-23,20,xa5w57ngl93mbh2g,04kj6,ACTIVE
2022-23,20,xa5w57ngl93mbh2g,051p1,ACTIVE
2022-23,20,xa5w57ngl93mbh2g,01eo9,ACTIVE
2022-23,20,xa5w57ngl93mbh2g,005kd,ACTIVE
2022-23,20,xa5w57ngl93mbh2g,01uyj,ACTIVE
2022-23,20,gl61mmryl93md0at,000zv,ACTIVE
2022-23,20,gl61mmryl93md0at,04ewe,ACTIVE
2022-23,20,gl61mmryl93md0at,0011e,ACTIVE
2022-23,20,gl61mmryl93md0at,02ng3,ACTIVE
2022-23,20,gl61mmryl93md0at,03byg,ACTIVE
2022-23,20,gl61mmryl93md0at,031m9,ACTIVE
2022-23,20,gl61mmryl93md0at,03nwl,ACTIVE
2022-23,20,gl61mmryl93md0at,051pi,ACTIVE
2022-23,20,gl61mmryl93md0at,005lm,ACTIVE
2022-23,20,gl61mmryl93md0at,03byk,ACTIVE
2022-23,20,gl61mmryl93md0at,027ou,ACTIVE
2022-23,20,gl61mmryl93md0at,049ki,ACTIVE
2022-23,20,gl61mmryl93md0at,05qtl,ACTIVE
2022-23,20,gl61mmryl93md0at,043ib,ACTIVE
2022-23,20,gl61mmryl93md0at,04ewk,ACTIVE
2022-23,20,gl61mmryl93md0at,04qrk,ACTIVE
2022-23,20,gl61mmryl93md0at,031lz,ACTIVE
2022-23,20,gl61mmryl93md0at,02xg9,ACTIVE
2022-23,20,gl61mmryl93md0at,05uiw,ACTIVE
2022-23,20,gl61mmryl93md0at,051ot,ACTIVE
2022-23,20,lax5yix5l97irroa,027oj,ACTIVE
2022-23,20,lax5yix5l97irroa,02nf7,ACTIVE
2022-23,20,lax5yix5l97irroa,005kc,ACTIVE
2022-23,20,lax5yix5l97irroa,05qu0,ACTIVE
2022-23,20,lax5yix5l97irroa,05qub,ACTIVE
2022-23,20,lax5yix5l97irroa,03ajv,ACTIVE
2022-23,20,lax5yix5l97irroa,05qtr,ACTIVE
2022-23,20,lax5yix5l97irroa,0621c,ACTIVE
2022-23,20,lax5yix5l97irroa,05qu9,ACTIVE
2022-23,20,lax5yix5l97irroa,027pe,ACTIVE
2022-23,20,lax5yix5l97irroa,03nwn,ACTIVE
2022-23,20,lax5yix5l97irroa,03e6u,ACTIVE
2022-23,20,lax5yix5l97irroa,05qt0,ACTIVE
2022-23,20,lax5yix5l97irroa,04fj8,ACTIVE
2022-23,20,lax5yix5l97irroa,05qtv,ACTIVE
2022-23,20,lax5yix5l97irroa,04ewm,ACTIVE
2022-23,20,lax5yix5l97irroa,05uj6,ACTIVE
2022-23,20,lax5yix5l97irroa,04ex8,ACTIVE
2022-23,20,lax5yix5l97irroa,03ad3,ACTIVE
2022-23,20,lax5yix5l97irroa,03lg1,ACTIVE
2022-23,20,nygi7tael97irroa,031lx,ACTIVE
2022-23,20,nygi7tael97irroa,03e6s,ACTIVE
2022-23,20,nygi7tael97irroa,03lls,ACTIVE
2022-23,20,nygi7tael97irroa,0015b,ACTIVE
2022-23,20,nygi7tael97irroa,03al0,ACTIVE
2022-23,20,nygi7tael97irroa,03e74,ACTIVE
2022-23,20,nygi7tael97irroa,051oh,ACTIVE
2022-23,20,nygi7tael97irroa,04qsj,ACTIVE
2022-23,20,nygi7tael97irroa,03al2,ACTIVE
2022-23,20,nygi7tael97irroa,05uib,ACTIVE
2022-23,20,nygi7tael97irroa,05qtm,ACTIVE
2022-23,20,nygi7tael97irroa,04qsd,ACTIVE
2022-23,20,nygi7tael97irroa,05qsl,ACTIVE
2022-23,20,nygi7tael97irroa,04qro,ACTIVE
2022-23,20,nygi7tael97irroa,04xdu,ACTIVE
2022-23,20,nygi7tael97irroa,051oj,ACTIVE
2022-23,20,nygi7tael97irroa,02ng4,ACTIVE
2022-23,20,nygi7tael97irroa,042n4,ACTIVE
2022-23,20,nygi7tael97irroa,05uih,ACTIVE
2022-23,20,nygi7tael97irroa,0621g,ACTIVE
2022-23,20,ibf4yutil93mhju7,03r7z,ACTIVE
2022-23,20,ibf4yutil93mhju7,0015e,ACTIVE
2022-23,20,ibf4yutil93mhju7,03aq2,ACTIVE
2022-23,20,ibf4yutil93mhju7,042n7,ACTIVE
2022-23,20,ibf4yutil93mhju7,0496e,ACTIVE
2022-23,20,ibf4yutil93mhju7,04848,ACTIVE
2022-23,20,ibf4yutil93mhju7,027oo,ACTIVE
2022-23,20,ibf4yutil93mhju7,06218,ACTIVE
2022-23,20,ibf4yutil93mhju7,05uin,ACTIVE
2022-23,20,ibf4yutil93mhju7,03ams,ACTIVE
2022-23,20,ibf4yutil93mhju7,03e75,ACTIVE
2022-23,20,ibf4yutil93mhju7,06215,ACTIVE
2022-23,20,ibf4yutil93mhju7,051p8,ACTIVE
2022-23,20,ibf4yutil93mhju7,05qtt,ACTIVE
2022-23,20,ibf4yutil93mhju7,04qrn,ACTIVE
2022-23,20,ibf4yutil93mhju7,05uif,ACTIVE
2022-23,20,ibf4yutil93mhju7,0017e,ACTIVE
2022-23,20,ibf4yutil93mhju7,04azw,ACTIVE
2022-23,20,ibf4yutil93mhju7,02nf9,ACTIVE
2022-23,20,ibf4yutil93mhju7,038ia,ACTIVE
2022-23,20,jk0ke7gol93k5zd7,04ex5,ACTIVE
2022-23,20,jk0ke7gol93k5zd7,05uii,ACTIVE
2022-23,20,jk0ke7gol93k5zd7,051pb,ACTIVE
2022-23,20,jk0ke7gol93k5zd7,04qrm,ACTIVE
2022-23,20,jk0ke7gol93k5zd7,05uid,ACTIVE
2022-23,20,jk0ke7gol93k5zd7,04qs1,ACTIVE
2022-23,20,jk0ke7gol93k5zd7,042n1,ACTIVE
2022-23,20,jk0ke7gol93k5zd7,02nf1,ACTIVE
2022-23,20,jk0ke7gol93k5zd7,05qsq,ACTIVE
2022-23,20,jk0ke7gol93k5zd7,03r7r,ACTIVE
2022-23,20,jk0ke7gol93k5zd7,005ki,ACTIVE
2022-23,20,jk0ke7gol93k5zd7,05qsx,ACTIVE
2022-23,20,jk0ke7gol93k5zd7,05qve,ACTIVE
2022-23,20,jk0ke7gol93k5zd7,03wr4,ACTIVE
2022-23,20,jk0ke7gol93k5zd7,06214,ACTIVE
2022-23,20,jk0ke7gol93k5zd7,031mb,ACTIVE
2022-23,20,jk0ke7gol93k5zd7,05qug,ACTIVE
2022-23,20,jk0ke7gol93k5zd7,031m2,ACTIVE
2022-23,20,jk0ke7gol93k5zd7,027p4,ACTIVE
2022-23,20,jk0ke7gol93k5zd7,038xi,ACTIVE
2022-23,20,pqp9fc6yl93j5xul,05uij,ACTIVE
2022-23,20,pqp9fc6yl93j5xul,05uiq,ACTIVE
2022-23,20,pqp9fc6yl93j5xul,042ne,ACTIVE
2022-23,20,pqp9fc6yl93j5xul,01eo6,ACTIVE
2022-23,20,pqp9fc6yl93j5xul,027oz,ACTIVE
2022-23,20,pqp9fc6yl93j5xul,01eon,ACTIVE
2022-23,20,pqp9fc6yl93j5xul,04ewu,ACTIVE
2022-23,20,pqp9fc6yl93j5xul,051oi,ACTIVE
2022-23,20,pqp9fc6yl93j5xul,04xgj,ACTIVE
2022-23,20,pqp9fc6yl93j5xul,03ad2,ACTIVE
2022-23,20,pqp9fc6yl93j5xul,042nr,ACTIVE
2022-23,20,pqp9fc6yl93j5xul,04ewr,ACTIVE
2022-23,20,pqp9fc6yl93j5xul,051ok,ACTIVE
2022-23,20,pqp9fc6yl93j5xul,042n6,ACTIVE
2022-23,20,pqp9fc6yl93j5xul,05uj4,ACTIVE
2022-23,20,pqp9fc6yl93j5xul,05qud,ACTIVE
2022-23,20,pqp9fc6yl93j5xul,01uz7,ACTIVE
2022-23,20,pqp9fc6yl93j5xul,04qs4,ACTIVE
2022-23,20,pqp9fc6yl93j5xul,04qsa,ACTIVE
2022-23,20,pqp9fc6yl93j5xul,03nwk,ACTIVE
2022-23,21,6bpping1l96ajun5,051pa,ACTIVE
2022-23,21,6bpping1l96ajun5,05qu1,ACTIVE
2022-23,21,6bpping1l96ajun5,031lp,ACTIVE
2022-23,21,6bpping1l96ajun5,051op,ACTIVE
2022-23,21,6bpping1l96ajun5,05qty,ACTIVE
2022-23,21,6bpping1l96ajun5,05ujc,ACTIVE
2022-23,21,6bpping1l96ajun5,05uig,ACTIVE
2022-23,21,6bpping1l96ajun5,005lx,ACTIVE
2022-23,21,6bpping1l96ajun5,03nwm,ACTIVE
2022-23,21,6bpping1l96ajun5,059ca,ACTIVE
2022-23,21,6bpping1l96ajun5,04qse,ACTIVE
2022-23,21,6bpping1l96ajun5,06210,ACTIVE
2022-23,21,6bpping1l96ajun5,027pg,ACTIVE
2022-23,21,6bpping1l96ajun5,02nfz,ACTIVE
2022-23,21,6bpping1l96ajun5,03xmv,ACTIVE
2022-23,21,6bpping1l96ajun5,051p3,ACTIVE
2022-23,21,6bpping1l96ajun5,03ad0,ACTIVE
2022-23,21,6bpping1l96ajun5,027p0,ACTIVE
2022-23,21,6bpping1l96ajun5,051ol,ACTIVE
2022-23,21,6bpping1l96ajun5,05qt3,ACTIVE
2022-23,21,rt1ug69sl97ijzno,03ad4,ACTIVE
2022-23,21,rt1ug69sl97ijzno,042nq,ACTIVE
2022-23,21,rt1ug69sl97ijzno,01ens,ACTIVE
2022-23,21,rt1ug69sl97ijzno,01sc8,ACTIVE
2022-23,21,rt1ug69sl97ijzno,042nw,ACTIVE
2022-23,21,rt1ug69sl97ijzno,04ewt,ACTIVE
2022-23,21,rt1ug69sl97ijzno,031m0,ACTIVE
2022-23,21,rt1ug69sl97ijzno,051pq,ACTIVE
2022-23,21,rt1ug69sl97ijzno,04ewn,ACTIVE
2022-23,21,rt1ug69sl97ijzno,042n3,ACTIVE
2022-23,21,rt1ug69sl97ijzno,03ad7,ACTIVE
2022-23,21,rt1ug69sl97ijzno,042nf,ACTIVE
2022-23,21,rt1ug69sl97ijzno,001aw,ACTIVE
2022-23,21,rt1ug69sl97ijzno,02nf6,ACTIVE
2022-23,21,rt1ug69sl97ijzno,04qsm,ACTIVE
2022-23,21,rt1ug69sl97ijzno,04qrl,ACTIVE
2022-23,21,rt1ug69sl97ijzno,02ym0,ACTIVE
2022-23,21,rt1ug69sl97ijzno,03nwq,ACTIVE
2022-23,21,rt1ug69sl97ijzno,02nf3,ACTIVE
2022-23,21,rt1ug69sl97ijzno,049kd,ACTIVE
2022-23,21,tnykxdccl93mdr11,04qsi,ACTIVE
2022-23,21,tnykxdccl93mdr11,01enh,ACTIVE
2022-23,21,tnykxdccl93mdr11,05qto,ACTIVE
2022-23,21,tnykxdccl93mdr11,05uj9,ACTIVE
2022-23,21,tnykxdccl93mdr11,04qrw,ACTIVE
2022-23,21,tnykxdccl93mdr11,04qrj,ACTIVE
2022-23,21,tnykxdccl93mdr11,03el5,ACTIVE
2022-23,21,tnykxdccl93mdr11,05qtq,ACTIVE
2022-23,21,tnykxdccl93mdr11,0621l,ACTIVE
2022-23,21,tnykxdccl93mdr11,05uie,ACTIVE
2022-23,21,tnykxdccl93mdr11,027p9,ACTIVE
2022-23,21,tnykxdccl93mdr11,05uic,ACTIVE
2022-23,21,tnykxdccl93mdr11,04ex6,ACTIVE
2022-23,21,tnykxdccl93mdr11,06216,ACTIVE
2022-23,21,tnykxdccl93mdr11,04ewf,ACTIVE
2022-23,21,tnykxdccl93mdr11,04qrr,ACTIVE
2022-23,21,tnykxdccl93mdr11,0527l,ACTIVE
2022-23,21,tnykxdccl93mdr11,06213,ACTIVE
2022-23,21,tnykxdccl93mdr11,03al1,ACTIVE
2022-23,21,tnykxdccl93mdr11,051or,ACTIVE
2022-23,21,xa5w57ngl93mbh2g,01enw,ACTIVE
2022-23,21,xa5w57ngl93mbh2g,051p9,ACTIVE
2022-23,21,xa5w57ngl93mbh2g,049kf,ACTIVE
2022-23,21,xa5w57ngl93mbh2g,049ka,ACTIVE
2022-23,21,xa5w57ngl93mbh2g,042nm,ACTIVE
2022-23,21,xa5w57ngl93mbh2g,031lv,ACTIVE
2022-23,21,xa5w57ngl93mbh2g,05uj0,ACTIVE
2022-23,21,xa5w57ngl93mbh2g,049s6,ACTIVE
2022-23,21,xa5w57ngl93mbh2g,03e6n,ACTIVE
2022-23,21,xa5w57ngl93mbh2g,042nt,ACTIVE
2022-23,21,xa5w57ngl93mbh2g,051os,ACTIVE
2022-23,21,xa5w57ngl93mbh2g,05qu5,ACTIVE
2022-23,21,xa5w57ngl93mbh2g,049kb,ACTIVE
2022-23,21,xa5w57ngl93mbh2g,04exe,ACTIVE
2022-23,21,xa5w57ngl93mbh2g,06212,ACTIVE
2022-23,21,xa5w57ngl93mbh2g,04kj6,ACTIVE
2022-23,21,xa5w57ngl93mbh2g,051p1,ACTIVE
2022-23,21,xa5w57ngl93mbh2g,01eo9,ACTIVE
2022-23,21,xa5w57ngl93mbh2g,005kd,ACTIVE
2022-23,21,xa5w57ngl93mbh2g,01uyj,ACTIVE
2022-23,21,gl61mmryl93md0at,000zv,ACTIVE
2022-23,21,gl61mmryl93md0at,04ewe,ACTIVE
2022-23,21,gl61mmryl93md0at,0011e,ACTIVE
2022-23,21,gl61mmryl93md0at,02ng3,ACTIVE
2022-23,21,gl61mmryl93md0at,03byg,ACTIVE
2022-23,21,gl61mmryl93md0at,031m9,ACTIVE
2022-23,21,gl61mmryl93md0at,03nwl,ACTIVE
2022-23,21,gl61mmryl93md0at,051pi,ACTIVE
2022-23,21,gl61mmryl93md0at,005lm,ACTIVE
2022-23,21,gl61mmryl93md0at,03byk,ACTIVE
2022-23,21,gl61mmryl93md0at,027ou,ACTIVE
2022-23,21,gl61mmryl93md0at,049ki,ACTIVE
2022-23,21,gl61mmryl93md0at,05qtl,ACTIVE
2022-23,21,gl61mmryl93md0at,043ib,ACTIVE
2022-23,21,gl61mmryl93md0at,04ewk,ACTIVE
2022-23,21,gl61mmryl93md0at,04qrk,ACTIVE
2022-23,21,gl61mmryl93md0at,031lz,ACTIVE
2022-23,21,gl61mmryl93md0at,02xg9,ACTIVE
2022-23,21,gl61mmryl93md0at,05uiw,ACTIVE
2022-23,21,gl61mmryl93md0at,051ot,ACTIVE
2022-23,21,lax5yix5l97irroa,027oj,ACTIVE
2022-23,21,lax5yix5l97irroa,02nf7,ACTIVE
2022-23,21,lax5yix5l97irroa,005kc,ACTIVE
2022-23,21,lax5yix5l97irroa,05qu0,ACTIVE
2022-23,21,lax5yix5l97irroa,05qub,ACTIVE
2022-23,21,lax5yix5l97irroa,03ajv,ACTIVE
2022-23,21,lax5yix5l97irroa,05qtr,ACTIVE
2022-23,21,lax5yix5l97irroa,0621c,ACTIVE
2022-23,21,lax5yix5l97irroa,05qu9,ACTIVE
2022-23,21,lax5yix5l97irroa,027pe,ACTIVE
2022-23,21,lax5yix5l97irroa,03nwn,ACTIVE
2022-23,21,lax5yix5l97irroa,03e6u,ACTIVE
2022-23,21,lax5yix5l97irroa,05qt0,ACTIVE
2022-23,21,lax5yix5l97irroa,04fj8,ACTIVE
2022-23,21,lax5yix5l97irroa,05qtv,ACTIVE
2022-23,21,lax5yix5l97irroa,04ewm,ACTIVE
2022-23,21,lax5yix5l97irroa,05uj6,ACTIVE
2022-23,21,lax5yix5l97irroa,04ex8,ACTIVE
2022-23,21,lax5yix5l97irroa,03ad3,ACTIVE
2022-23,21,lax5yix5l97irroa,03lg1,ACTIVE
2022-23,21,nygi7tael97irroa,031lx,ACTIVE
2022-23,21,nygi7tael97irroa,03e6s,ACTIVE
2022-23,21,nygi7tael97irroa,03lls,ACTIVE
2022-23,21,nygi7tael97irroa,0015b,ACTIVE
2022-23,21,nygi7tael97irroa,03al0,ACTIVE
2022-23,21,nygi7tael97irroa,03e74,ACTIVE
2022-23,21,nygi7tael97irroa,051oh,ACTIVE
2022-23,21,nygi7tael97irroa,04qsj,ACTIVE
2022-23,21,nygi7tael97irroa,03al2,ACTIVE
2022-23,21,nygi7tael97irroa,05uib,ACTIVE
2022-23,21,nygi7tael97irroa,05qtm,ACTIVE
2022-23,21,nygi7tael97irroa,04qsd,ACTIVE
2022-23,21,nygi7tael97irroa,05qsl,ACTIVE
2022-23,21,nygi7tael97irroa,04qro,ACTIVE
2022-23,21,nygi7tael97irroa,04xdu,ACTIVE
2022-23,21,nygi7tael97irroa,051oj,ACTIVE
2022-23,21,nygi7tael97irroa,02ng4,ACTIVE
2022-23,21,nygi7tael97irroa,042n4,ACTIVE
2022-23,21,nygi7tael97irroa,05uih,ACTIVE
2022-23,21,nygi7tael97irroa,0621g,ACTIVE
2022-23,21,ibf4yutil93mhju7,03r7z,ACTIVE
2022-23,21,ibf4yutil93mhju7,0015e,ACTIVE
2022-23,21,ibf4yutil93mhju7,03aq2,ACTIVE
2022-23,21,ibf4yutil93mhju7,042n7,ACTIVE
2022-23,21,ibf4yutil93mhju7,0496e,ACTIVE
2022-23,21,ibf4yutil93mhju7,04848,ACTIVE
2022-23,21,ibf4yutil93mhju7,027oo,ACTIVE
2022-23,21,ibf4yutil93mhju7,06218,ACTIVE
2022-23,21,ibf4yutil93mhju7,05uin,ACTIVE
2022-23,21,ibf4yutil93mhju7,03ams,ACTIVE
2022-23,21,ibf4yutil93mhju7,03e75,ACTIVE
2022-23,21,ibf4yutil93mhju7,06215,ACTIVE
2022-23,21,ibf4yutil93mhju7,051p8,ACTIVE
2022-23,21,ibf4yutil93mhju7,05qtt,ACTIVE
2022-23,21,ibf4yutil93mhju7,04qrn,ACTIVE
2022-23,21,ibf4yutil93mhju7,05uif,ACTIVE
2022-23,21,ibf4yutil93mhju7,0017e,ACTIVE
2022-23,21,ibf4yutil93mhju7,04azw,ACTIVE
2022-23,21,ibf4yutil93mhju7,02nf9,ACTIVE
2022-23,21,ibf4yutil93mhju7,038ia,ACTIVE
2022-23,21,jk0ke7gol93k5zd7,04ex5,ACTIVE
2022-23,21,jk0ke7gol93k5zd7,05uii,ACTIVE
2022-23,21,jk0ke7gol93k5zd7,051pb,ACTIVE
2022-23,21,jk0ke7gol93k5zd7,04qrm,ACTIVE
2022-23,21,jk0ke7gol93k5zd7,05uid,ACTIVE
2022-23,21,jk0ke7gol93k5zd7,04qs1,ACTIVE
2022-23,21,jk0ke7gol93k5zd7,042n1,ACTIVE
2022-23,21,jk0ke7gol93k5zd7,02nf1,ACTIVE
2022-23,21,jk0ke7gol93k5zd7,05qsq,ACTIVE
2022-23,21,jk0ke7gol93k5zd7,03r7r,ACTIVE
2022-23,21,jk0ke7gol93k5zd7,005ki,ACTIVE
2022-23,21,jk0ke7gol93k5zd7,05qsx,ACTIVE
2022-23,21,jk0ke7gol93k5zd7,05qve,ACTIVE
2022-23,21,jk0ke7gol93k5zd7,03wr4,ACTIVE
2022-23,21,jk0ke7gol93k5zd7,06214,ACTIVE
2022-23,21,jk0ke7gol93k5zd7,031mb,ACTIVE
2022-23,21,jk0ke7gol93k5zd7,05qug,ACTIVE
2022-23,21,jk0ke7gol93k5zd7,031m2,ACTIVE
2022-23,21,jk0ke7gol93k5zd7,027p4,ACTIVE
2022-23,21,jk0ke7gol93k5zd7,038xi,ACTIVE
2022-23,21,pqp9fc6yl93j5xul,05uij,ACTIVE
2022-23,21,pqp9fc6yl93j5xul,05uiq,ACTIVE
2022-23,21,pqp9fc6yl93j5xul,042ne,ACTIVE
2022-23,21,pqp9fc6yl93j5xul,01eo6,ACTIVE
2022-23,21,pqp9fc6yl93j5xul,027oz,ACTIVE
2022-23,21,pqp9fc6yl93j5xul,01eon,ACTIVE
2022-23,21,pqp9fc6yl93j5xul,04ewu,ACTIVE
2022-23,21,pqp9fc6yl93j5xul,051oi,ACTIVE
2022-23,21,pqp9fc6yl93j5xul,04xgj,ACTIVE
2022-23,21,pqp9fc6yl93j5xul,03ad2,ACTIVE
2022-23,21,pqp9fc6yl93j5xul,042nr,ACTIVE
2022-23,21,pqp9fc6yl93j5xul,04ewr,ACTIVE
2022-23,21,pqp9fc6yl93j5xul,051ok,ACTIVE
2022-23,21,pqp9fc6yl93j5xul,042n6,ACTIVE
2022-23,21,pqp9fc6yl93j5xul,05uj4,ACTIVE
2022-23,21,pqp9fc6yl93j5xul,05qud,ACTIVE
2022-23,21,pqp9fc6yl93j5xul,01uz7,ACTIVE
2022-23,21,pqp9fc6yl93j5xul,04qs4,ACTIVE
2022-23,21,pqp9fc6yl93j5xul,04qsa,ACTIVE
2022-23,21,pqp9fc6yl93j5xul,03nwk,ACTIVE
2022-23,22,6bpping1l96ajun5,051pa,ACTIVE
2022-23,22,6bpping1l96ajun5,05qu1,ACTIVE
2022-23,22,6bpping1l96ajun5,031lp,ACTIVE
2022-23,22,6bpping1l96ajun5,051op,ACTIVE
2022-23,22,6bpping1l96ajun5,05qty,ACTIVE
2022-23,22,6bpping1l96ajun5,05ujc,ACTIVE
2022-23,22,6bpping1l96ajun5,05uig,ACTIVE
2022-23,22,6bpping1l96ajun5,005lx,ACTIVE
2022-23,22,6bpping1l96ajun5,03nwm,ACTIVE
2022-23,22,6bpping1l96ajun5,059ca,ACTIVE
2022-23,22,6bpping1l96ajun5,04qse,ACTIVE
2022-23,22,6bpping1l96ajun5,06210,ACTIVE
2022-23,22,6bpping1l96ajun5,027pg,ACTIVE
2022-23,22,6bpping1l96ajun5,02nfz,ACTIVE
2022-23,22,6bpping1l96ajun5,03xmv,ACTIVE
2022-23,22,6bpping1l96ajun5,051p3,ACTIVE
2022-23,22,6bpping1l96ajun5,03ad0,ACTIVE
2022-23,22,6bpping1l96ajun5,027p0,ACTIVE
2022-23,22,6bpping1l96ajun5,051ol,ACTIVE
2022-23,22,6bpping1l96ajun5,05qt3,ACTIVE
2022-23,22,rt1ug69sl97ijzno,03ad4,ACTIVE
2022-23,22,rt1ug69sl97ijzno,042nq,ACTIVE
2022-23,22,rt1ug69sl97ijzno,01ens,ACTIVE
2022-23,22,rt1ug69sl97ijzno,01sc8,ACTIVE
2022-23,22,rt1ug69sl97ijzno,042nw,ACTIVE
2022-23,22,rt1ug69sl97ijzno,04ewt,ACTIVE
2022-23,22,rt1ug69sl97ijzno,031m0,ACTIVE
2022-23,22,rt1ug69sl97ijzno,051pq,ACTIVE
2022-23,22,rt1ug69sl97ijzno,04ewn,ACTIVE
2022-23,22,rt1ug69sl97ijzno,042n3,ACTIVE
2022-23,22,rt1ug69sl97ijzno,03ad7,ACTIVE
2022-23,22,rt1ug69sl97ijzno,042nf,ACTIVE
2022-23,22,rt1ug69sl97ijzno,001aw,ACTIVE
2022-23,22,rt1ug69sl97ijzno,02nf6,ACTIVE
2022-23,22,rt1ug69sl97ijzno,04qsm,ACTIVE
2022-23,22,rt1ug69sl97ijzno,04qrl,ACTIVE
2022-23,22,rt1ug69sl97ijzno,02ym0,ACTIVE
2022-23,22,rt1ug69sl97ijzno,03nwq,ACTIVE
2022-23,22,rt1ug69sl97ijzno,02nf3,ACTIVE
2022-23,22,rt1ug69sl97ijzno,049kd,ACTIVE
2022-23,22,tnykxdccl93mdr11,04qsi,ACTIVE
2022-23,22,tnykxdccl93mdr11,01enh,ACTIVE
2022-23,22,tnykxdccl93mdr11,05qto,ACTIVE
2022-23,22,tnykxdccl93mdr11,05uj9,ACTIVE
2022-23,22,tnykxdccl93mdr11,04qrw,ACTIVE
2022-23,22,tnykxdccl93mdr11,04qrj,ACTIVE
2022-23,22,tnykxdccl93mdr11,03el5,ACTIVE
2022-23,22,tnykxdccl93mdr11,05qtq,ACTIVE
2022-23,22,tnykxdccl93mdr11,0621l,ACTIVE
2022-23,22,tnykxdccl93mdr11,05uie,ACTIVE
2022-23,22,tnykxdccl93mdr11,027p9,ACTIVE
2022-23,22,tnykxdccl93mdr11,05uic,ACTIVE
2022-23,22,tnykxdccl93mdr11,04ex6,ACTIVE
2022-23,22,tnykxdccl93mdr11,06216,ACTIVE
2022-23,22,tnykxdccl93mdr11,04ewf,ACTIVE
2022-23,22,tnykxdccl93mdr11,04qrr,ACTIVE
2022-23,22,tnykxdccl93mdr11,0527l,ACTIVE
2022-23,22,tnykxdccl93mdr11,06213,ACTIVE
2022-23,22,tnykxdccl93mdr11,03al1,ACTIVE
2022-23,22,tnykxdccl93mdr11,051or,ACTIVE
2022-23,22,xa5w57ngl93mbh2g,01enw,ACTIVE
2022-23,22,xa5w57ngl93mbh2g,051p9,ACTIVE
2022-23,22,xa5w57ngl93mbh2g,049kf,ACTIVE
2022-23,22,xa5w57ngl93mbh2g,049ka,ACTIVE
2022-23,22,xa5w57ngl93mbh2g,042nm,ACTIVE
2022-23,22,xa5w57ngl93mbh2g,031lv,ACTIVE
2022-23,22,xa5w57ngl93mbh2g,05uj0,ACTIVE
2022-23,22,xa5w57ngl93mbh2g,049s6,ACTIVE
2022-23,22,xa5w57ngl93mbh2g,03e6n,ACTIVE
2022-23,22,xa5w57ngl93mbh2g,042nt,ACTIVE
2022-23,22,xa5w57ngl93mbh2g,051os,ACTIVE
2022-23,22,xa5w57ngl93mbh2g,05qu5,ACTIVE
2022-23,22,xa5w57ngl93mbh2g,049kb,ACTIVE
2022-23,22,xa5w57ngl93mbh2g,04exe,ACTIVE
2022-23,22,xa5w57ngl93mbh2g,06212,ACTIVE
2022-23,22,xa5w57ngl93mbh2g,04kj6,ACTIVE
2022-23,22,xa5w57ngl93mbh2g,051p1,ACTIVE
2022-23,22,xa5w57ngl93mbh2g,01eo9,ACTIVE
2022-23,22,xa5w57ngl93mbh2g,005kd,ACTIVE
2022-23,22,xa5w57ngl93mbh2g,01uyj,ACTIVE
2022-23,22,gl61mmryl93md0at,000zv,ACTIVE
2022-23,22,gl61mmryl93md0at,04ewe,ACTIVE
2022-23,22,gl61mmryl93md0at,0011e,ACTIVE
2022-23,22,gl61mmryl93md0at,02ng3,ACTIVE
2022-23,22,gl61mmryl93md0at,03byg,ACTIVE
2022-23,22,gl61mmryl93md0at,031m9,ACTIVE
2022-23,22,gl61mmryl93md0at,03nwl,ACTIVE
2022-23,22,gl61mmryl93md0at,051pi,ACTIVE
2022-23,22,gl61mmryl93md0at,005lm,ACTIVE
2022-23,22,gl61mmryl93md0at,03byk,ACTIVE
2022-23,22,gl61mmryl93md0at,027ou,ACTIVE
2022-23,22,gl61mmryl93md0at,049ki,ACTIVE
2022-23,22,gl61mmryl93md0at,05qtl,ACTIVE
2022-23,22,gl61mmryl93md0at,043ib,ACTIVE
2022-23,22,gl61mmryl93md0at,04ewk,ACTIVE
2022-23,22,gl61mmryl93md0at,04qrk,ACTIVE
2022-23,22,gl61mmryl93md0at,031lz,ACTIVE
2022-23,22,gl61mmryl93md0at,02xg9,ACTIVE
2022-23,22,gl61mmryl93md0at,05uiw,ACTIVE
2022-23,22,gl61mmryl93md0at,051ot,ACTIVE
2022-23,22,lax5yix5l97irroa,027oj,ACTIVE
2022-23,22,lax5yix5l97irroa,02nf7,ACTIVE
2022-23,22,lax5yix5l97irroa,005kc,ACTIVE
2022-23,22,lax5yix5l97irroa,05qu0,ACTIVE
2022-23,22,lax5yix5l97irroa,05qub,ACTIVE
2022-23,22,lax5yix5l97irroa,03ajv,ACTIVE
2022-23,22,lax5yix5l97irroa,05qtr,ACTIVE
2022-23,22,lax5yix5l97irroa,0621c,ACTIVE
2022-23,22,lax5yix5l97irroa,05qu9,ACTIVE
2022-23,22,lax5yix5l97irroa,027pe,ACTIVE
2022-23,22,lax5yix5l97irroa,03nwn,ACTIVE
2022-23,22,lax5yix5l97irroa,03e6u,ACTIVE
2022-23,22,lax5yix5l97irroa,05qt0,ACTIVE
2022-23,22,lax5yix5l97irroa,04fj8,ACTIVE
2022-23,22,lax5yix5l97irroa,05qtv,ACTIVE
2022-23,22,lax5yix5l97irroa,04ewm,ACTIVE
2022-23,22,lax5yix5l97irroa,05uj6,ACTIVE
2022-23,22,lax5yix5l97irroa,04ex8,ACTIVE
2022-23,22,lax5yix5l97irroa,03ad3,ACTIVE
2022-23,22,lax5yix5l97irroa,03lg1,ACTIVE
2022-23,22,nygi7tael97irroa,031lx,ACTIVE
2022-23,22,nygi7tael97irroa,03e6s,ACTIVE
2022-23,22,nygi7tael97irroa,03lls,ACTIVE
2022-23,22,nygi7tael97irroa,0015b,ACTIVE
2022-23,22,nygi7tael97irroa,03al0,ACTIVE
2022-23,22,nygi7tael97irroa,03e74,ACTIVE
2022-23,22,nygi7tael97irroa,051oh,ACTIVE
2022-23,22,nygi7tael97irroa,04qsj,ACTIVE
2022-23,22,nygi7tael97irroa,03al2,ACTIVE
2022-23,22,nygi7tael97irroa,05uib,ACTIVE
2022-23,22,nygi7tael97irroa,05qtm,ACTIVE
2022-23,22,nygi7tael97irroa,04qsd,ACTIVE
2022-23,22,nygi7tael97irroa,05qsl,ACTIVE
2022-23,22,nygi7tael97irroa,04qro,ACTIVE
2022-23,22,nygi7tael97irroa,04xdu,ACTIVE
2022-23,22,nygi7tael97irroa,051oj,ACTIVE
2022-23,22,nygi7tael97irroa,02ng4,ACTIVE
2022-23,22,nygi7tael97irroa,042n4,ACTIVE
2022-23,22,nygi7tael97irroa,05uih,ACTIVE
2022-23,22,nygi7tael97irroa,0621g,ACTIVE
2022-23,22,ibf4yutil93mhju7,03r7z,ACTIVE
2022-23,22,ibf4yutil93mhju7,0015e,ACTIVE
2022-23,22,ibf4yutil93mhju7,03aq2,ACTIVE
2022-23,22,ibf4yutil93mhju7,042n7,ACTIVE
2022-23,22,ibf4yutil93mhju7,0496e,ACTIVE
2022-23,22,ibf4yutil93mhju7,04848,ACTIVE
2022-23,22,ibf4yutil93mhju7,027oo,ACTIVE
2022-23,22,ibf4yutil93mhju7,06218,ACTIVE
2022-23,22,ibf4yutil93mhju7,05uin,ACTIVE
2022-23,22,ibf4yutil93mhju7,03ams,ACTIVE
2022-23,22,ibf4yutil93mhju7,03e75,ACTIVE
2022-23,22,ibf4yutil93mhju7,06215,ACTIVE
2022-23,22,ibf4yutil93mhju7,051p8,ACTIVE
2022-23,22,ibf4yutil93mhju7,05qtt,ACTIVE
2022-23,22,ibf4yutil93mhju7,04qrn,ACTIVE
2022-23,22,ibf4yutil93mhju7,05uif,ACTIVE
2022-23,22,ibf4yutil93mhju7,0017e,ACTIVE
2022-23,22,ibf4yutil93mhju7,04azw,ACTIVE
2022-23,22,ibf4yutil93mhju7,02nf9,ACTIVE
2022-23,22,ibf4yutil93mhju7,038ia,ACTIVE
2022-23,22,jk0ke7gol93k5zd7,04ex5,ACTIVE
2022-23,22,jk0ke7gol93k5zd7,05uii,ACTIVE
2022-23,22,jk0ke7gol93k5zd7,051pb,ACTIVE
2022-23,22,jk0ke7gol93k5zd7,04qrm,ACTIVE
2022-23,22,jk0ke7gol93k5zd7,05uid,ACTIVE
2022-23,22,jk0ke7gol93k5zd7,04qs1,ACTIVE
2022-23,22,jk0ke7gol93k5zd7,042n1,ACTIVE
2022-23,22,jk0ke7gol93k5zd7,02nf1,ACTIVE
2022-23,22,jk0ke7gol93k5zd7,05qsq,ACTIVE
2022-23,22,jk0ke7gol93k5zd7,03r7r,ACTIVE
2022-23,22,jk0ke7gol93k5zd7,005ki,ACTIVE
2022-23,22,jk0ke7gol93k5zd7,05qsx,ACTIVE
2022-23,22,jk0ke7gol93k5zd7,05qve,ACTIVE
2022-23,22,jk0ke7gol93k5zd7,03wr4,ACTIVE
2022-23,22,jk0ke7gol93k5zd7,06214,ACTIVE
2022-23,22,jk0ke7gol93k5zd7,031mb,ACTIVE
2022-23,22,jk0ke7gol93k5zd7,05qug,ACTIVE
2022-23,22,jk0ke7gol93k5zd7,031m2,ACTIVE
2022-23,22,jk0ke7gol93k5zd7,027p4,ACTIVE
2022-23,22,jk0ke7gol93k5zd7,038xi,ACTIVE
2022-23,22,pqp9fc6yl93j5xul,05uij,ACTIVE
2022-23,22,pqp9fc6yl93j5xul,05uiq,ACTIVE
2022-23,22,pqp9fc6yl93j5xul,042ne,ACTIVE
2022-23,22,pqp9fc6yl93j5xul,01eo6,ACTIVE
2022-23,22,pqp9fc6yl93j5xul,027oz,ACTIVE
2022-23,22,pqp9fc6yl93j5xul,01eon,ACTIVE
2022-23,22,pqp9fc6yl93j5xul,04ewu,ACTIVE
2022-23,22,pqp9fc6yl93j5xul,051oi,ACTIVE
2022-23,22,pqp9fc6yl93j5xul,04xgj,ACTIVE
2022-23,22,pqp9fc6yl93j5xul,03ad2,ACTIVE
2022-23,22,pqp9fc6yl93j5xul,042nr,ACTIVE
2022-23,22,pqp9fc6yl93j5xul,04ewr,ACTIVE
2022-23,22,pqp9fc6yl93j5xul,051ok,ACTIVE
2022-23,22,pqp9fc6yl93j5xul,042n6,ACTIVE
2022-23,22,pqp9fc6yl93j5xul,05uj4,ACTIVE
2022-23,22,pqp9fc6yl93j5xul,05qud,ACTIVE
2022-23,22,pqp9fc6yl93j5xul,01uz7,ACTIVE
2022-23,22,pqp9fc6yl93j5xul,04qs4,ACTIVE
2022-23,22,pqp9fc6yl93j5xul,04qsa,ACTIVE
2022-23,22,pqp9fc6yl93j5xul,03nwk,ACTIVE
2022-23,23,6bpping1l96ajun5,051pa,ACTIVE
2022-23,23,6bpping1l96ajun5,05qu1,ACTIVE
2022-23,23,6bpping1l96ajun5,031lp,ACTIVE
2022-23,23,6bpping1l96ajun5,051op,ACTIVE
2022-23,23,6bpping1l96ajun5,05qty,ACTIVE
2022-23,23,6bpping1l96ajun5,05ujc,ACTIVE
2022-23,23,6bpping1l96ajun5,05uig,ACTIVE
2022-23,23,6bpping1l96ajun5,005lx,ACTIVE
2022-23,23,6bpping1l96ajun5,03nwm,ACTIVE
2022-23,23,6bpping1l96ajun5,059ca,ACTIVE
2022-23,23,6bpping1l96ajun5,04qse,ACTIVE
2022-23,23,6bpping1l96ajun5,06210,ACTIVE
2022-23,23,6bpping1l96ajun5,027pg,ACTIVE
2022-23,23,6bpping1l96ajun5,02nfz,ACTIVE
2022-23,23,6bpping1l96ajun5,03xmv,ACTIVE
2022-23,23,6bpping1l96ajun5,051p3,ACTIVE
2022-23,23,6bpping1l96ajun5,03ad0,ACTIVE
2022-23,23,6bpping1l96ajun5,027p0,ACTIVE
2022-23,23,6bpping1l96ajun5,051ol,ACTIVE
2022-23,23,6bpping1l96ajun5,05qt3,ACTIVE
2022-23,23,rt1ug69sl97ijzno,03ad4,ACTIVE
2022-23,23,rt1ug69sl97ijzno,042nq,ACTIVE
2022-23,23,rt1ug69sl97ijzno,01ens,ACTIVE
2022-23,23,rt1ug69sl97ijzno,01sc8,ACTIVE
2022-23,23,rt1ug69sl97ijzno,042nw,ACTIVE
2022-23,23,rt1ug69sl97ijzno,04ewt,ACTIVE
2022-23,23,rt1ug69sl97ijzno,031m0,ACTIVE
2022-23,23,rt1ug69sl97ijzno,051pq,ACTIVE
2022-23,23,rt1ug69sl97ijzno,04ewn,ACTIVE
2022-23,23,rt1ug69sl97ijzno,042n3,ACTIVE
2022-23,23,rt1ug69sl97ijzno,03ad7,ACTIVE
2022-23,23,rt1ug69sl97ijzno,042nf,ACTIVE
2022-23,23,rt1ug69sl97ijzno,001aw,ACTIVE
2022-23,23,rt1ug69sl97ijzno,02nf6,ACTIVE
2022-23,23,rt1ug69sl97ijzno,04qsm,ACTIVE
2022-23,23,rt1ug69sl97ijzno,04qrl,ACTIVE
2022-23,23,rt1ug69sl97ijzno,02ym0,ACTIVE
2022-23,23,rt1ug69sl97ijzno,03nwq,ACTIVE
2022-23,23,rt1ug69sl97ijzno,02nf3,ACTIVE
2022-23,23,rt1ug69sl97ijzno,049kd,ACTIVE
2022-23,23,tnykxdccl93mdr11,04qsi,ACTIVE
2022-23,23,tnykxdccl93mdr11,01enh,ACTIVE
2022-23,23,tnykxdccl93mdr11,05qto,ACTIVE
2022-23,23,tnykxdccl93mdr11,05uj9,ACTIVE
2022-23,23,tnykxdccl93mdr11,04qrw,ACTIVE
2022-23,23,tnykxdccl93mdr11,04qrj,ACTIVE
2022-23,23,tnykxdccl93mdr11,03el5,ACTIVE
2022-23,23,tnykxdccl93mdr11,05qtq,ACTIVE
2022-23,23,tnykxdccl93mdr11,0621l,ACTIVE
2022-23,23,tnykxdccl93mdr11,05uie,ACTIVE
2022-23,23,tnykxdccl93mdr11,027p9,ACTIVE
2022-23,23,tnykxdccl93mdr11,05uic,ACTIVE
2022-23,23,tnykxdccl93mdr11,04ex6,ACTIVE
2022-23,23,tnykxdccl93mdr11,06216,ACTIVE
2022-23,23,tnykxdccl93mdr11,04ewf,ACTIVE
2022-23,23,tnykxdccl93mdr11,04qrr,ACTIVE
2022-23,23,tnykxdccl93mdr11,0527l,ACTIVE
2022-23,23,tnykxdccl93mdr11,06213,ACTIVE
2022-23,23,tnykxdccl93mdr11,03al1,ACTIVE
2022-23,23,tnykxdccl93mdr11,051or,ACTIVE
2022-23,23,xa5w57ngl93mbh2g,01enw,ACTIVE
2022-23,23,xa5w57ngl93mbh2g,051p9,ACTIVE
2022-23,23,xa5w57ngl93mbh2g,049kf,ACTIVE
2022-23,23,xa5w57ngl93mbh2g,049ka,ACTIVE
2022-23,23,xa5w57ngl93mbh2g,042nm,ACTIVE
2022-23,23,xa5w57ngl93mbh2g,031lv,ACTIVE
2022-23,23,xa5w57ngl93mbh2g,05uj0,ACTIVE
2022-23,23,xa5w57ngl93mbh2g,049s6,ACTIVE
2022-23,23,xa5w57ngl93mbh2g,03e6n,ACTIVE
2022-23,23,xa5w57ngl93mbh2g,042nt,ACTIVE
2022-23,23,xa5w57ngl93mbh2g,051os,ACTIVE
2022-23,23,xa5w57ngl93mbh2g,05qu5,ACTIVE
2022-23,23,xa5w57ngl93mbh2g,049kb,ACTIVE
2022-23,23,xa5w57ngl93mbh2g,04exe,ACTIVE
2022-23,23,xa5w57ngl93mbh2g,06212,ACTIVE
2022-23,23,xa5w57ngl93mbh2g,04kj6,ACTIVE
2022-23,23,xa5w57ngl93mbh2g,051p1,ACTIVE
2022-23,23,xa5w57ngl93mbh2g,01eo9,ACTIVE
2022-23,23,xa5w57ngl93mbh2g,005kd,ACTIVE
2022-23,23,xa5w57ngl93mbh2g,01uyj,ACTIVE
2022-23,23,gl61mmryl93md0at,000zv,ACTIVE
2022-23,23,gl61mmryl93md0at,04ewe,ACTIVE
2022-23,23,gl61mmryl93md0at,0011e,ACTIVE
2022-23,23,gl61mmryl93md0at,02ng3,ACTIVE
2022-23,23,gl61mmryl93md0at,03byg,ACTIVE
2022-23,23,gl61mmryl93md0at,031m9,ACTIVE
2022-23,23,gl61mmryl93md0at,03nwl,ACTIVE
2022-23,23,gl61mmryl93md0at,051pi,ACTIVE
2022-23,23,gl61mmryl93md0at,005lm,ACTIVE
2022-23,23,gl61mmryl93md0at,03byk,ACTIVE
2022-23,23,gl61mmryl93md0at,027ou,ACTIVE
2022-23,23,gl61mmryl93md0at,049ki,ACTIVE
2022-23,23,gl61mmryl93md0at,05qtl,ACTIVE
2022-23,23,gl61mmryl93md0at,043ib,ACTIVE
2022-23,23,gl61mmryl93md0at,04ewk,ACTIVE
2022-23,23,gl61mmryl93md0at,04qrk,ACTIVE
2022-23,23,gl61mmryl93md0at,031lz,ACTIVE
2022-23,23,gl61mmryl93md0at,02xg9,ACTIVE
2022-23,23,gl61mmryl93md0at,05uiw,ACTIVE
2022-23,23,gl61mmryl93md0at,051ot,ACTIVE
2022-23,23,lax5yix5l97irroa,027oj,ACTIVE
2022-23,23,lax5yix5l97irroa,02nf7,ACTIVE
2022-23,23,lax5yix5l97irroa,005kc,ACTIVE
2022-23,23,lax5yix5l97irroa,05qu0,ACTIVE
2022-23,23,lax5yix5l97irroa,05qub,ACTIVE
2022-23,23,lax5yix5l97irroa,03ajv,ACTIVE
2022-23,23,lax5yix5l97irroa,05qtr,ACTIVE
2022-23,23,lax5yix5l97irroa,0621c,ACTIVE
2022-23,23,lax5yix5l97irroa,05qu9,ACTIVE
2022-23,23,lax5yix5l97irroa,027pe,ACTIVE
2022-23,23,lax5yix5l97irroa,03nwn,ACTIVE
2022-23,23,lax5yix5l97irroa,03e6u,ACTIVE
2022-23,23,lax5yix5l97irroa,05qt0,ACTIVE
2022-23,23,lax5yix5l97irroa,04fj8,ACTIVE
2022-23,23,lax5yix5l97irroa,05qtv,ACTIVE
2022-23,23,lax5yix5l97irroa,04ewm,ACTIVE
2022-23,23,lax5yix5l97irroa,05uj6,ACTIVE
2022-23,23,lax5yix5l97irroa,04ex8,ACTIVE
2022-23,23,lax5yix5l97irroa,03ad3,ACTIVE
2022-23,23,lax5yix5l97irroa,03lg1,ACTIVE
2022-23,23,nygi7tael97irroa,031lx,ACTIVE
2022-23,23,nygi7tael97irroa,03e6s,ACTIVE
2022-23,23,nygi7tael97irroa,03lls,ACTIVE
2022-23,23,nygi7tael97irroa,0015b,ACTIVE
2022-23,23,nygi7tael97irroa,03al0,ACTIVE
2022-23,23,nygi7tael97irroa,03e74,ACTIVE
2022-23,23,nygi7tael97irroa,051oh,ACTIVE
2022-23,23,nygi7tael97irroa,04qsj,ACTIVE
2022-23,23,nygi7tael97irroa,03al2,ACTIVE
2022-23,23,nygi7tael97irroa,05uib,ACTIVE
2022-23,23,nygi7tael97irroa,05qtm,ACTIVE
2022-23,23,nygi7tael97irroa,04qsd,ACTIVE
2022-23,23,nygi7tael97irroa,05qsl,ACTIVE
2022-23,23,nygi7tael97irroa,04qro,ACTIVE
2022-23,23,nygi7tael97irroa,04xdu,ACTIVE
2022-23,23,nygi7tael97irroa,051oj,ACTIVE
2022-23,23,nygi7tael97irroa,02ng4,ACTIVE
2022-23,23,nygi7tael97irroa,042n4,ACTIVE
2022-23,23,nygi7tael97irroa,05uih,ACTIVE
2022-23,23,nygi7tael97irroa,0621g,ACTIVE
2022-23,23,ibf4yutil93mhju7,03r7z,ACTIVE
2022-23,23,ibf4yutil93mhju7,0015e,ACTIVE
2022-23,23,ibf4yutil93mhju7,03aq2,ACTIVE
2022-23,23,ibf4yutil93mhju7,042n7,ACTIVE
2022-23,23,ibf4yutil93mhju7,0496e,ACTIVE
2022-23,23,ibf4yutil93mhju7,04848,ACTIVE
2022-23,23,ibf4yutil93mhju7,027oo,ACTIVE
2022-23,23,ibf4yutil93mhju7,06218,ACTIVE
2022-23,23,ibf4yutil93mhju7,05uin,ACTIVE
2022-23,23,ibf4yutil93mhju7,03ams,ACTIVE
2022-23,23,ibf4yutil93mhju7,03e75,ACTIVE
2022-23,23,ibf4yutil93mhju7,06215,ACTIVE
2022-23,23,ibf4yutil93mhju7,051p8,ACTIVE
2022-23,23,ibf4yutil93mhju7,05qtt,ACTIVE
2022-23,23,ibf4yutil93mhju7,04qrn,ACTIVE
2022-23,23,ibf4yutil93mhju7,05uif,ACTIVE
2022-23,23,ibf4yutil93mhju7,0017e,ACTIVE
2022-23,23,ibf4yutil93mhju7,04azw,ACTIVE
2022-23,23,ibf4yutil93mhju7,02nf9,ACTIVE
2022-23,23,ibf4yutil93mhju7,038ia,ACTIVE
2022-23,23,jk0ke7gol93k5zd7,04ex5,ACTIVE
2022-23,23,jk0ke7gol93k5zd7,05uii,ACTIVE
2022-23,23,jk0ke7gol93k5zd7,051pb,ACTIVE
2022-23,23,jk0ke7gol93k5zd7,04qrm,ACTIVE
2022-23,23,jk0ke7gol93k5zd7,05uid,ACTIVE
2022-23,23,jk0ke7gol93k5zd7,04qs1,ACTIVE
2022-23,23,jk0ke7gol93k5zd7,042n1,ACTIVE
2022-23,23,jk0ke7gol93k5zd7,02nf1,ACTIVE
2022-23,23,jk0ke7gol93k5zd7,05qsq,ACTIVE
2022-23,23,jk0ke7gol93k5zd7,03r7r,ACTIVE
2022-23,23,jk0ke7gol93k5zd7,005ki,ACTIVE
2022-23,23,jk0ke7gol93k5zd7,05qsx,ACTIVE
2022-23,23,jk0ke7gol93k5zd7,05qve,ACTIVE
2022-23,23,jk0ke7gol93k5zd7,03wr4,ACTIVE
2022-23,23,jk0ke7gol93k5zd7,06214,ACTIVE
2022-23,23,jk0ke7gol93k5zd7,031mb,ACTIVE
2022-23,23,jk0ke7gol93k5zd7,05qug,ACTIVE
2022-23,23,jk0ke7gol93k5zd7,031m2,ACTIVE
2022-23,23,jk0ke7gol93k5zd7,027p4,ACTIVE
2022-23,23,jk0ke7gol93k5zd7,038xi,ACTIVE
2022-23,23,pqp9fc6yl93j5xul,05uij,ACTIVE
2022-23,23,pqp9fc6yl93j5xul,05uiq,ACTIVE
2022-23,23,pqp9fc6yl93j5xul,042ne,ACTIVE
2022-23,23,pqp9fc6yl93j5xul,01eo6,ACTIVE
2022-23,23,pqp9fc6yl93j5xul,027oz,ACTIVE
2022-23,23,pqp9fc6yl93j5xul,01eon,ACTIVE
2022-23,23,pqp9fc6yl93j5xul,04ewu,ACTIVE
2022-23,23,pqp9fc6yl93j5xul,051oi,ACTIVE
2022-23,23,pqp9fc6yl93j5xul,04xgj,ACTIVE
2022-23,23,pqp9fc6yl93j5xul,03ad2,ACTIVE
2022-23,23,pqp9fc6yl93j5xul,042nr,ACTIVE
2022-23,23,pqp9fc6yl93j5xul,04ewr,ACTIVE
2022-23,23,pqp9fc6yl93j5xul,051ok,ACTIVE
2022-23,23,pqp9fc6yl93j5xul,042n6,ACTIVE
2022-23,23,pqp9fc6yl93j5xul,05uj4,ACTIVE
2022-23,23,pqp9fc6yl93j5xul,05qud,ACTIVE
2022-23,23,pqp9fc6yl93j5xul,01uz7,ACTIVE
2022-23,23,pqp9fc6yl93j5xul,04qs4,ACTIVE
2022-23,23,pqp9fc6yl93j5xul,04qsa,ACTIVE
2022-23,23,pqp9fc6yl93j5xul,03nwk,ACTIVE
2022-23,24,6bpping1l96ajun5,051pa,ACTIVE
2022-23,24,6bpping1l96ajun5,05qu1,ACTIVE
2022-23,24,6bpping1l96ajun5,031lp,ACTIVE
2022-23,24,6bpping1l96ajun5,051op,ACTIVE
2022-23,24,6bpping1l96ajun5,05qty,ACTIVE
2022-23,24,6bpping1l96ajun5,05ujc,ACTIVE
2022-23,24,6bpping1l96ajun5,05uig,ACTIVE
2022-23,24,6bpping1l96ajun5,005lx,ACTIVE
2022-23,24,6bpping1l96ajun5,03nwm,ACTIVE
2022-23,24,6bpping1l96ajun5,059ca,ACTIVE
2022-23,24,6bpping1l96ajun5,04qse,ACTIVE
2022-23,24,6bpping1l96ajun5,06210,ACTIVE
2022-23,24,6bpping1l96ajun5,027pg,ACTIVE
2022-23,24,6bpping1l96ajun5,02nfz,ACTIVE
2022-23,24,6bpping1l96ajun5,03xmv,ACTIVE
2022-23,24,6bpping1l96ajun5,051p3,ACTIVE
2022-23,24,6bpping1l96ajun5,03ad0,ACTIVE
2022-23,24,6bpping1l96ajun5,027p0,ACTIVE
2022-23,24,6bpping1l96ajun5,051ol,ACTIVE
2022-23,24,6bpping1l96ajun5,05qt3,ACTIVE
2022-23,24,rt1ug69sl97ijzno,03ad4,ACTIVE
2022-23,24,rt1ug69sl97ijzno,042nq,ACTIVE
2022-23,24,rt1ug69sl97ijzno,01ens,ACTIVE
2022-23,24,rt1ug69sl97ijzno,01sc8,ACTIVE
2022-23,24,rt1ug69sl97ijzno,042nw,ACTIVE
2022-23,24,rt1ug69sl97ijzno,04ewt,ACTIVE
2022-23,24,rt1ug69sl97ijzno,031m0,ACTIVE
2022-23,24,rt1ug69sl97ijzno,051pq,ACTIVE
2022-23,24,rt1ug69sl97ijzno,04ewn,ACTIVE
2022-23,24,rt1ug69sl97ijzno,042n3,ACTIVE
2022-23,24,rt1ug69sl97ijzno,03ad7,ACTIVE
2022-23,24,rt1ug69sl97ijzno,042nf,ACTIVE
2022-23,24,rt1ug69sl97ijzno,001aw,ACTIVE
2022-23,24,rt1ug69sl97ijzno,02nf6,ACTIVE
2022-23,24,rt1ug69sl97ijzno,04qsm,ACTIVE
2022-23,24,rt1ug69sl97ijzno,04qrl,ACTIVE
2022-23,24,rt1ug69sl97ijzno,02ym0,ACTIVE
2022-23,24,rt1ug69sl97ijzno,03nwq,ACTIVE
2022-23,24,rt1ug69sl97ijzno,02nf3,ACTIVE
2022-23,24,rt1ug69sl97ijzno,049kd,ACTIVE
2022-23,24,tnykxdccl93mdr11,04qsi,ACTIVE
2022-23,24,tnykxdccl93mdr11,01enh,ACTIVE
2022-23,24,tnykxdccl93mdr11,05qto,ACTIVE
2022-23,24,tnykxdccl93mdr11,05uj9,ACTIVE
2022-23,24,tnykxdccl93mdr11,04qrw,ACTIVE
2022-23,24,tnykxdccl93mdr11,04qrj,ACTIVE
2022-23,24,tnykxdccl93mdr11,03el5,ACTIVE
2022-23,24,tnykxdccl93mdr11,05qtq,ACTIVE
2022-23,24,tnykxdccl93mdr11,0621l,ACTIVE
2022-23,24,tnykxdccl93mdr11,05uie,ACTIVE
2022-23,24,tnykxdccl93mdr11,027p9,ACTIVE
2022-23,24,tnykxdccl93mdr11,05uic,ACTIVE
2022-23,24,tnykxdccl93mdr11,04ex6,ACTIVE
2022-23,24,tnykxdccl93mdr11,06216,ACTIVE
2022-23,24,tnykxdccl93mdr11,04ewf,ACTIVE
2022-23,24,tnykxdccl93mdr11,04qrr,ACTIVE
2022-23,24,tnykxdccl93mdr11,0527l,ACTIVE
2022-23,24,tnykxdccl93mdr11,06213,ACTIVE
2022-23,24,tnykxdccl93mdr11,03al1,ACTIVE
2022-23,24,tnykxdccl93mdr11,051or,ACTIVE
2022-23,24,xa5w57ngl93mbh2g,01enw,ACTIVE
2022-23,24,xa5w57ngl93mbh2g,051p9,ACTIVE
2022-23,24,xa5w57ngl93mbh2g,049kf,ACTIVE
2022-23,24,xa5w57ngl93mbh2g,049ka,ACTIVE
2022-23,24,xa5w57ngl93mbh2g,042nm,ACTIVE
2022-23,24,xa5w57ngl93mbh2g,031lv,ACTIVE
2022-23,24,xa5w57ngl93mbh2g,05uj0,ACTIVE
2022-23,24,xa5w57ngl93mbh2g,049s6,ACTIVE
2022-23,24,xa5w57ngl93mbh2g,03e6n,ACTIVE
2022-23,24,xa5w57ngl93mbh2g,042nt,ACTIVE
2022-23,24,xa5w57ngl93mbh2g,051os,ACTIVE
2022-23,24,xa5w57ngl93mbh2g,05qu5,ACTIVE
2022-23,24,xa5w57ngl93mbh2g,049kb,ACTIVE
2022-23,24,xa5w57ngl93mbh2g,04exe,ACTIVE
2022-23,24,xa5w57ngl93mbh2g,06212,ACTIVE
2022-23,24,xa5w57ngl93mbh2g,04kj6,ACTIVE
2022-23,24,xa5w57ngl93mbh2g,051p1,ACTIVE
2022-23,24,xa5w57ngl93mbh2g,01eo9,ACTIVE
2022-23,24,xa5w57ngl93mbh2g,005kd,ACTIVE
2022-23,24,xa5w57ngl93mbh2g,01uyj,ACTIVE
2022-23,24,gl61mmryl93md0at,000zv,ACTIVE
2022-23,24,gl61mmryl93md0at,04ewe,ACTIVE
2022-23,24,gl61mmryl93md0at,0011e,ACTIVE
2022-23,24,gl61mmryl93md0at,02ng3,ACTIVE
2022-23,24,gl61mmryl93md0at,03byg,ACTIVE
2022-23,24,gl61mmryl93md0at,031m9,ACTIVE
2022-23,24,gl61mmryl93md0at,03nwl,ACTIVE
2022-23,24,gl61mmryl93md0at,051pi,ACTIVE
2022-23,24,gl61mmryl93md0at,005lm,ACTIVE
2022-23,24,gl61mmryl93md0at,03byk,ACTIVE
2022-23,24,gl61mmryl93md0at,027ou,ACTIVE
2022-23,24,gl61mmryl93md0at,049ki,ACTIVE
2022-23,24,gl61mmryl93md0at,05qtl,ACTIVE
2022-23,24,gl61mmryl93md0at,043ib,ACTIVE
2022-23,24,gl61mmryl93md0at,04ewk,ACTIVE
2022-23,24,gl61mmryl93md0at,04qrk,ACTIVE
2022-23,24,gl61mmryl93md0at,031lz,ACTIVE
2022-23,24,gl61mmryl93md0at,02xg9,ACTIVE
2022-23,24,gl61mmryl93md0at,05uiw,ACTIVE
2022-23,24,gl61mmryl93md0at,051ot,ACTIVE
2022-23,24,lax5yix5l97irroa,027oj,ACTIVE
2022-23,24,lax5yix5l97irroa,02nf7,ACTIVE
2022-23,24,lax5yix5l97irroa,005kc,ACTIVE
2022-23,24,lax5yix5l97irroa,05qu0,ACTIVE
2022-23,24,lax5yix5l97irroa,05qub,ACTIVE
2022-23,24,lax5yix5l97irroa,03ajv,ACTIVE
2022-23,24,lax5yix5l97irroa,05qtr,ACTIVE
2022-23,24,lax5yix5l97irroa,0621c,ACTIVE
2022-23,24,lax5yix5l97irroa,05qu9,ACTIVE
2022-23,24,lax5yix5l97irroa,027pe,ACTIVE
2022-23,24,lax5yix5l97irroa,03nwn,ACTIVE
2022-23,24,lax5yix5l97irroa,03e6u,ACTIVE
2022-23,24,lax5yix5l97irroa,05qt0,ACTIVE
2022-23,24,lax5yix5l97irroa,04fj8,ACTIVE
2022-23,24,lax5yix5l97irroa,05qtv,ACTIVE
2022-23,24,lax5yix5l97irroa,04ewm,ACTIVE
2022-23,24,lax5yix5l97irroa,05uj6,ACTIVE
2022-23,24,lax5yix5l97irroa,04ex8,ACTIVE
2022-23,24,lax5yix5l97irroa,03ad3,ACTIVE
2022-23,24,lax5yix5l97irroa,03lg1,ACTIVE
2022-23,24,nygi7tael97irroa,031lx,ACTIVE
2022-23,24,nygi7tael97irroa,03e6s,ACTIVE
2022-23,24,nygi7tael97irroa,03lls,ACTIVE
2022-23,24,nygi7tael97irroa,0015b,ACTIVE
2022-23,24,nygi7tael97irroa,03al0,ACTIVE
2022-23,24,nygi7tael97irroa,03e74,ACTIVE
2022-23,24,nygi7tael97irroa,051oh,ACTIVE
2022-23,24,nygi7tael97irroa,04qsj,ACTIVE
2022-23,24,nygi7tael97irroa,03al2,ACTIVE
2022-23,24,nygi7tael97irroa,05uib,ACTIVE
2022-23,24,nygi7tael97irroa,05qtm,ACTIVE
2022-23,24,nygi7tael97irroa,04qsd,ACTIVE
2022-23,24,nygi7tael97irroa,05qsl,ACTIVE
2022-23,24,nygi7tael97irroa,04qro,ACTIVE
2022-23,24,nygi7tael97irroa,04xdu,ACTIVE
2022-23,24,nygi7tael97irroa,051oj,ACTIVE
2022-23,24,nygi7tael97irroa,02ng4,ACTIVE
2022-23,24,nygi7tael97irroa,042n4,ACTIVE
2022-23,24,nygi7tael97irroa,05uih,ACTIVE
2022-23,24,nygi7tael97irroa,0621g,ACTIVE
2022-23,24,ibf4yutil93mhju7,03r7z,ACTIVE
2022-23,24,ibf4yutil93mhju7,0015e,ACTIVE
2022-23,24,ibf4yutil93mhju7,03aq2,ACTIVE
2022-23,24,ibf4yutil93mhju7,042n7,ACTIVE
2022-23,24,ibf4yutil93mhju7,0496e,ACTIVE
2022-23,24,ibf4yutil93mhju7,04848,ACTIVE
2022-23,24,ibf4yutil93mhju7,027oo,ACTIVE
2022-23,24,ibf4yutil93mhju7,06218,ACTIVE
2022-23,24,ibf4yutil93mhju7,05uin,ACTIVE
2022-23,24,ibf4yutil93mhju7,03ams,ACTIVE
2022-23,24,ibf4yutil93mhju7,03e75,ACTIVE
2022-23,24,ibf4yutil93mhju7,06215,ACTIVE
2022-23,24,ibf4yutil93mhju7,051p8,ACTIVE
2022-23,24,ibf4yutil93mhju7,05qtt,ACTIVE
2022-23,24,ibf4yutil93mhju7,04qrn,ACTIVE
2022-23,24,ibf4yutil93mhju7,05uif,ACTIVE
2022-23,24,ibf4yutil93mhju7,0017e,ACTIVE
2022-23,24,ibf4yutil93mhju7,04azw,ACTIVE
2022-23,24,ibf4yutil93mhju7,02nf9,ACTIVE
2022-23,24,ibf4yutil93mhju7,038ia,ACTIVE
2022-23,24,jk0ke7gol93k5zd7,04ex5,ACTIVE
2022-23,24,jk0ke7gol93k5zd7,05uii,ACTIVE
2022-23,24,jk0ke7gol93k5zd7,051pb,ACTIVE
2022-23,24,jk0ke7gol93k5zd7,04qrm,ACTIVE
2022-23,24,jk0ke7gol93k5zd7,05uid,ACTIVE
2022-23,24,jk0ke7gol93k5zd7,04qs1,ACTIVE
2022-23,24,jk0ke7gol93k5zd7,042n1,ACTIVE
2022-23,24,jk0ke7gol93k5zd7,02nf1,ACTIVE
2022-23,24,jk0ke7gol93k5zd7,05qsq,ACTIVE
2022-23,24,jk0ke7gol93k5zd7,03r7r,ACTIVE
2022-23,24,jk0ke7gol93k5zd7,005ki,ACTIVE
2022-23,24,jk0ke7gol93k5zd7,05qsx,ACTIVE
2022-23,24,jk0ke7gol93k5zd7,05qve,ACTIVE
2022-23,24,jk0ke7gol93k5zd7,03wr4,ACTIVE
2022-23,24,jk0ke7gol93k5zd7,06214,ACTIVE
2022-23,24,jk0ke7gol93k5zd7,031mb,ACTIVE
2022-23,24,jk0ke7gol93k5zd7,05qug,ACTIVE
2022-23,24,jk0ke7gol93k5zd7,031m2,ACTIVE
2022-23,24,jk0ke7gol93k5zd7,027p4,ACTIVE
2022-23,24,jk0ke7gol93k5zd7,038xi,ACTIVE
2022-23,24,pqp9fc6yl93j5xul,05uij,ACTIVE
2022-23,24,pqp9fc6yl93j5xul,05uiq,ACTIVE
2022-23,24,pqp9fc6yl93j5xul,042ne,ACTIVE
2022-23,24,pqp9fc6yl93j5xul,01eo6,ACTIVE
2022-23,24,pqp9fc6yl93j5xul,027oz,ACTIVE
2022-23,24,pqp9fc6yl93j5xul,01eon,ACTIVE
2022-23,24,pqp9fc6yl93j5xul,04ewu,ACTIVE
2022-23,24,pqp9fc6yl93j5xul,051oi,ACTIVE
2022-23,24,pqp9fc6yl93j5xul,04xgj,ACTIVE
2022-23,24,pqp9fc6yl93j5xul,03ad2,ACTIVE
2022-23,24,pqp9fc6yl93j5xul,042nr,ACTIVE
2022-23,24,pqp9fc6yl93j5xul,04ewr,ACTIVE
2022-23,24,pqp9fc6yl93j5xul,051ok,ACTIVE
2022-23,24,pqp9fc6yl93j5xul,042n6,ACTIVE
2022-23,24,pqp9fc6yl93j5xul,05uj4,ACTIVE
2022-23,24,pqp9fc6yl93j5xul,05qud,ACTIVE
2022-23,24,pqp9fc6yl93j5xul,01uz7,ACTIVE
2022-23,24,pqp9fc6yl93j5xul,04qs4,ACTIVE
2022-23,24,pqp9fc6yl93j5xul,04qsa,ACTIVE
2022-23,24,pqp9fc6yl93j5xul,03nwk,ACTIVE
2022-23,25,6bpping1l96ajun5,051pa,ACTIVE
2022-23,25,6bpping1l96ajun5,05qu1,ACTIVE
2022-23,25,6bpping1l96ajun5,031lp,ACTIVE
2022-23,25,6bpping1l96ajun5,051op,ACTIVE
2022-23,25,6bpping1l96ajun5,05qty,ACTIVE
2022-23,25,6bpping1l96ajun5,05ujc,ACTIVE
2022-23,25,6bpping1l96ajun5,05uig,ACTIVE
2022-23,25,6bpping1l96ajun5,005lx,ACTIVE
2022-23,25,6bpping1l96ajun5,03nwm,ACTIVE
2022-23,25,6bpping1l96ajun5,059ca,ACTIVE
2022-23,25,6bpping1l96ajun5,04qse,ACTIVE
2022-23,25,6bpping1l96ajun5,06210,ACTIVE
2022-23,25,6bpping1l96ajun5,027pg,ACTIVE
2022-23,25,6bpping1l96ajun5,02nfz,ACTIVE
2022-23,25,6bpping1l96ajun5,03xmv,ACTIVE
2022-23,25,6bpping1l96ajun5,051p3,ACTIVE
2022-23,25,6bpping1l96ajun5,03ad0,ACTIVE
2022-23,25,6bpping1l96ajun5,027p0,ACTIVE
2022-23,25,6bpping1l96ajun5,051ol,ACTIVE
2022-23,25,6bpping1l96ajun5,05qt3,ACTIVE
2022-23,25,rt1ug69sl97ijzno,03ad4,ACTIVE
2022-23,25,rt1ug69sl97ijzno,042nq,ACTIVE
2022-23,25,rt1ug69sl97ijzno,01ens,ACTIVE
2022-23,25,rt1ug69sl97ijzno,01sc8,ACTIVE
2022-23,25,rt1ug69sl97ijzno,042nw,ACTIVE
2022-23,25,rt1ug69sl97ijzno,04ewt,ACTIVE
2022-23,25,rt1ug69sl97ijzno,031m0,ACTIVE
2022-23,25,rt1ug69sl97ijzno,051pq,ACTIVE
2022-23,25,rt1ug69sl97ijzno,04ewn,ACTIVE
2022-23,25,rt1ug69sl97ijzno,042n3,ACTIVE
2022-23,25,rt1ug69sl97ijzno,03ad7,ACTIVE
2022-23,25,rt1ug69sl97ijzno,042nf,ACTIVE
2022-23,25,rt1ug69sl97ijzno,001aw,ACTIVE
2022-23,25,rt1ug69sl97ijzno,02nf6,ACTIVE
2022-23,25,rt1ug69sl97ijzno,04qsm,ACTIVE
2022-23,25,rt1ug69sl97ijzno,04qrl,ACTIVE
2022-23,25,rt1ug69sl97ijzno,02ym0,ACTIVE
2022-23,25,rt1ug69sl97ijzno,03nwq,ACTIVE
2022-23,25,rt1ug69sl97ijzno,02nf3,ACTIVE
2022-23,25,rt1ug69sl97ijzno,049kd,ACTIVE
2022-23,25,tnykxdccl93mdr11,04qsi,ACTIVE
2022-23,25,tnykxdccl93mdr11,01enh,ACTIVE
2022-23,25,tnykxdccl93mdr11,05qto,ACTIVE
2022-23,25,tnykxdccl93mdr11,05uj9,ACTIVE
2022-23,25,tnykxdccl93mdr11,04qrw,ACTIVE
2022-23,25,tnykxdccl93mdr11,04qrj,ACTIVE
2022-23,25,tnykxdccl93mdr11,03el5,ACTIVE
2022-23,25,tnykxdccl93mdr11,05qtq,ACTIVE
2022-23,25,tnykxdccl93mdr11,0621l,ACTIVE
2022-23,25,tnykxdccl93mdr11,05uie,ACTIVE
2022-23,25,tnykxdccl93mdr11,027p9,ACTIVE
2022-23,25,tnykxdccl93mdr11,05uic,ACTIVE
2022-23,25,tnykxdccl93mdr11,04ex6,ACTIVE
2022-23,25,tnykxdccl93mdr11,06216,ACTIVE
2022-23,25,tnykxdccl93mdr11,04ewf,ACTIVE
2022-23,25,tnykxdccl93mdr11,04qrr,ACTIVE
2022-23,25,tnykxdccl93mdr11,0527l,ACTIVE
2022-23,25,tnykxdccl93mdr11,06213,ACTIVE
2022-23,25,tnykxdccl93mdr11,03al1,ACTIVE
2022-23,25,tnykxdccl93mdr11,051or,ACTIVE
2022-23,25,xa5w57ngl93mbh2g,01enw,ACTIVE
2022-23,25,xa5w57ngl93mbh2g,051p9,ACTIVE
2022-23,25,xa5w57ngl93mbh2g,049kf,ACTIVE
2022-23,25,xa5w57ngl93mbh2g,049ka,ACTIVE
2022-23,25,xa5w57ngl93mbh2g,042nm,ACTIVE
2022-23,25,xa5w57ngl93mbh2g,031lv,ACTIVE
2022-23,25,xa5w57ngl93mbh2g,05uj0,ACTIVE
2022-23,25,xa5w57ngl93mbh2g,049s6,ACTIVE
2022-23,25,xa5w57ngl93mbh2g,03e6n,ACTIVE
2022-23,25,xa5w57ngl93mbh2g,042nt,ACTIVE
2022-23,25,xa5w57ngl93mbh2g,051os,ACTIVE
2022-23,25,xa5w57ngl93mbh2g,05qu5,ACTIVE
2022-23,25,xa5w57ngl93mbh2g,049kb,ACTIVE
2022-23,25,xa5w57ngl93mbh2g,04exe,ACTIVE
2022-23,25,xa5w57ngl93mbh2g,06212,ACTIVE
2022-23,25,xa5w57ngl93mbh2g,04kj6,ACTIVE
2022-23,25,xa5w57ngl93mbh2g,051p1,ACTIVE
2022-23,25,xa5w57ngl93mbh2g,01eo9,ACTIVE
2022-23,25,xa5w57ngl93mbh2g,005kd,ACTIVE
2022-23,25,xa5w57ngl93mbh2g,01uyj,ACTIVE
2022-23,25,gl61mmryl93md0at,000zv,ACTIVE
2022-23,25,gl61mmryl93md0at,04ewe,ACTIVE
2022-23,25,gl61mmryl93md0at,0011e,ACTIVE
2022-23,25,gl61mmryl93md0at,02ng3,ACTIVE
2022-23,25,gl61mmryl93md0at,03byg,ACTIVE
2022-23,25,gl61mmryl93md0at,031m9,ACTIVE
2022-23,25,gl61mmryl93md0at,03nwl,ACTIVE
2022-23,25,gl61mmryl93md0at,051pi,ACTIVE
2022-23,25,gl61mmryl93md0at,005lm,ACTIVE
2022-23,25,gl61mmryl93md0at,03byk,ACTIVE
2022-23,25,gl61mmryl93md0at,027ou,ACTIVE
2022-23,25,gl61mmryl93md0at,049ki,ACTIVE
2022-23,25,gl61mmryl93md0at,05qtl,ACTIVE
2022-23,25,gl61mmryl93md0at,043ib,ACTIVE
2022-23,25,gl61mmryl93md0at,04ewk,ACTIVE
2022-23,25,gl61mmryl93md0at,04qrk,ACTIVE
2022-23,25,gl61mmryl93md0at,031lz,ACTIVE
2022-23,25,gl61mmryl93md0at,02xg9,ACTIVE
2022-23,25,gl61mmryl93md0at,05uiw,ACTIVE
2022-23,25,gl61mmryl93md0at,051ot,ACTIVE
2022-23,25,lax5yix5l97irroa,027oj,ACTIVE
2022-23,25,lax5yix5l97irroa,02nf7,ACTIVE
2022-23,25,lax5yix5l97irroa,005kc,ACTIVE
2022-23,25,lax5yix5l97irroa,05qu0,ACTIVE
2022-23,25,lax5yix5l97irroa,05qub,ACTIVE
2022-23,25,lax5yix5l97irroa,03ajv,ACTIVE
2022-23,25,lax5yix5l97irroa,05qtr,ACTIVE
2022-23,25,lax5yix5l97irroa,0621c,ACTIVE
2022-23,25,lax5yix5l97irroa,05qu9,ACTIVE
2022-23,25,lax5yix5l97irroa,027pe,ACTIVE
2022-23,25,lax5yix5l97irroa,03nwn,ACTIVE
2022-23,25,lax5yix5l97irroa,03e6u,ACTIVE
2022-23,25,lax5yix5l97irroa,05qt0,ACTIVE
2022-23,25,lax5yix5l97irroa,04fj8,ACTIVE
2022-23,25,lax5yix5l97irroa,05qtv,ACTIVE
2022-23,25,lax5yix5l97irroa,04ewm,ACTIVE
2022-23,25,lax5yix5l97irroa,05uj6,ACTIVE
2022-23,25,lax5yix5l97irroa,04ex8,ACTIVE
2022-23,25,lax5yix5l97irroa,03ad3,ACTIVE
2022-23,25,lax5yix5l97irroa,03lg1,ACTIVE
2022-23,25,nygi7tael97irroa,031lx,ACTIVE
2022-23,25,nygi7tael97irroa,03e6s,ACTIVE
2022-23,25,nygi7tael97irroa,03lls,ACTIVE
2022-23,25,nygi7tael97irroa,0015b,ACTIVE
2022-23,25,nygi7tael97irroa,03al0,ACTIVE
2022-23,25,nygi7tael97irroa,03e74,ACTIVE
2022-23,25,nygi7tael97irroa,051oh,ACTIVE
2022-23,25,nygi7tael97irroa,04qsj,ACTIVE
2022-23,25,nygi7tael97irroa,03al2,ACTIVE
2022-23,25,nygi7tael97irroa,05uib,ACTIVE
2022-23,25,nygi7tael97irroa,05qtm,ACTIVE
2022-23,25,nygi7tael97irroa,04qsd,ACTIVE
2022-23,25,nygi7tael97irroa,05qsl,ACTIVE
2022-23,25,nygi7tael97irroa,04qro,ACTIVE
2022-23,25,nygi7tael97irroa,04xdu,ACTIVE
2022-23,25,nygi7tael97irroa,051oj,ACTIVE
2022-23,25,nygi7tael97irroa,02ng4,ACTIVE
2022-23,25,nygi7tael97irroa,042n4,ACTIVE
2022-23,25,nygi7tael97irroa,05uih,ACTIVE
2022-23,25,nygi7tael97irroa,0621g,ACTIVE
2022-23,25,ibf4yutil93mhju7,03r7z,ACTIVE
2022-23,25,ibf4yutil93mhju7,0015e,ACTIVE
2022-23,25,ibf4yutil93mhju7,03aq2,ACTIVE
2022-23,25,ibf4yutil93mhju7,042n7,ACTIVE
2022-23,25,ibf4yutil93mhju7,0496e,ACTIVE
2022-23,25,ibf4yutil93mhju7,04848,ACTIVE
2022-23,25,ibf4yutil93mhju7,027oo,ACTIVE
2022-23,25,ibf4yutil93mhju7,06218,ACTIVE
2022-23,25,ibf4yutil93mhju7,05uin,ACTIVE
2022-23,25,ibf4yutil93mhju7,03ams,ACTIVE
2022-23,25,ibf4yutil93mhju7,03e75,ACTIVE
2022-23,25,ibf4yutil93mhju7,06215,ACTIVE
2022-23,25,ibf4yutil93mhju7,051p8,ACTIVE
2022-23,25,ibf4yutil93mhju7,05qtt,ACTIVE
2022-23,25,ibf4yutil93mhju7,04qrn,ACTIVE
2022-23,25,ibf4yutil93mhju7,05uif,ACTIVE
2022-23,25,ibf4yutil93mhju7,0017e,ACTIVE
2022-23,25,ibf4yutil93mhju7,04azw,ACTIVE
2022-23,25,ibf4yutil93mhju7,02nf9,ACTIVE
2022-23,25,ibf4yutil93mhju7,038ia,ACTIVE
2022-23,25,jk0ke7gol93k5zd7,04ex5,ACTIVE
2022-23,25,jk0ke7gol93k5zd7,05uii,ACTIVE
2022-23,25,jk0ke7gol93k5zd7,051pb,ACTIVE
2022-23,25,jk0ke7gol93k5zd7,04qrm,ACTIVE
2022-23,25,jk0ke7gol93k5zd7,05uid,ACTIVE
2022-23,25,jk0ke7gol93k5zd7,04qs1,ACTIVE
2022-23,25,jk0ke7gol93k5zd7,042n1,ACTIVE
2022-23,25,jk0ke7gol93k5zd7,02nf1,ACTIVE
2022-23,25,jk0ke7gol93k5zd7,05qsq,ACTIVE
2022-23,25,jk0ke7gol93k5zd7,03r7r,ACTIVE
2022-23,25,jk0ke7gol93k5zd7,005ki,ACTIVE
2022-23,25,jk0ke7gol93k5zd7,05qsx,ACTIVE
2022-23,25,jk0ke7gol93k5zd7,05qve,ACTIVE
2022-23,25,jk0ke7gol93k5zd7,03wr4,ACTIVE
2022-23,25,jk0ke7gol93k5zd7,06214,ACTIVE
2022-23,25,jk0ke7gol93k5zd7,031mb,ACTIVE
2022-23,25,jk0ke7gol93k5zd7,05qug,ACTIVE
2022-23,25,jk0ke7gol93k5zd7,031m2,ACTIVE
2022-23,25,jk0ke7gol93k5zd7,027p4,ACTIVE
2022-23,25,jk0ke7gol93k5zd7,038xi,ACTIVE
2022-23,25,pqp9fc6yl93j5xul,05uij,ACTIVE
2022-23,25,pqp9fc6yl93j5xul,05uiq,ACTIVE
2022-23,25,pqp9fc6yl93j5xul,042ne,ACTIVE
2022-23,25,pqp9fc6yl93j5xul,01eo6,ACTIVE
2022-23,25,pqp9fc6yl93j5xul,027oz,ACTIVE
2022-23,25,pqp9fc6yl93j5xul,01eon,ACTIVE
2022-23,25,pqp9fc6yl93j5xul,04ewu,ACTIVE
2022-23,25,pqp9fc6yl93j5xul,051oi,ACTIVE
2022-23,25,pqp9fc6yl93j5xul,04xgj,ACTIVE
2022-23,25,pqp9fc6yl93j5xul,03ad2,ACTIVE
2022-23,25,pqp9fc6yl93j5xul,042nr,ACTIVE
2022-23,25,pqp9fc6yl93j5xul,04ewr,ACTIVE
2022-23,25,pqp9fc6yl93j5xul,051ok,ACTIVE
2022-23,25,pqp9fc6yl93j5xul,042n6,ACTIVE
2022-23,25,pqp9fc6yl93j5xul,05uj4,ACTIVE
2022-23,25,pqp9fc6yl93j5xul,05qud,ACTIVE
2022-23,25,pqp9fc6yl93j5xul,01uz7,ACTIVE
2022-23,25,pqp9fc6yl93j5xul,04qs4,ACTIVE
2022-23,25,pqp9fc6yl93j5xul,04qsa,ACTIVE
2022-23,25,pqp9fc6yl93j5xul,03nwk,ACTIVE
2023-24,1,ts8qey4flnvxil9y,06215,ACTIVE
2023-24,1,ts8qey4flnvxil9y,0621c,ACTIVE
2023-24,1,ts8qey4flnvxil9y,042n4,ACTIVE
2023-24,1,ts8qey4flnvxil9y,03e75,ACTIVE
2023-24,1,ts8qey4flnvxil9y,0621k,ACTIVE
2023-24,1,ts8qey4flnvxil9y,0527h,ACTIVE
2023-24,1,ts8qey4flnvxil9y,05uus,ACTIVE
2023-24,1,ts8qey4flnvxil9y,0621g,ACTIVE
2023-24,1,ts8qey4flnvxil9y,05uii,ACTIVE
2023-24,1,ts8qey4flnvxil9y,04qrn,ACTIVE
2023-24,1,ts8qey4flnvxil9y,02ym0,ACTIVE
2023-24,1,ts8qey4flnvxil9y,06cdn,ACTIVE
2023-24,1,ts8qey4flnvxil9y,06cc5,ACTIVE
2023-24,1,ts8qey4flnvxil9y,06ca8,ACTIVE
2023-24,1,ts8qey4flnvxil9y,051oh,ACTIVE
2023-24,1,ts8qey4flnvxil9y,049kc,ACTIVE
2023-24,1,ts8qey4flnvxil9y,05qu1,ACTIVE
2023-24,1,ts8qey4flnvxil9y,027oj,ACTIVE
2023-24,1,ts8qey4flnvxil9y,05uj9,ACTIVE
2023-24,1,ts8qey4flnvxil9y,06cby,ACTIVE
2023-24,1,dljt8kz1lnvxil9y,0621u,ACTIVE
2023-24,1,dljt8kz1lnvxil9y,0015e,ACTIVE
2023-24,1,dljt8kz1lnvxil9y,01enh,ACTIVE
2023-24,1,dljt8kz1lnvxil9y,04qrk,ACTIVE
2023-24,1,dljt8kz1lnvxil9y,05uic,ACTIVE
2023-24,1,dljt8kz1lnvxil9y,04ewm,ACTIVE
2023-24,1,dljt8kz1lnvxil9y,005kc,ACTIVE
2023-24,1,dljt8kz1lnvxil9y,0621l,ACTIVE
2023-24,1,dljt8kz1lnvxil9y,03ajv,ACTIVE
2023-24,1,dljt8kz1lnvxil9y,03aq3,ACTIVE
2023-24,1,dljt8kz1lnvxil9y,027pe,ACTIVE
2023-24,1,dljt8kz1lnvxil9y,051oj,ACTIVE
2023-24,1,dljt8kz1lnvxil9y,0558t,ACTIVE
2023-24,1,dljt8kz1lnvxil9y,051pi,ACTIVE
2023-24,1,dljt8kz1lnvxil9y,04qsi,ACTIVE
2023-24,1,dljt8kz1lnvxil9y,05qt3,ACTIVE
2023-24,1,dljt8kz1lnvxil9y,03r7r,ACTIVE
2023-24,1,dljt8kz1lnvxil9y,031m9,ACTIVE
2023-24,1,dljt8kz1lnvxil9y,03r7h,ACTIVE
2023-24,1,dljt8kz1lnvxil9y,05qst,ACTIVE
2023-24,1,jixaa8l3lnvxil9y,03ad3,ACTIVE
2023-24,1,jixaa8l3lnvxil9y,051ps,ACTIVE
2023-24,1,jixaa8l3lnvxil9y,03xmv,ACTIVE
2023-24,1,jixaa8l3lnvxil9y,027pg,ACTIVE
2023-24,1,jixaa8l3lnvxil9y,05uip,ACTIVE
2023-24,1,jixaa8l3lnvxil9y,049kb,ACTIVE
2023-24,1,jixaa8l3lnvxil9y,051p2,ACTIVE
2023-24,1,jixaa8l3lnvxil9y,03e6u,ACTIVE
2023-24,1,jixaa8l3lnvxil9y,051p9,ACTIVE
2023-24,1,jixaa8l3lnvxil9y,042n1,ACTIVE
2023-24,1,jixaa8l3lnvxil9y,03r7z,ACTIVE
2023-24,1,jixaa8l3lnvxil9y,051oi,ACTIVE
2023-24,1,jixaa8l3lnvxil9y,049kd,ACTIVE
2023-24,1,jixaa8l3lnvxil9y,03lg1,ACTIVE
2023-24,1,jixaa8l3lnvxil9y,03e6s,ACTIVE
2023-24,1,jixaa8l3lnvxil9y,0621n,ACTIVE
2023-24,1,jixaa8l3lnvxil9y,042nt,ACTIVE
2023-24,1,jixaa8l3lnvxil9y,03ad0,ACTIVE
2023-24,1,jixaa8l3lnvxil9y,06212,ACTIVE
2023-24,1,jixaa8l3lnvxil9y,042nq,ACTIVE
2023-24,1,po3bonl9lnvxil9y,04ewe,ACTIVE
2023-24,1,po3bonl9lnvxil9y,03aq2,ACTIVE
2023-24,1,po3bonl9lnvxil9y,03e74,ACTIVE
2023-24,1,po3bonl9lnvxil9y,042n6,ACTIVE
2023-24,1,po3bonl9lnvxil9y,0496e,ACTIVE
2023-24,1,po3bonl9lnvxil9y,027ou,ACTIVE
2023-24,1,po3bonl9lnvxil9y,04azw,ACTIVE
2023-24,1,po3bonl9lnvxil9y,051p8,ACTIVE
2023-24,1,po3bonl9lnvxil9y,04kj6,ACTIVE
2023-24,1,po3bonl9lnvxil9y,0015b,ACTIVE
2023-24,1,po3bonl9lnvxil9y,03ad2,ACTIVE
2023-24,1,po3bonl9lnvxil9y,04qsd,ACTIVE
2023-24,1,po3bonl9lnvxil9y,02ng3,ACTIVE
2023-24,1,po3bonl9lnvxil9y,05qtq,ACTIVE
2023-24,1,po3bonl9lnvxil9y,03ad7,ACTIVE
2023-24,1,po3bonl9lnvxil9y,0017e,ACTIVE
2023-24,1,po3bonl9lnvxil9y,03nwq,ACTIVE
2023-24,1,po3bonl9lnvxil9y,03el5,ACTIVE
2023-24,1,po3bonl9lnvxil9y,05qsl,ACTIVE
2023-24,1,po3bonl9lnvxil9y,031lv,ACTIVE
2023-24,1,b3jjri1ilnvxil9y,04ex8,ACTIVE
2023-24,1,b3jjri1ilnvxil9y,03r7u,ACTIVE
2023-24,1,b3jjri1ilnvxil9y,05uig,ACTIVE
2023-24,1,b3jjri1ilnvxil9y,042nw,ACTIVE
2023-24,1,b3jjri1ilnvxil9y,04qrr,ACTIVE
2023-24,1,b3jjri1ilnvxil9y,0621b,ACTIVE
2023-24,1,b3jjri1ilnvxil9y,005ki,ACTIVE
2023-24,1,b3jjri1ilnvxil9y,05uiu,ACTIVE
2023-24,1,b3jjri1ilnvxil9y,06216,ACTIVE
2023-24,1,b3jjri1ilnvxil9y,01eo6,ACTIVE
2023-24,1,b3jjri1ilnvxil9y,04qrm,ACTIVE
2023-24,1,b3jjri1ilnvxil9y,03nwk,ACTIVE
2023-24,1,b3jjri1ilnvxil9y,02nf1,ACTIVE
2023-24,1,b3jjri1ilnvxil9y,04ewf,ACTIVE
2023-24,1,b3jjri1ilnvxil9y,027oz,ACTIVE
2023-24,1,b3jjri1ilnvxil9y,02nf6,ACTIVE
2023-24,1,b3jjri1ilnvxil9y,049s6,ACTIVE
2023-24,1,b3jjri1ilnvxil9y,05uir,ACTIVE
2023-24,1,b3jjri1ilnvxil9y,000zv,ACTIVE
2023-24,1,b3jjri1ilnvxil9y,02nfz,ACTIVE
2023-24,1,eli9ckrglnvxil9y,051on,ACTIVE
2023-24,1,eli9ckrglnvxil9y,042nm,ACTIVE
2023-24,1,eli9ckrglnvxil9y,027p4,ACTIVE
2023-24,1,eli9ckrglnvxil9y,05uif,ACTIVE
2023-24,1,eli9ckrglnvxil9y,042n7,ACTIVE
2023-24,1,eli9ckrglnvxil9y,05qtl,ACTIVE
2023-24,1,eli9ckrglnvxil9y,051pa,ACTIVE
2023-24,1,eli9ckrglnvxil9y,031lz,ACTIVE
2023-24,1,eli9ckrglnvxil9y,04ewc,ACTIVE
2023-24,1,eli9ckrglnvxil9y,05qtv,ACTIVE
2023-24,1,eli9ckrglnvxil9y,04qs1,ACTIVE
2023-24,1,eli9ckrglnvxil9y,031lx,ACTIVE
2023-24,1,eli9ckrglnvxil9y,05uiq,ACTIVE
2023-24,1,eli9ckrglnvxil9y,027p0,ACTIVE
2023-24,1,eli9ckrglnvxil9y,03nwl,ACTIVE
2023-24,1,eli9ckrglnvxil9y,05qt0,ACTIVE
2023-24,1,eli9ckrglnvxil9y,01eon,ACTIVE
2023-24,1,eli9ckrglnvxil9y,06cc8,ACTIVE
2023-24,1,eli9ckrglnvxil9y,06218,ACTIVE
2023-24,1,eli9ckrglnvxil9y,03nwn,ACTIVE
2023-24,1,n7acn7jolnvxil9y,04qs9,ACTIVE
2023-24,1,n7acn7jolnvxil9y,05qsq,ACTIVE
2023-24,1,n7acn7jolnvxil9y,04ewt,ACTIVE
2023-24,1,n7acn7jolnvxil9y,06213,ACTIVE
2023-24,1,n7acn7jolnvxil9y,04qry,ACTIVE
2023-24,1,n7acn7jolnvxil9y,031m2,ACTIVE
2023-24,1,n7acn7jolnvxil9y,05uib,ACTIVE
2023-24,1,n7acn7jolnvxil9y,05qtj,ACTIVE
2023-24,1,n7acn7jolnvxil9y,04ewu,ACTIVE
2023-24,1,n7acn7jolnvxil9y,04qrl,ACTIVE
2023-24,1,n7acn7jolnvxil9y,051pb,ACTIVE
2023-24,1,n7acn7jolnvxil9y,03nwm,ACTIVE
2023-24,1,n7acn7jolnvxil9y,03al0,ACTIVE
2023-24,1,n7acn7jolnvxil9y,05qu9,ACTIVE
2023-24,1,n7acn7jolnvxil9y,03lls,ACTIVE
2023-24,1,n7acn7jolnvxil9y,06cab,ACTIVE
2023-24,1,n7acn7jolnvxil9y,051ol,ACTIVE
2023-24,1,n7acn7jolnvxil9y,04qse,ACTIVE
2023-24,1,n7acn7jolnvxil9y,03byk,ACTIVE
2023-24,1,n7acn7jolnvxil9y,031m0,ACTIVE
2023-24,1,qjg0vp84lnvxil9y,05qtr,ACTIVE
2023-24,1,qjg0vp84lnvxil9y,031m4,ACTIVE
2023-24,1,qjg0vp84lnvxil9y,04qsa,ACTIVE
2023-24,1,qjg0vp84lnvxil9y,05qto,ACTIVE
2023-24,1,qjg0vp84lnvxil9y,0621e,ACTIVE
2023-24,1,qjg0vp84lnvxil9y,05uid,ACTIVE
2023-24,1,qjg0vp84lnvxil9y,04xdu,ACTIVE
2023-24,1,qjg0vp84lnvxil9y,05uie,ACTIVE
2023-24,1,qjg0vp84lnvxil9y,06ccf,ACTIVE
2023-24,1,qjg0vp84lnvxil9y,05qub,ACTIVE
2023-24,1,qjg0vp84lnvxil9y,06210,ACTIVE
2023-24,1,qjg0vp84lnvxil9y,04qrw,ACTIVE
2023-24,1,qjg0vp84lnvxil9y,05qsx,ACTIVE
2023-24,1,qjg0vp84lnvxil9y,05qtt,ACTIVE
2023-24,1,qjg0vp84lnvxil9y,06214,ACTIVE
2023-24,1,qjg0vp84lnvxil9y,05qu0,ACTIVE
2023-24,1,qjg0vp84lnvxil9y,05qtf,ACTIVE
2023-24,1,qjg0vp84lnvxil9y,05qug,ACTIVE
2023-24,1,qjg0vp84lnvxil9y,04ewr,ACTIVE
2023-24,1,qjg0vp84lnvxil9y,05uih,ACTIVE
2023-24,1,y09j7i5alnvxil9y,04ewk,ACTIVE
2023-24,1,y09j7i5alnvxil9y,051or,ACTIVE
2023-24,1,y09j7i5alnvxil9y,06211,ACTIVE
2023-24,1,y09j7i5alnvxil9y,051ok,ACTIVE
2023-24,1,y09j7i5alnvxil9y,04848,ACTIVE
2023-24,1,y09j7i5alnvxil9y,03ams,ACTIVE
2023-24,1,y09j7i5alnvxil9y,03e6n,ACTIVE
2023-24,1,y09j7i5alnvxil9y,05uiz,ACTIVE
2023-24,1,y09j7i5alnvxil9y,01eo9,ACTIVE
2023-24,1,y09j7i5alnvxil9y,04qsj,ACTIVE
2023-24,1,y09j7i5alnvxil9y,03ad4,ACTIVE
2023-24,1,y09j7i5alnvxil9y,005kf,ACTIVE
2023-24,1,y09j7i5alnvxil9y,06cch,ACTIVE
2023-24,1,y09j7i5alnvxil9y,042nf,ACTIVE
2023-24,1,y09j7i5alnvxil9y,03al2,ACTIVE
2023-24,1,y09j7i5alnvxil9y,02nf7,ACTIVE
2023-24,1,y09j7i5alnvxil9y,02nf3,ACTIVE
2023-24,1,y09j7i5alnvxil9y,051os,ACTIVE
2023-24,1,y09j7i5alnvxil9y,01uz7,ACTIVE
2023-24,1,y09j7i5alnvxil9y,03wr4,ACTIVE
2023-24,1,9duu1755lnvxil9y,042n3,ACTIVE
2023-24,1,9duu1755lnvxil9y,04qrp,ACTIVE
2023-24,1,9duu1755lnvxil9y,04ewn,ACTIVE
2023-24,1,9duu1755lnvxil9y,051ot,ACTIVE
2023-24,1,9duu1755lnvxil9y,06cbx,ACTIVE
2023-24,1,9duu1755lnvxil9y,0621x,ACTIVE
2023-24,1,9duu1755lnvxil9y,04qs4,ACTIVE
2023-24,1,9duu1755lnvxil9y,04qro,ACTIVE
2023-24,1,9duu1755lnvxil9y,001aw,ACTIVE
2023-24,1,9duu1755lnvxil9y,0527l,ACTIVE
2023-24,1,9duu1755lnvxil9y,06cc2,ACTIVE
2023-24,1,9duu1755lnvxil9y,06cca,ACTIVE
2023-24,1,9duu1755lnvxil9y,051p0,ACTIVE
2023-24,1,9duu1755lnvxil9y,04qrj,ACTIVE
2023-24,1,9duu1755lnvxil9y,04qsm,ACTIVE
2023-24,1,9duu1755lnvxil9y,01uyj,ACTIVE
2023-24,1,9duu1755lnvxil9y,027oo,ACTIVE
2023-24,1,9duu1755lnvxil9y,02xg9,ACTIVE
2023-24,1,9duu1755lnvxil9y,03al1,ACTIVE
2023-24,1,9duu1755lnvxil9y,0011e,ACTIVE
2023-24,2,ts8qey4flnvxil9y,06215,ACTIVE
2023-24,2,ts8qey4flnvxil9y,0621c,ACTIVE
2023-24,2,ts8qey4flnvxil9y,042n4,ACTIVE
2023-24,2,ts8qey4flnvxil9y,03e75,ACTIVE
2023-24,2,ts8qey4flnvxil9y,0621k,ACTIVE
2023-24,2,ts8qey4flnvxil9y,0527h,ACTIVE
2023-24,2,ts8qey4flnvxil9y,05uus,ACTIVE
2023-24,2,ts8qey4flnvxil9y,0621g,ACTIVE
2023-24,2,ts8qey4flnvxil9y,05uii,ACTIVE
2023-24,2,ts8qey4flnvxil9y,04qrn,ACTIVE
2023-24,2,ts8qey4flnvxil9y,02ym0,ACTIVE
2023-24,2,ts8qey4flnvxil9y,06cdn,ACTIVE
2023-24,2,ts8qey4flnvxil9y,06cc5,ACTIVE
2023-24,2,ts8qey4flnvxil9y,06ca8,ACTIVE
2023-24,2,ts8qey4flnvxil9y,051oh,ACTIVE
2023-24,2,ts8qey4flnvxil9y,049kc,ACTIVE
2023-24,2,ts8qey4flnvxil9y,05qu1,ACTIVE
2023-24,2,ts8qey4flnvxil9y,027oj,ACTIVE
2023-24,2,ts8qey4flnvxil9y,05uj9,ACTIVE
2023-24,2,ts8qey4flnvxil9y,06cby,ACTIVE
2023-24,2,dljt8kz1lnvxil9y,0621u,ACTIVE
2023-24,2,dljt8kz1lnvxil9y,0015e,ACTIVE
2023-24,2,dljt8kz1lnvxil9y,01enh,ACTIVE
2023-24,2,dljt8kz1lnvxil9y,04qrk,ACTIVE
2023-24,2,dljt8kz1lnvxil9y,05uic,ACTIVE
2023-24,2,dljt8kz1lnvxil9y,04ewm,ACTIVE
2023-24,2,dljt8kz1lnvxil9y,005kc,ACTIVE
2023-24,2,dljt8kz1lnvxil9y,0621l,ACTIVE
2023-24,2,dljt8kz1lnvxil9y,03ajv,ACTIVE
2023-24,2,dljt8kz1lnvxil9y,03aq3,ACTIVE
2023-24,2,dljt8kz1lnvxil9y,027pe,ACTIVE
2023-24,2,dljt8kz1lnvxil9y,051oj,ACTIVE
2023-24,2,dljt8kz1lnvxil9y,0558t,ACTIVE
2023-24,2,dljt8kz1lnvxil9y,051pi,ACTIVE
2023-24,2,dljt8kz1lnvxil9y,04qsi,ACTIVE
2023-24,2,dljt8kz1lnvxil9y,05qt3,ACTIVE
2023-24,2,dljt8kz1lnvxil9y,03r7r,ACTIVE
2023-24,2,dljt8kz1lnvxil9y,031m9,ACTIVE
2023-24,2,dljt8kz1lnvxil9y,03r7h,ACTIVE
2023-24,2,dljt8kz1lnvxil9y,05qst,ACTIVE
2023-24,2,jixaa8l3lnvxil9y,03ad3,ACTIVE
2023-24,2,jixaa8l3lnvxil9y,051ps,ACTIVE
2023-24,2,jixaa8l3lnvxil9y,03xmv,ACTIVE
2023-24,2,jixaa8l3lnvxil9y,027pg,ACTIVE
2023-24,2,jixaa8l3lnvxil9y,05uip,ACTIVE
2023-24,2,jixaa8l3lnvxil9y,049kb,ACTIVE
2023-24,2,jixaa8l3lnvxil9y,051p2,ACTIVE
2023-24,2,jixaa8l3lnvxil9y,03e6u,ACTIVE
2023-24,2,jixaa8l3lnvxil9y,051p9,ACTIVE
2023-24,2,jixaa8l3lnvxil9y,042n1,ACTIVE
2023-24,2,jixaa8l3lnvxil9y,03r7z,ACTIVE
2023-24,2,jixaa8l3lnvxil9y,051oi,ACTIVE
2023-24,2,jixaa8l3lnvxil9y,049kd,ACTIVE
2023-24,2,jixaa8l3lnvxil9y,03lg1,ACTIVE
2023-24,2,jixaa8l3lnvxil9y,03e6s,ACTIVE
2023-24,2,jixaa8l3lnvxil9y,0621n,ACTIVE
2023-24,2,jixaa8l3lnvxil9y,042nt,ACTIVE
2023-24,2,jixaa8l3lnvxil9y,03ad0,ACTIVE
2023-24,2,jixaa8l3lnvxil9y,06212,ACTIVE
2023-24,2,jixaa8l3lnvxil9y,042nq,ACTIVE
2023-24,2,po3bonl9lnvxil9y,04ewe,ACTIVE
2023-24,2,po3bonl9lnvxil9y,03aq2,ACTIVE
2023-24,2,po3bonl9lnvxil9y,03e74,ACTIVE
2023-24,2,po3bonl9lnvxil9y,042n6,ACTIVE
2023-24,2,po3bonl9lnvxil9y,0496e,ACTIVE
2023-24,2,po3bonl9lnvxil9y,027ou,ACTIVE
2023-24,2,po3bonl9lnvxil9y,04azw,ACTIVE
2023-24,2,po3bonl9lnvxil9y,051p8,ACTIVE
2023-24,2,po3bonl9lnvxil9y,04kj6,ACTIVE
2023-24,2,po3bonl9lnvxil9y,0015b,ACTIVE
2023-24,2,po3bonl9lnvxil9y,03ad2,ACTIVE
2023-24,2,po3bonl9lnvxil9y,04qsd,ACTIVE
2023-24,2,po3bonl9lnvxil9y,02ng3,ACTIVE
2023-24,2,po3bonl9lnvxil9y,05qtq,ACTIVE
2023-24,2,po3bonl9lnvxil9y,03ad7,ACTIVE
2023-24,2,po3bonl9lnvxil9y,0017e,ACTIVE
2023-24,2,po3bonl9lnvxil9y,03nwq,ACTIVE
2023-24,2,po3bonl9lnvxil9y,03el5,ACTIVE
2023-24,2,po3bonl9lnvxil9y,05qsl,ACTIVE
2023-24,2,po3bonl9lnvxil9y,031lv,ACTIVE
2023-24,2,b3jjri1ilnvxil9y,04ex8,ACTIVE
2023-24,2,b3jjri1ilnvxil9y,03r7u,ACTIVE
2023-24,2,b3jjri1ilnvxil9y,05uig,ACTIVE
2023-24,2,b3jjri1ilnvxil9y,042nw,ACTIVE
2023-24,2,b3jjri1ilnvxil9y,04qrr,ACTIVE
2023-24,2,b3jjri1ilnvxil9y,0621b,ACTIVE
2023-24,2,b3jjri1ilnvxil9y,005ki,ACTIVE
2023-24,2,b3jjri1ilnvxil9y,05uiu,ACTIVE
2023-24,2,b3jjri1ilnvxil9y,06216,ACTIVE
2023-24,2,b3jjri1ilnvxil9y,01eo6,ACTIVE
2023-24,2,b3jjri1ilnvxil9y,04qrm,ACTIVE
2023-24,2,b3jjri1ilnvxil9y,03nwk,ACTIVE
2023-24,2,b3jjri1ilnvxil9y,02nf1,ACTIVE
2023-24,2,b3jjri1ilnvxil9y,04ewf,ACTIVE
2023-24,2,b3jjri1ilnvxil9y,027oz,ACTIVE
2023-24,2,b3jjri1ilnvxil9y,02nf6,ACTIVE
2023-24,2,b3jjri1ilnvxil9y,049s6,ACTIVE
2023-24,2,b3jjri1ilnvxil9y,05uir,ACTIVE
2023-24,2,b3jjri1ilnvxil9y,000zv,ACTIVE
2023-24,2,b3jjri1ilnvxil9y,02nfz,ACTIVE
2023-24,2,eli9ckrglnvxil9y,051on,ACTIVE
2023-24,2,eli9ckrglnvxil9y,042nm,ACTIVE
2023-24,2,eli9ckrglnvxil9y,027p4,ACTIVE
2023-24,2,eli9ckrglnvxil9y,05uif,ACTIVE
2023-24,2,eli9ckrglnvxil9y,042n7,ACTIVE
2023-24,2,eli9ckrglnvxil9y,05qtl,ACTIVE
2023-24,2,eli9ckrglnvxil9y,051pa,ACTIVE
2023-24,2,eli9ckrglnvxil9y,031lz,ACTIVE
2023-24,2,eli9ckrglnvxil9y,04ewc,ACTIVE
2023-24,2,eli9ckrglnvxil9y,05qtv,ACTIVE
2023-24,2,eli9ckrglnvxil9y,04qs1,ACTIVE
2023-24,2,eli9ckrglnvxil9y,031lx,ACTIVE
2023-24,2,eli9ckrglnvxil9y,05uiq,ACTIVE
2023-24,2,eli9ckrglnvxil9y,027p0,ACTIVE
2023-24,2,eli9ckrglnvxil9y,03nwl,ACTIVE
2023-24,2,eli9ckrglnvxil9y,05qt0,ACTIVE
2023-24,2,eli9ckrglnvxil9y,01eon,ACTIVE
2023-24,2,eli9ckrglnvxil9y,06cc8,ACTIVE
2023-24,2,eli9ckrglnvxil9y,06218,ACTIVE
2023-24,2,eli9ckrglnvxil9y,03nwn,ACTIVE
2023-24,2,n7acn7jolnvxil9y,04qs9,ACTIVE
2023-24,2,n7acn7jolnvxil9y,05qsq,ACTIVE
2023-24,2,n7acn7jolnvxil9y,04ewt,ACTIVE
2023-24,2,n7acn7jolnvxil9y,06213,ACTIVE
2023-24,2,n7acn7jolnvxil9y,04qry,ACTIVE
2023-24,2,n7acn7jolnvxil9y,031m2,ACTIVE
2023-24,2,n7acn7jolnvxil9y,05uib,ACTIVE
2023-24,2,n7acn7jolnvxil9y,05qtj,ACTIVE
2023-24,2,n7acn7jolnvxil9y,04ewu,ACTIVE
2023-24,2,n7acn7jolnvxil9y,04qrl,ACTIVE
2023-24,2,n7acn7jolnvxil9y,051pb,ACTIVE
2023-24,2,n7acn7jolnvxil9y,03nwm,ACTIVE
2023-24,2,n7acn7jolnvxil9y,03al0,ACTIVE
2023-24,2,n7acn7jolnvxil9y,05qu9,ACTIVE
2023-24,2,n7acn7jolnvxil9y,03lls,ACTIVE
2023-24,2,n7acn7jolnvxil9y,06cab,ACTIVE
2023-24,2,n7acn7jolnvxil9y,051ol,ACTIVE
2023-24,2,n7acn7jolnvxil9y,04qse,ACTIVE
2023-24,2,n7acn7jolnvxil9y,03byk,ACTIVE
2023-24,2,n7acn7jolnvxil9y,031m0,ACTIVE
2023-24,2,qjg0vp84lnvxil9y,05qtr,ACTIVE
2023-24,2,qjg0vp84lnvxil9y,031m4,ACTIVE
2023-24,2,qjg0vp84lnvxil9y,04qsa,ACTIVE
2023-24,2,qjg0vp84lnvxil9y,05qto,ACTIVE
2023-24,2,qjg0vp84lnvxil9y,0621e,ACTIVE
2023-24,2,qjg0vp84lnvxil9y,05uid,ACTIVE
2023-24,2,qjg0vp84lnvxil9y,04xdu,ACTIVE
2023-24,2,qjg0vp84lnvxil9y,05uie,ACTIVE
2023-24,2,qjg0vp84lnvxil9y,06ccf,ACTIVE
2023-24,2,qjg0vp84lnvxil9y,05qub,ACTIVE
2023-24,2,qjg0vp84lnvxil9y,06210,ACTIVE
2023-24,2,qjg0vp84lnvxil9y,04qrw,ACTIVE
2023-24,2,qjg0vp84lnvxil9y,05qsx,ACTIVE
2023-24,2,qjg0vp84lnvxil9y,05qtt,ACTIVE
2023-24,2,qjg0vp84lnvxil9y,06214,ACTIVE
2023-24,2,qjg0vp84lnvxil9y,05qu0,ACTIVE
2023-24,2,qjg0vp84lnvxil9y,05qtf,ACTIVE
2023-24,2,qjg0vp84lnvxil9y,05qug,ACTIVE
2023-24,2,qjg0vp84lnvxil9y,04ewr,ACTIVE
2023-24,2,qjg0vp84lnvxil9y,05uih,ACTIVE
2023-24,2,y09j7i5alnvxil9y,04ewk,ACTIVE
2023-24,2,y09j7i5alnvxil9y,051or,ACTIVE
2023-24,2,y09j7i5alnvxil9y,06211,ACTIVE
2023-24,2,y09j7i5alnvxil9y,051ok,ACTIVE
2023-24,2,y09j7i5alnvxil9y,04848,ACTIVE
2023-24,2,y09j7i5alnvxil9y,03ams,ACTIVE
2023-24,2,y09j7i5alnvxil9y,03e6n,ACTIVE
2023-24,2,y09j7i5alnvxil9y,05uiz,ACTIVE
2023-24,2,y09j7i5alnvxil9y,01eo9,ACTIVE
2023-24,2,y09j7i5alnvxil9y,04qsj,ACTIVE
2023-24,2,y09j7i5alnvxil9y,03ad4,ACTIVE
2023-24,2,y09j7i5alnvxil9y,005kf,ACTIVE
2023-24,2,y09j7i5alnvxil9y,06cch,ACTIVE
2023-24,2,y09j7i5alnvxil9y,042nf,ACTIVE
2023-24,2,y09j7i5alnvxil9y,03al2,ACTIVE
2023-24,2,y09j7i5alnvxil9y,02nf7,ACTIVE
2023-24,2,y09j7i5alnvxil9y,02nf3,ACTIVE
2023-24,2,y09j7i5alnvxil9y,051os,ACTIVE
2023-24,2,y09j7i5alnvxil9y,01uz7,ACTIVE
2023-24,2,y09j7i5alnvxil9y,03wr4,ACTIVE
2023-24,2,9duu1755lnvxil9y,042n3,ACTIVE
2023-24,2,9duu1755lnvxil9y,04qrp,ACTIVE
2023-24,2,9duu1755lnvxil9y,04ewn,ACTIVE
2023-24,2,9duu1755lnvxil9y,051ot,ACTIVE
2023-24,2,9duu1755lnvxil9y,06cbx,ACTIVE
2023-24,2,9duu1755lnvxil9y,0621x,ACTIVE
2023-24,2,9duu1755lnvxil9y,04qs4,ACTIVE
2023-24,2,9duu1755lnvxil9y,04qro,ACTIVE
2023-24,2,9duu1755lnvxil9y,001aw,ACTIVE
2023-24,2,9duu1755lnvxil9y,0527l,ACTIVE
2023-24,2,9duu1755lnvxil9y,06cc2,ACTIVE
2023-24,2,9duu1755lnvxil9y,06cca,ACTIVE
2023-24,2,9duu1755lnvxil9y,051p0,ACTIVE
2023-24,2,9duu1755lnvxil9y,04qrj,ACTIVE
2023-24,2,9duu1755lnvxil9y,04qsm,ACTIVE
2023-24,2,9duu1755lnvxil9y,01uyj,ACTIVE
2023-24,2,9duu1755lnvxil9y,027oo,ACTIVE
2023-24,2,9duu1755lnvxil9y,02xg9,ACTIVE
2023-24,2,9duu1755lnvxil9y,03al1,ACTIVE
2023-24,2,9duu1755lnvxil9y,0011e,ACTIVE
2023-24,3,ts8qey4flnvxil9y,06215,ACTIVE
2023-24,3,ts8qey4flnvxil9y,0621c,ACTIVE
2023-24,3,ts8qey4flnvxil9y,042n4,ACTIVE
2023-24,3,ts8qey4flnvxil9y,03e75,ACTIVE
2023-24,3,ts8qey4flnvxil9y,0621k,ACTIVE
2023-24,3,ts8qey4flnvxil9y,0527h,ACTIVE
2023-24,3,ts8qey4flnvxil9y,05uus,ACTIVE
2023-24,3,ts8qey4flnvxil9y,0621g,ACTIVE
2023-24,3,ts8qey4flnvxil9y,05uii,ACTIVE
2023-24,3,ts8qey4flnvxil9y,04qrn,ACTIVE
2023-24,3,ts8qey4flnvxil9y,02ym0,ACTIVE
2023-24,3,ts8qey4flnvxil9y,06cdn,ACTIVE
2023-24,3,ts8qey4flnvxil9y,06cc5,ACTIVE
2023-24,3,ts8qey4flnvxil9y,06ca8,ACTIVE
2023-24,3,ts8qey4flnvxil9y,051oh,ACTIVE
2023-24,3,ts8qey4flnvxil9y,049kc,ACTIVE
2023-24,3,ts8qey4flnvxil9y,05qu1,ACTIVE
2023-24,3,ts8qey4flnvxil9y,027oj,ACTIVE
2023-24,3,ts8qey4flnvxil9y,05uj9,ACTIVE
2023-24,3,ts8qey4flnvxil9y,06cby,ACTIVE
2023-24,3,dljt8kz1lnvxil9y,0621u,ACTIVE
2023-24,3,dljt8kz1lnvxil9y,0015e,ACTIVE
2023-24,3,dljt8kz1lnvxil9y,01enh,ACTIVE
2023-24,3,dljt8kz1lnvxil9y,04qrk,ACTIVE
2023-24,3,dljt8kz1lnvxil9y,05uic,ACTIVE
2023-24,3,dljt8kz1lnvxil9y,04ewm,ACTIVE
2023-24,3,dljt8kz1lnvxil9y,005kc,ACTIVE
2023-24,3,dljt8kz1lnvxil9y,0621l,ACTIVE
2023-24,3,dljt8kz1lnvxil9y,03ajv,ACTIVE
2023-24,3,dljt8kz1lnvxil9y,03aq3,ACTIVE
2023-24,3,dljt8kz1lnvxil9y,027pe,ACTIVE
2023-24,3,dljt8kz1lnvxil9y,051oj,ACTIVE
2023-24,3,dljt8kz1lnvxil9y,0558t,ACTIVE
2023-24,3,dljt8kz1lnvxil9y,051pi,ACTIVE
2023-24,3,dljt8kz1lnvxil9y,04qsi,ACTIVE
2023-24,3,dljt8kz1lnvxil9y,05qt3,ACTIVE
2023-24,3,dljt8kz1lnvxil9y,03r7r,ACTIVE
2023-24,3,dljt8kz1lnvxil9y,031m9,ACTIVE
2023-24,3,dljt8kz1lnvxil9y,03r7h,ACTIVE
2023-24,3,dljt8kz1lnvxil9y,05qst,ACTIVE
2023-24,3,jixaa8l3lnvxil9y,03ad3,ACTIVE
2023-24,3,jixaa8l3lnvxil9y,051ps,ACTIVE
2023-24,3,jixaa8l3lnvxil9y,03xmv,ACTIVE
2023-24,3,jixaa8l3lnvxil9y,027pg,ACTIVE
2023-24,3,jixaa8l3lnvxil9y,05uip,ACTIVE
2023-24,3,jixaa8l3lnvxil9y,049kb,ACTIVE
2023-24,3,jixaa8l3lnvxil9y,051p2,ACTIVE
2023-24,3,jixaa8l3lnvxil9y,03e6u,ACTIVE
2023-24,3,jixaa8l3lnvxil9y,051p9,ACTIVE
2023-24,3,jixaa8l3lnvxil9y,042n1,ACTIVE
2023-24,3,jixaa8l3lnvxil9y,03r7z,ACTIVE
2023-24,3,jixaa8l3lnvxil9y,051oi,ACTIVE
2023-24,3,jixaa8l3lnvxil9y,049kd,ACTIVE
2023-24,3,jixaa8l3lnvxil9y,03lg1,ACTIVE
2023-24,3,jixaa8l3lnvxil9y,03e6s,ACTIVE
2023-24,3,jixaa8l3lnvxil9y,0621n,ACTIVE
2023-24,3,jixaa8l3lnvxil9y,042nt,ACTIVE
2023-24,3,jixaa8l3lnvxil9y,03ad0,ACTIVE
2023-24,3,jixaa8l3lnvxil9y,06212,ACTIVE
2023-24,3,jixaa8l3lnvxil9y,042nq,ACTIVE
2023-24,3,po3bonl9lnvxil9y,04ewe,ACTIVE
2023-24,3,po3bonl9lnvxil9y,03aq2,ACTIVE
2023-24,3,po3bonl9lnvxil9y,03e74,ACTIVE
2023-24,3,po3bonl9lnvxil9y,042n6,ACTIVE
2023-24,3,po3bonl9lnvxil9y,0496e,ACTIVE
2023-24,3,po3bonl9lnvxil9y,027ou,ACTIVE
2023-24,3,po3bonl9lnvxil9y,04azw,ACTIVE
2023-24,3,po3bonl9lnvxil9y,051p8,ACTIVE
2023-24,3,po3bonl9lnvxil9y,04kj6,ACTIVE
2023-24,3,po3bonl9lnvxil9y,0015b,ACTIVE
2023-24,3,po3bonl9lnvxil9y,03ad2,ACTIVE
2023-24,3,po3bonl9lnvxil9y,04qsd,ACTIVE
2023-24,3,po3bonl9lnvxil9y,02ng3,ACTIVE
2023-24,3,po3bonl9lnvxil9y,05qtq,ACTIVE
2023-24,3,po3bonl9lnvxil9y,03ad7,ACTIVE
2023-24,3,po3bonl9lnvxil9y,0017e,ACTIVE
2023-24,3,po3bonl9lnvxil9y,03nwq,ACTIVE
2023-24,3,po3bonl9lnvxil9y,03el5,ACTIVE
2023-24,3,po3bonl9lnvxil9y,05qsl,ACTIVE
2023-24,3,po3bonl9lnvxil9y,031lv,ACTIVE
2023-24,3,b3jjri1ilnvxil9y,04ex8,ACTIVE
2023-24,3,b3jjri1ilnvxil9y,03r7u,ACTIVE
2023-24,3,b3jjri1ilnvxil9y,05uig,ACTIVE
2023-24,3,b3jjri1ilnvxil9y,042nw,ACTIVE
2023-24,3,b3jjri1ilnvxil9y,04qrr,ACTIVE
2023-24,3,b3jjri1ilnvxil9y,0621b,ACTIVE
2023-24,3,b3jjri1ilnvxil9y,005ki,ACTIVE
2023-24,3,b3jjri1ilnvxil9y,05uiu,ACTIVE
2023-24,3,b3jjri1ilnvxil9y,06216,ACTIVE
2023-24,3,b3jjri1ilnvxil9y,01eo6,ACTIVE
2023-24,3,b3jjri1ilnvxil9y,04qrm,ACTIVE
2023-24,3,b3jjri1ilnvxil9y,03nwk,ACTIVE
2023-24,3,b3jjri1ilnvxil9y,02nf1,ACTIVE
2023-24,3,b3jjri1ilnvxil9y,04ewf,ACTIVE
2023-24,3,b3jjri1ilnvxil9y,027oz,ACTIVE
2023-24,3,b3jjri1ilnvxil9y,02nf6,ACTIVE
2023-24,3,b3jjri1ilnvxil9y,049s6,ACTIVE
2023-24,3,b3jjri1ilnvxil9y,05uir,ACTIVE
2023-24,3,b3jjri1ilnvxil9y,000zv,ACTIVE
2023-24,3,b3jjri1ilnvxil9y,02nfz,ACTIVE
2023-24,3,eli9ckrglnvxil9y,051on,ACTIVE
2023-24,3,eli9ckrglnvxil9y,042nm,ACTIVE
2023-24,3,eli9ckrglnvxil9y,027p4,ACTIVE
2023-24,3,eli9ckrglnvxil9y,05uif,ACTIVE
2023-24,3,eli9ckrglnvxil9y,042n7,ACTIVE
2023-24,3,eli9ckrglnvxil9y,05qtl,ACTIVE
2023-24,3,eli9ckrglnvxil9y,051pa,ACTIVE
2023-24,3,eli9ckrglnvxil9y,031lz,ACTIVE
2023-24,3,eli9ckrglnvxil9y,04ewc,ACTIVE
2023-24,3,eli9ckrglnvxil9y,05qtv,ACTIVE
2023-24,3,eli9ckrglnvxil9y,04qs1,ACTIVE
2023-24,3,eli9ckrglnvxil9y,031lx,ACTIVE
2023-24,3,eli9ckrglnvxil9y,05uiq,ACTIVE
2023-24,3,eli9ckrglnvxil9y,027p0,ACTIVE
2023-24,3,eli9ckrglnvxil9y,03nwl,ACTIVE
2023-24,3,eli9ckrglnvxil9y,05qt0,ACTIVE
2023-24,3,eli9ckrglnvxil9y,01eon,ACTIVE
2023-24,3,eli9ckrglnvxil9y,06cc8,ACTIVE
2023-24,3,eli9ckrglnvxil9y,06218,ACTIVE
2023-24,3,eli9ckrglnvxil9y,03nwn,ACTIVE
2023-24,3,n7acn7jolnvxil9y,04qs9,ACTIVE
2023-24,3,n7acn7jolnvxil9y,05qsq,ACTIVE
2023-24,3,n7acn7jolnvxil9y,04ewt,ACTIVE
2023-24,3,n7acn7jolnvxil9y,06213,ACTIVE
2023-24,3,n7acn7jolnvxil9y,04qry,ACTIVE
2023-24,3,n7acn7jolnvxil9y,031m2,ACTIVE
2023-24,3,n7acn7jolnvxil9y,05uib,ACTIVE
2023-24,3,n7acn7jolnvxil9y,05qtj,ACTIVE
2023-24,3,n7acn7jolnvxil9y,04ewu,ACTIVE
2023-24,3,n7acn7jolnvxil9y,04qrl,ACTIVE
2023-24,3,n7acn7jolnvxil9y,051pb,ACTIVE
2023-24,3,n7acn7jolnvxil9y,03nwm,ACTIVE
2023-24,3,n7acn7jolnvxil9y,03al0,ACTIVE
2023-24,3,n7acn7jolnvxil9y,05qu9,ACTIVE
2023-24,3,n7acn7jolnvxil9y,03lls,ACTIVE
2023-24,3,n7acn7jolnvxil9y,06cab,ACTIVE
2023-24,3,n7acn7jolnvxil9y,051ol,ACTIVE
2023-24,3,n7acn7jolnvxil9y,04qse,ACTIVE
2023-24,3,n7acn7jolnvxil9y,03byk,ACTIVE
2023-24,3,n7acn7jolnvxil9y,031m0,ACTIVE
2023-24,3,qjg0vp84lnvxil9y,05qtr,ACTIVE
2023-24,3,qjg0vp84lnvxil9y,031m4,ACTIVE
2023-24,3,qjg0vp84lnvxil9y,04qsa,ACTIVE
2023-24,3,qjg0vp84lnvxil9y,05qto,ACTIVE
2023-24,3,qjg0vp84lnvxil9y,0621e,ACTIVE
2023-24,3,qjg0vp84lnvxil9y,05uid,ACTIVE
2023-24,3,qjg0vp84lnvxil9y,04xdu,ACTIVE
2023-24,3,qjg0vp84lnvxil9y,05uie,ACTIVE
2023-24,3,qjg0vp84lnvxil9y,06ccf,ACTIVE
2023-24,3,qjg0vp84lnvxil9y,05qub,ACTIVE
2023-24,3,qjg0vp84lnvxil9y,06210,ACTIVE
2023-24,3,qjg0vp84lnvxil9y,04qrw,ACTIVE
2023-24,3,qjg0vp84lnvxil9y,05qsx,ACTIVE
2023-24,3,qjg0vp84lnvxil9y,05qtt,ACTIVE
2023-24,3,qjg0vp84lnvxil9y,06214,ACTIVE
2023-24,3,qjg0vp84lnvxil9y,05qu0,ACTIVE
2023-24,3,qjg0vp84lnvxil9y,05qtf,ACTIVE
2023-24,3,qjg0vp84lnvxil9y,05qug,ACTIVE
2023-24,3,qjg0vp84lnvxil9y,04ewr,ACTIVE
2023-24,3,qjg0vp84lnvxil9y,05uih,ACTIVE
2023-24,3,y09j7i5alnvxil9y,04ewk,ACTIVE
2023-24,3,y09j7i5alnvxil9y,051or,ACTIVE
2023-24,3,y09j7i5alnvxil9y,06211,ACTIVE
2023-24,3,y09j7i5alnvxil9y,051ok,ACTIVE
2023-24,3,y09j7i5alnvxil9y,04848,ACTIVE
2023-24,3,y09j7i5alnvxil9y,03ams,ACTIVE
2023-24,3,y09j7i5alnvxil9y,03e6n,ACTIVE
2023-24,3,y09j7i5alnvxil9y,05uiz,ACTIVE
2023-24,3,y09j7i5alnvxil9y,01eo9,ACTIVE
2023-24,3,y09j7i5alnvxil9y,04qsj,ACTIVE
2023-24,3,y09j7i5alnvxil9y,03ad4,ACTIVE
2023-24,3,y09j7i5alnvxil9y,005kf,ACTIVE
2023-24,3,y09j7i5alnvxil9y,06cch,ACTIVE
2023-24,3,y09j7i5alnvxil9y,042nf,ACTIVE
2023-24,3,y09j7i5alnvxil9y,03al2,ACTIVE
2023-24,3,y09j7i5alnvxil9y,02nf7,ACTIVE
2023-24,3,y09j7i5alnvxil9y,02nf3,ACTIVE
2023-24,3,y09j7i5alnvxil9y,051os,ACTIVE
2023-24,3,y09j7i5alnvxil9y,01uz7,ACTIVE
2023-24,3,y09j7i5alnvxil9y,03wr4,ACTIVE
2023-24,3,9duu1755lnvxil9y,042n3,ACTIVE
2023-24,3,9duu1755lnvxil9y,04qrp,ACTIVE
2023-24,3,9duu1755lnvxil9y,04ewn,ACTIVE
2023-24,3,9duu1755lnvxil9y,051ot,ACTIVE
2023-24,3,9duu1755lnvxil9y,06cbx,ACTIVE
2023-24,3,9duu1755lnvxil9y,0621x,ACTIVE
2023-24,3,9duu1755lnvxil9y,04qs4,ACTIVE
2023-24,3,9duu1755lnvxil9y,04qro,ACTIVE
2023-24,3,9duu1755lnvxil9y,001aw,ACTIVE
2023-24,3,9duu1755lnvxil9y,0527l,ACTIVE
2023-24,3,9duu1755lnvxil9y,06cc2,ACTIVE
2023-24,3,9duu1755lnvxil9y,06cca,ACTIVE
2023-24,3,9duu1755lnvxil9y,051p0,ACTIVE
2023-24,3,9duu1755lnvxil9y,04qrj,ACTIVE
2023-24,3,9duu1755lnvxil9y,04qsm,ACTIVE
2023-24,3,9duu1755lnvxil9y,01uyj,ACTIVE
2023-24,3,9duu1755lnvxil9y,027oo,ACTIVE
2023-24,3,9duu1755lnvxil9y,02xg9,ACTIVE
2023-24,3,9duu1755lnvxil9y,03al1,ACTIVE
2023-24,3,9duu1755lnvxil9y,0011e,ACTIVE
2023-24,4,ts8qey4flnvxil9y,06215,ACTIVE
2023-24,4,ts8qey4flnvxil9y,0621c,ACTIVE
2023-24,4,ts8qey4flnvxil9y,042n4,ACTIVE
2023-24,4,ts8qey4flnvxil9y,03e75,ACTIVE
2023-24,4,ts8qey4flnvxil9y,0621k,ACTIVE
2023-24,4,ts8qey4flnvxil9y,0527h,ACTIVE
2023-24,4,ts8qey4flnvxil9y,05uus,ACTIVE
2023-24,4,ts8qey4flnvxil9y,0621g,ACTIVE
2023-24,4,ts8qey4flnvxil9y,05uii,ACTIVE
2023-24,4,ts8qey4flnvxil9y,04qrn,ACTIVE
2023-24,4,ts8qey4flnvxil9y,02ym0,ACTIVE
2023-24,4,ts8qey4flnvxil9y,06cdn,ACTIVE
2023-24,4,ts8qey4flnvxil9y,06cc5,ACTIVE
2023-24,4,ts8qey4flnvxil9y,06ca8,ACTIVE
2023-24,4,ts8qey4flnvxil9y,051oh,ACTIVE
2023-24,4,ts8qey4flnvxil9y,049kc,ACTIVE
2023-24,4,ts8qey4flnvxil9y,05qu1,ACTIVE
2023-24,4,ts8qey4flnvxil9y,027oj,ACTIVE
2023-24,4,ts8qey4flnvxil9y,05uj9,ACTIVE
2023-24,4,ts8qey4flnvxil9y,06cby,ACTIVE
2023-24,4,dljt8kz1lnvxil9y,0621u,ACTIVE
2023-24,4,dljt8kz1lnvxil9y,0015e,ACTIVE
2023-24,4,dljt8kz1lnvxil9y,01enh,ACTIVE
2023-24,4,dljt8kz1lnvxil9y,04qrk,ACTIVE
2023-24,4,dljt8kz1lnvxil9y,05uic,ACTIVE
2023-24,4,dljt8kz1lnvxil9y,04ewm,ACTIVE
2023-24,4,dljt8kz1lnvxil9y,005kc,ACTIVE
2023-24,4,dljt8kz1lnvxil9y,0621l,ACTIVE
2023-24,4,dljt8kz1lnvxil9y,03ajv,ACTIVE
2023-24,4,dljt8kz1lnvxil9y,03aq3,ACTIVE
2023-24,4,dljt8kz1lnvxil9y,027pe,ACTIVE
2023-24,4,dljt8kz1lnvxil9y,051oj,ACTIVE
2023-24,4,dljt8kz1lnvxil9y,0558t,ACTIVE
2023-24,4,dljt8kz1lnvxil9y,051pi,ACTIVE
2023-24,4,dljt8kz1lnvxil9y,04qsi,ACTIVE
2023-24,4,dljt8kz1lnvxil9y,05qt3,ACTIVE
2023-24,4,dljt8kz1lnvxil9y,03r7r,ACTIVE
2023-24,4,dljt8kz1lnvxil9y,031m9,ACTIVE
2023-24,4,dljt8kz1lnvxil9y,03r7h,ACTIVE
2023-24,4,dljt8kz1lnvxil9y,05qst,ACTIVE
2023-24,4,jixaa8l3lnvxil9y,03ad3,ACTIVE
2023-24,4,jixaa8l3lnvxil9y,051ps,ACTIVE
2023-24,4,jixaa8l3lnvxil9y,03xmv,ACTIVE
2023-24,4,jixaa8l3lnvxil9y,027pg,ACTIVE
2023-24,4,jixaa8l3lnvxil9y,05uip,ACTIVE
2023-24,4,jixaa8l3lnvxil9y,049kb,ACTIVE
2023-24,4,jixaa8l3lnvxil9y,051p2,ACTIVE
2023-24,4,jixaa8l3lnvxil9y,03e6u,ACTIVE
2023-24,4,jixaa8l3lnvxil9y,051p9,ACTIVE
2023-24,4,jixaa8l3lnvxil9y,042n1,ACTIVE
2023-24,4,jixaa8l3lnvxil9y,03r7z,ACTIVE
2023-24,4,jixaa8l3lnvxil9y,051oi,ACTIVE
2023-24,4,jixaa8l3lnvxil9y,049kd,ACTIVE
2023-24,4,jixaa8l3lnvxil9y,03lg1,ACTIVE
2023-24,4,jixaa8l3lnvxil9y,03e6s,ACTIVE
2023-24,4,jixaa8l3lnvxil9y,0621n,ACTIVE
2023-24,4,jixaa8l3lnvxil9y,042nt,ACTIVE
2023-24,4,jixaa8l3lnvxil9y,03ad0,ACTIVE
2023-24,4,jixaa8l3lnvxil9y,06212,ACTIVE
2023-24,4,jixaa8l3lnvxil9y,042nq,ACTIVE
2023-24,4,po3bonl9lnvxil9y,04ewe,ACTIVE
2023-24,4,po3bonl9lnvxil9y,03aq2,ACTIVE
2023-24,4,po3bonl9lnvxil9y,03e74,ACTIVE
2023-24,4,po3bonl9lnvxil9y,042n6,ACTIVE
2023-24,4,po3bonl9lnvxil9y,0496e,ACTIVE
2023-24,4,po3bonl9lnvxil9y,027ou,ACTIVE
2023-24,4,po3bonl9lnvxil9y,04azw,ACTIVE
2023-24,4,po3bonl9lnvxil9y,051p8,ACTIVE
2023-24,4,po3bonl9lnvxil9y,04kj6,ACTIVE
2023-24,4,po3bonl9lnvxil9y,0015b,ACTIVE
2023-24,4,po3bonl9lnvxil9y,03ad2,ACTIVE
2023-24,4,po3bonl9lnvxil9y,04qsd,ACTIVE
2023-24,4,po3bonl9lnvxil9y,02ng3,ACTIVE
2023-24,4,po3bonl9lnvxil9y,05qtq,ACTIVE
2023-24,4,po3bonl9lnvxil9y,03ad7,ACTIVE
2023-24,4,po3bonl9lnvxil9y,0017e,ACTIVE
2023-24,4,po3bonl9lnvxil9y,03nwq,ACTIVE
2023-24,4,po3bonl9lnvxil9y,03el5,ACTIVE
2023-24,4,po3bonl9lnvxil9y,05qsl,ACTIVE
2023-24,4,po3bonl9lnvxil9y,031lv,ACTIVE
2023-24,4,b3jjri1ilnvxil9y,04ex8,ACTIVE
2023-24,4,b3jjri1ilnvxil9y,03r7u,ACTIVE
2023-24,4,b3jjri1ilnvxil9y,05uig,ACTIVE
2023-24,4,b3jjri1ilnvxil9y,042nw,ACTIVE
2023-24,4,b3jjri1ilnvxil9y,04qrr,ACTIVE
2023-24,4,b3jjri1ilnvxil9y,0621b,ACTIVE
2023-24,4,b3jjri1ilnvxil9y,005ki,ACTIVE
2023-24,4,b3jjri1ilnvxil9y,05uiu,ACTIVE
2023-24,4,b3jjri1ilnvxil9y,06216,ACTIVE
2023-24,4,b3jjri1ilnvxil9y,01eo6,ACTIVE
2023-24,4,b3jjri1ilnvxil9y,04qrm,ACTIVE
2023-24,4,b3jjri1ilnvxil9y,03nwk,ACTIVE
2023-24,4,b3jjri1ilnvxil9y,02nf1,ACTIVE
2023-24,4,b3jjri1ilnvxil9y,04ewf,ACTIVE
2023-24,4,b3jjri1ilnvxil9y,027oz,ACTIVE
2023-24,4,b3jjri1ilnvxil9y,02nf6,ACTIVE
2023-24,4,b3jjri1ilnvxil9y,049s6,ACTIVE
2023-24,4,b3jjri1ilnvxil9y,05uir,ACTIVE
2023-24,4,b3jjri1ilnvxil9y,000zv,ACTIVE
2023-24,4,b3jjri1ilnvxil9y,02nfz,ACTIVE
2023-24,4,eli9ckrglnvxil9y,051on,ACTIVE
2023-24,4,eli9ckrglnvxil9y,042nm,ACTIVE
2023-24,4,eli9ckrglnvxil9y,027p4,ACTIVE
2023-24,4,eli9ckrglnvxil9y,05uif,ACTIVE
2023-24,4,eli9ckrglnvxil9y,042n7,ACTIVE
2023-24,4,eli9ckrglnvxil9y,05qtl,ACTIVE
2023-24,4,eli9ckrglnvxil9y,051pa,ACTIVE
2023-24,4,eli9ckrglnvxil9y,031lz,ACTIVE
2023-24,4,eli9ckrglnvxil9y,04ewc,ACTIVE
2023-24,4,eli9ckrglnvxil9y,05qtv,ACTIVE
2023-24,4,eli9ckrglnvxil9y,04qs1,ACTIVE
2023-24,4,eli9ckrglnvxil9y,031lx,ACTIVE
2023-24,4,eli9ckrglnvxil9y,05uiq,ACTIVE
2023-24,4,eli9ckrglnvxil9y,027p0,ACTIVE
2023-24,4,eli9ckrglnvxil9y,03nwl,ACTIVE
2023-24,4,eli9ckrglnvxil9y,05qt0,ACTIVE
2023-24,4,eli9ckrglnvxil9y,01eon,ACTIVE
2023-24,4,eli9ckrglnvxil9y,06cc8,ACTIVE
2023-24,4,eli9ckrglnvxil9y,06218,ACTIVE
2023-24,4,eli9ckrglnvxil9y,03nwn,ACTIVE
2023-24,4,n7acn7jolnvxil9y,04qs9,ACTIVE
2023-24,4,n7acn7jolnvxil9y,05qsq,ACTIVE
2023-24,4,n7acn7jolnvxil9y,04ewt,ACTIVE
2023-24,4,n7acn7jolnvxil9y,06213,ACTIVE
2023-24,4,n7acn7jolnvxil9y,04qry,ACTIVE
2023-24,4,n7acn7jolnvxil9y,031m2,ACTIVE
2023-24,4,n7acn7jolnvxil9y,05uib,ACTIVE
2023-24,4,n7acn7jolnvxil9y,05qtj,ACTIVE
2023-24,4,n7acn7jolnvxil9y,04ewu,ACTIVE
2023-24,4,n7acn7jolnvxil9y,04qrl,ACTIVE
2023-24,4,n7acn7jolnvxil9y,051pb,ACTIVE
2023-24,4,n7acn7jolnvxil9y,03nwm,ACTIVE
2023-24,4,n7acn7jolnvxil9y,03al0,ACTIVE
2023-24,4,n7acn7jolnvxil9y,05qu9,ACTIVE
2023-24,4,n7acn7jolnvxil9y,03lls,ACTIVE
2023-24,4,n7acn7jolnvxil9y,06cab,ACTIVE
2023-24,4,n7acn7jolnvxil9y,051ol,ACTIVE
2023-24,4,n7acn7jolnvxil9y,04qse,ACTIVE
2023-24,4,n7acn7jolnvxil9y,03byk,ACTIVE
2023-24,4,n7acn7jolnvxil9y,031m0,ACTIVE
2023-24,4,qjg0vp84lnvxil9y,05qtr,ACTIVE
2023-24,4,qjg0vp84lnvxil9y,031m4,ACTIVE
2023-24,4,qjg0vp84lnvxil9y,04qsa,ACTIVE
2023-24,4,qjg0vp84lnvxil9y,05qto,ACTIVE
2023-24,4,qjg0vp84lnvxil9y,0621e,ACTIVE
2023-24,4,qjg0vp84lnvxil9y,05uid,ACTIVE
2023-24,4,qjg0vp84lnvxil9y,04xdu,ACTIVE
2023-24,4,qjg0vp84lnvxil9y,05uie,ACTIVE
2023-24,4,qjg0vp84lnvxil9y,06ccf,ACTIVE
2023-24,4,qjg0vp84lnvxil9y,05qub,ACTIVE
2023-24,4,qjg0vp84lnvxil9y,06210,ACTIVE
2023-24,4,qjg0vp84lnvxil9y,04qrw,ACTIVE
2023-24,4,qjg0vp84lnvxil9y,05qsx,ACTIVE
2023-24,4,qjg0vp84lnvxil9y,05qtt,ACTIVE
2023-24,4,qjg0vp84lnvxil9y,06214,ACTIVE
2023-24,4,qjg0vp84lnvxil9y,05qu0,ACTIVE
2023-24,4,qjg0vp84lnvxil9y,05qtf,ACTIVE
2023-24,4,qjg0vp84lnvxil9y,05qug,ACTIVE
2023-24,4,qjg0vp84lnvxil9y,04ewr,ACTIVE
2023-24,4,qjg0vp84lnvxil9y,05uih,ACTIVE
2023-24,4,y09j7i5alnvxil9y,04ewk,ACTIVE
2023-24,4,y09j7i5alnvxil9y,051or,ACTIVE
2023-24,4,y09j7i5alnvxil9y,06211,ACTIVE
2023-24,4,y09j7i5alnvxil9y,051ok,ACTIVE
2023-24,4,y09j7i5alnvxil9y,04848,ACTIVE
2023-24,4,y09j7i5alnvxil9y,03ams,ACTIVE
2023-24,4,y09j7i5alnvxil9y,03e6n,ACTIVE
2023-24,4,y09j7i5alnvxil9y,05uiz,ACTIVE
2023-24,4,y09j7i5alnvxil9y,01eo9,ACTIVE
2023-24,4,y09j7i5alnvxil9y,04qsj,ACTIVE
2023-24,4,y09j7i5alnvxil9y,03ad4,ACTIVE
2023-24,4,y09j7i5alnvxil9y,005kf,ACTIVE
2023-24,4,y09j7i5alnvxil9y,06cch,ACTIVE
2023-24,4,y09j7i5alnvxil9y,042nf,ACTIVE
2023-24,4,y09j7i5alnvxil9y,03al2,ACTIVE
2023-24,4,y09j7i5alnvxil9y,02nf7,ACTIVE
2023-24,4,y09j7i5alnvxil9y,02nf3,ACTIVE
2023-24,4,y09j7i5alnvxil9y,051os,ACTIVE
2023-24,4,y09j7i5alnvxil9y,01uz7,ACTIVE
2023-24,4,y09j7i5alnvxil9y,03wr4,ACTIVE
2023-24,4,9duu1755lnvxil9y,042n3,ACTIVE
2023-24,4,9duu1755lnvxil9y,04qrp,ACTIVE
2023-24,4,9duu1755lnvxil9y,04ewn,ACTIVE
2023-24,4,9duu1755lnvxil9y,051ot,ACTIVE
2023-24,4,9duu1755lnvxil9y,06cbx,ACTIVE
2023-24,4,9duu1755lnvxil9y,0621x,ACTIVE
2023-24,4,9duu1755lnvxil9y,04qs4,ACTIVE
2023-24,4,9duu1755lnvxil9y,04qro,ACTIVE
2023-24,4,9duu1755lnvxil9y,001aw,ACTIVE
2023-24,4,9duu1755lnvxil9y,0527l,ACTIVE
2023-24,4,9duu1755lnvxil9y,06cc2,ACTIVE
2023-24,4,9duu1755lnvxil9y,06cca,ACTIVE
2023-24,4,9duu1755lnvxil9y,051p0,ACTIVE
2023-24,4,9duu1755lnvxil9y,04qrj,ACTIVE
2023-24,4,9duu1755lnvxil9y,04qsm,ACTIVE
2023-24,4,9duu1755lnvxil9y,01uyj,ACTIVE
2023-24,4,9duu1755lnvxil9y,027oo,ACTIVE
2023-24,4,9duu1755lnvxil9y,02xg9,ACTIVE
2023-24,4,9duu1755lnvxil9y,03al1,ACTIVE
2023-24,4,9duu1755lnvxil9y,0011e,ACTIVE
2023-24,5,ts8qey4flnvxil9y,06215,ACTIVE
2023-24,5,ts8qey4flnvxil9y,0621c,ACTIVE
2023-24,5,ts8qey4flnvxil9y,042n4,ACTIVE
2023-24,5,ts8qey4flnvxil9y,03e75,ACTIVE
2023-24,5,ts8qey4flnvxil9y,0621k,ACTIVE
2023-24,5,ts8qey4flnvxil9y,0527h,ACTIVE
2023-24,5,ts8qey4flnvxil9y,05uus,ACTIVE
2023-24,5,ts8qey4flnvxil9y,0621g,ACTIVE
2023-24,5,ts8qey4flnvxil9y,05uii,ACTIVE
2023-24,5,ts8qey4flnvxil9y,04qrn,ACTIVE
2023-24,5,ts8qey4flnvxil9y,02ym0,ACTIVE
2023-24,5,ts8qey4flnvxil9y,06cdn,ACTIVE
2023-24,5,ts8qey4flnvxil9y,06cc5,ACTIVE
2023-24,5,ts8qey4flnvxil9y,06ca8,ACTIVE
2023-24,5,ts8qey4flnvxil9y,051oh,ACTIVE
2023-24,5,ts8qey4flnvxil9y,049kc,ACTIVE
2023-24,5,ts8qey4flnvxil9y,05qu1,ACTIVE
2023-24,5,ts8qey4flnvxil9y,027oj,ACTIVE
2023-24,5,ts8qey4flnvxil9y,05uj9,ACTIVE
2023-24,5,ts8qey4flnvxil9y,06cby,ACTIVE
2023-24,5,dljt8kz1lnvxil9y,0621u,ACTIVE
2023-24,5,dljt8kz1lnvxil9y,0015e,ACTIVE
2023-24,5,dljt8kz1lnvxil9y,01enh,ACTIVE
2023-24,5,dljt8kz1lnvxil9y,04qrk,ACTIVE
2023-24,5,dljt8kz1lnvxil9y,05uic,ACTIVE
2023-24,5,dljt8kz1lnvxil9y,04ewm,ACTIVE
2023-24,5,dljt8kz1lnvxil9y,005kc,ACTIVE
2023-24,5,dljt8kz1lnvxil9y,0621l,ACTIVE
2023-24,5,dljt8kz1lnvxil9y,03ajv,ACTIVE
2023-24,5,dljt8kz1lnvxil9y,03aq3,ACTIVE
2023-24,5,dljt8kz1lnvxil9y,027pe,ACTIVE
2023-24,5,dljt8kz1lnvxil9y,051oj,ACTIVE
2023-24,5,dljt8kz1lnvxil9y,0558t,ACTIVE
2023-24,5,dljt8kz1lnvxil9y,051pi,ACTIVE
2023-24,5,dljt8kz1lnvxil9y,04qsi,ACTIVE
2023-24,5,dljt8kz1lnvxil9y,05qt3,ACTIVE
2023-24,5,dljt8kz1lnvxil9y,03r7r,ACTIVE
2023-24,5,dljt8kz1lnvxil9y,031m9,ACTIVE
2023-24,5,dljt8kz1lnvxil9y,03r7h,ACTIVE
2023-24,5,dljt8kz1lnvxil9y,05qst,ACTIVE
2023-24,5,jixaa8l3lnvxil9y,03ad3,ACTIVE
2023-24,5,jixaa8l3lnvxil9y,051ps,ACTIVE
2023-24,5,jixaa8l3lnvxil9y,03xmv,ACTIVE
2023-24,5,jixaa8l3lnvxil9y,027pg,ACTIVE
2023-24,5,jixaa8l3lnvxil9y,05uip,ACTIVE
2023-24,5,jixaa8l3lnvxil9y,049kb,ACTIVE
2023-24,5,jixaa8l3lnvxil9y,051p2,ACTIVE
2023-24,5,jixaa8l3lnvxil9y,03e6u,ACTIVE
2023-24,5,jixaa8l3lnvxil9y,051p9,ACTIVE
2023-24,5,jixaa8l3lnvxil9y,042n1,ACTIVE
2023-24,5,jixaa8l3lnvxil9y,03r7z,ACTIVE
2023-24,5,jixaa8l3lnvxil9y,051oi,ACTIVE
2023-24,5,jixaa8l3lnvxil9y,049kd,ACTIVE
2023-24,5,jixaa8l3lnvxil9y,03lg1,ACTIVE
2023-24,5,jixaa8l3lnvxil9y,03e6s,ACTIVE
2023-24,5,jixaa8l3lnvxil9y,0621n,ACTIVE
2023-24,5,jixaa8l3lnvxil9y,042nt,ACTIVE
2023-24,5,jixaa8l3lnvxil9y,03ad0,ACTIVE
2023-24,5,jixaa8l3lnvxil9y,06212,ACTIVE
2023-24,5,jixaa8l3lnvxil9y,042nq,ACTIVE
2023-24,5,po3bonl9lnvxil9y,04ewe,ACTIVE
2023-24,5,po3bonl9lnvxil9y,03aq2,ACTIVE
2023-24,5,po3bonl9lnvxil9y,03e74,ACTIVE
2023-24,5,po3bonl9lnvxil9y,042n6,ACTIVE
2023-24,5,po3bonl9lnvxil9y,0496e,ACTIVE
2023-24,5,po3bonl9lnvxil9y,027ou,ACTIVE
2023-24,5,po3bonl9lnvxil9y,04azw,ACTIVE
2023-24,5,po3bonl9lnvxil9y,051p8,ACTIVE
2023-24,5,po3bonl9lnvxil9y,04kj6,ACTIVE
2023-24,5,po3bonl9lnvxil9y,0015b,ACTIVE
2023-24,5,po3bonl9lnvxil9y,03ad2,ACTIVE
2023-24,5,po3bonl9lnvxil9y,04qsd,ACTIVE
2023-24,5,po3bonl9lnvxil9y,02ng3,ACTIVE
2023-24,5,po3bonl9lnvxil9y,05qtq,ACTIVE
2023-24,5,po3bonl9lnvxil9y,03ad7,ACTIVE
2023-24,5,po3bonl9lnvxil9y,0017e,ACTIVE
2023-24,5,po3bonl9lnvxil9y,03nwq,ACTIVE
2023-24,5,po3bonl9lnvxil9y,03el5,ACTIVE
2023-24,5,po3bonl9lnvxil9y,05qsl,ACTIVE
2023-24,5,po3bonl9lnvxil9y,031lv,ACTIVE
2023-24,5,b3jjri1ilnvxil9y,04ex8,ACTIVE
2023-24,5,b3jjri1ilnvxil9y,03r7u,ACTIVE
2023-24,5,b3jjri1ilnvxil9y,05uig,ACTIVE
2023-24,5,b3jjri1ilnvxil9y,042nw,ACTIVE
2023-24,5,b3jjri1ilnvxil9y,04qrr,ACTIVE
2023-24,5,b3jjri1ilnvxil9y,0621b,ACTIVE
2023-24,5,b3jjri1ilnvxil9y,005ki,ACTIVE
2023-24,5,b3jjri1ilnvxil9y,05uiu,ACTIVE
2023-24,5,b3jjri1ilnvxil9y,06216,ACTIVE
2023-24,5,b3jjri1ilnvxil9y,01eo6,ACTIVE
2023-24,5,b3jjri1ilnvxil9y,04qrm,ACTIVE
2023-24,5,b3jjri1ilnvxil9y,03nwk,ACTIVE
2023-24,5,b3jjri1ilnvxil9y,02nf1,ACTIVE
2023-24,5,b3jjri1ilnvxil9y,04ewf,ACTIVE
2023-24,5,b3jjri1ilnvxil9y,027oz,ACTIVE
2023-24,5,b3jjri1ilnvxil9y,02nf6,ACTIVE
2023-24,5,b3jjri1ilnvxil9y,049s6,ACTIVE
2023-24,5,b3jjri1ilnvxil9y,05uir,ACTIVE
2023-24,5,b3jjri1ilnvxil9y,000zv,ACTIVE
2023-24,5,b3jjri1ilnvxil9y,02nfz,ACTIVE
2023-24,5,eli9ckrglnvxil9y,051on,ACTIVE
2023-24,5,eli9ckrglnvxil9y,042nm,ACTIVE
2023-24,5,eli9ckrglnvxil9y,027p4,ACTIVE
2023-24,5,eli9ckrglnvxil9y,05uif,ACTIVE
2023-24,5,eli9ckrglnvxil9y,042n7,ACTIVE
2023-24,5,eli9ckrglnvxil9y,05qtl,ACTIVE
2023-24,5,eli9ckrglnvxil9y,051pa,ACTIVE
2023-24,5,eli9ckrglnvxil9y,031lz,ACTIVE
2023-24,5,eli9ckrglnvxil9y,04ewc,ACTIVE
2023-24,5,eli9ckrglnvxil9y,05qtv,ACTIVE
2023-24,5,eli9ckrglnvxil9y,04qs1,ACTIVE
2023-24,5,eli9ckrglnvxil9y,031lx,ACTIVE
2023-24,5,eli9ckrglnvxil9y,05uiq,ACTIVE
2023-24,5,eli9ckrglnvxil9y,027p0,ACTIVE
2023-24,5,eli9ckrglnvxil9y,03nwl,ACTIVE
2023-24,5,eli9ckrglnvxil9y,05qt0,ACTIVE
2023-24,5,eli9ckrglnvxil9y,01eon,ACTIVE
2023-24,5,eli9ckrglnvxil9y,06cc8,ACTIVE
2023-24,5,eli9ckrglnvxil9y,06218,ACTIVE
2023-24,5,eli9ckrglnvxil9y,03nwn,ACTIVE
2023-24,5,n7acn7jolnvxil9y,04qs9,ACTIVE
2023-24,5,n7acn7jolnvxil9y,05qsq,ACTIVE
2023-24,5,n7acn7jolnvxil9y,04ewt,ACTIVE
2023-24,5,n7acn7jolnvxil9y,06213,ACTIVE
2023-24,5,n7acn7jolnvxil9y,04qry,ACTIVE
2023-24,5,n7acn7jolnvxil9y,031m2,ACTIVE
2023-24,5,n7acn7jolnvxil9y,05uib,ACTIVE
2023-24,5,n7acn7jolnvxil9y,05qtj,ACTIVE
2023-24,5,n7acn7jolnvxil9y,04ewu,ACTIVE
2023-24,5,n7acn7jolnvxil9y,04qrl,ACTIVE
2023-24,5,n7acn7jolnvxil9y,051pb,ACTIVE
2023-24,5,n7acn7jolnvxil9y,03nwm,ACTIVE
2023-24,5,n7acn7jolnvxil9y,03al0,ACTIVE
2023-24,5,n7acn7jolnvxil9y,05qu9,ACTIVE
2023-24,5,n7acn7jolnvxil9y,03lls,ACTIVE
2023-24,5,n7acn7jolnvxil9y,06cab,ACTIVE
2023-24,5,n7acn7jolnvxil9y,051ol,ACTIVE
2023-24,5,n7acn7jolnvxil9y,04qse,ACTIVE
2023-24,5,n7acn7jolnvxil9y,03byk,ACTIVE
2023-24,5,n7acn7jolnvxil9y,031m0,ACTIVE
2023-24,5,qjg0vp84lnvxil9y,05qtr,ACTIVE
2023-24,5,qjg0vp84lnvxil9y,031m4,ACTIVE
2023-24,5,qjg0vp84lnvxil9y,04qsa,ACTIVE
2023-24,5,qjg0vp84lnvxil9y,05qto,ACTIVE
2023-24,5,qjg0vp84lnvxil9y,0621e,ACTIVE
2023-24,5,qjg0vp84lnvxil9y,05uid,ACTIVE
2023-24,5,qjg0vp84lnvxil9y,04xdu,ACTIVE
2023-24,5,qjg0vp84lnvxil9y,05uie,ACTIVE
2023-24,5,qjg0vp84lnvxil9y,06ccf,ACTIVE
2023-24,5,qjg0vp84lnvxil9y,05qub,ACTIVE
2023-24,5,qjg0vp84lnvxil9y,06210,ACTIVE
2023-24,5,qjg0vp84lnvxil9y,04qrw,ACTIVE
2023-24,5,qjg0vp84lnvxil9y,05qsx,ACTIVE
2023-24,5,qjg0vp84lnvxil9y,05qtt,ACTIVE
2023-24,5,qjg0vp84lnvxil9y,06214,ACTIVE
2023-24,5,qjg0vp84lnvxil9y,05qu0,ACTIVE
2023-24,5,qjg0vp84lnvxil9y,05qtf,ACTIVE
2023-24,5,qjg0vp84lnvxil9y,05qug,ACTIVE
2023-24,5,qjg0vp84lnvxil9y,04ewr,ACTIVE
2023-24,5,qjg0vp84lnvxil9y,05uih,ACTIVE
2023-24,5,y09j7i5alnvxil9y,04ewk,ACTIVE
2023-24,5,y09j7i5alnvxil9y,051or,ACTIVE
2023-24,5,y09j7i5alnvxil9y,06211,ACTIVE
2023-24,5,y09j7i5alnvxil9y,051ok,ACTIVE
2023-24,5,y09j7i5alnvxil9y,04848,ACTIVE
2023-24,5,y09j7i5alnvxil9y,03ams,ACTIVE
2023-24,5,y09j7i5alnvxil9y,03e6n,ACTIVE
2023-24,5,y09j7i5alnvxil9y,05uiz,ACTIVE
2023-24,5,y09j7i5alnvxil9y,01eo9,ACTIVE
2023-24,5,y09j7i5alnvxil9y,04qsj,ACTIVE
2023-24,5,y09j7i5alnvxil9y,03ad4,ACTIVE
2023-24,5,y09j7i5alnvxil9y,005kf,ACTIVE
2023-24,5,y09j7i5alnvxil9y,06cch,ACTIVE
2023-24,5,y09j7i5alnvxil9y,042nf,ACTIVE
2023-24,5,y09j7i5alnvxil9y,03al2,ACTIVE
2023-24,5,y09j7i5alnvxil9y,02nf7,ACTIVE
2023-24,5,y09j7i5alnvxil9y,02nf3,ACTIVE
2023-24,5,y09j7i5alnvxil9y,051os,ACTIVE
2023-24,5,y09j7i5alnvxil9y,01uz7,ACTIVE
2023-24,5,y09j7i5alnvxil9y,03wr4,ACTIVE
2023-24,5,9duu1755lnvxil9y,042n3,ACTIVE
2023-24,5,9duu1755lnvxil9y,04qrp,ACTIVE
2023-24,5,9duu1755lnvxil9y,04ewn,ACTIVE
2023-24,5,9duu1755lnvxil9y,051ot,ACTIVE
2023-24,5,9duu1755lnvxil9y,06cbx,ACTIVE
2023-24,5,9duu1755lnvxil9y,0621x,ACTIVE
2023-24,5,9duu1755lnvxil9y,04qs4,ACTIVE
2023-24,5,9duu1755lnvxil9y,04qro,ACTIVE
2023-24,5,9duu1755lnvxil9y,001aw,ACTIVE
2023-24,5,9duu1755lnvxil9y,0527l,ACTIVE
2023-24,5,9duu1755lnvxil9y,06cc2,ACTIVE
2023-24,5,9duu1755lnvxil9y,06cca,ACTIVE
2023-24,5,9duu1755lnvxil9y,051p0,ACTIVE
2023-24,5,9duu1755lnvxil9y,04qrj,ACTIVE
2023-24,5,9duu1755lnvxil9y,04qsm,ACTIVE
2023-24,5,9duu1755lnvxil9y,01uyj,ACTIVE
2023-24,5,9duu1755lnvxil9y,027oo,ACTIVE
2023-24,5,9duu1755lnvxil9y,02xg9,ACTIVE
2023-24,5,9duu1755lnvxil9y,03al1,ACTIVE
2023-24,5,9duu1755lnvxil9y,0011e,ACTIVE
2023-24,6,ts8qey4flnvxil9y,06215,ACTIVE
2023-24,6,ts8qey4flnvxil9y,0621c,ACTIVE
2023-24,6,ts8qey4flnvxil9y,042n4,ACTIVE
2023-24,6,ts8qey4flnvxil9y,03e75,ACTIVE
2023-24,6,ts8qey4flnvxil9y,0621k,ACTIVE
2023-24,6,ts8qey4flnvxil9y,0527h,ACTIVE
2023-24,6,ts8qey4flnvxil9y,05uus,ACTIVE
2023-24,6,ts8qey4flnvxil9y,0621g,ACTIVE
2023-24,6,ts8qey4flnvxil9y,05uii,ACTIVE
2023-24,6,ts8qey4flnvxil9y,04qrn,ACTIVE
2023-24,6,ts8qey4flnvxil9y,02ym0,ACTIVE
2023-24,6,ts8qey4flnvxil9y,06cdn,ACTIVE
2023-24,6,ts8qey4flnvxil9y,06cc5,ACTIVE
2023-24,6,ts8qey4flnvxil9y,06ca8,ACTIVE
2023-24,6,ts8qey4flnvxil9y,051oh,ACTIVE
2023-24,6,ts8qey4flnvxil9y,049kc,ACTIVE
2023-24,6,ts8qey4flnvxil9y,05qu1,ACTIVE
2023-24,6,ts8qey4flnvxil9y,027oj,ACTIVE
2023-24,6,ts8qey4flnvxil9y,05uj9,ACTIVE
2023-24,6,ts8qey4flnvxil9y,06cby,ACTIVE
2023-24,6,dljt8kz1lnvxil9y,0621u,ACTIVE
2023-24,6,dljt8kz1lnvxil9y,0015e,ACTIVE
2023-24,6,dljt8kz1lnvxil9y,01enh,ACTIVE
2023-24,6,dljt8kz1lnvxil9y,04qrk,ACTIVE
2023-24,6,dljt8kz1lnvxil9y,05uic,ACTIVE
2023-24,6,dljt8kz1lnvxil9y,04ewm,ACTIVE
2023-24,6,dljt8kz1lnvxil9y,005kc,ACTIVE
2023-24,6,dljt8kz1lnvxil9y,0621l,ACTIVE
2023-24,6,dljt8kz1lnvxil9y,03ajv,ACTIVE
2023-24,6,dljt8kz1lnvxil9y,03aq3,ACTIVE
2023-24,6,dljt8kz1lnvxil9y,027pe,ACTIVE
2023-24,6,dljt8kz1lnvxil9y,051oj,ACTIVE
2023-24,6,dljt8kz1lnvxil9y,0558t,ACTIVE
2023-24,6,dljt8kz1lnvxil9y,051pi,ACTIVE
2023-24,6,dljt8kz1lnvxil9y,04qsi,ACTIVE
2023-24,6,dljt8kz1lnvxil9y,05qt3,ACTIVE
2023-24,6,dljt8kz1lnvxil9y,03r7r,ACTIVE
2023-24,6,dljt8kz1lnvxil9y,031m9,ACTIVE
2023-24,6,dljt8kz1lnvxil9y,03r7h,ACTIVE
2023-24,6,dljt8kz1lnvxil9y,05qst,ACTIVE
2023-24,6,jixaa8l3lnvxil9y,03ad3,ACTIVE
2023-24,6,jixaa8l3lnvxil9y,051ps,ACTIVE
2023-24,6,jixaa8l3lnvxil9y,03xmv,ACTIVE
2023-24,6,jixaa8l3lnvxil9y,027pg,ACTIVE
2023-24,6,jixaa8l3lnvxil9y,05uip,ACTIVE
2023-24,6,jixaa8l3lnvxil9y,049kb,ACTIVE
2023-24,6,jixaa8l3lnvxil9y,051p2,ACTIVE
2023-24,6,jixaa8l3lnvxil9y,03e6u,ACTIVE
2023-24,6,jixaa8l3lnvxil9y,051p9,ACTIVE
2023-24,6,jixaa8l3lnvxil9y,042n1,ACTIVE
2023-24,6,jixaa8l3lnvxil9y,03r7z,ACTIVE
2023-24,6,jixaa8l3lnvxil9y,051oi,ACTIVE
2023-24,6,jixaa8l3lnvxil9y,049kd,ACTIVE
2023-24,6,jixaa8l3lnvxil9y,03lg1,ACTIVE
2023-24,6,jixaa8l3lnvxil9y,03e6s,ACTIVE
2023-24,6,jixaa8l3lnvxil9y,0621n,ACTIVE
2023-24,6,jixaa8l3lnvxil9y,042nt,ACTIVE
2023-24,6,jixaa8l3lnvxil9y,03ad0,ACTIVE
2023-24,6,jixaa8l3lnvxil9y,06212,ACTIVE
2023-24,6,jixaa8l3lnvxil9y,042nq,ACTIVE
2023-24,6,po3bonl9lnvxil9y,04ewe,ACTIVE
2023-24,6,po3bonl9lnvxil9y,03aq2,ACTIVE
2023-24,6,po3bonl9lnvxil9y,03e74,ACTIVE
2023-24,6,po3bonl9lnvxil9y,042n6,ACTIVE
2023-24,6,po3bonl9lnvxil9y,0496e,ACTIVE
2023-24,6,po3bonl9lnvxil9y,027ou,ACTIVE
2023-24,6,po3bonl9lnvxil9y,04azw,ACTIVE
2023-24,6,po3bonl9lnvxil9y,051p8,ACTIVE
2023-24,6,po3bonl9lnvxil9y,04kj6,ACTIVE
2023-24,6,po3bonl9lnvxil9y,0015b,ACTIVE
2023-24,6,po3bonl9lnvxil9y,03ad2,ACTIVE
2023-24,6,po3bonl9lnvxil9y,04qsd,ACTIVE
2023-24,6,po3bonl9lnvxil9y,02ng3,ACTIVE
2023-24,6,po3bonl9lnvxil9y,05qtq,ACTIVE
2023-24,6,po3bonl9lnvxil9y,03ad7,ACTIVE
2023-24,6,po3bonl9lnvxil9y,0017e,ACTIVE
2023-24,6,po3bonl9lnvxil9y,03nwq,ACTIVE
2023-24,6,po3bonl9lnvxil9y,03el5,ACTIVE
2023-24,6,po3bonl9lnvxil9y,05qsl,ACTIVE
2023-24,6,po3bonl9lnvxil9y,031lv,ACTIVE
2023-24,6,b3jjri1ilnvxil9y,04ex8,ACTIVE
2023-24,6,b3jjri1ilnvxil9y,03r7u,ACTIVE
2023-24,6,b3jjri1ilnvxil9y,05uig,ACTIVE
2023-24,6,b3jjri1ilnvxil9y,042nw,ACTIVE
2023-24,6,b3jjri1ilnvxil9y,04qrr,ACTIVE
2023-24,6,b3jjri1ilnvxil9y,0621b,ACTIVE
2023-24,6,b3jjri1ilnvxil9y,005ki,ACTIVE
2023-24,6,b3jjri1ilnvxil9y,05uiu,ACTIVE
2023-24,6,b3jjri1ilnvxil9y,06216,ACTIVE
2023-24,6,b3jjri1ilnvxil9y,01eo6,ACTIVE
2023-24,6,b3jjri1ilnvxil9y,04qrm,ACTIVE
2023-24,6,b3jjri1ilnvxil9y,03nwk,ACTIVE
2023-24,6,b3jjri1ilnvxil9y,02nf1,ACTIVE
2023-24,6,b3jjri1ilnvxil9y,04ewf,ACTIVE
2023-24,6,b3jjri1ilnvxil9y,027oz,ACTIVE
2023-24,6,b3jjri1ilnvxil9y,02nf6,ACTIVE
2023-24,6,b3jjri1ilnvxil9y,049s6,ACTIVE
2023-24,6,b3jjri1ilnvxil9y,05uir,ACTIVE
2023-24,6,b3jjri1ilnvxil9y,000zv,ACTIVE
2023-24,6,b3jjri1ilnvxil9y,02nfz,ACTIVE
2023-24,6,eli9ckrglnvxil9y,051on,ACTIVE
2023-24,6,eli9ckrglnvxil9y,042nm,ACTIVE
2023-24,6,eli9ckrglnvxil9y,027p4,ACTIVE
2023-24,6,eli9ckrglnvxil9y,05uif,ACTIVE
2023-24,6,eli9ckrglnvxil9y,042n7,ACTIVE
2023-24,6,eli9ckrglnvxil9y,05qtl,ACTIVE
2023-24,6,eli9ckrglnvxil9y,051pa,ACTIVE
2023-24,6,eli9ckrglnvxil9y,031lz,ACTIVE
2023-24,6,eli9ckrglnvxil9y,04ewc,ACTIVE
2023-24,6,eli9ckrglnvxil9y,05qtv,ACTIVE
2023-24,6,eli9ckrglnvxil9y,04qs1,ACTIVE
2023-24,6,eli9ckrglnvxil9y,031lx,ACTIVE
2023-24,6,eli9ckrglnvxil9y,05uiq,ACTIVE
2023-24,6,eli9ckrglnvxil9y,027p0,ACTIVE
2023-24,6,eli9ckrglnvxil9y,03nwl,ACTIVE
2023-24,6,eli9ckrglnvxil9y,05qt0,ACTIVE
2023-24,6,eli9ckrglnvxil9y,01eon,ACTIVE
2023-24,6,eli9ckrglnvxil9y,06cc8,ACTIVE
2023-24,6,eli9ckrglnvxil9y,06218,ACTIVE
2023-24,6,eli9ckrglnvxil9y,03nwn,ACTIVE
2023-24,6,n7acn7jolnvxil9y,04qs9,ACTIVE
2023-24,6,n7acn7jolnvxil9y,05qsq,ACTIVE
2023-24,6,n7acn7jolnvxil9y,04ewt,ACTIVE
2023-24,6,n7acn7jolnvxil9y,06213,ACTIVE
2023-24,6,n7acn7jolnvxil9y,04qry,ACTIVE
2023-24,6,n7acn7jolnvxil9y,031m2,ACTIVE
2023-24,6,n7acn7jolnvxil9y,05uib,ACTIVE
2023-24,6,n7acn7jolnvxil9y,05qtj,ACTIVE
2023-24,6,n7acn7jolnvxil9y,04ewu,ACTIVE
2023-24,6,n7acn7jolnvxil9y,04qrl,ACTIVE
2023-24,6,n7acn7jolnvxil9y,051pb,ACTIVE
2023-24,6,n7acn7jolnvxil9y,03nwm,ACTIVE
2023-24,6,n7acn7jolnvxil9y,03al0,ACTIVE
2023-24,6,n7acn7jolnvxil9y,05qu9,ACTIVE
2023-24,6,n7acn7jolnvxil9y,03lls,ACTIVE
2023-24,6,n7acn7jolnvxil9y,06cab,ACTIVE
2023-24,6,n7acn7jolnvxil9y,051ol,ACTIVE
2023-24,6,n7acn7jolnvxil9y,04qse,ACTIVE
2023-24,6,n7acn7jolnvxil9y,03byk,ACTIVE
2023-24,6,n7acn7jolnvxil9y,031m0,ACTIVE
2023-24,6,qjg0vp84lnvxil9y,05qtr,ACTIVE
2023-24,6,qjg0vp84lnvxil9y,031m4,ACTIVE
2023-24,6,qjg0vp84lnvxil9y,04qsa,ACTIVE
2023-24,6,qjg0vp84lnvxil9y,05qto,ACTIVE
2023-24,6,qjg0vp84lnvxil9y,0621e,ACTIVE
2023-24,6,qjg0vp84lnvxil9y,05uid,ACTIVE
2023-24,6,qjg0vp84lnvxil9y,04xdu,ACTIVE
2023-24,6,qjg0vp84lnvxil9y,05uie,ACTIVE
2023-24,6,qjg0vp84lnvxil9y,06ccf,ACTIVE
2023-24,6,qjg0vp84lnvxil9y,05qub,ACTIVE
2023-24,6,qjg0vp84lnvxil9y,06210,ACTIVE
2023-24,6,qjg0vp84lnvxil9y,04qrw,ACTIVE
2023-24,6,qjg0vp84lnvxil9y,05qsx,ACTIVE
2023-24,6,qjg0vp84lnvxil9y,05qtt,ACTIVE
2023-24,6,qjg0vp84lnvxil9y,06214,ACTIVE
2023-24,6,qjg0vp84lnvxil9y,05qu0,ACTIVE
2023-24,6,qjg0vp84lnvxil9y,05qtf,ACTIVE
2023-24,6,qjg0vp84lnvxil9y,05qug,ACTIVE
2023-24,6,qjg0vp84lnvxil9y,04ewr,ACTIVE
2023-24,6,qjg0vp84lnvxil9y,05uih,ACTIVE
2023-24,6,y09j7i5alnvxil9y,04ewk,ACTIVE
2023-24,6,y09j7i5alnvxil9y,051or,ACTIVE
2023-24,6,y09j7i5alnvxil9y,06211,ACTIVE
2023-24,6,y09j7i5alnvxil9y,051ok,ACTIVE
2023-24,6,y09j7i5alnvxil9y,04848,ACTIVE
2023-24,6,y09j7i5alnvxil9y,03ams,ACTIVE
2023-24,6,y09j7i5alnvxil9y,03e6n,ACTIVE
2023-24,6,y09j7i5alnvxil9y,05uiz,ACTIVE
2023-24,6,y09j7i5alnvxil9y,01eo9,ACTIVE
2023-24,6,y09j7i5alnvxil9y,04qsj,ACTIVE
2023-24,6,y09j7i5alnvxil9y,03ad4,ACTIVE
2023-24,6,y09j7i5alnvxil9y,005kf,ACTIVE
2023-24,6,y09j7i5alnvxil9y,06cch,ACTIVE
2023-24,6,y09j7i5alnvxil9y,042nf,ACTIVE
2023-24,6,y09j7i5alnvxil9y,03al2,ACTIVE
2023-24,6,y09j7i5alnvxil9y,02nf7,ACTIVE
2023-24,6,y09j7i5alnvxil9y,02nf3,ACTIVE
2023-24,6,y09j7i5alnvxil9y,051os,ACTIVE
2023-24,6,y09j7i5alnvxil9y,01uz7,ACTIVE
2023-24,6,y09j7i5alnvxil9y,03wr4,ACTIVE
2023-24,6,9duu1755lnvxil9y,042n3,ACTIVE
2023-24,6,9duu1755lnvxil9y,04qrp,ACTIVE
2023-24,6,9duu1755lnvxil9y,04ewn,ACTIVE
2023-24,6,9duu1755lnvxil9y,051ot,ACTIVE
2023-24,6,9duu1755lnvxil9y,06cbx,ACTIVE
2023-24,6,9duu1755lnvxil9y,0621x,ACTIVE
2023-24,6,9duu1755lnvxil9y,04qs4,ACTIVE
2023-24,6,9duu1755lnvxil9y,04qro,ACTIVE
2023-24,6,9duu1755lnvxil9y,001aw,ACTIVE
2023-24,6,9duu1755lnvxil9y,0527l,ACTIVE
2023-24,6,9duu1755lnvxil9y,06cc2,ACTIVE
2023-24,6,9duu1755lnvxil9y,06cca,ACTIVE
2023-24,6,9duu1755lnvxil9y,051p0,ACTIVE
2023-24,6,9duu1755lnvxil9y,04qrj,ACTIVE
2023-24,6,9duu1755lnvxil9y,04qsm,ACTIVE
2023-24,6,9duu1755lnvxil9y,01uyj,ACTIVE
2023-24,6,9duu1755lnvxil9y,027oo,ACTIVE
2023-24,6,9duu1755lnvxil9y,02xg9,ACTIVE
2023-24,6,9duu1755lnvxil9y,03al1,ACTIVE
2023-24,6,9duu1755lnvxil9y,0011e,ACTIVE
2023-24,7,ts8qey4flnvxil9y,06215,ACTIVE
2023-24,7,ts8qey4flnvxil9y,0621c,ACTIVE
2023-24,7,ts8qey4flnvxil9y,042n4,ACTIVE
2023-24,7,ts8qey4flnvxil9y,03e75,ACTIVE
2023-24,7,ts8qey4flnvxil9y,0621k,ACTIVE
2023-24,7,ts8qey4flnvxil9y,0527h,ACTIVE
2023-24,7,ts8qey4flnvxil9y,05uus,ACTIVE
2023-24,7,ts8qey4flnvxil9y,0621g,ACTIVE
2023-24,7,ts8qey4flnvxil9y,05uii,ACTIVE
2023-24,7,ts8qey4flnvxil9y,04qrn,ACTIVE
2023-24,7,ts8qey4flnvxil9y,02ym0,ACTIVE
2023-24,7,ts8qey4flnvxil9y,06cdn,ACTIVE
2023-24,7,ts8qey4flnvxil9y,06cc5,ACTIVE
2023-24,7,ts8qey4flnvxil9y,06ca8,ACTIVE
2023-24,7,ts8qey4flnvxil9y,051oh,ACTIVE
2023-24,7,ts8qey4flnvxil9y,049kc,ACTIVE
2023-24,7,ts8qey4flnvxil9y,05qu1,ACTIVE
2023-24,7,ts8qey4flnvxil9y,027oj,ACTIVE
2023-24,7,ts8qey4flnvxil9y,05uj9,ACTIVE
2023-24,7,ts8qey4flnvxil9y,06cby,ACTIVE
2023-24,7,dljt8kz1lnvxil9y,0621u,ACTIVE
2023-24,7,dljt8kz1lnvxil9y,0015e,ACTIVE
2023-24,7,dljt8kz1lnvxil9y,01enh,ACTIVE
2023-24,7,dljt8kz1lnvxil9y,04qrk,ACTIVE
2023-24,7,dljt8kz1lnvxil9y,05uic,ACTIVE
2023-24,7,dljt8kz1lnvxil9y,04ewm,ACTIVE
2023-24,7,dljt8kz1lnvxil9y,005kc,ACTIVE
2023-24,7,dljt8kz1lnvxil9y,0621l,ACTIVE
2023-24,7,dljt8kz1lnvxil9y,03ajv,ACTIVE
2023-24,7,dljt8kz1lnvxil9y,03aq3,ACTIVE
2023-24,7,dljt8kz1lnvxil9y,027pe,ACTIVE
2023-24,7,dljt8kz1lnvxil9y,051oj,ACTIVE
2023-24,7,dljt8kz1lnvxil9y,0558t,ACTIVE
2023-24,7,dljt8kz1lnvxil9y,051pi,ACTIVE
2023-24,7,dljt8kz1lnvxil9y,04qsi,ACTIVE
2023-24,7,dljt8kz1lnvxil9y,05qt3,ACTIVE
2023-24,7,dljt8kz1lnvxil9y,03r7r,ACTIVE
2023-24,7,dljt8kz1lnvxil9y,031m9,ACTIVE
2023-24,7,dljt8kz1lnvxil9y,03r7h,ACTIVE
2023-24,7,dljt8kz1lnvxil9y,05qst,ACTIVE
2023-24,7,jixaa8l3lnvxil9y,03ad3,ACTIVE
2023-24,7,jixaa8l3lnvxil9y,051ps,ACTIVE
2023-24,7,jixaa8l3lnvxil9y,03xmv,ACTIVE
2023-24,7,jixaa8l3lnvxil9y,027pg,ACTIVE
2023-24,7,jixaa8l3lnvxil9y,05uip,ACTIVE
2023-24,7,jixaa8l3lnvxil9y,049kb,ACTIVE
2023-24,7,jixaa8l3lnvxil9y,051p2,ACTIVE
2023-24,7,jixaa8l3lnvxil9y,03e6u,ACTIVE
2023-24,7,jixaa8l3lnvxil9y,051p9,ACTIVE
2023-24,7,jixaa8l3lnvxil9y,042n1,ACTIVE
2023-24,7,jixaa8l3lnvxil9y,03r7z,ACTIVE
2023-24,7,jixaa8l3lnvxil9y,051oi,ACTIVE
2023-24,7,jixaa8l3lnvxil9y,049kd,ACTIVE
2023-24,7,jixaa8l3lnvxil9y,03lg1,ACTIVE
2023-24,7,jixaa8l3lnvxil9y,03e6s,ACTIVE
2023-24,7,jixaa8l3lnvxil9y,0621n,ACTIVE
2023-24,7,jixaa8l3lnvxil9y,042nt,ACTIVE
2023-24,7,jixaa8l3lnvxil9y,03ad0,ACTIVE
2023-24,7,jixaa8l3lnvxil9y,06212,ACTIVE
2023-24,7,jixaa8l3lnvxil9y,042nq,ACTIVE
2023-24,7,po3bonl9lnvxil9y,04ewe,ACTIVE
2023-24,7,po3bonl9lnvxil9y,03aq2,ACTIVE
2023-24,7,po3bonl9lnvxil9y,03e74,ACTIVE
2023-24,7,po3bonl9lnvxil9y,042n6,ACTIVE
2023-24,7,po3bonl9lnvxil9y,0496e,ACTIVE
2023-24,7,po3bonl9lnvxil9y,027ou,ACTIVE
2023-24,7,po3bonl9lnvxil9y,04azw,ACTIVE
2023-24,7,po3bonl9lnvxil9y,051p8,ACTIVE
2023-24,7,po3bonl9lnvxil9y,04kj6,ACTIVE
2023-24,7,po3bonl9lnvxil9y,0015b,ACTIVE
2023-24,7,po3bonl9lnvxil9y,03ad2,ACTIVE
2023-24,7,po3bonl9lnvxil9y,04qsd,ACTIVE
2023-24,7,po3bonl9lnvxil9y,02ng3,ACTIVE
2023-24,7,po3bonl9lnvxil9y,05qtq,ACTIVE
2023-24,7,po3bonl9lnvxil9y,03ad7,ACTIVE
2023-24,7,po3bonl9lnvxil9y,0017e,ACTIVE
2023-24,7,po3bonl9lnvxil9y,03nwq,ACTIVE
2023-24,7,po3bonl9lnvxil9y,03el5,ACTIVE
2023-24,7,po3bonl9lnvxil9y,05qsl,ACTIVE
2023-24,7,po3bonl9lnvxil9y,031lv,ACTIVE
2023-24,7,b3jjri1ilnvxil9y,04ex8,ACTIVE
2023-24,7,b3jjri1ilnvxil9y,03r7u,ACTIVE
2023-24,7,b3jjri1ilnvxil9y,05uig,ACTIVE
2023-24,7,b3jjri1ilnvxil9y,042nw,ACTIVE
2023-24,7,b3jjri1ilnvxil9y,04qrr,ACTIVE
2023-24,7,b3jjri1ilnvxil9y,0621b,ACTIVE
2023-24,7,b3jjri1ilnvxil9y,005ki,ACTIVE
2023-24,7,b3jjri1ilnvxil9y,05uiu,ACTIVE
2023-24,7,b3jjri1ilnvxil9y,06216,ACTIVE
2023-24,7,b3jjri1ilnvxil9y,01eo6,ACTIVE
2023-24,7,b3jjri1ilnvxil9y,04qrm,ACTIVE
2023-24,7,b3jjri1ilnvxil9y,03nwk,ACTIVE
2023-24,7,b3jjri1ilnvxil9y,02nf1,ACTIVE
2023-24,7,b3jjri1ilnvxil9y,04ewf,ACTIVE
2023-24,7,b3jjri1ilnvxil9y,027oz,ACTIVE
2023-24,7,b3jjri1ilnvxil9y,02nf6,ACTIVE
2023-24,7,b3jjri1ilnvxil9y,049s6,ACTIVE
2023-24,7,b3jjri1ilnvxil9y,05uir,ACTIVE
2023-24,7,b3jjri1ilnvxil9y,000zv,ACTIVE
2023-24,7,b3jjri1ilnvxil9y,02nfz,ACTIVE
2023-24,7,eli9ckrglnvxil9y,051on,ACTIVE
2023-24,7,eli9ckrglnvxil9y,042nm,ACTIVE
2023-24,7,eli9ckrglnvxil9y,027p4,ACTIVE
2023-24,7,eli9ckrglnvxil9y,05uif,ACTIVE
2023-24,7,eli9ckrglnvxil9y,042n7,ACTIVE
2023-24,7,eli9ckrglnvxil9y,05qtl,ACTIVE
2023-24,7,eli9ckrglnvxil9y,051pa,ACTIVE
2023-24,7,eli9ckrglnvxil9y,031lz,ACTIVE
2023-24,7,eli9ckrglnvxil9y,04ewc,ACTIVE
2023-24,7,eli9ckrglnvxil9y,05qtv,ACTIVE
2023-24,7,eli9ckrglnvxil9y,04qs1,ACTIVE
2023-24,7,eli9ckrglnvxil9y,031lx,ACTIVE
2023-24,7,eli9ckrglnvxil9y,05uiq,ACTIVE
2023-24,7,eli9ckrglnvxil9y,027p0,ACTIVE
2023-24,7,eli9ckrglnvxil9y,03nwl,ACTIVE
2023-24,7,eli9ckrglnvxil9y,05qt0,ACTIVE
2023-24,7,eli9ckrglnvxil9y,01eon,ACTIVE
2023-24,7,eli9ckrglnvxil9y,06cc8,ACTIVE
2023-24,7,eli9ckrglnvxil9y,06218,ACTIVE
2023-24,7,eli9ckrglnvxil9y,03nwn,ACTIVE
2023-24,7,n7acn7jolnvxil9y,04qs9,ACTIVE
2023-24,7,n7acn7jolnvxil9y,05qsq,ACTIVE
2023-24,7,n7acn7jolnvxil9y,04ewt,ACTIVE
2023-24,7,n7acn7jolnvxil9y,06213,ACTIVE
2023-24,7,n7acn7jolnvxil9y,04qry,ACTIVE
2023-24,7,n7acn7jolnvxil9y,031m2,ACTIVE
2023-24,7,n7acn7jolnvxil9y,05uib,ACTIVE
2023-24,7,n7acn7jolnvxil9y,05qtj,ACTIVE
2023-24,7,n7acn7jolnvxil9y,04ewu,ACTIVE
2023-24,7,n7acn7jolnvxil9y,04qrl,ACTIVE
2023-24,7,n7acn7jolnvxil9y,051pb,ACTIVE
2023-24,7,n7acn7jolnvxil9y,03nwm,ACTIVE
2023-24,7,n7acn7jolnvxil9y,03al0,ACTIVE
2023-24,7,n7acn7jolnvxil9y,05qu9,ACTIVE
2023-24,7,n7acn7jolnvxil9y,03lls,ACTIVE
2023-24,7,n7acn7jolnvxil9y,06cab,ACTIVE
2023-24,7,n7acn7jolnvxil9y,051ol,ACTIVE
2023-24,7,n7acn7jolnvxil9y,04qse,ACTIVE
2023-24,7,n7acn7jolnvxil9y,03byk,ACTIVE
2023-24,7,n7acn7jolnvxil9y,031m0,ACTIVE
2023-24,7,qjg0vp84lnvxil9y,05qtr,ACTIVE
2023-24,7,qjg0vp84lnvxil9y,031m4,ACTIVE
2023-24,7,qjg0vp84lnvxil9y,04qsa,ACTIVE
2023-24,7,qjg0vp84lnvxil9y,05qto,ACTIVE
2023-24,7,qjg0vp84lnvxil9y,0621e,ACTIVE
2023-24,7,qjg0vp84lnvxil9y,05uid,ACTIVE
2023-24,7,qjg0vp84lnvxil9y,04xdu,ACTIVE
2023-24,7,qjg0vp84lnvxil9y,05uie,ACTIVE
2023-24,7,qjg0vp84lnvxil9y,06ccf,ACTIVE
2023-24,7,qjg0vp84lnvxil9y,05qub,ACTIVE
2023-24,7,qjg0vp84lnvxil9y,06210,ACTIVE
2023-24,7,qjg0vp84lnvxil9y,04qrw,ACTIVE
2023-24,7,qjg0vp84lnvxil9y,05qsx,ACTIVE
2023-24,7,qjg0vp84lnvxil9y,05qtt,ACTIVE
2023-24,7,qjg0vp84lnvxil9y,06214,ACTIVE
2023-24,7,qjg0vp84lnvxil9y,05qu0,ACTIVE
2023-24,7,qjg0vp84lnvxil9y,05qtf,ACTIVE
2023-24,7,qjg0vp84lnvxil9y,05qug,ACTIVE
2023-24,7,qjg0vp84lnvxil9y,04ewr,ACTIVE
2023-24,7,qjg0vp84lnvxil9y,05uih,ACTIVE
2023-24,7,y09j7i5alnvxil9y,04ewk,ACTIVE
2023-24,7,y09j7i5alnvxil9y,051or,ACTIVE
2023-24,7,y09j7i5alnvxil9y,06211,ACTIVE
2023-24,7,y09j7i5alnvxil9y,051ok,ACTIVE
2023-24,7,y09j7i5alnvxil9y,04848,ACTIVE
2023-24,7,y09j7i5alnvxil9y,03ams,ACTIVE
2023-24,7,y09j7i5alnvxil9y,03e6n,ACTIVE
2023-24,7,y09j7i5alnvxil9y,05uiz,ACTIVE
2023-24,7,y09j7i5alnvxil9y,01eo9,ACTIVE
2023-24,7,y09j7i5alnvxil9y,04qsj,ACTIVE
2023-24,7,y09j7i5alnvxil9y,03ad4,ACTIVE
2023-24,7,y09j7i5alnvxil9y,005kf,ACTIVE
2023-24,7,y09j7i5alnvxil9y,06cch,ACTIVE
2023-24,7,y09j7i5alnvxil9y,042nf,ACTIVE
2023-24,7,y09j7i5alnvxil9y,03al2,ACTIVE
2023-24,7,y09j7i5alnvxil9y,02nf7,ACTIVE
2023-24,7,y09j7i5alnvxil9y,02nf3,ACTIVE
2023-24,7,y09j7i5alnvxil9y,051os,ACTIVE
2023-24,7,y09j7i5alnvxil9y,01uz7,ACTIVE
2023-24,7,y09j7i5alnvxil9y,03wr4,ACTIVE
2023-24,7,9duu1755lnvxil9y,042n3,ACTIVE
2023-24,7,9duu1755lnvxil9y,04qrp,ACTIVE
2023-24,7,9duu1755lnvxil9y,04ewn,ACTIVE
2023-24,7,9duu1755lnvxil9y,051ot,ACTIVE
2023-24,7,9duu1755lnvxil9y,06cbx,ACTIVE
2023-24,7,9duu1755lnvxil9y,0621x,ACTIVE
2023-24,7,9duu1755lnvxil9y,04qs4,ACTIVE
2023-24,7,9duu1755lnvxil9y,04qro,ACTIVE
2023-24,7,9duu1755lnvxil9y,001aw,ACTIVE
2023-24,7,9duu1755lnvxil9y,0527l,ACTIVE
2023-24,7,9duu1755lnvxil9y,06cc2,ACTIVE
2023-24,7,9duu1755lnvxil9y,06cca,ACTIVE
2023-24,7,9duu1755lnvxil9y,051p0,ACTIVE
2023-24,7,9duu1755lnvxil9y,04qrj,ACTIVE
2023-24,7,9duu1755lnvxil9y,04qsm,ACTIVE
2023-24,7,9duu1755lnvxil9y,01uyj,ACTIVE
2023-24,7,9duu1755lnvxil9y,027oo,ACTIVE
2023-24,7,9duu1755lnvxil9y,02xg9,ACTIVE
2023-24,7,9duu1755lnvxil9y,03al1,ACTIVE
2023-24,7,9duu1755lnvxil9y,0011e,ACTIVE
2023-24,8,ts8qey4flnvxil9y,06215,ACTIVE
2023-24,8,ts8qey4flnvxil9y,0621c,ACTIVE
2023-24,8,ts8qey4flnvxil9y,042n4,ACTIVE
2023-24,8,ts8qey4flnvxil9y,03e75,ACTIVE
2023-24,8,ts8qey4flnvxil9y,0621k,ACTIVE
2023-24,8,ts8qey4flnvxil9y,0527h,ACTIVE
2023-24,8,ts8qey4flnvxil9y,05uus,ACTIVE
2023-24,8,ts8qey4flnvxil9y,0621g,ACTIVE
2023-24,8,ts8qey4flnvxil9y,05uii,ACTIVE
2023-24,8,ts8qey4flnvxil9y,04qrn,ACTIVE
2023-24,8,ts8qey4flnvxil9y,02ym0,ACTIVE
2023-24,8,ts8qey4flnvxil9y,06cdn,ACTIVE
2023-24,8,ts8qey4flnvxil9y,06cc5,ACTIVE
2023-24,8,ts8qey4flnvxil9y,06ca8,ACTIVE
2023-24,8,ts8qey4flnvxil9y,051oh,ACTIVE
2023-24,8,ts8qey4flnvxil9y,049kc,ACTIVE
2023-24,8,ts8qey4flnvxil9y,05qu1,ACTIVE
2023-24,8,ts8qey4flnvxil9y,027oj,ACTIVE
2023-24,8,ts8qey4flnvxil9y,05uj9,ACTIVE
2023-24,8,ts8qey4flnvxil9y,06cby,ACTIVE
2023-24,8,dljt8kz1lnvxil9y,0621u,ACTIVE
2023-24,8,dljt8kz1lnvxil9y,0015e,ACTIVE
2023-24,8,dljt8kz1lnvxil9y,01enh,ACTIVE
2023-24,8,dljt8kz1lnvxil9y,04qrk,ACTIVE
2023-24,8,dljt8kz1lnvxil9y,05uic,ACTIVE
2023-24,8,dljt8kz1lnvxil9y,04ewm,ACTIVE
2023-24,8,dljt8kz1lnvxil9y,005kc,ACTIVE
2023-24,8,dljt8kz1lnvxil9y,0621l,ACTIVE
2023-24,8,dljt8kz1lnvxil9y,03ajv,ACTIVE
2023-24,8,dljt8kz1lnvxil9y,03aq3,ACTIVE
2023-24,8,dljt8kz1lnvxil9y,027pe,ACTIVE
2023-24,8,dljt8kz1lnvxil9y,051oj,ACTIVE
2023-24,8,dljt8kz1lnvxil9y,0558t,ACTIVE
2023-24,8,dljt8kz1lnvxil9y,051pi,ACTIVE
2023-24,8,dljt8kz1lnvxil9y,04qsi,ACTIVE
2023-24,8,dljt8kz1lnvxil9y,05qt3,ACTIVE
2023-24,8,dljt8kz1lnvxil9y,03r7r,ACTIVE
2023-24,8,dljt8kz1lnvxil9y,031m9,ACTIVE
2023-24,8,dljt8kz1lnvxil9y,03r7h,ACTIVE
2023-24,8,dljt8kz1lnvxil9y,05qst,ACTIVE
2023-24,8,jixaa8l3lnvxil9y,03ad3,ACTIVE
2023-24,8,jixaa8l3lnvxil9y,051ps,ACTIVE
2023-24,8,jixaa8l3lnvxil9y,03xmv,ACTIVE
2023-24,8,jixaa8l3lnvxil9y,027pg,ACTIVE
2023-24,8,jixaa8l3lnvxil9y,05uip,ACTIVE
2023-24,8,jixaa8l3lnvxil9y,049kb,ACTIVE
2023-24,8,jixaa8l3lnvxil9y,051p2,ACTIVE
2023-24,8,jixaa8l3lnvxil9y,03e6u,ACTIVE
2023-24,8,jixaa8l3lnvxil9y,051p9,ACTIVE
2023-24,8,jixaa8l3lnvxil9y,042n1,ACTIVE
2023-24,8,jixaa8l3lnvxil9y,03r7z,ACTIVE
2023-24,8,jixaa8l3lnvxil9y,051oi,ACTIVE
2023-24,8,jixaa8l3lnvxil9y,049kd,ACTIVE
2023-24,8,jixaa8l3lnvxil9y,03lg1,ACTIVE
2023-24,8,jixaa8l3lnvxil9y,03e6s,ACTIVE
2023-24,8,jixaa8l3lnvxil9y,0621n,ACTIVE
2023-24,8,jixaa8l3lnvxil9y,042nt,ACTIVE
2023-24,8,jixaa8l3lnvxil9y,03ad0,ACTIVE
2023-24,8,jixaa8l3lnvxil9y,06212,ACTIVE
2023-24,8,jixaa8l3lnvxil9y,042nq,ACTIVE
2023-24,8,po3bonl9lnvxil9y,04ewe,ACTIVE
2023-24,8,po3bonl9lnvxil9y,03aq2,ACTIVE
2023-24,8,po3bonl9lnvxil9y,03e74,ACTIVE
2023-24,8,po3bonl9lnvxil9y,042n6,ACTIVE
2023-24,8,po3bonl9lnvxil9y,0496e,ACTIVE
2023-24,8,po3bonl9lnvxil9y,027ou,ACTIVE
2023-24,8,po3bonl9lnvxil9y,04azw,ACTIVE
2023-24,8,po3bonl9lnvxil9y,051p8,ACTIVE
2023-24,8,po3bonl9lnvxil9y,04kj6,ACTIVE
2023-24,8,po3bonl9lnvxil9y,0015b,ACTIVE
2023-24,8,po3bonl9lnvxil9y,03ad2,ACTIVE
2023-24,8,po3bonl9lnvxil9y,04qsd,ACTIVE
2023-24,8,po3bonl9lnvxil9y,02ng3,ACTIVE
2023-24,8,po3bonl9lnvxil9y,05qtq,ACTIVE
2023-24,8,po3bonl9lnvxil9y,03ad7,ACTIVE
2023-24,8,po3bonl9lnvxil9y,0017e,ACTIVE
2023-24,8,po3bonl9lnvxil9y,03nwq,ACTIVE
2023-24,8,po3bonl9lnvxil9y,03el5,ACTIVE
2023-24,8,po3bonl9lnvxil9y,05qsl,ACTIVE
2023-24,8,po3bonl9lnvxil9y,031lv,ACTIVE
2023-24,8,b3jjri1ilnvxil9y,04ex8,ACTIVE
2023-24,8,b3jjri1ilnvxil9y,03r7u,ACTIVE
2023-24,8,b3jjri1ilnvxil9y,05uig,ACTIVE
2023-24,8,b3jjri1ilnvxil9y,042nw,ACTIVE
2023-24,8,b3jjri1ilnvxil9y,04qrr,ACTIVE
2023-24,8,b3jjri1ilnvxil9y,0621b,ACTIVE
2023-24,8,b3jjri1ilnvxil9y,005ki,ACTIVE
2023-24,8,b3jjri1ilnvxil9y,05uiu,ACTIVE
2023-24,8,b3jjri1ilnvxil9y,06216,ACTIVE
2023-24,8,b3jjri1ilnvxil9y,01eo6,ACTIVE
2023-24,8,b3jjri1ilnvxil9y,04qrm,ACTIVE
2023-24,8,b3jjri1ilnvxil9y,03nwk,ACTIVE
2023-24,8,b3jjri1ilnvxil9y,02nf1,ACTIVE
2023-24,8,b3jjri1ilnvxil9y,04ewf,ACTIVE
2023-24,8,b3jjri1ilnvxil9y,027oz,ACTIVE
2023-24,8,b3jjri1ilnvxil9y,02nf6,ACTIVE
2023-24,8,b3jjri1ilnvxil9y,049s6,ACTIVE
2023-24,8,b3jjri1ilnvxil9y,05uir,ACTIVE
2023-24,8,b3jjri1ilnvxil9y,000zv,ACTIVE
2023-24,8,b3jjri1ilnvxil9y,02nfz,ACTIVE
2023-24,8,eli9ckrglnvxil9y,051on,ACTIVE
2023-24,8,eli9ckrglnvxil9y,042nm,ACTIVE
2023-24,8,eli9ckrglnvxil9y,027p4,ACTIVE
2023-24,8,eli9ckrglnvxil9y,05uif,ACTIVE
2023-24,8,eli9ckrglnvxil9y,042n7,ACTIVE
2023-24,8,eli9ckrglnvxil9y,05qtl,ACTIVE
2023-24,8,eli9ckrglnvxil9y,051pa,ACTIVE
2023-24,8,eli9ckrglnvxil9y,031lz,ACTIVE
2023-24,8,eli9ckrglnvxil9y,04ewc,ACTIVE
2023-24,8,eli9ckrglnvxil9y,05qtv,ACTIVE
2023-24,8,eli9ckrglnvxil9y,04qs1,ACTIVE
2023-24,8,eli9ckrglnvxil9y,031lx,ACTIVE
2023-24,8,eli9ckrglnvxil9y,05uiq,ACTIVE
2023-24,8,eli9ckrglnvxil9y,027p0,ACTIVE
2023-24,8,eli9ckrglnvxil9y,03nwl,ACTIVE
2023-24,8,eli9ckrglnvxil9y,05qt0,ACTIVE
2023-24,8,eli9ckrglnvxil9y,01eon,ACTIVE
2023-24,8,eli9ckrglnvxil9y,06cc8,ACTIVE
2023-24,8,eli9ckrglnvxil9y,06218,ACTIVE
2023-24,8,eli9ckrglnvxil9y,03nwn,ACTIVE
2023-24,8,n7acn7jolnvxil9y,04qs9,ACTIVE
2023-24,8,n7acn7jolnvxil9y,05qsq,ACTIVE
2023-24,8,n7acn7jolnvxil9y,04ewt,ACTIVE
2023-24,8,n7acn7jolnvxil9y,06213,ACTIVE
2023-24,8,n7acn7jolnvxil9y,04qry,ACTIVE
2023-24,8,n7acn7jolnvxil9y,031m2,ACTIVE
2023-24,8,n7acn7jolnvxil9y,05uib,ACTIVE
2023-24,8,n7acn7jolnvxil9y,05qtj,ACTIVE
2023-24,8,n7acn7jolnvxil9y,04ewu,ACTIVE
2023-24,8,n7acn7jolnvxil9y,04qrl,ACTIVE
2023-24,8,n7acn7jolnvxil9y,051pb,ACTIVE
2023-24,8,n7acn7jolnvxil9y,03nwm,ACTIVE
2023-24,8,n7acn7jolnvxil9y,03al0,ACTIVE
2023-24,8,n7acn7jolnvxil9y,05qu9,ACTIVE
2023-24,8,n7acn7jolnvxil9y,03lls,ACTIVE
2023-24,8,n7acn7jolnvxil9y,06cab,ACTIVE
2023-24,8,n7acn7jolnvxil9y,051ol,ACTIVE
2023-24,8,n7acn7jolnvxil9y,04qse,ACTIVE
2023-24,8,n7acn7jolnvxil9y,03byk,ACTIVE
2023-24,8,n7acn7jolnvxil9y,031m0,ACTIVE
2023-24,8,qjg0vp84lnvxil9y,05qtr,ACTIVE
2023-24,8,qjg0vp84lnvxil9y,031m4,ACTIVE
2023-24,8,qjg0vp84lnvxil9y,04qsa,ACTIVE
2023-24,8,qjg0vp84lnvxil9y,05qto,ACTIVE
2023-24,8,qjg0vp84lnvxil9y,0621e,ACTIVE
2023-24,8,qjg0vp84lnvxil9y,05uid,ACTIVE
2023-24,8,qjg0vp84lnvxil9y,04xdu,ACTIVE
2023-24,8,qjg0vp84lnvxil9y,05uie,ACTIVE
2023-24,8,qjg0vp84lnvxil9y,06ccf,ACTIVE
2023-24,8,qjg0vp84lnvxil9y,05qub,ACTIVE
2023-24,8,qjg0vp84lnvxil9y,06210,ACTIVE
2023-24,8,qjg0vp84lnvxil9y,04qrw,ACTIVE
2023-24,8,qjg0vp84lnvxil9y,05qsx,ACTIVE
2023-24,8,qjg0vp84lnvxil9y,05qtt,ACTIVE
2023-24,8,qjg0vp84lnvxil9y,06214,ACTIVE
2023-24,8,qjg0vp84lnvxil9y,05qu0,ACTIVE
2023-24,8,qjg0vp84lnvxil9y,05qtf,ACTIVE
2023-24,8,qjg0vp84lnvxil9y,05qug,ACTIVE
2023-24,8,qjg0vp84lnvxil9y,04ewr,ACTIVE
2023-24,8,qjg0vp84lnvxil9y,05uih,ACTIVE
2023-24,8,y09j7i5alnvxil9y,04ewk,ACTIVE
2023-24,8,y09j7i5alnvxil9y,051or,ACTIVE
2023-24,8,y09j7i5alnvxil9y,06211,ACTIVE
2023-24,8,y09j7i5alnvxil9y,051ok,ACTIVE
2023-24,8,y09j7i5alnvxil9y,04848,ACTIVE
2023-24,8,y09j7i5alnvxil9y,03ams,ACTIVE
2023-24,8,y09j7i5alnvxil9y,03e6n,ACTIVE
2023-24,8,y09j7i5alnvxil9y,05uiz,ACTIVE
2023-24,8,y09j7i5alnvxil9y,01eo9,ACTIVE
2023-24,8,y09j7i5alnvxil9y,04qsj,ACTIVE
2023-24,8,y09j7i5alnvxil9y,03ad4,ACTIVE
2023-24,8,y09j7i5alnvxil9y,005kf,ACTIVE
2023-24,8,y09j7i5alnvxil9y,06cch,ACTIVE
2023-24,8,y09j7i5alnvxil9y,042nf,ACTIVE
2023-24,8,y09j7i5alnvxil9y,03al2,ACTIVE
2023-24,8,y09j7i5alnvxil9y,02nf7,ACTIVE
2023-24,8,y09j7i5alnvxil9y,02nf3,ACTIVE
2023-24,8,y09j7i5alnvxil9y,051os,ACTIVE
2023-24,8,y09j7i5alnvxil9y,01uz7,ACTIVE
2023-24,8,y09j7i5alnvxil9y,03wr4,ACTIVE
2023-24,8,9duu1755lnvxil9y,042n3,ACTIVE
2023-24,8,9duu1755lnvxil9y,04qrp,ACTIVE
2023-24,8,9duu1755lnvxil9y,04ewn,ACTIVE
2023-24,8,9duu1755lnvxil9y,051ot,ACTIVE
2023-24,8,9duu1755lnvxil9y,06cbx,ACTIVE
2023-24,8,9duu1755lnvxil9y,0621x,ACTIVE
2023-24,8,9duu1755lnvxil9y,04qs4,ACTIVE
2023-24,8,9duu1755lnvxil9y,04qro,ACTIVE
2023-24,8,9duu1755lnvxil9y,001aw,ACTIVE
2023-24,8,9duu1755lnvxil9y,0527l,ACTIVE
2023-24,8,9duu1755lnvxil9y,06cc2,ACTIVE
2023-24,8,9duu1755lnvxil9y,06cca,ACTIVE
2023-24,8,9duu1755lnvxil9y,051p0,ACTIVE
2023-24,8,9duu1755lnvxil9y,04qrj,ACTIVE
2023-24,8,9duu1755lnvxil9y,04qsm,ACTIVE
2023-24,8,9duu1755lnvxil9y,01uyj,ACTIVE
2023-24,8,9duu1755lnvxil9y,027oo,ACTIVE
2023-24,8,9duu1755lnvxil9y,02xg9,ACTIVE
2023-24,8,9duu1755lnvxil9y,03al1,ACTIVE
2023-24,8,9duu1755lnvxil9y,0011e,ACTIVE
2023-24,9,ts8qey4flnvxil9y,06215,ACTIVE
2023-24,9,ts8qey4flnvxil9y,0621c,ACTIVE
2023-24,9,ts8qey4flnvxil9y,042n4,ACTIVE
2023-24,9,ts8qey4flnvxil9y,03e75,ACTIVE
2023-24,9,ts8qey4flnvxil9y,0621k,ACTIVE
2023-24,9,ts8qey4flnvxil9y,0527h,ACTIVE
2023-24,9,ts8qey4flnvxil9y,05uus,ACTIVE
2023-24,9,ts8qey4flnvxil9y,0621g,ACTIVE
2023-24,9,ts8qey4flnvxil9y,05uii,ACTIVE
2023-24,9,ts8qey4flnvxil9y,04qrn,ACTIVE
2023-24,9,ts8qey4flnvxil9y,02ym0,ACTIVE
2023-24,9,ts8qey4flnvxil9y,06cdn,ACTIVE
2023-24,9,ts8qey4flnvxil9y,06cc5,ACTIVE
2023-24,9,ts8qey4flnvxil9y,06ca8,ACTIVE
2023-24,9,ts8qey4flnvxil9y,051oh,ACTIVE
2023-24,9,ts8qey4flnvxil9y,049kc,ACTIVE
2023-24,9,ts8qey4flnvxil9y,05qu1,ACTIVE
2023-24,9,ts8qey4flnvxil9y,027oj,ACTIVE
2023-24,9,ts8qey4flnvxil9y,05uj9,ACTIVE
2023-24,9,ts8qey4flnvxil9y,06cby,ACTIVE
2023-24,9,dljt8kz1lnvxil9y,0621u,ACTIVE
2023-24,9,dljt8kz1lnvxil9y,0015e,ACTIVE
2023-24,9,dljt8kz1lnvxil9y,01enh,ACTIVE
2023-24,9,dljt8kz1lnvxil9y,04qrk,ACTIVE
2023-24,9,dljt8kz1lnvxil9y,05uic,ACTIVE
2023-24,9,dljt8kz1lnvxil9y,04ewm,ACTIVE
2023-24,9,dljt8kz1lnvxil9y,005kc,ACTIVE
2023-24,9,dljt8kz1lnvxil9y,0621l,ACTIVE
2023-24,9,dljt8kz1lnvxil9y,03ajv,ACTIVE
2023-24,9,dljt8kz1lnvxil9y,03aq3,ACTIVE
2023-24,9,dljt8kz1lnvxil9y,027pe,ACTIVE
2023-24,9,dljt8kz1lnvxil9y,051oj,ACTIVE
2023-24,9,dljt8kz1lnvxil9y,0558t,ACTIVE
2023-24,9,dljt8kz1lnvxil9y,051pi,ACTIVE
2023-24,9,dljt8kz1lnvxil9y,04qsi,ACTIVE
2023-24,9,dljt8kz1lnvxil9y,05qt3,ACTIVE
2023-24,9,dljt8kz1lnvxil9y,03r7r,ACTIVE
2023-24,9,dljt8kz1lnvxil9y,031m9,ACTIVE
2023-24,9,dljt8kz1lnvxil9y,03r7h,ACTIVE
2023-24,9,dljt8kz1lnvxil9y,05qst,ACTIVE
2023-24,9,jixaa8l3lnvxil9y,03ad3,ACTIVE
2023-24,9,jixaa8l3lnvxil9y,051ps,ACTIVE
2023-24,9,jixaa8l3lnvxil9y,03xmv,ACTIVE
2023-24,9,jixaa8l3lnvxil9y,027pg,ACTIVE
2023-24,9,jixaa8l3lnvxil9y,05uip,ACTIVE
2023-24,9,jixaa8l3lnvxil9y,049kb,ACTIVE
2023-24,9,jixaa8l3lnvxil9y,051p2,ACTIVE
2023-24,9,jixaa8l3lnvxil9y,03e6u,ACTIVE
2023-24,9,jixaa8l3lnvxil9y,051p9,ACTIVE
2023-24,9,jixaa8l3lnvxil9y,042n1,ACTIVE
2023-24,9,jixaa8l3lnvxil9y,03r7z,ACTIVE
2023-24,9,jixaa8l3lnvxil9y,051oi,ACTIVE
2023-24,9,jixaa8l3lnvxil9y,049kd,ACTIVE
2023-24,9,jixaa8l3lnvxil9y,03lg1,ACTIVE
2023-24,9,jixaa8l3lnvxil9y,03e6s,ACTIVE
2023-24,9,jixaa8l3lnvxil9y,0621n,ACTIVE
2023-24,9,jixaa8l3lnvxil9y,042nt,ACTIVE
2023-24,9,jixaa8l3lnvxil9y,03ad0,ACTIVE
2023-24,9,jixaa8l3lnvxil9y,06212,ACTIVE
2023-24,9,jixaa8l3lnvxil9y,042nq,ACTIVE
2023-24,9,po3bonl9lnvxil9y,04ewe,ACTIVE
2023-24,9,po3bonl9lnvxil9y,03aq2,ACTIVE
2023-24,9,po3bonl9lnvxil9y,03e74,ACTIVE
2023-24,9,po3bonl9lnvxil9y,042n6,ACTIVE
2023-24,9,po3bonl9lnvxil9y,0496e,ACTIVE
2023-24,9,po3bonl9lnvxil9y,027ou,ACTIVE
2023-24,9,po3bonl9lnvxil9y,04azw,ACTIVE
2023-24,9,po3bonl9lnvxil9y,051p8,ACTIVE
2023-24,9,po3bonl9lnvxil9y,04kj6,ACTIVE
2023-24,9,po3bonl9lnvxil9y,0015b,ACTIVE
2023-24,9,po3bonl9lnvxil9y,03ad2,ACTIVE
2023-24,9,po3bonl9lnvxil9y,04qsd,ACTIVE
2023-24,9,po3bonl9lnvxil9y,02ng3,ACTIVE
2023-24,9,po3bonl9lnvxil9y,05qtq,ACTIVE
2023-24,9,po3bonl9lnvxil9y,03ad7,ACTIVE
2023-24,9,po3bonl9lnvxil9y,0017e,ACTIVE
2023-24,9,po3bonl9lnvxil9y,03nwq,ACTIVE
2023-24,9,po3bonl9lnvxil9y,03el5,ACTIVE
2023-24,9,po3bonl9lnvxil9y,05qsl,ACTIVE
2023-24,9,po3bonl9lnvxil9y,031lv,ACTIVE
2023-24,9,b3jjri1ilnvxil9y,04ex8,ACTIVE
2023-24,9,b3jjri1ilnvxil9y,03r7u,ACTIVE
2023-24,9,b3jjri1ilnvxil9y,05uig,ACTIVE
2023-24,9,b3jjri1ilnvxil9y,042nw,ACTIVE
2023-24,9,b3jjri1ilnvxil9y,04qrr,ACTIVE
2023-24,9,b3jjri1ilnvxil9y,0621b,ACTIVE
2023-24,9,b3jjri1ilnvxil9y,005ki,ACTIVE
2023-24,9,b3jjri1ilnvxil9y,05uiu,ACTIVE
2023-24,9,b3jjri1ilnvxil9y,06216,ACTIVE
2023-24,9,b3jjri1ilnvxil9y,01eo6,ACTIVE
2023-24,9,b3jjri1ilnvxil9y,04qrm,ACTIVE
2023-24,9,b3jjri1ilnvxil9y,03nwk,ACTIVE
2023-24,9,b3jjri1ilnvxil9y,02nf1,ACTIVE
2023-24,9,b3jjri1ilnvxil9y,04ewf,ACTIVE
2023-24,9,b3jjri1ilnvxil9y,027oz,ACTIVE
2023-24,9,b3jjri1ilnvxil9y,02nf6,ACTIVE
2023-24,9,b3jjri1ilnvxil9y,049s6,ACTIVE
2023-24,9,b3jjri1ilnvxil9y,05uir,ACTIVE
2023-24,9,b3jjri1ilnvxil9y,000zv,ACTIVE
2023-24,9,b3jjri1ilnvxil9y,02nfz,ACTIVE
2023-24,9,eli9ckrglnvxil9y,051on,ACTIVE
2023-24,9,eli9ckrglnvxil9y,042nm,ACTIVE
2023-24,9,eli9ckrglnvxil9y,027p4,ACTIVE
2023-24,9,eli9ckrglnvxil9y,05uif,ACTIVE
2023-24,9,eli9ckrglnvxil9y,042n7,ACTIVE
2023-24,9,eli9ckrglnvxil9y,05qtl,ACTIVE
2023-24,9,eli9ckrglnvxil9y,051pa,ACTIVE
2023-24,9,eli9ckrglnvxil9y,031lz,ACTIVE
2023-24,9,eli9ckrglnvxil9y,04ewc,ACTIVE
2023-24,9,eli9ckrglnvxil9y,05qtv,ACTIVE
2023-24,9,eli9ckrglnvxil9y,04qs1,ACTIVE
2023-24,9,eli9ckrglnvxil9y,031lx,ACTIVE
2023-24,9,eli9ckrglnvxil9y,05uiq,ACTIVE
2023-24,9,eli9ckrglnvxil9y,027p0,ACTIVE
2023-24,9,eli9ckrglnvxil9y,03nwl,ACTIVE
2023-24,9,eli9ckrglnvxil9y,05qt0,ACTIVE
2023-24,9,eli9ckrglnvxil9y,01eon,ACTIVE
2023-24,9,eli9ckrglnvxil9y,06cc8,ACTIVE
2023-24,9,eli9ckrglnvxil9y,06218,ACTIVE
2023-24,9,eli9ckrglnvxil9y,03nwn,ACTIVE
2023-24,9,n7acn7jolnvxil9y,04qs9,ACTIVE
2023-24,9,n7acn7jolnvxil9y,05qsq,ACTIVE
2023-24,9,n7acn7jolnvxil9y,04ewt,ACTIVE
2023-24,9,n7acn7jolnvxil9y,06213,ACTIVE
2023-24,9,n7acn7jolnvxil9y,04qry,ACTIVE
2023-24,9,n7acn7jolnvxil9y,031m2,ACTIVE
2023-24,9,n7acn7jolnvxil9y,05uib,ACTIVE
2023-24,9,n7acn7jolnvxil9y,05qtj,ACTIVE
2023-24,9,n7acn7jolnvxil9y,04ewu,ACTIVE
2023-24,9,n7acn7jolnvxil9y,04qrl,ACTIVE
2023-24,9,n7acn7jolnvxil9y,051pb,ACTIVE
2023-24,9,n7acn7jolnvxil9y,03nwm,ACTIVE
2023-24,9,n7acn7jolnvxil9y,03al0,ACTIVE
2023-24,9,n7acn7jolnvxil9y,05qu9,ACTIVE
2023-24,9,n7acn7jolnvxil9y,03lls,ACTIVE
2023-24,9,n7acn7jolnvxil9y,06cab,ACTIVE
2023-24,9,n7acn7jolnvxil9y,051ol,ACTIVE
2023-24,9,n7acn7jolnvxil9y,04qse,ACTIVE
2023-24,9,n7acn7jolnvxil9y,03byk,ACTIVE
2023-24,9,n7acn7jolnvxil9y,031m0,ACTIVE
2023-24,9,qjg0vp84lnvxil9y,05qtr,ACTIVE
2023-24,9,qjg0vp84lnvxil9y,031m4,ACTIVE
2023-24,9,qjg0vp84lnvxil9y,04qsa,ACTIVE
2023-24,9,qjg0vp84lnvxil9y,05qto,ACTIVE
2023-24,9,qjg0vp84lnvxil9y,0621e,ACTIVE
2023-24,9,qjg0vp84lnvxil9y,05uid,ACTIVE
2023-24,9,qjg0vp84lnvxil9y,04xdu,ACTIVE
2023-24,9,qjg0vp84lnvxil9y,05uie,ACTIVE
2023-24,9,qjg0vp84lnvxil9y,06ccf,ACTIVE
2023-24,9,qjg0vp84lnvxil9y,05qub,ACTIVE
2023-24,9,qjg0vp84lnvxil9y,06210,ACTIVE
2023-24,9,qjg0vp84lnvxil9y,04qrw,ACTIVE
2023-24,9,qjg0vp84lnvxil9y,05qsx,ACTIVE
2023-24,9,qjg0vp84lnvxil9y,05qtt,ACTIVE
2023-24,9,qjg0vp84lnvxil9y,06214,ACTIVE
2023-24,9,qjg0vp84lnvxil9y,05qu0,ACTIVE
2023-24,9,qjg0vp84lnvxil9y,05qtf,ACTIVE
2023-24,9,qjg0vp84lnvxil9y,05qug,ACTIVE
2023-24,9,qjg0vp84lnvxil9y,04ewr,ACTIVE
2023-24,9,qjg0vp84lnvxil9y,05uih,ACTIVE
2023-24,9,y09j7i5alnvxil9y,04ewk,ACTIVE
2023-24,9,y09j7i5alnvxil9y,051or,ACTIVE
2023-24,9,y09j7i5alnvxil9y,06211,ACTIVE
2023-24,9,y09j7i5alnvxil9y,051ok,ACTIVE
2023-24,9,y09j7i5alnvxil9y,04848,ACTIVE
2023-24,9,y09j7i5alnvxil9y,03ams,ACTIVE
2023-24,9,y09j7i5alnvxil9y,03e6n,ACTIVE
2023-24,9,y09j7i5alnvxil9y,05uiz,ACTIVE
2023-24,9,y09j7i5alnvxil9y,01eo9,ACTIVE
2023-24,9,y09j7i5alnvxil9y,04qsj,ACTIVE
2023-24,9,y09j7i5alnvxil9y,03ad4,ACTIVE
2023-24,9,y09j7i5alnvxil9y,005kf,ACTIVE
2023-24,9,y09j7i5alnvxil9y,06cch,ACTIVE
2023-24,9,y09j7i5alnvxil9y,042nf,ACTIVE
2023-24,9,y09j7i5alnvxil9y,03al2,ACTIVE
2023-24,9,y09j7i5alnvxil9y,02nf7,ACTIVE
2023-24,9,y09j7i5alnvxil9y,02nf3,ACTIVE
2023-24,9,y09j7i5alnvxil9y,051os,ACTIVE
2023-24,9,y09j7i5alnvxil9y,01uz7,ACTIVE
2023-24,9,y09j7i5alnvxil9y,03wr4,ACTIVE
2023-24,9,9duu1755lnvxil9y,042n3,ACTIVE
2023-24,9,9duu1755lnvxil9y,04qrp,ACTIVE
2023-24,9,9duu1755lnvxil9y,04ewn,ACTIVE
2023-24,9,9duu1755lnvxil9y,051ot,ACTIVE
2023-24,9,9duu1755lnvxil9y,06cbx,ACTIVE
2023-24,9,9duu1755lnvxil9y,0621x,ACTIVE
2023-24,9,9duu1755lnvxil9y,04qs4,ACTIVE
2023-24,9,9duu1755lnvxil9y,04qro,ACTIVE
2023-24,9,9duu1755lnvxil9y,001aw,ACTIVE
2023-24,9,9duu1755lnvxil9y,0527l,ACTIVE
2023-24,9,9duu1755lnvxil9y,06cc2,ACTIVE
2023-24,9,9duu1755lnvxil9y,06cca,ACTIVE
2023-24,9,9duu1755lnvxil9y,051p0,ACTIVE
2023-24,9,9duu1755lnvxil9y,04qrj,ACTIVE
2023-24,9,9duu1755lnvxil9y,04qsm,ACTIVE
2023-24,9,9duu1755lnvxil9y,01uyj,ACTIVE
2023-24,9,9duu1755lnvxil9y,027oo,ACTIVE
2023-24,9,9duu1755lnvxil9y,02xg9,ACTIVE
2023-24,9,9duu1755lnvxil9y,03al1,ACTIVE
2023-24,9,9duu1755lnvxil9y,0011e,ACTIVE
2023-24,10,ts8qey4flnvxil9y,06215,ACTIVE
2023-24,10,ts8qey4flnvxil9y,0621c,ACTIVE
2023-24,10,ts8qey4flnvxil9y,042n4,ACTIVE
2023-24,10,ts8qey4flnvxil9y,03e75,ACTIVE
2023-24,10,ts8qey4flnvxil9y,0621k,ACTIVE
2023-24,10,ts8qey4flnvxil9y,0527h,ACTIVE
2023-24,10,ts8qey4flnvxil9y,05uus,ACTIVE
2023-24,10,ts8qey4flnvxil9y,0621g,ACTIVE
2023-24,10,ts8qey4flnvxil9y,05uii,ACTIVE
2023-24,10,ts8qey4flnvxil9y,04qrn,ACTIVE
2023-24,10,ts8qey4flnvxil9y,02ym0,ACTIVE
2023-24,10,ts8qey4flnvxil9y,06cdn,ACTIVE
2023-24,10,ts8qey4flnvxil9y,06cc5,ACTIVE
2023-24,10,ts8qey4flnvxil9y,06ca8,ACTIVE
2023-24,10,ts8qey4flnvxil9y,051oh,ACTIVE
2023-24,10,ts8qey4flnvxil9y,049kc,ACTIVE
2023-24,10,ts8qey4flnvxil9y,05qu1,ACTIVE
2023-24,10,ts8qey4flnvxil9y,027oj,ACTIVE
2023-24,10,ts8qey4flnvxil9y,05uj9,ACTIVE
2023-24,10,ts8qey4flnvxil9y,06cby,ACTIVE
2023-24,10,dljt8kz1lnvxil9y,0621u,ACTIVE
2023-24,10,dljt8kz1lnvxil9y,0015e,ACTIVE
2023-24,10,dljt8kz1lnvxil9y,01enh,ACTIVE
2023-24,10,dljt8kz1lnvxil9y,04qrk,ACTIVE
2023-24,10,dljt8kz1lnvxil9y,05uic,ACTIVE
2023-24,10,dljt8kz1lnvxil9y,04ewm,ACTIVE
2023-24,10,dljt8kz1lnvxil9y,005kc,ACTIVE
2023-24,10,dljt8kz1lnvxil9y,0621l,ACTIVE
2023-24,10,dljt8kz1lnvxil9y,03ajv,ACTIVE
2023-24,10,dljt8kz1lnvxil9y,03aq3,ACTIVE
2023-24,10,dljt8kz1lnvxil9y,027pe,ACTIVE
2023-24,10,dljt8kz1lnvxil9y,051oj,ACTIVE
2023-24,10,dljt8kz1lnvxil9y,0558t,ACTIVE
2023-24,10,dljt8kz1lnvxil9y,051pi,ACTIVE
2023-24,10,dljt8kz1lnvxil9y,04qsi,ACTIVE
2023-24,10,dljt8kz1lnvxil9y,05qt3,ACTIVE
2023-24,10,dljt8kz1lnvxil9y,03r7r,ACTIVE
2023-24,10,dljt8kz1lnvxil9y,031m9,ACTIVE
2023-24,10,dljt8kz1lnvxil9y,03r7h,ACTIVE
2023-24,10,dljt8kz1lnvxil9y,05qst,ACTIVE
2023-24,10,jixaa8l3lnvxil9y,03ad3,ACTIVE
2023-24,10,jixaa8l3lnvxil9y,051ps,ACTIVE
2023-24,10,jixaa8l3lnvxil9y,03xmv,ACTIVE
2023-24,10,jixaa8l3lnvxil9y,027pg,ACTIVE
2023-24,10,jixaa8l3lnvxil9y,05uip,ACTIVE
2023-24,10,jixaa8l3lnvxil9y,049kb,ACTIVE
2023-24,10,jixaa8l3lnvxil9y,051p2,ACTIVE
2023-24,10,jixaa8l3lnvxil9y,03e6u,ACTIVE
2023-24,10,jixaa8l3lnvxil9y,051p9,ACTIVE
2023-24,10,jixaa8l3lnvxil9y,042n1,ACTIVE
2023-24,10,jixaa8l3lnvxil9y,03r7z,ACTIVE
2023-24,10,jixaa8l3lnvxil9y,051oi,ACTIVE
2023-24,10,jixaa8l3lnvxil9y,049kd,ACTIVE
2023-24,10,jixaa8l3lnvxil9y,03lg1,ACTIVE
2023-24,10,jixaa8l3lnvxil9y,03e6s,ACTIVE
2023-24,10,jixaa8l3lnvxil9y,0621n,ACTIVE
2023-24,10,jixaa8l3lnvxil9y,042nt,ACTIVE
2023-24,10,jixaa8l3lnvxil9y,03ad0,ACTIVE
2023-24,10,jixaa8l3lnvxil9y,06212,ACTIVE
2023-24,10,jixaa8l3lnvxil9y,042nq,ACTIVE
2023-24,10,po3bonl9lnvxil9y,04ewe,ACTIVE
2023-24,10,po3bonl9lnvxil9y,03aq2,ACTIVE
2023-24,10,po3bonl9lnvxil9y,03e74,ACTIVE
2023-24,10,po3bonl9lnvxil9y,042n6,ACTIVE
2023-24,10,po3bonl9lnvxil9y,0496e,ACTIVE
2023-24,10,po3bonl9lnvxil9y,027ou,ACTIVE
2023-24,10,po3bonl9lnvxil9y,04azw,ACTIVE
2023-24,10,po3bonl9lnvxil9y,051p8,ACTIVE
2023-24,10,po3bonl9lnvxil9y,04kj6,ACTIVE
2023-24,10,po3bonl9lnvxil9y,0015b,ACTIVE
2023-24,10,po3bonl9lnvxil9y,03ad2,ACTIVE
2023-24,10,po3bonl9lnvxil9y,04qsd,ACTIVE
2023-24,10,po3bonl9lnvxil9y,02ng3,ACTIVE
2023-24,10,po3bonl9lnvxil9y,05qtq,ACTIVE
2023-24,10,po3bonl9lnvxil9y,03ad7,ACTIVE
2023-24,10,po3bonl9lnvxil9y,0017e,ACTIVE
2023-24,10,po3bonl9lnvxil9y,03nwq,ACTIVE
2023-24,10,po3bonl9lnvxil9y,03el5,ACTIVE
2023-24,10,po3bonl9lnvxil9y,05qsl,ACTIVE
2023-24,10,po3bonl9lnvxil9y,031lv,ACTIVE
2023-24,10,b3jjri1ilnvxil9y,04ex8,ACTIVE
2023-24,10,b3jjri1ilnvxil9y,03r7u,ACTIVE
2023-24,10,b3jjri1ilnvxil9y,05uig,ACTIVE
2023-24,10,b3jjri1ilnvxil9y,042nw,ACTIVE
2023-24,10,b3jjri1ilnvxil9y,04qrr,ACTIVE
2023-24,10,b3jjri1ilnvxil9y,0621b,ACTIVE
2023-24,10,b3jjri1ilnvxil9y,005ki,ACTIVE
2023-24,10,b3jjri1ilnvxil9y,05uiu,ACTIVE
2023-24,10,b3jjri1ilnvxil9y,06216,ACTIVE
2023-24,10,b3jjri1ilnvxil9y,01eo6,ACTIVE
2023-24,10,b3jjri1ilnvxil9y,04qrm,ACTIVE
2023-24,10,b3jjri1ilnvxil9y,03nwk,ACTIVE
2023-24,10,b3jjri1ilnvxil9y,02nf1,ACTIVE
2023-24,10,b3jjri1ilnvxil9y,04ewf,ACTIVE
2023-24,10,b3jjri1ilnvxil9y,027oz,ACTIVE
2023-24,10,b3jjri1ilnvxil9y,02nf6,ACTIVE
2023-24,10,b3jjri1ilnvxil9y,049s6,ACTIVE
2023-24,10,b3jjri1ilnvxil9y,05uir,ACTIVE
2023-24,10,b3jjri1ilnvxil9y,000zv,ACTIVE
2023-24,10,b3jjri1ilnvxil9y,02nfz,ACTIVE
2023-24,10,eli9ckrglnvxil9y,051on,ACTIVE
2023-24,10,eli9ckrglnvxil9y,042nm,ACTIVE
2023-24,10,eli9ckrglnvxil9y,027p4,ACTIVE
2023-24,10,eli9ckrglnvxil9y,05uif,ACTIVE
2023-24,10,eli9ckrglnvxil9y,042n7,ACTIVE
2023-24,10,eli9ckrglnvxil9y,05qtl,ACTIVE
2023-24,10,eli9ckrglnvxil9y,051pa,ACTIVE
2023-24,10,eli9ckrglnvxil9y,031lz,ACTIVE
2023-24,10,eli9ckrglnvxil9y,04ewc,ACTIVE
2023-24,10,eli9ckrglnvxil9y,05qtv,ACTIVE
2023-24,10,eli9ckrglnvxil9y,04qs1,ACTIVE
2023-24,10,eli9ckrglnvxil9y,031lx,ACTIVE
2023-24,10,eli9ckrglnvxil9y,05uiq,ACTIVE
2023-24,10,eli9ckrglnvxil9y,027p0,ACTIVE
2023-24,10,eli9ckrglnvxil9y,03nwl,ACTIVE
2023-24,10,eli9ckrglnvxil9y,05qt0,ACTIVE
2023-24,10,eli9ckrglnvxil9y,01eon,ACTIVE
2023-24,10,eli9ckrglnvxil9y,06cc8,ACTIVE
2023-24,10,eli9ckrglnvxil9y,06218,ACTIVE
2023-24,10,eli9ckrglnvxil9y,03nwn,ACTIVE
2023-24,10,n7acn7jolnvxil9y,04qs9,ACTIVE
2023-24,10,n7acn7jolnvxil9y,05qsq,ACTIVE
2023-24,10,n7acn7jolnvxil9y,04ewt,ACTIVE
2023-24,10,n7acn7jolnvxil9y,06213,ACTIVE
2023-24,10,n7acn7jolnvxil9y,04qry,ACTIVE
2023-24,10,n7acn7jolnvxil9y,031m2,ACTIVE
2023-24,10,n7acn7jolnvxil9y,05uib,ACTIVE
2023-24,10,n7acn7jolnvxil9y,05qtj,ACTIVE
2023-24,10,n7acn7jolnvxil9y,04ewu,ACTIVE
2023-24,10,n7acn7jolnvxil9y,04qrl,ACTIVE
2023-24,10,n7acn7jolnvxil9y,051pb,ACTIVE
2023-24,10,n7acn7jolnvxil9y,03nwm,ACTIVE
2023-24,10,n7acn7jolnvxil9y,03al0,ACTIVE
2023-24,10,n7acn7jolnvxil9y,05qu9,ACTIVE
2023-24,10,n7acn7jolnvxil9y,03lls,ACTIVE
2023-24,10,n7acn7jolnvxil9y,06cab,ACTIVE
2023-24,10,n7acn7jolnvxil9y,051ol,ACTIVE
2023-24,10,n7acn7jolnvxil9y,04qse,ACTIVE
2023-24,10,n7acn7jolnvxil9y,03byk,ACTIVE
2023-24,10,n7acn7jolnvxil9y,031m0,ACTIVE
2023-24,10,qjg0vp84lnvxil9y,05qtr,ACTIVE
2023-24,10,qjg0vp84lnvxil9y,031m4,ACTIVE
2023-24,10,qjg0vp84lnvxil9y,04qsa,ACTIVE
2023-24,10,qjg0vp84lnvxil9y,05qto,ACTIVE
2023-24,10,qjg0vp84lnvxil9y,0621e,ACTIVE
2023-24,10,qjg0vp84lnvxil9y,05uid,ACTIVE
2023-24,10,qjg0vp84lnvxil9y,04xdu,ACTIVE
2023-24,10,qjg0vp84lnvxil9y,05uie,ACTIVE
2023-24,10,qjg0vp84lnvxil9y,06ccf,ACTIVE
2023-24,10,qjg0vp84lnvxil9y,05qub,ACTIVE
2023-24,10,qjg0vp84lnvxil9y,06210,ACTIVE
2023-24,10,qjg0vp84lnvxil9y,04qrw,ACTIVE
2023-24,10,qjg0vp84lnvxil9y,05qsx,ACTIVE
2023-24,10,qjg0vp84lnvxil9y,05qtt,ACTIVE
2023-24,10,qjg0vp84lnvxil9y,06214,ACTIVE
2023-24,10,qjg0vp84lnvxil9y,05qu0,ACTIVE
2023-24,10,qjg0vp84lnvxil9y,05qtf,ACTIVE
2023-24,10,qjg0vp84lnvxil9y,05qug,ACTIVE
2023-24,10,qjg0vp84lnvxil9y,04ewr,ACTIVE
2023-24,10,qjg0vp84lnvxil9y,05uih,ACTIVE
2023-24,10,y09j7i5alnvxil9y,04ewk,ACTIVE
2023-24,10,y09j7i5alnvxil9y,051or,ACTIVE
2023-24,10,y09j7i5alnvxil9y,06211,ACTIVE
2023-24,10,y09j7i5alnvxil9y,051ok,ACTIVE
2023-24,10,y09j7i5alnvxil9y,04848,ACTIVE
2023-24,10,y09j7i5alnvxil9y,03ams,ACTIVE
2023-24,10,y09j7i5alnvxil9y,03e6n,ACTIVE
2023-24,10,y09j7i5alnvxil9y,05uiz,ACTIVE
2023-24,10,y09j7i5alnvxil9y,01eo9,ACTIVE
2023-24,10,y09j7i5alnvxil9y,04qsj,ACTIVE
2023-24,10,y09j7i5alnvxil9y,03ad4,ACTIVE
2023-24,10,y09j7i5alnvxil9y,005kf,ACTIVE
2023-24,10,y09j7i5alnvxil9y,06cch,ACTIVE
2023-24,10,y09j7i5alnvxil9y,042nf,ACTIVE
2023-24,10,y09j7i5alnvxil9y,03al2,ACTIVE
2023-24,10,y09j7i5alnvxil9y,02nf7,ACTIVE
2023-24,10,y09j7i5alnvxil9y,02nf3,ACTIVE
2023-24,10,y09j7i5alnvxil9y,051os,ACTIVE
2023-24,10,y09j7i5alnvxil9y,01uz7,ACTIVE
2023-24,10,y09j7i5alnvxil9y,03wr4,ACTIVE
2023-24,10,9duu1755lnvxil9y,042n3,ACTIVE
2023-24,10,9duu1755lnvxil9y,04qrp,ACTIVE
2023-24,10,9duu1755lnvxil9y,04ewn,ACTIVE
2023-24,10,9duu1755lnvxil9y,051ot,ACTIVE
2023-24,10,9duu1755lnvxil9y,06cbx,ACTIVE
2023-24,10,9duu1755lnvxil9y,0621x,ACTIVE
2023-24,10,9duu1755lnvxil9y,04qs4,ACTIVE
2023-24,10,9duu1755lnvxil9y,04qro,ACTIVE
2023-24,10,9duu1755lnvxil9y,001aw,ACTIVE
2023-24,10,9duu1755lnvxil9y,0527l,ACTIVE
2023-24,10,9duu1755lnvxil9y,06cc2,ACTIVE
2023-24,10,9duu1755lnvxil9y,06cca,ACTIVE
2023-24,10,9duu1755lnvxil9y,051p0,ACTIVE
2023-24,10,9duu1755lnvxil9y,04qrj,ACTIVE
2023-24,10,9duu1755lnvxil9y,04qsm,ACTIVE
2023-24,10,9duu1755lnvxil9y,01uyj,ACTIVE
2023-24,10,9duu1755lnvxil9y,027oo,ACTIVE
2023-24,10,9duu1755lnvxil9y,02xg9,ACTIVE
2023-24,10,9duu1755lnvxil9y,03al1,ACTIVE
2023-24,10,9duu1755lnvxil9y,0011e,ACTIVE
2023-24,11,ts8qey4flnvxil9y,06215,ACTIVE
2023-24,11,ts8qey4flnvxil9y,0621c,ACTIVE
2023-24,11,ts8qey4flnvxil9y,042n4,ACTIVE
2023-24,11,ts8qey4flnvxil9y,03e75,ACTIVE
2023-24,11,ts8qey4flnvxil9y,0621k,ACTIVE
2023-24,11,ts8qey4flnvxil9y,0527h,ACTIVE
2023-24,11,ts8qey4flnvxil9y,05uus,ACTIVE
2023-24,11,ts8qey4flnvxil9y,0621g,ACTIVE
2023-24,11,ts8qey4flnvxil9y,05uii,ACTIVE
2023-24,11,ts8qey4flnvxil9y,04qrn,ACTIVE
2023-24,11,ts8qey4flnvxil9y,02ym0,ACTIVE
2023-24,11,ts8qey4flnvxil9y,06cdn,ACTIVE
2023-24,11,ts8qey4flnvxil9y,06cc5,ACTIVE
2023-24,11,ts8qey4flnvxil9y,06ca8,ACTIVE
2023-24,11,ts8qey4flnvxil9y,051oh,ACTIVE
2023-24,11,ts8qey4flnvxil9y,049kc,ACTIVE
2023-24,11,ts8qey4flnvxil9y,05qu1,ACTIVE
2023-24,11,ts8qey4flnvxil9y,027oj,ACTIVE
2023-24,11,ts8qey4flnvxil9y,05uj9,ACTIVE
2023-24,11,ts8qey4flnvxil9y,06cby,ACTIVE
2023-24,11,dljt8kz1lnvxil9y,0621u,ACTIVE
2023-24,11,dljt8kz1lnvxil9y,0015e,ACTIVE
2023-24,11,dljt8kz1lnvxil9y,01enh,ACTIVE
2023-24,11,dljt8kz1lnvxil9y,04qrk,ACTIVE
2023-24,11,dljt8kz1lnvxil9y,05uic,ACTIVE
2023-24,11,dljt8kz1lnvxil9y,04ewm,ACTIVE
2023-24,11,dljt8kz1lnvxil9y,005kc,ACTIVE
2023-24,11,dljt8kz1lnvxil9y,0621l,ACTIVE
2023-24,11,dljt8kz1lnvxil9y,03ajv,ACTIVE
2023-24,11,dljt8kz1lnvxil9y,03aq3,ACTIVE
2023-24,11,dljt8kz1lnvxil9y,027pe,ACTIVE
2023-24,11,dljt8kz1lnvxil9y,051oj,ACTIVE
2023-24,11,dljt8kz1lnvxil9y,0558t,ACTIVE
2023-24,11,dljt8kz1lnvxil9y,051pi,ACTIVE
2023-24,11,dljt8kz1lnvxil9y,04qsi,ACTIVE
2023-24,11,dljt8kz1lnvxil9y,05qt3,ACTIVE
2023-24,11,dljt8kz1lnvxil9y,03r7r,ACTIVE
2023-24,11,dljt8kz1lnvxil9y,031m9,ACTIVE
2023-24,11,dljt8kz1lnvxil9y,03r7h,ACTIVE
2023-24,11,dljt8kz1lnvxil9y,05qst,ACTIVE
2023-24,11,jixaa8l3lnvxil9y,03ad3,ACTIVE
2023-24,11,jixaa8l3lnvxil9y,051ps,ACTIVE
2023-24,11,jixaa8l3lnvxil9y,03xmv,ACTIVE
2023-24,11,jixaa8l3lnvxil9y,027pg,ACTIVE
2023-24,11,jixaa8l3lnvxil9y,05uip,ACTIVE
2023-24,11,jixaa8l3lnvxil9y,049kb,ACTIVE
2023-24,11,jixaa8l3lnvxil9y,051p2,ACTIVE
2023-24,11,jixaa8l3lnvxil9y,03e6u,ACTIVE
2023-24,11,jixaa8l3lnvxil9y,051p9,ACTIVE
2023-24,11,jixaa8l3lnvxil9y,042n1,ACTIVE
2023-24,11,jixaa8l3lnvxil9y,03r7z,ACTIVE
2023-24,11,jixaa8l3lnvxil9y,051oi,ACTIVE
2023-24,11,jixaa8l3lnvxil9y,049kd,ACTIVE
2023-24,11,jixaa8l3lnvxil9y,03lg1,ACTIVE
2023-24,11,jixaa8l3lnvxil9y,03e6s,ACTIVE
2023-24,11,jixaa8l3lnvxil9y,0621n,ACTIVE
2023-24,11,jixaa8l3lnvxil9y,042nt,ACTIVE
2023-24,11,jixaa8l3lnvxil9y,03ad0,ACTIVE
2023-24,11,jixaa8l3lnvxil9y,06212,ACTIVE
2023-24,11,jixaa8l3lnvxil9y,042nq,ACTIVE
2023-24,11,po3bonl9lnvxil9y,04ewe,ACTIVE
2023-24,11,po3bonl9lnvxil9y,03aq2,ACTIVE
2023-24,11,po3bonl9lnvxil9y,03e74,ACTIVE
2023-24,11,po3bonl9lnvxil9y,042n6,ACTIVE
2023-24,11,po3bonl9lnvxil9y,0496e,ACTIVE
2023-24,11,po3bonl9lnvxil9y,027ou,ACTIVE
2023-24,11,po3bonl9lnvxil9y,04azw,ACTIVE
2023-24,11,po3bonl9lnvxil9y,051p8,ACTIVE
2023-24,11,po3bonl9lnvxil9y,04kj6,ACTIVE
2023-24,11,po3bonl9lnvxil9y,0015b,ACTIVE
2023-24,11,po3bonl9lnvxil9y,03ad2,ACTIVE
2023-24,11,po3bonl9lnvxil9y,04qsd,ACTIVE
2023-24,11,po3bonl9lnvxil9y,02ng3,ACTIVE
2023-24,11,po3bonl9lnvxil9y,05qtq,ACTIVE
2023-24,11,po3bonl9lnvxil9y,03ad7,ACTIVE
2023-24,11,po3bonl9lnvxil9y,0017e,ACTIVE
2023-24,11,po3bonl9lnvxil9y,03nwq,ACTIVE
2023-24,11,po3bonl9lnvxil9y,03el5,ACTIVE
2023-24,11,po3bonl9lnvxil9y,05qsl,ACTIVE
2023-24,11,po3bonl9lnvxil9y,031lv,ACTIVE
2023-24,11,b3jjri1ilnvxil9y,04ex8,ACTIVE
2023-24,11,b3jjri1ilnvxil9y,03r7u,ACTIVE
2023-24,11,b3jjri1ilnvxil9y,05uig,ACTIVE
2023-24,11,b3jjri1ilnvxil9y,042nw,ACTIVE
2023-24,11,b3jjri1ilnvxil9y,04qrr,ACTIVE
2023-24,11,b3jjri1ilnvxil9y,0621b,ACTIVE
2023-24,11,b3jjri1ilnvxil9y,005ki,ACTIVE
2023-24,11,b3jjri1ilnvxil9y,05uiu,ACTIVE
2023-24,11,b3jjri1ilnvxil9y,06216,ACTIVE
2023-24,11,b3jjri1ilnvxil9y,01eo6,ACTIVE
2023-24,11,b3jjri1ilnvxil9y,04qrm,ACTIVE
2023-24,11,b3jjri1ilnvxil9y,03nwk,ACTIVE
2023-24,11,b3jjri1ilnvxil9y,02nf1,ACTIVE
2023-24,11,b3jjri1ilnvxil9y,04ewf,ACTIVE
2023-24,11,b3jjri1ilnvxil9y,027oz,ACTIVE
2023-24,11,b3jjri1ilnvxil9y,02nf6,ACTIVE
2023-24,11,b3jjri1ilnvxil9y,049s6,ACTIVE
2023-24,11,b3jjri1ilnvxil9y,05uir,ACTIVE
2023-24,11,b3jjri1ilnvxil9y,000zv,ACTIVE
2023-24,11,b3jjri1ilnvxil9y,02nfz,ACTIVE
2023-24,11,eli9ckrglnvxil9y,051on,ACTIVE
2023-24,11,eli9ckrglnvxil9y,042nm,ACTIVE
2023-24,11,eli9ckrglnvxil9y,027p4,ACTIVE
2023-24,11,eli9ckrglnvxil9y,05uif,ACTIVE
2023-24,11,eli9ckrglnvxil9y,042n7,ACTIVE
2023-24,11,eli9ckrglnvxil9y,05qtl,ACTIVE
2023-24,11,eli9ckrglnvxil9y,051pa,ACTIVE
2023-24,11,eli9ckrglnvxil9y,031lz,ACTIVE
2023-24,11,eli9ckrglnvxil9y,04ewc,ACTIVE
2023-24,11,eli9ckrglnvxil9y,05qtv,ACTIVE
2023-24,11,eli9ckrglnvxil9y,04qs1,ACTIVE
2023-24,11,eli9ckrglnvxil9y,031lx,ACTIVE
2023-24,11,eli9ckrglnvxil9y,05uiq,ACTIVE
2023-24,11,eli9ckrglnvxil9y,027p0,ACTIVE
2023-24,11,eli9ckrglnvxil9y,03nwl,ACTIVE
2023-24,11,eli9ckrglnvxil9y,05qt0,ACTIVE
2023-24,11,eli9ckrglnvxil9y,01eon,ACTIVE
2023-24,11,eli9ckrglnvxil9y,06cc8,ACTIVE
2023-24,11,eli9ckrglnvxil9y,06218,ACTIVE
2023-24,11,eli9ckrglnvxil9y,03nwn,ACTIVE
2023-24,11,n7acn7jolnvxil9y,04qs9,ACTIVE
2023-24,11,n7acn7jolnvxil9y,05qsq,ACTIVE
2023-24,11,n7acn7jolnvxil9y,04ewt,ACTIVE
2023-24,11,n7acn7jolnvxil9y,06213,ACTIVE
2023-24,11,n7acn7jolnvxil9y,04qry,ACTIVE
2023-24,11,n7acn7jolnvxil9y,031m2,ACTIVE
2023-24,11,n7acn7jolnvxil9y,05uib,ACTIVE
2023-24,11,n7acn7jolnvxil9y,05qtj,ACTIVE
2023-24,11,n7acn7jolnvxil9y,04ewu,ACTIVE
2023-24,11,n7acn7jolnvxil9y,04qrl,ACTIVE
2023-24,11,n7acn7jolnvxil9y,051pb,ACTIVE
2023-24,11,n7acn7jolnvxil9y,03nwm,ACTIVE
2023-24,11,n7acn7jolnvxil9y,03al0,ACTIVE
2023-24,11,n7acn7jolnvxil9y,05qu9,ACTIVE
2023-24,11,n7acn7jolnvxil9y,03lls,ACTIVE
2023-24,11,n7acn7jolnvxil9y,06cab,ACTIVE
2023-24,11,n7acn7jolnvxil9y,051ol,ACTIVE
2023-24,11,n7acn7jolnvxil9y,04qse,ACTIVE
2023-24,11,n7acn7jolnvxil9y,03byk,ACTIVE
2023-24,11,n7acn7jolnvxil9y,031m0,ACTIVE
2023-24,11,qjg0vp84lnvxil9y,05qtr,ACTIVE
2023-24,11,qjg0vp84lnvxil9y,031m4,ACTIVE
2023-24,11,qjg0vp84lnvxil9y,04qsa,ACTIVE
2023-24,11,qjg0vp84lnvxil9y,05qto,ACTIVE
2023-24,11,qjg0vp84lnvxil9y,0621e,ACTIVE
2023-24,11,qjg0vp84lnvxil9y,05uid,ACTIVE
2023-24,11,qjg0vp84lnvxil9y,04xdu,ACTIVE
2023-24,11,qjg0vp84lnvxil9y,05uie,ACTIVE
2023-24,11,qjg0vp84lnvxil9y,06ccf,ACTIVE
2023-24,11,qjg0vp84lnvxil9y,05qub,ACTIVE
2023-24,11,qjg0vp84lnvxil9y,06210,ACTIVE
2023-24,11,qjg0vp84lnvxil9y,04qrw,ACTIVE
2023-24,11,qjg0vp84lnvxil9y,05qsx,ACTIVE
2023-24,11,qjg0vp84lnvxil9y,05qtt,ACTIVE
2023-24,11,qjg0vp84lnvxil9y,06214,ACTIVE
2023-24,11,qjg0vp84lnvxil9y,05qu0,ACTIVE
2023-24,11,qjg0vp84lnvxil9y,05qtf,ACTIVE
2023-24,11,qjg0vp84lnvxil9y,05qug,ACTIVE
2023-24,11,qjg0vp84lnvxil9y,04ewr,ACTIVE
2023-24,11,qjg0vp84lnvxil9y,05uih,ACTIVE
2023-24,11,y09j7i5alnvxil9y,04ewk,ACTIVE
2023-24,11,y09j7i5alnvxil9y,051or,ACTIVE
2023-24,11,y09j7i5alnvxil9y,06211,ACTIVE
2023-24,11,y09j7i5alnvxil9y,051ok,ACTIVE
2023-24,11,y09j7i5alnvxil9y,04848,ACTIVE
2023-24,11,y09j7i5alnvxil9y,03ams,ACTIVE
2023-24,11,y09j7i5alnvxil9y,03e6n,ACTIVE
2023-24,11,y09j7i5alnvxil9y,05uiz,ACTIVE
2023-24,11,y09j7i5alnvxil9y,01eo9,ACTIVE
2023-24,11,y09j7i5alnvxil9y,04qsj,ACTIVE
2023-24,11,y09j7i5alnvxil9y,03ad4,ACTIVE
2023-24,11,y09j7i5alnvxil9y,005kf,ACTIVE
2023-24,11,y09j7i5alnvxil9y,06cch,ACTIVE
2023-24,11,y09j7i5alnvxil9y,042nf,ACTIVE
2023-24,11,y09j7i5alnvxil9y,03al2,ACTIVE
2023-24,11,y09j7i5alnvxil9y,02nf7,ACTIVE
2023-24,11,y09j7i5alnvxil9y,02nf3,ACTIVE
2023-24,11,y09j7i5alnvxil9y,051os,ACTIVE
2023-24,11,y09j7i5alnvxil9y,01uz7,ACTIVE
2023-24,11,y09j7i5alnvxil9y,03wr4,ACTIVE
2023-24,11,9duu1755lnvxil9y,042n3,ACTIVE
2023-24,11,9duu1755lnvxil9y,04qrp,ACTIVE
2023-24,11,9duu1755lnvxil9y,04ewn,ACTIVE
2023-24,11,9duu1755lnvxil9y,051ot,ACTIVE
2023-24,11,9duu1755lnvxil9y,06cbx,ACTIVE
2023-24,11,9duu1755lnvxil9y,0621x,ACTIVE
2023-24,11,9duu1755lnvxil9y,04qs4,ACTIVE
2023-24,11,9duu1755lnvxil9y,04qro,ACTIVE
2023-24,11,9duu1755lnvxil9y,001aw,ACTIVE
2023-24,11,9duu1755lnvxil9y,0527l,ACTIVE
2023-24,11,9duu1755lnvxil9y,06cc2,ACTIVE
2023-24,11,9duu1755lnvxil9y,06cca,ACTIVE
2023-24,11,9duu1755lnvxil9y,051p0,ACTIVE
2023-24,11,9duu1755lnvxil9y,04qrj,ACTIVE
2023-24,11,9duu1755lnvxil9y,04qsm,ACTIVE
2023-24,11,9duu1755lnvxil9y,01uyj,ACTIVE
2023-24,11,9duu1755lnvxil9y,027oo,ACTIVE
2023-24,11,9duu1755lnvxil9y,02xg9,ACTIVE
2023-24,11,9duu1755lnvxil9y,03al1,ACTIVE
2023-24,11,9duu1755lnvxil9y,0011e,ACTIVE
2023-24,12,ts8qey4flnvxil9y,06215,ACTIVE
2023-24,12,ts8qey4flnvxil9y,0621c,ACTIVE
2023-24,12,ts8qey4flnvxil9y,042n4,ACTIVE
2023-24,12,ts8qey4flnvxil9y,03e75,ACTIVE
2023-24,12,ts8qey4flnvxil9y,0621k,ACTIVE
2023-24,12,ts8qey4flnvxil9y,0527h,ACTIVE
2023-24,12,ts8qey4flnvxil9y,05uus,ACTIVE
2023-24,12,ts8qey4flnvxil9y,0621g,ACTIVE
2023-24,12,ts8qey4flnvxil9y,05uii,ACTIVE
2023-24,12,ts8qey4flnvxil9y,04qrn,ACTIVE
2023-24,12,ts8qey4flnvxil9y,02ym0,ACTIVE
2023-24,12,ts8qey4flnvxil9y,06cdn,ACTIVE
2023-24,12,ts8qey4flnvxil9y,06cc5,ACTIVE
2023-24,12,ts8qey4flnvxil9y,06ca8,ACTIVE
2023-24,12,ts8qey4flnvxil9y,051oh,ACTIVE
2023-24,12,ts8qey4flnvxil9y,049kc,ACTIVE
2023-24,12,ts8qey4flnvxil9y,05qu1,ACTIVE
2023-24,12,ts8qey4flnvxil9y,027oj,ACTIVE
2023-24,12,ts8qey4flnvxil9y,05uj9,ACTIVE
2023-24,12,ts8qey4flnvxil9y,06cby,ACTIVE
2023-24,12,dljt8kz1lnvxil9y,0621u,ACTIVE
2023-24,12,dljt8kz1lnvxil9y,0015e,ACTIVE
2023-24,12,dljt8kz1lnvxil9y,01enh,ACTIVE
2023-24,12,dljt8kz1lnvxil9y,04qrk,ACTIVE
2023-24,12,dljt8kz1lnvxil9y,05uic,ACTIVE
2023-24,12,dljt8kz1lnvxil9y,04ewm,ACTIVE
2023-24,12,dljt8kz1lnvxil9y,005kc,ACTIVE
2023-24,12,dljt8kz1lnvxil9y,0621l,ACTIVE
2023-24,12,dljt8kz1lnvxil9y,03ajv,ACTIVE
2023-24,12,dljt8kz1lnvxil9y,03aq3,ACTIVE
2023-24,12,dljt8kz1lnvxil9y,027pe,ACTIVE
2023-24,12,dljt8kz1lnvxil9y,051oj,ACTIVE
2023-24,12,dljt8kz1lnvxil9y,0558t,ACTIVE
2023-24,12,dljt8kz1lnvxil9y,051pi,ACTIVE
2023-24,12,dljt8kz1lnvxil9y,04qsi,ACTIVE
2023-24,12,dljt8kz1lnvxil9y,05qt3,ACTIVE
2023-24,12,dljt8kz1lnvxil9y,03r7r,ACTIVE
2023-24,12,dljt8kz1lnvxil9y,031m9,ACTIVE
2023-24,12,dljt8kz1lnvxil9y,03r7h,ACTIVE
2023-24,12,dljt8kz1lnvxil9y,05qst,ACTIVE
2023-24,12,jixaa8l3lnvxil9y,03ad3,ACTIVE
2023-24,12,jixaa8l3lnvxil9y,051ps,ACTIVE
2023-24,12,jixaa8l3lnvxil9y,03xmv,ACTIVE
2023-24,12,jixaa8l3lnvxil9y,027pg,ACTIVE
2023-24,12,jixaa8l3lnvxil9y,05uip,ACTIVE
2023-24,12,jixaa8l3lnvxil9y,049kb,ACTIVE
2023-24,12,jixaa8l3lnvxil9y,051p2,ACTIVE
2023-24,12,jixaa8l3lnvxil9y,03e6u,ACTIVE
2023-24,12,jixaa8l3lnvxil9y,051p9,ACTIVE
2023-24,12,jixaa8l3lnvxil9y,042n1,ACTIVE
2023-24,12,jixaa8l3lnvxil9y,03r7z,ACTIVE
2023-24,12,jixaa8l3lnvxil9y,051oi,ACTIVE
2023-24,12,jixaa8l3lnvxil9y,049kd,ACTIVE
2023-24,12,jixaa8l3lnvxil9y,03lg1,ACTIVE
2023-24,12,jixaa8l3lnvxil9y,03e6s,ACTIVE
2023-24,12,jixaa8l3lnvxil9y,0621n,ACTIVE
2023-24,12,jixaa8l3lnvxil9y,042nt,ACTIVE
2023-24,12,jixaa8l3lnvxil9y,03ad0,ACTIVE
2023-24,12,jixaa8l3lnvxil9y,06212,ACTIVE
2023-24,12,jixaa8l3lnvxil9y,042nq,ACTIVE
2023-24,12,po3bonl9lnvxil9y,04ewe,ACTIVE
2023-24,12,po3bonl9lnvxil9y,03aq2,ACTIVE
2023-24,12,po3bonl9lnvxil9y,03e74,ACTIVE
2023-24,12,po3bonl9lnvxil9y,042n6,ACTIVE
2023-24,12,po3bonl9lnvxil9y,0496e,ACTIVE
2023-24,12,po3bonl9lnvxil9y,027ou,ACTIVE
2023-24,12,po3bonl9lnvxil9y,04azw,ACTIVE
2023-24,12,po3bonl9lnvxil9y,051p8,ACTIVE
2023-24,12,po3bonl9lnvxil9y,04kj6,ACTIVE
2023-24,12,po3bonl9lnvxil9y,0015b,ACTIVE
2023-24,12,po3bonl9lnvxil9y,03ad2,ACTIVE
2023-24,12,po3bonl9lnvxil9y,04qsd,ACTIVE
2023-24,12,po3bonl9lnvxil9y,02ng3,ACTIVE
2023-24,12,po3bonl9lnvxil9y,05qtq,ACTIVE
2023-24,12,po3bonl9lnvxil9y,03ad7,ACTIVE
2023-24,12,po3bonl9lnvxil9y,0017e,ACTIVE
2023-24,12,po3bonl9lnvxil9y,03nwq,ACTIVE
2023-24,12,po3bonl9lnvxil9y,03el5,ACTIVE
2023-24,12,po3bonl9lnvxil9y,05qsl,ACTIVE
2023-24,12,po3bonl9lnvxil9y,031lv,ACTIVE
2023-24,12,b3jjri1ilnvxil9y,04ex8,ACTIVE
2023-24,12,b3jjri1ilnvxil9y,03r7u,ACTIVE
2023-24,12,b3jjri1ilnvxil9y,05uig,ACTIVE
2023-24,12,b3jjri1ilnvxil9y,042nw,ACTIVE
2023-24,12,b3jjri1ilnvxil9y,04qrr,ACTIVE
2023-24,12,b3jjri1ilnvxil9y,0621b,ACTIVE
2023-24,12,b3jjri1ilnvxil9y,005ki,ACTIVE
2023-24,12,b3jjri1ilnvxil9y,05uiu,ACTIVE
2023-24,12,b3jjri1ilnvxil9y,06216,ACTIVE
2023-24,12,b3jjri1ilnvxil9y,01eo6,ACTIVE
2023-24,12,b3jjri1ilnvxil9y,04qrm,ACTIVE
2023-24,12,b3jjri1ilnvxil9y,03nwk,ACTIVE
2023-24,12,b3jjri1ilnvxil9y,02nf1,ACTIVE
2023-24,12,b3jjri1ilnvxil9y,04ewf,ACTIVE
2023-24,12,b3jjri1ilnvxil9y,027oz,ACTIVE
2023-24,12,b3jjri1ilnvxil9y,02nf6,ACTIVE
2023-24,12,b3jjri1ilnvxil9y,049s6,ACTIVE
2023-24,12,b3jjri1ilnvxil9y,05uir,ACTIVE
2023-24,12,b3jjri1ilnvxil9y,000zv,ACTIVE
2023-24,12,b3jjri1ilnvxil9y,02nfz,ACTIVE
2023-24,12,eli9ckrglnvxil9y,051on,ACTIVE
2023-24,12,eli9ckrglnvxil9y,042nm,ACTIVE
2023-24,12,eli9ckrglnvxil9y,027p4,ACTIVE
2023-24,12,eli9ckrglnvxil9y,05uif,ACTIVE
2023-24,12,eli9ckrglnvxil9y,042n7,ACTIVE
2023-24,12,eli9ckrglnvxil9y,05qtl,ACTIVE
2023-24,12,eli9ckrglnvxil9y,051pa,ACTIVE
2023-24,12,eli9ckrglnvxil9y,031lz,ACTIVE
2023-24,12,eli9ckrglnvxil9y,04ewc,ACTIVE
2023-24,12,eli9ckrglnvxil9y,05qtv,ACTIVE
2023-24,12,eli9ckrglnvxil9y,04qs1,ACTIVE
2023-24,12,eli9ckrglnvxil9y,031lx,ACTIVE
2023-24,12,eli9ckrglnvxil9y,05uiq,ACTIVE
2023-24,12,eli9ckrglnvxil9y,027p0,ACTIVE
2023-24,12,eli9ckrglnvxil9y,03nwl,ACTIVE
2023-24,12,eli9ckrglnvxil9y,05qt0,ACTIVE
2023-24,12,eli9ckrglnvxil9y,01eon,ACTIVE
2023-24,12,eli9ckrglnvxil9y,06cc8,ACTIVE
2023-24,12,eli9ckrglnvxil9y,06218,ACTIVE
2023-24,12,eli9ckrglnvxil9y,03nwn,ACTIVE
2023-24,12,n7acn7jolnvxil9y,04qs9,ACTIVE
2023-24,12,n7acn7jolnvxil9y,05qsq,ACTIVE
2023-24,12,n7acn7jolnvxil9y,04ewt,ACTIVE
2023-24,12,n7acn7jolnvxil9y,06213,ACTIVE
2023-24,12,n7acn7jolnvxil9y,04qry,ACTIVE
2023-24,12,n7acn7jolnvxil9y,031m2,ACTIVE
2023-24,12,n7acn7jolnvxil9y,05uib,ACTIVE
2023-24,12,n7acn7jolnvxil9y,05qtj,ACTIVE
2023-24,12,n7acn7jolnvxil9y,04ewu,ACTIVE
2023-24,12,n7acn7jolnvxil9y,04qrl,ACTIVE
2023-24,12,n7acn7jolnvxil9y,051pb,ACTIVE
2023-24,12,n7acn7jolnvxil9y,03nwm,ACTIVE
2023-24,12,n7acn7jolnvxil9y,03al0,ACTIVE
2023-24,12,n7acn7jolnvxil9y,05qu9,ACTIVE
2023-24,12,n7acn7jolnvxil9y,03lls,ACTIVE
2023-24,12,n7acn7jolnvxil9y,06cab,ACTIVE
2023-24,12,n7acn7jolnvxil9y,051ol,ACTIVE
2023-24,12,n7acn7jolnvxil9y,04qse,ACTIVE
2023-24,12,n7acn7jolnvxil9y,03byk,ACTIVE
2023-24,12,n7acn7jolnvxil9y,031m0,ACTIVE
2023-24,12,qjg0vp84lnvxil9y,05qtr,ACTIVE
2023-24,12,qjg0vp84lnvxil9y,031m4,ACTIVE
2023-24,12,qjg0vp84lnvxil9y,04qsa,ACTIVE
2023-24,12,qjg0vp84lnvxil9y,05qto,ACTIVE
2023-24,12,qjg0vp84lnvxil9y,0621e,ACTIVE
2023-24,12,qjg0vp84lnvxil9y,05uid,ACTIVE
2023-24,12,qjg0vp84lnvxil9y,04xdu,ACTIVE
2023-24,12,qjg0vp84lnvxil9y,05uie,ACTIVE
2023-24,12,qjg0vp84lnvxil9y,06ccf,ACTIVE
2023-24,12,qjg0vp84lnvxil9y,05qub,ACTIVE
2023-24,12,qjg0vp84lnvxil9y,06210,ACTIVE
2023-24,12,qjg0vp84lnvxil9y,04qrw,ACTIVE
2023-24,12,qjg0vp84lnvxil9y,05qsx,ACTIVE
2023-24,12,qjg0vp84lnvxil9y,05qtt,ACTIVE
2023-24,12,qjg0vp84lnvxil9y,06214,ACTIVE
2023-24,12,qjg0vp84lnvxil9y,05qu0,ACTIVE
2023-24,12,qjg0vp84lnvxil9y,05qtf,ACTIVE
2023-24,12,qjg0vp84lnvxil9y,05qug,ACTIVE
2023-24,12,qjg0vp84lnvxil9y,04ewr,ACTIVE
2023-24,12,qjg0vp84lnvxil9y,05uih,ACTIVE
2023-24,12,y09j7i5alnvxil9y,04ewk,ACTIVE
2023-24,12,y09j7i5alnvxil9y,051or,ACTIVE
2023-24,12,y09j7i5alnvxil9y,06211,ACTIVE
2023-24,12,y09j7i5alnvxil9y,051ok,ACTIVE
2023-24,12,y09j7i5alnvxil9y,04848,ACTIVE
2023-24,12,y09j7i5alnvxil9y,03ams,ACTIVE
2023-24,12,y09j7i5alnvxil9y,03e6n,ACTIVE
2023-24,12,y09j7i5alnvxil9y,05uiz,ACTIVE
2023-24,12,y09j7i5alnvxil9y,01eo9,ACTIVE
2023-24,12,y09j7i5alnvxil9y,04qsj,ACTIVE
2023-24,12,y09j7i5alnvxil9y,03ad4,ACTIVE
2023-24,12,y09j7i5alnvxil9y,005kf,ACTIVE
2023-24,12,y09j7i5alnvxil9y,06cch,ACTIVE
2023-24,12,y09j7i5alnvxil9y,042nf,ACTIVE
2023-24,12,y09j7i5alnvxil9y,03al2,ACTIVE
2023-24,12,y09j7i5alnvxil9y,02nf7,ACTIVE
2023-24,12,y09j7i5alnvxil9y,02nf3,ACTIVE
2023-24,12,y09j7i5alnvxil9y,051os,ACTIVE
2023-24,12,y09j7i5alnvxil9y,01uz7,ACTIVE
2023-24,12,y09j7i5alnvxil9y,03wr4,ACTIVE
2023-24,12,9duu1755lnvxil9y,042n3,ACTIVE
2023-24,12,9duu1755lnvxil9y,04qrp,ACTIVE
2023-24,12,9duu1755lnvxil9y,04ewn,ACTIVE
2023-24,12,9duu1755lnvxil9y,051ot,ACTIVE
2023-24,12,9duu1755lnvxil9y,06cbx,ACTIVE
2023-24,12,9duu1755lnvxil9y,0621x,ACTIVE
2023-24,12,9duu1755lnvxil9y,04qs4,ACTIVE
2023-24,12,9duu1755lnvxil9y,04qro,ACTIVE
2023-24,12,9duu1755lnvxil9y,001aw,ACTIVE
2023-24,12,9duu1755lnvxil9y,0527l,ACTIVE
2023-24,12,9duu1755lnvxil9y,06cc2,ACTIVE
2023-24,12,9duu1755lnvxil9y,06cca,ACTIVE
2023-24,12,9duu1755lnvxil9y,051p0,ACTIVE
2023-24,12,9duu1755lnvxil9y,04qrj,ACTIVE
2023-24,12,9duu1755lnvxil9y,04qsm,ACTIVE
2023-24,12,9duu1755lnvxil9y,01uyj,ACTIVE
2023-24,12,9duu1755lnvxil9y,027oo,ACTIVE
2023-24,12,9duu1755lnvxil9y,02xg9,ACTIVE
2023-24,12,9duu1755lnvxil9y,03al1,ACTIVE
2023-24,12,9duu1755lnvxil9y,0011e,ACTIVE
2023-24,13,ts8qey4flnvxil9y,06215,ACTIVE
2023-24,13,ts8qey4flnvxil9y,0621c,ACTIVE
2023-24,13,ts8qey4flnvxil9y,042n4,ACTIVE
2023-24,13,ts8qey4flnvxil9y,03e75,ACTIVE
2023-24,13,ts8qey4flnvxil9y,0621k,ACTIVE
2023-24,13,ts8qey4flnvxil9y,0527h,ACTIVE
2023-24,13,ts8qey4flnvxil9y,05uus,ACTIVE
2023-24,13,ts8qey4flnvxil9y,0621g,ACTIVE
2023-24,13,ts8qey4flnvxil9y,05uii,ACTIVE
2023-24,13,ts8qey4flnvxil9y,04qrn,ACTIVE
2023-24,13,ts8qey4flnvxil9y,02ym0,ACTIVE
2023-24,13,ts8qey4flnvxil9y,06cdn,ACTIVE
2023-24,13,ts8qey4flnvxil9y,06cc5,ACTIVE
2023-24,13,ts8qey4flnvxil9y,06ca8,ACTIVE
2023-24,13,ts8qey4flnvxil9y,051oh,ACTIVE
2023-24,13,ts8qey4flnvxil9y,049kc,ACTIVE
2023-24,13,ts8qey4flnvxil9y,05qu1,ACTIVE
2023-24,13,ts8qey4flnvxil9y,027oj,ACTIVE
2023-24,13,ts8qey4flnvxil9y,05uj9,ACTIVE
2023-24,13,ts8qey4flnvxil9y,06cby,ACTIVE
2023-24,13,dljt8kz1lnvxil9y,0621u,ACTIVE
2023-24,13,dljt8kz1lnvxil9y,0015e,ACTIVE
2023-24,13,dljt8kz1lnvxil9y,01enh,ACTIVE
2023-24,13,dljt8kz1lnvxil9y,04qrk,ACTIVE
2023-24,13,dljt8kz1lnvxil9y,05uic,ACTIVE
2023-24,13,dljt8kz1lnvxil9y,04ewm,ACTIVE
2023-24,13,dljt8kz1lnvxil9y,005kc,ACTIVE
2023-24,13,dljt8kz1lnvxil9y,0621l,ACTIVE
2023-24,13,dljt8kz1lnvxil9y,03ajv,ACTIVE
2023-24,13,dljt8kz1lnvxil9y,03aq3,ACTIVE
2023-24,13,dljt8kz1lnvxil9y,027pe,ACTIVE
2023-24,13,dljt8kz1lnvxil9y,051oj,ACTIVE
2023-24,13,dljt8kz1lnvxil9y,0558t,ACTIVE
2023-24,13,dljt8kz1lnvxil9y,051pi,ACTIVE
2023-24,13,dljt8kz1lnvxil9y,04qsi,ACTIVE
2023-24,13,dljt8kz1lnvxil9y,05qt3,ACTIVE
2023-24,13,dljt8kz1lnvxil9y,03r7r,ACTIVE
2023-24,13,dljt8kz1lnvxil9y,031m9,ACTIVE
2023-24,13,dljt8kz1lnvxil9y,03r7h,ACTIVE
2023-24,13,dljt8kz1lnvxil9y,05qst,ACTIVE
2023-24,13,jixaa8l3lnvxil9y,03ad3,ACTIVE
2023-24,13,jixaa8l3lnvxil9y,051ps,ACTIVE
2023-24,13,jixaa8l3lnvxil9y,03xmv,ACTIVE
2023-24,13,jixaa8l3lnvxil9y,027pg,ACTIVE
2023-24,13,jixaa8l3lnvxil9y,05uip,ACTIVE
2023-24,13,jixaa8l3lnvxil9y,049kb,ACTIVE
2023-24,13,jixaa8l3lnvxil9y,051p2,ACTIVE
2023-24,13,jixaa8l3lnvxil9y,03e6u,ACTIVE
2023-24,13,jixaa8l3lnvxil9y,051p9,ACTIVE
2023-24,13,jixaa8l3lnvxil9y,042n1,ACTIVE
2023-24,13,jixaa8l3lnvxil9y,03r7z,ACTIVE
2023-24,13,jixaa8l3lnvxil9y,051oi,ACTIVE
2023-24,13,jixaa8l3lnvxil9y,049kd,ACTIVE
2023-24,13,jixaa8l3lnvxil9y,03lg1,ACTIVE
2023-24,13,jixaa8l3lnvxil9y,03e6s,ACTIVE
2023-24,13,jixaa8l3lnvxil9y,0621n,ACTIVE
2023-24,13,jixaa8l3lnvxil9y,042nt,ACTIVE
2023-24,13,jixaa8l3lnvxil9y,03ad0,ACTIVE
2023-24,13,jixaa8l3lnvxil9y,06212,ACTIVE
2023-24,13,jixaa8l3lnvxil9y,042nq,ACTIVE
2023-24,13,po3bonl9lnvxil9y,04ewe,ACTIVE
2023-24,13,po3bonl9lnvxil9y,03aq2,ACTIVE
2023-24,13,po3bonl9lnvxil9y,03e74,ACTIVE
2023-24,13,po3bonl9lnvxil9y,042n6,ACTIVE
2023-24,13,po3bonl9lnvxil9y,0496e,ACTIVE
2023-24,13,po3bonl9lnvxil9y,027ou,ACTIVE
2023-24,13,po3bonl9lnvxil9y,04azw,ACTIVE
2023-24,13,po3bonl9lnvxil9y,051p8,ACTIVE
2023-24,13,po3bonl9lnvxil9y,04kj6,ACTIVE
2023-24,13,po3bonl9lnvxil9y,0015b,ACTIVE
2023-24,13,po3bonl9lnvxil9y,03ad2,ACTIVE
2023-24,13,po3bonl9lnvxil9y,04qsd,ACTIVE
2023-24,13,po3bonl9lnvxil9y,02ng3,ACTIVE
2023-24,13,po3bonl9lnvxil9y,05qtq,ACTIVE
2023-24,13,po3bonl9lnvxil9y,03ad7,ACTIVE
2023-24,13,po3bonl9lnvxil9y,0017e,ACTIVE
2023-24,13,po3bonl9lnvxil9y,03nwq,ACTIVE
2023-24,13,po3bonl9lnvxil9y,03el5,ACTIVE
2023-24,13,po3bonl9lnvxil9y,05qsl,ACTIVE
2023-24,13,po3bonl9lnvxil9y,031lv,ACTIVE
2023-24,13,b3jjri1ilnvxil9y,04ex8,ACTIVE
2023-24,13,b3jjri1ilnvxil9y,03r7u,ACTIVE
2023-24,13,b3jjri1ilnvxil9y,05uig,ACTIVE
2023-24,13,b3jjri1ilnvxil9y,042nw,ACTIVE
2023-24,13,b3jjri1ilnvxil9y,04qrr,ACTIVE
2023-24,13,b3jjri1ilnvxil9y,0621b,ACTIVE
2023-24,13,b3jjri1ilnvxil9y,005ki,ACTIVE
2023-24,13,b3jjri1ilnvxil9y,05uiu,ACTIVE
2023-24,13,b3jjri1ilnvxil9y,06216,ACTIVE
2023-24,13,b3jjri1ilnvxil9y,01eo6,ACTIVE
2023-24,13,b3jjri1ilnvxil9y,04qrm,ACTIVE
2023-24,13,b3jjri1ilnvxil9y,03nwk,ACTIVE
2023-24,13,b3jjri1ilnvxil9y,02nf1,ACTIVE
2023-24,13,b3jjri1ilnvxil9y,04ewf,ACTIVE
2023-24,13,b3jjri1ilnvxil9y,027oz,ACTIVE
2023-24,13,b3jjri1ilnvxil9y,02nf6,ACTIVE
2023-24,13,b3jjri1ilnvxil9y,049s6,ACTIVE
2023-24,13,b3jjri1ilnvxil9y,05uir,ACTIVE
2023-24,13,b3jjri1ilnvxil9y,000zv,ACTIVE
2023-24,13,b3jjri1ilnvxil9y,02nfz,ACTIVE
2023-24,13,eli9ckrglnvxil9y,051on,ACTIVE
2023-24,13,eli9ckrglnvxil9y,042nm,ACTIVE
2023-24,13,eli9ckrglnvxil9y,027p4,ACTIVE
2023-24,13,eli9ckrglnvxil9y,05uif,ACTIVE
2023-24,13,eli9ckrglnvxil9y,042n7,ACTIVE
2023-24,13,eli9ckrglnvxil9y,05qtl,ACTIVE
2023-24,13,eli9ckrglnvxil9y,051pa,ACTIVE
2023-24,13,eli9ckrglnvxil9y,031lz,ACTIVE
2023-24,13,eli9ckrglnvxil9y,04ewc,ACTIVE
2023-24,13,eli9ckrglnvxil9y,05qtv,ACTIVE
2023-24,13,eli9ckrglnvxil9y,04qs1,ACTIVE
2023-24,13,eli9ckrglnvxil9y,031lx,ACTIVE
2023-24,13,eli9ckrglnvxil9y,05uiq,ACTIVE
2023-24,13,eli9ckrglnvxil9y,027p0,ACTIVE
2023-24,13,eli9ckrglnvxil9y,03nwl,ACTIVE
2023-24,13,eli9ckrglnvxil9y,05qt0,ACTIVE
2023-24,13,eli9ckrglnvxil9y,01eon,ACTIVE
2023-24,13,eli9ckrglnvxil9y,06cc8,ACTIVE
2023-24,13,eli9ckrglnvxil9y,06218,ACTIVE
2023-24,13,eli9ckrglnvxil9y,03nwn,ACTIVE
2023-24,13,n7acn7jolnvxil9y,04qs9,ACTIVE
2023-24,13,n7acn7jolnvxil9y,05qsq,ACTIVE
2023-24,13,n7acn7jolnvxil9y,04ewt,ACTIVE
2023-24,13,n7acn7jolnvxil9y,06213,ACTIVE
2023-24,13,n7acn7jolnvxil9y,04qry,ACTIVE
2023-24,13,n7acn7jolnvxil9y,031m2,ACTIVE
2023-24,13,n7acn7jolnvxil9y,05uib,ACTIVE
2023-24,13,n7acn7jolnvxil9y,05qtj,ACTIVE
2023-24,13,n7acn7jolnvxil9y,04ewu,ACTIVE
2023-24,13,n7acn7jolnvxil9y,04qrl,ACTIVE
2023-24,13,n7acn7jolnvxil9y,051pb,ACTIVE
2023-24,13,n7acn7jolnvxil9y,03nwm,ACTIVE
2023-24,13,n7acn7jolnvxil9y,03al0,ACTIVE
2023-24,13,n7acn7jolnvxil9y,05qu9,ACTIVE
2023-24,13,n7acn7jolnvxil9y,03lls,ACTIVE
2023-24,13,n7acn7jolnvxil9y,06cab,ACTIVE
2023-24,13,n7acn7jolnvxil9y,051ol,ACTIVE
2023-24,13,n7acn7jolnvxil9y,04qse,ACTIVE
2023-24,13,n7acn7jolnvxil9y,03byk,ACTIVE
2023-24,13,n7acn7jolnvxil9y,031m0,ACTIVE
2023-24,13,qjg0vp84lnvxil9y,05qtr,ACTIVE
2023-24,13,qjg0vp84lnvxil9y,031m4,ACTIVE
2023-24,13,qjg0vp84lnvxil9y,04qsa,ACTIVE
2023-24,13,qjg0vp84lnvxil9y,05qto,ACTIVE
2023-24,13,qjg0vp84lnvxil9y,0621e,ACTIVE
2023-24,13,qjg0vp84lnvxil9y,05uid,ACTIVE
2023-24,13,qjg0vp84lnvxil9y,04xdu,ACTIVE
2023-24,13,qjg0vp84lnvxil9y,05uie,ACTIVE
2023-24,13,qjg0vp84lnvxil9y,06ccf,ACTIVE
2023-24,13,qjg0vp84lnvxil9y,05qub,ACTIVE
2023-24,13,qjg0vp84lnvxil9y,06210,ACTIVE
2023-24,13,qjg0vp84lnvxil9y,04qrw,ACTIVE
2023-24,13,qjg0vp84lnvxil9y,05qsx,ACTIVE
2023-24,13,qjg0vp84lnvxil9y,05qtt,ACTIVE
2023-24,13,qjg0vp84lnvxil9y,06214,ACTIVE
2023-24,13,qjg0vp84lnvxil9y,05qu0,ACTIVE
2023-24,13,qjg0vp84lnvxil9y,05qtf,ACTIVE
2023-24,13,qjg0vp84lnvxil9y,05qug,ACTIVE
2023-24,13,qjg0vp84lnvxil9y,04ewr,ACTIVE
2023-24,13,qjg0vp84lnvxil9y,05uih,ACTIVE
2023-24,13,y09j7i5alnvxil9y,04ewk,ACTIVE
2023-24,13,y09j7i5alnvxil9y,051or,ACTIVE
2023-24,13,y09j7i5alnvxil9y,06211,ACTIVE
2023-24,13,y09j7i5alnvxil9y,051ok,ACTIVE
2023-24,13,y09j7i5alnvxil9y,04848,ACTIVE
2023-24,13,y09j7i5alnvxil9y,03ams,ACTIVE
2023-24,13,y09j7i5alnvxil9y,03e6n,ACTIVE
2023-24,13,y09j7i5alnvxil9y,05uiz,ACTIVE
2023-24,13,y09j7i5alnvxil9y,01eo9,ACTIVE
2023-24,13,y09j7i5alnvxil9y,04qsj,ACTIVE
2023-24,13,y09j7i5alnvxil9y,03ad4,ACTIVE
2023-24,13,y09j7i5alnvxil9y,005kf,ACTIVE
2023-24,13,y09j7i5alnvxil9y,06cch,ACTIVE
2023-24,13,y09j7i5alnvxil9y,042nf,ACTIVE
2023-24,13,y09j7i5alnvxil9y,03al2,ACTIVE
2023-24,13,y09j7i5alnvxil9y,02nf7,ACTIVE
2023-24,13,y09j7i5alnvxil9y,02nf3,ACTIVE
2023-24,13,y09j7i5alnvxil9y,051os,ACTIVE
2023-24,13,y09j7i5alnvxil9y,01uz7,ACTIVE
2023-24,13,y09j7i5alnvxil9y,03wr4,ACTIVE
2023-24,13,9duu1755lnvxil9y,042n3,ACTIVE
2023-24,13,9duu1755lnvxil9y,04qrp,ACTIVE
2023-24,13,9duu1755lnvxil9y,04ewn,ACTIVE
2023-24,13,9duu1755lnvxil9y,051ot,ACTIVE
2023-24,13,9duu1755lnvxil9y,06cbx,ACTIVE
2023-24,13,9duu1755lnvxil9y,0621x,ACTIVE
2023-24,13,9duu1755lnvxil9y,04qs4,ACTIVE
2023-24,13,9duu1755lnvxil9y,04qro,ACTIVE
2023-24,13,9duu1755lnvxil9y,001aw,ACTIVE
2023-24,13,9duu1755lnvxil9y,0527l,ACTIVE
2023-24,13,9duu1755lnvxil9y,06cc2,ACTIVE
2023-24,13,9duu1755lnvxil9y,06cca,ACTIVE
2023-24,13,9duu1755lnvxil9y,051p0,ACTIVE
2023-24,13,9duu1755lnvxil9y,04qrj,ACTIVE
2023-24,13,9duu1755lnvxil9y,04qsm,ACTIVE
2023-24,13,9duu1755lnvxil9y,01uyj,ACTIVE
2023-24,13,9duu1755lnvxil9y,027oo,ACTIVE
2023-24,13,9duu1755lnvxil9y,02xg9,ACTIVE
2023-24,13,9duu1755lnvxil9y,03al1,ACTIVE
2023-24,13,9duu1755lnvxil9y,0011e,ACTIVE
2023-24,14,ts8qey4flnvxil9y,06215,ACTIVE
2023-24,14,ts8qey4flnvxil9y,0621c,ACTIVE
2023-24,14,ts8qey4flnvxil9y,042n4,ACTIVE
2023-24,14,ts8qey4flnvxil9y,03e75,ACTIVE
2023-24,14,ts8qey4flnvxil9y,0621k,ACTIVE
2023-24,14,ts8qey4flnvxil9y,0527h,ACTIVE
2023-24,14,ts8qey4flnvxil9y,05uus,ACTIVE
2023-24,14,ts8qey4flnvxil9y,0621g,ACTIVE
2023-24,14,ts8qey4flnvxil9y,05uii,ACTIVE
2023-24,14,ts8qey4flnvxil9y,04qrn,ACTIVE
2023-24,14,ts8qey4flnvxil9y,02ym0,ACTIVE
2023-24,14,ts8qey4flnvxil9y,06cdn,ACTIVE
2023-24,14,ts8qey4flnvxil9y,06cc5,ACTIVE
2023-24,14,ts8qey4flnvxil9y,06ca8,ACTIVE
2023-24,14,ts8qey4flnvxil9y,051oh,ACTIVE
2023-24,14,ts8qey4flnvxil9y,049kc,ACTIVE
2023-24,14,ts8qey4flnvxil9y,05qu1,ACTIVE
2023-24,14,ts8qey4flnvxil9y,027oj,ACTIVE
2023-24,14,ts8qey4flnvxil9y,05uj9,ACTIVE
2023-24,14,ts8qey4flnvxil9y,06cby,ACTIVE
2023-24,14,dljt8kz1lnvxil9y,0621u,ACTIVE
2023-24,14,dljt8kz1lnvxil9y,0015e,ACTIVE
2023-24,14,dljt8kz1lnvxil9y,01enh,ACTIVE
2023-24,14,dljt8kz1lnvxil9y,04qrk,ACTIVE
2023-24,14,dljt8kz1lnvxil9y,05uic,ACTIVE
2023-24,14,dljt8kz1lnvxil9y,04ewm,ACTIVE
2023-24,14,dljt8kz1lnvxil9y,005kc,ACTIVE
2023-24,14,dljt8kz1lnvxil9y,0621l,ACTIVE
2023-24,14,dljt8kz1lnvxil9y,03ajv,ACTIVE
2023-24,14,dljt8kz1lnvxil9y,03aq3,ACTIVE
2023-24,14,dljt8kz1lnvxil9y,027pe,ACTIVE
2023-24,14,dljt8kz1lnvxil9y,051oj,ACTIVE
2023-24,14,dljt8kz1lnvxil9y,0558t,ACTIVE
2023-24,14,dljt8kz1lnvxil9y,051pi,ACTIVE
2023-24,14,dljt8kz1lnvxil9y,04qsi,ACTIVE
2023-24,14,dljt8kz1lnvxil9y,05qt3,ACTIVE
2023-24,14,dljt8kz1lnvxil9y,03r7r,ACTIVE
2023-24,14,dljt8kz1lnvxil9y,031m9,ACTIVE
2023-24,14,dljt8kz1lnvxil9y,03r7h,ACTIVE
2023-24,14,dljt8kz1lnvxil9y,05qst,ACTIVE
2023-24,14,jixaa8l3lnvxil9y,03ad3,ACTIVE
2023-24,14,jixaa8l3lnvxil9y,051ps,ACTIVE
2023-24,14,jixaa8l3lnvxil9y,03xmv,ACTIVE
2023-24,14,jixaa8l3lnvxil9y,027pg,ACTIVE
2023-24,14,jixaa8l3lnvxil9y,05uip,ACTIVE
2023-24,14,jixaa8l3lnvxil9y,049kb,ACTIVE
2023-24,14,jixaa8l3lnvxil9y,051p2,ACTIVE
2023-24,14,jixaa8l3lnvxil9y,03e6u,ACTIVE
2023-24,14,jixaa8l3lnvxil9y,051p9,ACTIVE
2023-24,14,jixaa8l3lnvxil9y,042n1,ACTIVE
2023-24,14,jixaa8l3lnvxil9y,03r7z,ACTIVE
2023-24,14,jixaa8l3lnvxil9y,051oi,ACTIVE
2023-24,14,jixaa8l3lnvxil9y,049kd,ACTIVE
2023-24,14,jixaa8l3lnvxil9y,03lg1,ACTIVE
2023-24,14,jixaa8l3lnvxil9y,03e6s,ACTIVE
2023-24,14,jixaa8l3lnvxil9y,0621n,ACTIVE
2023-24,14,jixaa8l3lnvxil9y,042nt,ACTIVE
2023-24,14,jixaa8l3lnvxil9y,03ad0,ACTIVE
2023-24,14,jixaa8l3lnvxil9y,06212,ACTIVE
2023-24,14,jixaa8l3lnvxil9y,042nq,ACTIVE
2023-24,14,po3bonl9lnvxil9y,04ewe,ACTIVE
2023-24,14,po3bonl9lnvxil9y,03aq2,ACTIVE
2023-24,14,po3bonl9lnvxil9y,03e74,ACTIVE
2023-24,14,po3bonl9lnvxil9y,042n6,ACTIVE
2023-24,14,po3bonl9lnvxil9y,0496e,ACTIVE
2023-24,14,po3bonl9lnvxil9y,027ou,ACTIVE
2023-24,14,po3bonl9lnvxil9y,04azw,ACTIVE
2023-24,14,po3bonl9lnvxil9y,051p8,ACTIVE
2023-24,14,po3bonl9lnvxil9y,04kj6,ACTIVE
2023-24,14,po3bonl9lnvxil9y,0015b,ACTIVE
2023-24,14,po3bonl9lnvxil9y,03ad2,ACTIVE
2023-24,14,po3bonl9lnvxil9y,04qsd,ACTIVE
2023-24,14,po3bonl9lnvxil9y,02ng3,ACTIVE
2023-24,14,po3bonl9lnvxil9y,05qtq,ACTIVE
2023-24,14,po3bonl9lnvxil9y,03ad7,ACTIVE
2023-24,14,po3bonl9lnvxil9y,0017e,ACTIVE
2023-24,14,po3bonl9lnvxil9y,03nwq,ACTIVE
2023-24,14,po3bonl9lnvxil9y,03el5,ACTIVE
2023-24,14,po3bonl9lnvxil9y,05qsl,ACTIVE
2023-24,14,po3bonl9lnvxil9y,031lv,ACTIVE
2023-24,14,b3jjri1ilnvxil9y,04ex8,ACTIVE
2023-24,14,b3jjri1ilnvxil9y,03r7u,ACTIVE
2023-24,14,b3jjri1ilnvxil9y,05uig,ACTIVE
2023-24,14,b3jjri1ilnvxil9y,042nw,ACTIVE
2023-24,14,b3jjri1ilnvxil9y,04qrr,ACTIVE
2023-24,14,b3jjri1ilnvxil9y,0621b,ACTIVE
2023-24,14,b3jjri1ilnvxil9y,005ki,ACTIVE
2023-24,14,b3jjri1ilnvxil9y,05uiu,ACTIVE
2023-24,14,b3jjri1ilnvxil9y,06216,ACTIVE
2023-24,14,b3jjri1ilnvxil9y,01eo6,ACTIVE
2023-24,14,b3jjri1ilnvxil9y,04qrm,ACTIVE
2023-24,14,b3jjri1ilnvxil9y,03nwk,ACTIVE
2023-24,14,b3jjri1ilnvxil9y,02nf1,ACTIVE
2023-24,14,b3jjri1ilnvxil9y,04ewf,ACTIVE
2023-24,14,b3jjri1ilnvxil9y,027oz,ACTIVE
2023-24,14,b3jjri1ilnvxil9y,02nf6,ACTIVE
2023-24,14,b3jjri1ilnvxil9y,049s6,ACTIVE
2023-24,14,b3jjri1ilnvxil9y,05uir,ACTIVE
2023-24,14,b3jjri1ilnvxil9y,000zv,ACTIVE
2023-24,14,b3jjri1ilnvxil9y,02nfz,ACTIVE
2023-24,14,eli9ckrglnvxil9y,051on,ACTIVE
2023-24,14,eli9ckrglnvxil9y,042nm,ACTIVE
2023-24,14,eli9ckrglnvxil9y,027p4,ACTIVE
2023-24,14,eli9ckrglnvxil9y,05uif,ACTIVE
2023-24,14,eli9ckrglnvxil9y,042n7,ACTIVE
2023-24,14,eli9ckrglnvxil9y,05qtl,ACTIVE
2023-24,14,eli9ckrglnvxil9y,051pa,ACTIVE
2023-24,14,eli9ckrglnvxil9y,031lz,ACTIVE
2023-24,14,eli9ckrglnvxil9y,04ewc,ACTIVE
2023-24,14,eli9ckrglnvxil9y,05qtv,ACTIVE
2023-24,14,eli9ckrglnvxil9y,04qs1,ACTIVE
2023-24,14,eli9ckrglnvxil9y,031lx,ACTIVE
2023-24,14,eli9ckrglnvxil9y,05uiq,ACTIVE
2023-24,14,eli9ckrglnvxil9y,027p0,ACTIVE
2023-24,14,eli9ckrglnvxil9y,03nwl,ACTIVE
2023-24,14,eli9ckrglnvxil9y,05qt0,ACTIVE
2023-24,14,eli9ckrglnvxil9y,01eon,ACTIVE
2023-24,14,eli9ckrglnvxil9y,06cc8,ACTIVE
2023-24,14,eli9ckrglnvxil9y,06218,ACTIVE
2023-24,14,eli9ckrglnvxil9y,03nwn,ACTIVE
2023-24,14,n7acn7jolnvxil9y,04qs9,ACTIVE
2023-24,14,n7acn7jolnvxil9y,05qsq,ACTIVE
2023-24,14,n7acn7jolnvxil9y,04ewt,ACTIVE
2023-24,14,n7acn7jolnvxil9y,06213,ACTIVE
2023-24,14,n7acn7jolnvxil9y,04qry,ACTIVE
2023-24,14,n7acn7jolnvxil9y,031m2,ACTIVE
2023-24,14,n7acn7jolnvxil9y,05uib,ACTIVE
2023-24,14,n7acn7jolnvxil9y,05qtj,ACTIVE
2023-24,14,n7acn7jolnvxil9y,04ewu,ACTIVE
2023-24,14,n7acn7jolnvxil9y,04qrl,ACTIVE
2023-24,14,n7acn7jolnvxil9y,051pb,ACTIVE
2023-24,14,n7acn7jolnvxil9y,03nwm,ACTIVE
2023-24,14,n7acn7jolnvxil9y,03al0,ACTIVE
2023-24,14,n7acn7jolnvxil9y,05qu9,ACTIVE
2023-24,14,n7acn7jolnvxil9y,03lls,ACTIVE
2023-24,14,n7acn7jolnvxil9y,06cab,ACTIVE
2023-24,14,n7acn7jolnvxil9y,051ol,ACTIVE
2023-24,14,n7acn7jolnvxil9y,04qse,ACTIVE
2023-24,14,n7acn7jolnvxil9y,03byk,ACTIVE
2023-24,14,n7acn7jolnvxil9y,031m0,ACTIVE
2023-24,14,qjg0vp84lnvxil9y,05qtr,ACTIVE
2023-24,14,qjg0vp84lnvxil9y,031m4,ACTIVE
2023-24,14,qjg0vp84lnvxil9y,04qsa,ACTIVE
2023-24,14,qjg0vp84lnvxil9y,05qto,ACTIVE
2023-24,14,qjg0vp84lnvxil9y,0621e,ACTIVE
2023-24,14,qjg0vp84lnvxil9y,05uid,ACTIVE
2023-24,14,qjg0vp84lnvxil9y,04xdu,ACTIVE
2023-24,14,qjg0vp84lnvxil9y,05uie,ACTIVE
2023-24,14,qjg0vp84lnvxil9y,06ccf,ACTIVE
2023-24,14,qjg0vp84lnvxil9y,05qub,ACTIVE
2023-24,14,qjg0vp84lnvxil9y,06210,ACTIVE
2023-24,14,qjg0vp84lnvxil9y,04qrw,ACTIVE
2023-24,14,qjg0vp84lnvxil9y,05qsx,ACTIVE
2023-24,14,qjg0vp84lnvxil9y,05qtt,ACTIVE
2023-24,14,qjg0vp84lnvxil9y,06214,ACTIVE
2023-24,14,qjg0vp84lnvxil9y,05qu0,ACTIVE
2023-24,14,qjg0vp84lnvxil9y,05qtf,ACTIVE
2023-24,14,qjg0vp84lnvxil9y,05qug,ACTIVE
2023-24,14,qjg0vp84lnvxil9y,04ewr,ACTIVE
2023-24,14,qjg0vp84lnvxil9y,05uih,ACTIVE
2023-24,14,y09j7i5alnvxil9y,04ewk,ACTIVE
2023-24,14,y09j7i5alnvxil9y,051or,ACTIVE
2023-24,14,y09j7i5alnvxil9y,06211,ACTIVE
2023-24,14,y09j7i5alnvxil9y,051ok,ACTIVE
2023-24,14,y09j7i5alnvxil9y,04848,ACTIVE
2023-24,14,y09j7i5alnvxil9y,03ams,ACTIVE
2023-24,14,y09j7i5alnvxil9y,03e6n,ACTIVE
2023-24,14,y09j7i5alnvxil9y,05uiz,ACTIVE
2023-24,14,y09j7i5alnvxil9y,01eo9,ACTIVE
2023-24,14,y09j7i5alnvxil9y,04qsj,ACTIVE
2023-24,14,y09j7i5alnvxil9y,03ad4,ACTIVE
2023-24,14,y09j7i5alnvxil9y,005kf,ACTIVE
2023-24,14,y09j7i5alnvxil9y,06cch,ACTIVE
2023-24,14,y09j7i5alnvxil9y,042nf,ACTIVE
2023-24,14,y09j7i5alnvxil9y,03al2,ACTIVE
2023-24,14,y09j7i5alnvxil9y,02nf7,ACTIVE
2023-24,14,y09j7i5alnvxil9y,02nf3,ACTIVE
2023-24,14,y09j7i5alnvxil9y,051os,ACTIVE
2023-24,14,y09j7i5alnvxil9y,01uz7,ACTIVE
2023-24,14,y09j7i5alnvxil9y,03wr4,ACTIVE
2023-24,14,9duu1755lnvxil9y,042n3,ACTIVE
2023-24,14,9duu1755lnvxil9y,04qrp,ACTIVE
2023-24,14,9duu1755lnvxil9y,04ewn,ACTIVE
2023-24,14,9duu1755lnvxil9y,051ot,ACTIVE
2023-24,14,9duu1755lnvxil9y,06cbx,ACTIVE
2023-24,14,9duu1755lnvxil9y,0621x,ACTIVE
2023-24,14,9duu1755lnvxil9y,04qs4,ACTIVE
2023-24,14,9duu1755lnvxil9y,04qro,ACTIVE
2023-24,14,9duu1755lnvxil9y,001aw,ACTIVE
2023-24,14,9duu1755lnvxil9y,0527l,ACTIVE
2023-24,14,9duu1755lnvxil9y,06cc2,ACTIVE
2023-24,14,9duu1755lnvxil9y,06cca,ACTIVE
2023-24,14,9duu1755lnvxil9y,051p0,ACTIVE
2023-24,14,9duu1755lnvxil9y,04qrj,ACTIVE
2023-24,14,9duu1755lnvxil9y,04qsm,ACTIVE
2023-24,14,9duu1755lnvxil9y,01uyj,ACTIVE
2023-24,14,9duu1755lnvxil9y,027oo,ACTIVE
2023-24,14,9duu1755lnvxil9y,02xg9,ACTIVE
2023-24,14,9duu1755lnvxil9y,03al1,ACTIVE
2023-24,14,9duu1755lnvxil9y,0011e,ACTIVE
2023-24,15,ts8qey4flnvxil9y,06215,ACTIVE
2023-24,15,ts8qey4flnvxil9y,0621c,ACTIVE
2023-24,15,ts8qey4flnvxil9y,042n4,ACTIVE
2023-24,15,ts8qey4flnvxil9y,03e75,ACTIVE
2023-24,15,ts8qey4flnvxil9y,0621k,ACTIVE
2023-24,15,ts8qey4flnvxil9y,0527h,ACTIVE
2023-24,15,ts8qey4flnvxil9y,05uus,ACTIVE
2023-24,15,ts8qey4flnvxil9y,0621g,ACTIVE
2023-24,15,ts8qey4flnvxil9y,05uii,ACTIVE
2023-24,15,ts8qey4flnvxil9y,04qrn,ACTIVE
2023-24,15,ts8qey4flnvxil9y,02ym0,ACTIVE
2023-24,15,ts8qey4flnvxil9y,06cdn,ACTIVE
2023-24,15,ts8qey4flnvxil9y,06cc5,ACTIVE
2023-24,15,ts8qey4flnvxil9y,06ca8,ACTIVE
2023-24,15,ts8qey4flnvxil9y,051oh,ACTIVE
2023-24,15,ts8qey4flnvxil9y,049kc,ACTIVE
2023-24,15,ts8qey4flnvxil9y,05qu1,ACTIVE
2023-24,15,ts8qey4flnvxil9y,027oj,ACTIVE
2023-24,15,ts8qey4flnvxil9y,05uj9,ACTIVE
2023-24,15,ts8qey4flnvxil9y,06cby,ACTIVE
2023-24,15,dljt8kz1lnvxil9y,0621u,ACTIVE
2023-24,15,dljt8kz1lnvxil9y,0015e,ACTIVE
2023-24,15,dljt8kz1lnvxil9y,01enh,ACTIVE
2023-24,15,dljt8kz1lnvxil9y,04qrk,ACTIVE
2023-24,15,dljt8kz1lnvxil9y,05uic,ACTIVE
2023-24,15,dljt8kz1lnvxil9y,04ewm,ACTIVE
2023-24,15,dljt8kz1lnvxil9y,005kc,ACTIVE
2023-24,15,dljt8kz1lnvxil9y,0621l,ACTIVE
2023-24,15,dljt8kz1lnvxil9y,03ajv,ACTIVE
2023-24,15,dljt8kz1lnvxil9y,03aq3,ACTIVE
2023-24,15,dljt8kz1lnvxil9y,027pe,ACTIVE
2023-24,15,dljt8kz1lnvxil9y,051oj,ACTIVE
2023-24,15,dljt8kz1lnvxil9y,0558t,ACTIVE
2023-24,15,dljt8kz1lnvxil9y,051pi,ACTIVE
2023-24,15,dljt8kz1lnvxil9y,04qsi,ACTIVE
2023-24,15,dljt8kz1lnvxil9y,05qt3,ACTIVE
2023-24,15,dljt8kz1lnvxil9y,03r7r,ACTIVE
2023-24,15,dljt8kz1lnvxil9y,031m9,ACTIVE
2023-24,15,dljt8kz1lnvxil9y,03r7h,ACTIVE
2023-24,15,dljt8kz1lnvxil9y,05qst,ACTIVE
2023-24,15,jixaa8l3lnvxil9y,03ad3,ACTIVE
2023-24,15,jixaa8l3lnvxil9y,051ps,ACTIVE
2023-24,15,jixaa8l3lnvxil9y,03xmv,ACTIVE
2023-24,15,jixaa8l3lnvxil9y,027pg,ACTIVE
2023-24,15,jixaa8l3lnvxil9y,05uip,ACTIVE
2023-24,15,jixaa8l3lnvxil9y,049kb,ACTIVE
2023-24,15,jixaa8l3lnvxil9y,051p2,ACTIVE
2023-24,15,jixaa8l3lnvxil9y,03e6u,ACTIVE
2023-24,15,jixaa8l3lnvxil9y,051p9,ACTIVE
2023-24,15,jixaa8l3lnvxil9y,042n1,ACTIVE
2023-24,15,jixaa8l3lnvxil9y,03r7z,ACTIVE
2023-24,15,jixaa8l3lnvxil9y,051oi,ACTIVE
2023-24,15,jixaa8l3lnvxil9y,049kd,ACTIVE
2023-24,15,jixaa8l3lnvxil9y,03lg1,ACTIVE
2023-24,15,jixaa8l3lnvxil9y,03e6s,ACTIVE
2023-24,15,jixaa8l3lnvxil9y,0621n,ACTIVE
2023-24,15,jixaa8l3lnvxil9y,042nt,ACTIVE
2023-24,15,jixaa8l3lnvxil9y,03ad0,ACTIVE
2023-24,15,jixaa8l3lnvxil9y,06212,ACTIVE
2023-24,15,jixaa8l3lnvxil9y,042nq,ACTIVE
2023-24,15,po3bonl9lnvxil9y,04ewe,ACTIVE
2023-24,15,po3bonl9lnvxil9y,03aq2,ACTIVE
2023-24,15,po3bonl9lnvxil9y,03e74,ACTIVE
2023-24,15,po3bonl9lnvxil9y,042n6,ACTIVE
2023-24,15,po3bonl9lnvxil9y,0496e,ACTIVE
2023-24,15,po3bonl9lnvxil9y,027ou,ACTIVE
2023-24,15,po3bonl9lnvxil9y,04azw,ACTIVE
2023-24,15,po3bonl9lnvxil9y,051p8,ACTIVE
2023-24,15,po3bonl9lnvxil9y,04kj6,ACTIVE
2023-24,15,po3bonl9lnvxil9y,0015b,ACTIVE
2023-24,15,po3bonl9lnvxil9y,03ad2,ACTIVE
2023-24,15,po3bonl9lnvxil9y,04qsd,ACTIVE
2023-24,15,po3bonl9lnvxil9y,02ng3,ACTIVE
2023-24,15,po3bonl9lnvxil9y,05qtq,ACTIVE
2023-24,15,po3bonl9lnvxil9y,03ad7,ACTIVE
2023-24,15,po3bonl9lnvxil9y,0017e,ACTIVE
2023-24,15,po3bonl9lnvxil9y,03nwq,ACTIVE
2023-24,15,po3bonl9lnvxil9y,03el5,ACTIVE
2023-24,15,po3bonl9lnvxil9y,05qsl,ACTIVE
2023-24,15,po3bonl9lnvxil9y,031lv,ACTIVE
2023-24,15,b3jjri1ilnvxil9y,04ex8,ACTIVE
2023-24,15,b3jjri1ilnvxil9y,03r7u,ACTIVE
2023-24,15,b3jjri1ilnvxil9y,05uig,ACTIVE
2023-24,15,b3jjri1ilnvxil9y,042nw,ACTIVE
2023-24,15,b3jjri1ilnvxil9y,04qrr,ACTIVE
2023-24,15,b3jjri1ilnvxil9y,0621b,ACTIVE
2023-24,15,b3jjri1ilnvxil9y,005ki,ACTIVE
2023-24,15,b3jjri1ilnvxil9y,05uiu,ACTIVE
2023-24,15,b3jjri1ilnvxil9y,06216,ACTIVE
2023-24,15,b3jjri1ilnvxil9y,01eo6,ACTIVE
2023-24,15,b3jjri1ilnvxil9y,04qrm,ACTIVE
2023-24,15,b3jjri1ilnvxil9y,03nwk,ACTIVE
2023-24,15,b3jjri1ilnvxil9y,02nf1,ACTIVE
2023-24,15,b3jjri1ilnvxil9y,04ewf,ACTIVE
2023-24,15,b3jjri1ilnvxil9y,027oz,ACTIVE
2023-24,15,b3jjri1ilnvxil9y,02nf6,ACTIVE
2023-24,15,b3jjri1ilnvxil9y,049s6,ACTIVE
2023-24,15,b3jjri1ilnvxil9y,05uir,ACTIVE
2023-24,15,b3jjri1ilnvxil9y,000zv,ACTIVE
2023-24,15,b3jjri1ilnvxil9y,02nfz,ACTIVE
2023-24,15,eli9ckrglnvxil9y,051on,ACTIVE
2023-24,15,eli9ckrglnvxil9y,042nm,ACTIVE
2023-24,15,eli9ckrglnvxil9y,027p4,ACTIVE
2023-24,15,eli9ckrglnvxil9y,05uif,ACTIVE
2023-24,15,eli9ckrglnvxil9y,042n7,ACTIVE
2023-24,15,eli9ckrglnvxil9y,05qtl,ACTIVE
2023-24,15,eli9ckrglnvxil9y,051pa,ACTIVE
2023-24,15,eli9ckrglnvxil9y,031lz,ACTIVE
2023-24,15,eli9ckrglnvxil9y,04ewc,ACTIVE
2023-24,15,eli9ckrglnvxil9y,05qtv,ACTIVE
2023-24,15,eli9ckrglnvxil9y,04qs1,ACTIVE
2023-24,15,eli9ckrglnvxil9y,031lx,ACTIVE
2023-24,15,eli9ckrglnvxil9y,05uiq,ACTIVE
2023-24,15,eli9ckrglnvxil9y,027p0,ACTIVE
2023-24,15,eli9ckrglnvxil9y,03nwl,ACTIVE
2023-24,15,eli9ckrglnvxil9y,05qt0,ACTIVE
2023-24,15,eli9ckrglnvxil9y,01eon,ACTIVE
2023-24,15,eli9ckrglnvxil9y,06cc8,ACTIVE
2023-24,15,eli9ckrglnvxil9y,06218,ACTIVE
2023-24,15,eli9ckrglnvxil9y,03nwn,ACTIVE
2023-24,15,n7acn7jolnvxil9y,04qs9,ACTIVE
2023-24,15,n7acn7jolnvxil9y,05qsq,ACTIVE
2023-24,15,n7acn7jolnvxil9y,04ewt,ACTIVE
2023-24,15,n7acn7jolnvxil9y,06213,ACTIVE
2023-24,15,n7acn7jolnvxil9y,04qry,ACTIVE
2023-24,15,n7acn7jolnvxil9y,031m2,ACTIVE
2023-24,15,n7acn7jolnvxil9y,05uib,ACTIVE
2023-24,15,n7acn7jolnvxil9y,05qtj,ACTIVE
2023-24,15,n7acn7jolnvxil9y,04ewu,ACTIVE
2023-24,15,n7acn7jolnvxil9y,04qrl,ACTIVE
2023-24,15,n7acn7jolnvxil9y,051pb,ACTIVE
2023-24,15,n7acn7jolnvxil9y,03nwm,ACTIVE
2023-24,15,n7acn7jolnvxil9y,03al0,ACTIVE
2023-24,15,n7acn7jolnvxil9y,05qu9,ACTIVE
2023-24,15,n7acn7jolnvxil9y,03lls,ACTIVE
2023-24,15,n7acn7jolnvxil9y,06cab,ACTIVE
2023-24,15,n7acn7jolnvxil9y,051ol,ACTIVE
2023-24,15,n7acn7jolnvxil9y,04qse,ACTIVE
2023-24,15,n7acn7jolnvxil9y,03byk,ACTIVE
2023-24,15,n7acn7jolnvxil9y,031m0,ACTIVE
2023-24,15,qjg0vp84lnvxil9y,05qtr,ACTIVE
2023-24,15,qjg0vp84lnvxil9y,031m4,ACTIVE
2023-24,15,qjg0vp84lnvxil9y,04qsa,ACTIVE
2023-24,15,qjg0vp84lnvxil9y,05qto,ACTIVE
2023-24,15,qjg0vp84lnvxil9y,0621e,ACTIVE
2023-24,15,qjg0vp84lnvxil9y,05uid,ACTIVE
2023-24,15,qjg0vp84lnvxil9y,04xdu,ACTIVE
2023-24,15,qjg0vp84lnvxil9y,05uie,ACTIVE
2023-24,15,qjg0vp84lnvxil9y,06ccf,ACTIVE
2023-24,15,qjg0vp84lnvxil9y,05qub,ACTIVE
2023-24,15,qjg0vp84lnvxil9y,06210,ACTIVE
2023-24,15,qjg0vp84lnvxil9y,04qrw,ACTIVE
2023-24,15,qjg0vp84lnvxil9y,05qsx,ACTIVE
2023-24,15,qjg0vp84lnvxil9y,05qtt,ACTIVE
2023-24,15,qjg0vp84lnvxil9y,06214,ACTIVE
2023-24,15,qjg0vp84lnvxil9y,05qu0,ACTIVE
2023-24,15,qjg0vp84lnvxil9y,05qtf,ACTIVE
2023-24,15,qjg0vp84lnvxil9y,05qug,ACTIVE
2023-24,15,qjg0vp84lnvxil9y,04ewr,ACTIVE
2023-24,15,qjg0vp84lnvxil9y,05uih,ACTIVE
2023-24,15,y09j7i5alnvxil9y,04ewk,ACTIVE
2023-24,15,y09j7i5alnvxil9y,051or,ACTIVE
2023-24,15,y09j7i5alnvxil9y,06211,ACTIVE
2023-24,15,y09j7i5alnvxil9y,051ok,ACTIVE
2023-24,15,y09j7i5alnvxil9y,04848,ACTIVE
2023-24,15,y09j7i5alnvxil9y,03ams,ACTIVE
2023-24,15,y09j7i5alnvxil9y,03e6n,ACTIVE
2023-24,15,y09j7i5alnvxil9y,05uiz,ACTIVE
2023-24,15,y09j7i5alnvxil9y,01eo9,ACTIVE
2023-24,15,y09j7i5alnvxil9y,04qsj,ACTIVE
2023-24,15,y09j7i5alnvxil9y,03ad4,ACTIVE
2023-24,15,y09j7i5alnvxil9y,005kf,ACTIVE
2023-24,15,y09j7i5alnvxil9y,06cch,ACTIVE
2023-24,15,y09j7i5alnvxil9y,042nf,ACTIVE
2023-24,15,y09j7i5alnvxil9y,03al2,ACTIVE
2023-24,15,y09j7i5alnvxil9y,02nf7,ACTIVE
2023-24,15,y09j7i5alnvxil9y,02nf3,ACTIVE
2023-24,15,y09j7i5alnvxil9y,051os,ACTIVE
2023-24,15,y09j7i5alnvxil9y,01uz7,ACTIVE
2023-24,15,y09j7i5alnvxil9y,03wr4,ACTIVE
2023-24,15,9duu1755lnvxil9y,042n3,ACTIVE
2023-24,15,9duu1755lnvxil9y,04qrp,ACTIVE
2023-24,15,9duu1755lnvxil9y,04ewn,ACTIVE
2023-24,15,9duu1755lnvxil9y,051ot,ACTIVE
2023-24,15,9duu1755lnvxil9y,06cbx,ACTIVE
2023-24,15,9duu1755lnvxil9y,0621x,ACTIVE
2023-24,15,9duu1755lnvxil9y,04qs4,ACTIVE
2023-24,15,9duu1755lnvxil9y,04qro,ACTIVE
2023-24,15,9duu1755lnvxil9y,001aw,ACTIVE
2023-24,15,9duu1755lnvxil9y,0527l,ACTIVE
2023-24,15,9duu1755lnvxil9y,06cc2,ACTIVE
2023-24,15,9duu1755lnvxil9y,06cca,ACTIVE
2023-24,15,9duu1755lnvxil9y,051p0,ACTIVE
2023-24,15,9duu1755lnvxil9y,04qrj,ACTIVE
2023-24,15,9duu1755lnvxil9y,04qsm,ACTIVE
2023-24,15,9duu1755lnvxil9y,01uyj,ACTIVE
2023-24,15,9duu1755lnvxil9y,027oo,ACTIVE
2023-24,15,9duu1755lnvxil9y,02xg9,ACTIVE
2023-24,15,9duu1755lnvxil9y,03al1,ACTIVE
2023-24,15,9duu1755lnvxil9y,0011e,ACTIVE
2023-24,16,ts8qey4flnvxil9y,06215,ACTIVE
2023-24,16,ts8qey4flnvxil9y,0621c,ACTIVE
2023-24,16,ts8qey4flnvxil9y,042n4,ACTIVE
2023-24,16,ts8qey4flnvxil9y,03e75,ACTIVE
2023-24,16,ts8qey4flnvxil9y,0621k,ACTIVE
2023-24,16,ts8qey4flnvxil9y,0527h,ACTIVE
2023-24,16,ts8qey4flnvxil9y,05uus,ACTIVE
2023-24,16,ts8qey4flnvxil9y,0621g,ACTIVE
2023-24,16,ts8qey4flnvxil9y,05uii,ACTIVE
2023-24,16,ts8qey4flnvxil9y,04qrn,ACTIVE
2023-24,16,ts8qey4flnvxil9y,02ym0,ACTIVE
2023-24,16,ts8qey4flnvxil9y,06cdn,ACTIVE
2023-24,16,ts8qey4flnvxil9y,06cc5,ACTIVE
2023-24,16,ts8qey4flnvxil9y,06ca8,ACTIVE
2023-24,16,ts8qey4flnvxil9y,051oh,ACTIVE
2023-24,16,ts8qey4flnvxil9y,049kc,ACTIVE
2023-24,16,ts8qey4flnvxil9y,05qu1,ACTIVE
2023-24,16,ts8qey4flnvxil9y,027oj,ACTIVE
2023-24,16,ts8qey4flnvxil9y,05uj9,ACTIVE
2023-24,16,ts8qey4flnvxil9y,06cby,ACTIVE
2023-24,16,dljt8kz1lnvxil9y,0621u,ACTIVE
2023-24,16,dljt8kz1lnvxil9y,0015e,ACTIVE
2023-24,16,dljt8kz1lnvxil9y,01enh,ACTIVE
2023-24,16,dljt8kz1lnvxil9y,04qrk,ACTIVE
2023-24,16,dljt8kz1lnvxil9y,05uic,ACTIVE
2023-24,16,dljt8kz1lnvxil9y,04ewm,ACTIVE
2023-24,16,dljt8kz1lnvxil9y,005kc,ACTIVE
2023-24,16,dljt8kz1lnvxil9y,0621l,ACTIVE
2023-24,16,dljt8kz1lnvxil9y,03ajv,ACTIVE
2023-24,16,dljt8kz1lnvxil9y,03aq3,ACTIVE
2023-24,16,dljt8kz1lnvxil9y,027pe,ACTIVE
2023-24,16,dljt8kz1lnvxil9y,051oj,ACTIVE
2023-24,16,dljt8kz1lnvxil9y,0558t,ACTIVE
2023-24,16,dljt8kz1lnvxil9y,051pi,ACTIVE
2023-24,16,dljt8kz1lnvxil9y,04qsi,ACTIVE
2023-24,16,dljt8kz1lnvxil9y,05qt3,ACTIVE
2023-24,16,dljt8kz1lnvxil9y,03r7r,ACTIVE
2023-24,16,dljt8kz1lnvxil9y,031m9,ACTIVE
2023-24,16,dljt8kz1lnvxil9y,03r7h,ACTIVE
2023-24,16,dljt8kz1lnvxil9y,05qst,ACTIVE
2023-24,16,jixaa8l3lnvxil9y,03ad3,ACTIVE
2023-24,16,jixaa8l3lnvxil9y,051ps,ACTIVE
2023-24,16,jixaa8l3lnvxil9y,03xmv,ACTIVE
2023-24,16,jixaa8l3lnvxil9y,027pg,ACTIVE
2023-24,16,jixaa8l3lnvxil9y,05uip,ACTIVE
2023-24,16,jixaa8l3lnvxil9y,049kb,ACTIVE
2023-24,16,jixaa8l3lnvxil9y,051p2,ACTIVE
2023-24,16,jixaa8l3lnvxil9y,03e6u,ACTIVE
2023-24,16,jixaa8l3lnvxil9y,051p9,ACTIVE
2023-24,16,jixaa8l3lnvxil9y,042n1,ACTIVE
2023-24,16,jixaa8l3lnvxil9y,03r7z,ACTIVE
2023-24,16,jixaa8l3lnvxil9y,051oi,ACTIVE
2023-24,16,jixaa8l3lnvxil9y,049kd,ACTIVE
2023-24,16,jixaa8l3lnvxil9y,03lg1,ACTIVE
2023-24,16,jixaa8l3lnvxil9y,03e6s,ACTIVE
2023-24,16,jixaa8l3lnvxil9y,0621n,ACTIVE
2023-24,16,jixaa8l3lnvxil9y,042nt,ACTIVE
2023-24,16,jixaa8l3lnvxil9y,03ad0,ACTIVE
2023-24,16,jixaa8l3lnvxil9y,06212,ACTIVE
2023-24,16,jixaa8l3lnvxil9y,042nq,ACTIVE
2023-24,16,po3bonl9lnvxil9y,04ewe,ACTIVE
2023-24,16,po3bonl9lnvxil9y,03aq2,ACTIVE
2023-24,16,po3bonl9lnvxil9y,03e74,ACTIVE
2023-24,16,po3bonl9lnvxil9y,042n6,ACTIVE
2023-24,16,po3bonl9lnvxil9y,0496e,ACTIVE
2023-24,16,po3bonl9lnvxil9y,027ou,ACTIVE
2023-24,16,po3bonl9lnvxil9y,04azw,ACTIVE
2023-24,16,po3bonl9lnvxil9y,051p8,ACTIVE
2023-24,16,po3bonl9lnvxil9y,04kj6,ACTIVE
2023-24,16,po3bonl9lnvxil9y,0015b,ACTIVE
2023-24,16,po3bonl9lnvxil9y,03ad2,ACTIVE
2023-24,16,po3bonl9lnvxil9y,04qsd,ACTIVE
2023-24,16,po3bonl9lnvxil9y,02ng3,ACTIVE
2023-24,16,po3bonl9lnvxil9y,05qtq,ACTIVE
2023-24,16,po3bonl9lnvxil9y,03ad7,ACTIVE
2023-24,16,po3bonl9lnvxil9y,0017e,ACTIVE
2023-24,16,po3bonl9lnvxil9y,03nwq,ACTIVE
2023-24,16,po3bonl9lnvxil9y,03el5,ACTIVE
2023-24,16,po3bonl9lnvxil9y,05qsl,ACTIVE
2023-24,16,po3bonl9lnvxil9y,031lv,ACTIVE
2023-24,16,b3jjri1ilnvxil9y,04ex8,ACTIVE
2023-24,16,b3jjri1ilnvxil9y,03r7u,ACTIVE
2023-24,16,b3jjri1ilnvxil9y,05uig,ACTIVE
2023-24,16,b3jjri1ilnvxil9y,042nw,ACTIVE
2023-24,16,b3jjri1ilnvxil9y,04qrr,ACTIVE
2023-24,16,b3jjri1ilnvxil9y,0621b,ACTIVE
2023-24,16,b3jjri1ilnvxil9y,005ki,ACTIVE
2023-24,16,b3jjri1ilnvxil9y,05uiu,ACTIVE
2023-24,16,b3jjri1ilnvxil9y,06216,ACTIVE
2023-24,16,b3jjri1ilnvxil9y,01eo6,ACTIVE
2023-24,16,b3jjri1ilnvxil9y,04qrm,ACTIVE
2023-24,16,b3jjri1ilnvxil9y,03nwk,ACTIVE
2023-24,16,b3jjri1ilnvxil9y,02nf1,ACTIVE
2023-24,16,b3jjri1ilnvxil9y,04ewf,ACTIVE
2023-24,16,b3jjri1ilnvxil9y,027oz,ACTIVE
2023-24,16,b3jjri1ilnvxil9y,02nf6,ACTIVE
2023-24,16,b3jjri1ilnvxil9y,049s6,ACTIVE
2023-24,16,b3jjri1ilnvxil9y,05uir,ACTIVE
2023-24,16,b3jjri1ilnvxil9y,000zv,ACTIVE
2023-24,16,b3jjri1ilnvxil9y,02nfz,ACTIVE
2023-24,16,eli9ckrglnvxil9y,051on,ACTIVE
2023-24,16,eli9ckrglnvxil9y,042nm,ACTIVE
2023-24,16,eli9ckrglnvxil9y,027p4,ACTIVE
2023-24,16,eli9ckrglnvxil9y,05uif,ACTIVE
2023-24,16,eli9ckrglnvxil9y,042n7,ACTIVE
2023-24,16,eli9ckrglnvxil9y,05qtl,ACTIVE
2023-24,16,eli9ckrglnvxil9y,051pa,ACTIVE
2023-24,16,eli9ckrglnvxil9y,031lz,ACTIVE
2023-24,16,eli9ckrglnvxil9y,04ewc,ACTIVE
2023-24,16,eli9ckrglnvxil9y,05qtv,ACTIVE
2023-24,16,eli9ckrglnvxil9y,04qs1,ACTIVE
2023-24,16,eli9ckrglnvxil9y,031lx,ACTIVE
2023-24,16,eli9ckrglnvxil9y,05uiq,ACTIVE
2023-24,16,eli9ckrglnvxil9y,027p0,ACTIVE
2023-24,16,eli9ckrglnvxil9y,03nwl,ACTIVE
2023-24,16,eli9ckrglnvxil9y,05qt0,ACTIVE
2023-24,16,eli9ckrglnvxil9y,01eon,ACTIVE
2023-24,16,eli9ckrglnvxil9y,06cc8,ACTIVE
2023-24,16,eli9ckrglnvxil9y,06218,ACTIVE
2023-24,16,eli9ckrglnvxil9y,03nwn,ACTIVE
2023-24,16,n7acn7jolnvxil9y,04qs9,ACTIVE
2023-24,16,n7acn7jolnvxil9y,05qsq,ACTIVE
2023-24,16,n7acn7jolnvxil9y,04ewt,ACTIVE
2023-24,16,n7acn7jolnvxil9y,06213,ACTIVE
2023-24,16,n7acn7jolnvxil9y,04qry,ACTIVE
2023-24,16,n7acn7jolnvxil9y,031m2,ACTIVE
2023-24,16,n7acn7jolnvxil9y,05uib,ACTIVE
2023-24,16,n7acn7jolnvxil9y,05qtj,ACTIVE
2023-24,16,n7acn7jolnvxil9y,04ewu,ACTIVE
2023-24,16,n7acn7jolnvxil9y,04qrl,ACTIVE
2023-24,16,n7acn7jolnvxil9y,051pb,ACTIVE
2023-24,16,n7acn7jolnvxil9y,03nwm,ACTIVE
2023-24,16,n7acn7jolnvxil9y,03al0,ACTIVE
2023-24,16,n7acn7jolnvxil9y,05qu9,ACTIVE
2023-24,16,n7acn7jolnvxil9y,03lls,ACTIVE
2023-24,16,n7acn7jolnvxil9y,06cab,ACTIVE
2023-24,16,n7acn7jolnvxil9y,051ol,ACTIVE
2023-24,16,n7acn7jolnvxil9y,04qse,ACTIVE
2023-24,16,n7acn7jolnvxil9y,03byk,ACTIVE
2023-24,16,n7acn7jolnvxil9y,031m0,ACTIVE
2023-24,16,qjg0vp84lnvxil9y,05qtr,ACTIVE
2023-24,16,qjg0vp84lnvxil9y,031m4,ACTIVE
2023-24,16,qjg0vp84lnvxil9y,04qsa,ACTIVE
2023-24,16,qjg0vp84lnvxil9y,05qto,ACTIVE
2023-24,16,qjg0vp84lnvxil9y,0621e,ACTIVE
2023-24,16,qjg0vp84lnvxil9y,05uid,ACTIVE
2023-24,16,qjg0vp84lnvxil9y,04xdu,ACTIVE
2023-24,16,qjg0vp84lnvxil9y,05uie,ACTIVE
2023-24,16,qjg0vp84lnvxil9y,06ccf,ACTIVE
2023-24,16,qjg0vp84lnvxil9y,05qub,ACTIVE
2023-24,16,qjg0vp84lnvxil9y,06210,ACTIVE
2023-24,16,qjg0vp84lnvxil9y,04qrw,ACTIVE
2023-24,16,qjg0vp84lnvxil9y,05qsx,ACTIVE
2023-24,16,qjg0vp84lnvxil9y,05qtt,ACTIVE
2023-24,16,qjg0vp84lnvxil9y,06214,ACTIVE
2023-24,16,qjg0vp84lnvxil9y,05qu0,ACTIVE
2023-24,16,qjg0vp84lnvxil9y,05qtf,ACTIVE
2023-24,16,qjg0vp84lnvxil9y,05qug,ACTIVE
2023-24,16,qjg0vp84lnvxil9y,04ewr,ACTIVE
2023-24,16,qjg0vp84lnvxil9y,05uih,ACTIVE
2023-24,16,y09j7i5alnvxil9y,04ewk,ACTIVE
2023-24,16,y09j7i5alnvxil9y,051or,ACTIVE
2023-24,16,y09j7i5alnvxil9y,06211,ACTIVE
2023-24,16,y09j7i5alnvxil9y,051ok,ACTIVE
2023-24,16,y09j7i5alnvxil9y,04848,ACTIVE
2023-24,16,y09j7i5alnvxil9y,03ams,ACTIVE
2023-24,16,y09j7i5alnvxil9y,03e6n,ACTIVE
2023-24,16,y09j7i5alnvxil9y,05uiz,ACTIVE
2023-24,16,y09j7i5alnvxil9y,01eo9,ACTIVE
2023-24,16,y09j7i5alnvxil9y,04qsj,ACTIVE
2023-24,16,y09j7i5alnvxil9y,03ad4,ACTIVE
2023-24,16,y09j7i5alnvxil9y,005kf,ACTIVE
2023-24,16,y09j7i5alnvxil9y,06cch,ACTIVE
2023-24,16,y09j7i5alnvxil9y,042nf,ACTIVE
2023-24,16,y09j7i5alnvxil9y,03al2,ACTIVE
2023-24,16,y09j7i5alnvxil9y,02nf7,ACTIVE
2023-24,16,y09j7i5alnvxil9y,02nf3,ACTIVE
2023-24,16,y09j7i5alnvxil9y,051os,ACTIVE
2023-24,16,y09j7i5alnvxil9y,01uz7,ACTIVE
2023-24,16,y09j7i5alnvxil9y,03wr4,ACTIVE
2023-24,16,9duu1755lnvxil9y,042n3,ACTIVE
2023-24,16,9duu1755lnvxil9y,04qrp,ACTIVE
2023-24,16,9duu1755lnvxil9y,04ewn,ACTIVE
2023-24,16,9duu1755lnvxil9y,051ot,ACTIVE
2023-24,16,9duu1755lnvxil9y,06cbx,ACTIVE
2023-24,16,9duu1755lnvxil9y,0621x,ACTIVE
2023-24,16,9duu1755lnvxil9y,04qs4,ACTIVE
2023-24,16,9duu1755lnvxil9y,04qro,ACTIVE
2023-24,16,9duu1755lnvxil9y,001aw,ACTIVE
2023-24,16,9duu1755lnvxil9y,0527l,ACTIVE
2023-24,16,9duu1755lnvxil9y,06cc2,ACTIVE
2023-24,16,9duu1755lnvxil9y,06cca,ACTIVE
2023-24,16,9duu1755lnvxil9y,051p0,ACTIVE
2023-24,16,9duu1755lnvxil9y,04qrj,ACTIVE
2023-24,16,9duu1755lnvxil9y,04qsm,ACTIVE
2023-24,16,9duu1755lnvxil9y,01uyj,ACTIVE
2023-24,16,9duu1755lnvxil9y,027oo,ACTIVE
2023-24,16,9duu1755lnvxil9y,02xg9,ACTIVE
2023-24,16,9duu1755lnvxil9y,03al1,ACTIVE
2023-24,16,9duu1755lnvxil9y,0011e,ACTIVE
2023-24,17,ts8qey4flnvxil9y,06215,ACTIVE
2023-24,17,ts8qey4flnvxil9y,0621c,ACTIVE
2023-24,17,ts8qey4flnvxil9y,042n4,ACTIVE
2023-24,17,ts8qey4flnvxil9y,03e75,ACTIVE
2023-24,17,ts8qey4flnvxil9y,0621k,ACTIVE
2023-24,17,ts8qey4flnvxil9y,0527h,ACTIVE
2023-24,17,ts8qey4flnvxil9y,05uus,ACTIVE
2023-24,17,ts8qey4flnvxil9y,0621g,ACTIVE
2023-24,17,ts8qey4flnvxil9y,05uii,ACTIVE
2023-24,17,ts8qey4flnvxil9y,04qrn,ACTIVE
2023-24,17,ts8qey4flnvxil9y,02ym0,ACTIVE
2023-24,17,ts8qey4flnvxil9y,06cdn,ACTIVE
2023-24,17,ts8qey4flnvxil9y,06cc5,ACTIVE
2023-24,17,ts8qey4flnvxil9y,06ca8,ACTIVE
2023-24,17,ts8qey4flnvxil9y,051oh,ACTIVE
2023-24,17,ts8qey4flnvxil9y,049kc,ACTIVE
2023-24,17,ts8qey4flnvxil9y,05qu1,ACTIVE
2023-24,17,ts8qey4flnvxil9y,027oj,ACTIVE
2023-24,17,ts8qey4flnvxil9y,05uj9,ACTIVE
2023-24,17,ts8qey4flnvxil9y,06cby,ACTIVE
2023-24,17,dljt8kz1lnvxil9y,0621u,ACTIVE
2023-24,17,dljt8kz1lnvxil9y,0015e,ACTIVE
2023-24,17,dljt8kz1lnvxil9y,01enh,ACTIVE
2023-24,17,dljt8kz1lnvxil9y,04qrk,ACTIVE
2023-24,17,dljt8kz1lnvxil9y,05uic,ACTIVE
2023-24,17,dljt8kz1lnvxil9y,04ewm,ACTIVE
2023-24,17,dljt8kz1lnvxil9y,005kc,ACTIVE
2023-24,17,dljt8kz1lnvxil9y,0621l,ACTIVE
2023-24,17,dljt8kz1lnvxil9y,03ajv,ACTIVE
2023-24,17,dljt8kz1lnvxil9y,03aq3,ACTIVE
2023-24,17,dljt8kz1lnvxil9y,027pe,ACTIVE
2023-24,17,dljt8kz1lnvxil9y,051oj,ACTIVE
2023-24,17,dljt8kz1lnvxil9y,0558t,ACTIVE
2023-24,17,dljt8kz1lnvxil9y,051pi,ACTIVE
2023-24,17,dljt8kz1lnvxil9y,04qsi,ACTIVE
2023-24,17,dljt8kz1lnvxil9y,05qt3,ACTIVE
2023-24,17,dljt8kz1lnvxil9y,03r7r,ACTIVE
2023-24,17,dljt8kz1lnvxil9y,031m9,ACTIVE
2023-24,17,dljt8kz1lnvxil9y,03r7h,ACTIVE
2023-24,17,dljt8kz1lnvxil9y,05qst,ACTIVE
2023-24,17,jixaa8l3lnvxil9y,03ad3,ACTIVE
2023-24,17,jixaa8l3lnvxil9y,051ps,ACTIVE
2023-24,17,jixaa8l3lnvxil9y,03xmv,ACTIVE
2023-24,17,jixaa8l3lnvxil9y,027pg,ACTIVE
2023-24,17,jixaa8l3lnvxil9y,05uip,ACTIVE
2023-24,17,jixaa8l3lnvxil9y,049kb,ACTIVE
2023-24,17,jixaa8l3lnvxil9y,051p2,ACTIVE
2023-24,17,jixaa8l3lnvxil9y,03e6u,ACTIVE
2023-24,17,jixaa8l3lnvxil9y,051p9,ACTIVE
2023-24,17,jixaa8l3lnvxil9y,042n1,ACTIVE
2023-24,17,jixaa8l3lnvxil9y,03r7z,ACTIVE
2023-24,17,jixaa8l3lnvxil9y,051oi,ACTIVE
2023-24,17,jixaa8l3lnvxil9y,049kd,ACTIVE
2023-24,17,jixaa8l3lnvxil9y,03lg1,ACTIVE
2023-24,17,jixaa8l3lnvxil9y,03e6s,ACTIVE
2023-24,17,jixaa8l3lnvxil9y,0621n,ACTIVE
2023-24,17,jixaa8l3lnvxil9y,042nt,ACTIVE
2023-24,17,jixaa8l3lnvxil9y,03ad0,ACTIVE
2023-24,17,jixaa8l3lnvxil9y,06212,ACTIVE
2023-24,17,jixaa8l3lnvxil9y,042nq,ACTIVE
2023-24,17,po3bonl9lnvxil9y,04ewe,ACTIVE
2023-24,17,po3bonl9lnvxil9y,03aq2,ACTIVE
2023-24,17,po3bonl9lnvxil9y,03e74,ACTIVE
2023-24,17,po3bonl9lnvxil9y,042n6,ACTIVE
2023-24,17,po3bonl9lnvxil9y,0496e,ACTIVE
2023-24,17,po3bonl9lnvxil9y,027ou,ACTIVE
2023-24,17,po3bonl9lnvxil9y,04azw,ACTIVE
2023-24,17,po3bonl9lnvxil9y,051p8,ACTIVE
2023-24,17,po3bonl9lnvxil9y,04kj6,ACTIVE
2023-24,17,po3bonl9lnvxil9y,0015b,ACTIVE
2023-24,17,po3bonl9lnvxil9y,03ad2,ACTIVE
2023-24,17,po3bonl9lnvxil9y,04qsd,ACTIVE
2023-24,17,po3bonl9lnvxil9y,02ng3,ACTIVE
2023-24,17,po3bonl9lnvxil9y,05qtq,ACTIVE
2023-24,17,po3bonl9lnvxil9y,03ad7,ACTIVE
2023-24,17,po3bonl9lnvxil9y,0017e,ACTIVE
2023-24,17,po3bonl9lnvxil9y,03nwq,ACTIVE
2023-24,17,po3bonl9lnvxil9y,03el5,ACTIVE
2023-24,17,po3bonl9lnvxil9y,05qsl,ACTIVE
2023-24,17,po3bonl9lnvxil9y,031lv,ACTIVE
2023-24,17,b3jjri1ilnvxil9y,04ex8,ACTIVE
2023-24,17,b3jjri1ilnvxil9y,03r7u,ACTIVE
2023-24,17,b3jjri1ilnvxil9y,05uig,ACTIVE
2023-24,17,b3jjri1ilnvxil9y,042nw,ACTIVE
2023-24,17,b3jjri1ilnvxil9y,04qrr,ACTIVE
2023-24,17,b3jjri1ilnvxil9y,0621b,ACTIVE
2023-24,17,b3jjri1ilnvxil9y,005ki,ACTIVE
2023-24,17,b3jjri1ilnvxil9y,05uiu,ACTIVE
2023-24,17,b3jjri1ilnvxil9y,06216,ACTIVE
2023-24,17,b3jjri1ilnvxil9y,01eo6,ACTIVE
2023-24,17,b3jjri1ilnvxil9y,04qrm,ACTIVE
2023-24,17,b3jjri1ilnvxil9y,03nwk,ACTIVE
2023-24,17,b3jjri1ilnvxil9y,02nf1,ACTIVE
2023-24,17,b3jjri1ilnvxil9y,04ewf,ACTIVE
2023-24,17,b3jjri1ilnvxil9y,027oz,ACTIVE
2023-24,17,b3jjri1ilnvxil9y,02nf6,ACTIVE
2023-24,17,b3jjri1ilnvxil9y,049s6,ACTIVE
2023-24,17,b3jjri1ilnvxil9y,05uir,ACTIVE
2023-24,17,b3jjri1ilnvxil9y,000zv,ACTIVE
2023-24,17,b3jjri1ilnvxil9y,02nfz,ACTIVE
2023-24,17,eli9ckrglnvxil9y,051on,ACTIVE
2023-24,17,eli9ckrglnvxil9y,042nm,ACTIVE
2023-24,17,eli9ckrglnvxil9y,027p4,ACTIVE
2023-24,17,eli9ckrglnvxil9y,05uif,ACTIVE
2023-24,17,eli9ckrglnvxil9y,042n7,ACTIVE
2023-24,17,eli9ckrglnvxil9y,05qtl,ACTIVE
2023-24,17,eli9ckrglnvxil9y,051pa,ACTIVE
2023-24,17,eli9ckrglnvxil9y,031lz,ACTIVE
2023-24,17,eli9ckrglnvxil9y,04ewc,ACTIVE
2023-24,17,eli9ckrglnvxil9y,05qtv,ACTIVE
2023-24,17,eli9ckrglnvxil9y,04qs1,ACTIVE
2023-24,17,eli9ckrglnvxil9y,031lx,ACTIVE
2023-24,17,eli9ckrglnvxil9y,05uiq,ACTIVE
2023-24,17,eli9ckrglnvxil9y,027p0,ACTIVE
2023-24,17,eli9ckrglnvxil9y,03nwl,ACTIVE
2023-24,17,eli9ckrglnvxil9y,05qt0,ACTIVE
2023-24,17,eli9ckrglnvxil9y,01eon,ACTIVE
2023-24,17,eli9ckrglnvxil9y,06cc8,ACTIVE
2023-24,17,eli9ckrglnvxil9y,06218,ACTIVE
2023-24,17,eli9ckrglnvxil9y,03nwn,ACTIVE
2023-24,17,n7acn7jolnvxil9y,04qs9,ACTIVE
2023-24,17,n7acn7jolnvxil9y,05qsq,ACTIVE
2023-24,17,n7acn7jolnvxil9y,04ewt,ACTIVE
2023-24,17,n7acn7jolnvxil9y,06213,ACTIVE
2023-24,17,n7acn7jolnvxil9y,04qry,ACTIVE
2023-24,17,n7acn7jolnvxil9y,031m2,ACTIVE
2023-24,17,n7acn7jolnvxil9y,05uib,ACTIVE
2023-24,17,n7acn7jolnvxil9y,05qtj,ACTIVE
2023-24,17,n7acn7jolnvxil9y,04ewu,ACTIVE
2023-24,17,n7acn7jolnvxil9y,04qrl,ACTIVE
2023-24,17,n7acn7jolnvxil9y,051pb,ACTIVE
2023-24,17,n7acn7jolnvxil9y,03nwm,ACTIVE
2023-24,17,n7acn7jolnvxil9y,03al0,ACTIVE
2023-24,17,n7acn7jolnvxil9y,05qu9,ACTIVE
2023-24,17,n7acn7jolnvxil9y,03lls,ACTIVE
2023-24,17,n7acn7jolnvxil9y,06cab,ACTIVE
2023-24,17,n7acn7jolnvxil9y,051ol,ACTIVE
2023-24,17,n7acn7jolnvxil9y,04qse,ACTIVE
2023-24,17,n7acn7jolnvxil9y,03byk,ACTIVE
2023-24,17,n7acn7jolnvxil9y,031m0,ACTIVE
2023-24,17,qjg0vp84lnvxil9y,05qtr,ACTIVE
2023-24,17,qjg0vp84lnvxil9y,031m4,ACTIVE
2023-24,17,qjg0vp84lnvxil9y,04qsa,ACTIVE
2023-24,17,qjg0vp84lnvxil9y,05qto,ACTIVE
2023-24,17,qjg0vp84lnvxil9y,0621e,ACTIVE
2023-24,17,qjg0vp84lnvxil9y,05uid,ACTIVE
2023-24,17,qjg0vp84lnvxil9y,04xdu,ACTIVE
2023-24,17,qjg0vp84lnvxil9y,05uie,ACTIVE
2023-24,17,qjg0vp84lnvxil9y,06ccf,ACTIVE
2023-24,17,qjg0vp84lnvxil9y,05qub,ACTIVE
2023-24,17,qjg0vp84lnvxil9y,06210,ACTIVE
2023-24,17,qjg0vp84lnvxil9y,04qrw,ACTIVE
2023-24,17,qjg0vp84lnvxil9y,05qsx,ACTIVE
2023-24,17,qjg0vp84lnvxil9y,05qtt,ACTIVE
2023-24,17,qjg0vp84lnvxil9y,06214,ACTIVE
2023-24,17,qjg0vp84lnvxil9y,05qu0,ACTIVE
2023-24,17,qjg0vp84lnvxil9y,05qtf,ACTIVE
2023-24,17,qjg0vp84lnvxil9y,05qug,ACTIVE
2023-24,17,qjg0vp84lnvxil9y,04ewr,ACTIVE
2023-24,17,qjg0vp84lnvxil9y,05uih,ACTIVE
2023-24,17,y09j7i5alnvxil9y,04ewk,ACTIVE
2023-24,17,y09j7i5alnvxil9y,051or,ACTIVE
2023-24,17,y09j7i5alnvxil9y,06211,ACTIVE
2023-24,17,y09j7i5alnvxil9y,051ok,ACTIVE
2023-24,17,y09j7i5alnvxil9y,04848,ACTIVE
2023-24,17,y09j7i5alnvxil9y,03ams,ACTIVE
2023-24,17,y09j7i5alnvxil9y,03e6n,ACTIVE
2023-24,17,y09j7i5alnvxil9y,05uiz,ACTIVE
2023-24,17,y09j7i5alnvxil9y,01eo9,ACTIVE
2023-24,17,y09j7i5alnvxil9y,04qsj,ACTIVE
2023-24,17,y09j7i5alnvxil9y,03ad4,ACTIVE
2023-24,17,y09j7i5alnvxil9y,005kf,ACTIVE
2023-24,17,y09j7i5alnvxil9y,06cch,ACTIVE
2023-24,17,y09j7i5alnvxil9y,042nf,ACTIVE
2023-24,17,y09j7i5alnvxil9y,03al2,ACTIVE
2023-24,17,y09j7i5alnvxil9y,02nf7,ACTIVE
2023-24,17,y09j7i5alnvxil9y,02nf3,ACTIVE
2023-24,17,y09j7i5alnvxil9y,051os,ACTIVE
2023-24,17,y09j7i5alnvxil9y,01uz7,ACTIVE
2023-24,17,y09j7i5alnvxil9y,03wr4,ACTIVE
2023-24,17,9duu1755lnvxil9y,042n3,ACTIVE
2023-24,17,9duu1755lnvxil9y,04qrp,ACTIVE
2023-24,17,9duu1755lnvxil9y,04ewn,ACTIVE
2023-24,17,9duu1755lnvxil9y,051ot,ACTIVE
2023-24,17,9duu1755lnvxil9y,06cbx,ACTIVE
2023-24,17,9duu1755lnvxil9y,0621x,ACTIVE
2023-24,17,9duu1755lnvxil9y,04qs4,ACTIVE
2023-24,17,9duu1755lnvxil9y,04qro,ACTIVE
2023-24,17,9duu1755lnvxil9y,001aw,ACTIVE
2023-24,17,9duu1755lnvxil9y,0527l,ACTIVE
2023-24,17,9duu1755lnvxil9y,06cc2,ACTIVE
2023-24,17,9duu1755lnvxil9y,06cca,ACTIVE
2023-24,17,9duu1755lnvxil9y,051p0,ACTIVE
2023-24,17,9duu1755lnvxil9y,04qrj,ACTIVE
2023-24,17,9duu1755lnvxil9y,04qsm,ACTIVE
2023-24,17,9duu1755lnvxil9y,01uyj,ACTIVE
2023-24,17,9duu1755lnvxil9y,027oo,ACTIVE
2023-24,17,9duu1755lnvxil9y,02xg9,ACTIVE
2023-24,17,9duu1755lnvxil9y,03al1,ACTIVE
2023-24,17,9duu1755lnvxil9y,0011e,ACTIVE
2023-24,18,ts8qey4flnvxil9y,06215,ACTIVE
2023-24,18,ts8qey4flnvxil9y,0621c,ACTIVE
2023-24,18,ts8qey4flnvxil9y,042n4,ACTIVE
2023-24,18,ts8qey4flnvxil9y,03e75,ACTIVE
2023-24,18,ts8qey4flnvxil9y,0621k,ACTIVE
2023-24,18,ts8qey4flnvxil9y,0527h,ACTIVE
2023-24,18,ts8qey4flnvxil9y,05uus,ACTIVE
2023-24,18,ts8qey4flnvxil9y,0621g,ACTIVE
2023-24,18,ts8qey4flnvxil9y,05uii,ACTIVE
2023-24,18,ts8qey4flnvxil9y,04qrn,ACTIVE
2023-24,18,ts8qey4flnvxil9y,02ym0,ACTIVE
2023-24,18,ts8qey4flnvxil9y,06cdn,ACTIVE
2023-24,18,ts8qey4flnvxil9y,06cc5,ACTIVE
2023-24,18,ts8qey4flnvxil9y,06ca8,ACTIVE
2023-24,18,ts8qey4flnvxil9y,051oh,ACTIVE
2023-24,18,ts8qey4flnvxil9y,049kc,ACTIVE
2023-24,18,ts8qey4flnvxil9y,05qu1,ACTIVE
2023-24,18,ts8qey4flnvxil9y,027oj,ACTIVE
2023-24,18,ts8qey4flnvxil9y,05uj9,ACTIVE
2023-24,18,ts8qey4flnvxil9y,06cby,ACTIVE
2023-24,18,dljt8kz1lnvxil9y,0621u,ACTIVE
2023-24,18,dljt8kz1lnvxil9y,0015e,ACTIVE
2023-24,18,dljt8kz1lnvxil9y,01enh,ACTIVE
2023-24,18,dljt8kz1lnvxil9y,04qrk,ACTIVE
2023-24,18,dljt8kz1lnvxil9y,05uic,ACTIVE
2023-24,18,dljt8kz1lnvxil9y,04ewm,ACTIVE
2023-24,18,dljt8kz1lnvxil9y,005kc,ACTIVE
2023-24,18,dljt8kz1lnvxil9y,0621l,ACTIVE
2023-24,18,dljt8kz1lnvxil9y,03ajv,ACTIVE
2023-24,18,dljt8kz1lnvxil9y,03aq3,ACTIVE
2023-24,18,dljt8kz1lnvxil9y,027pe,ACTIVE
2023-24,18,dljt8kz1lnvxil9y,051oj,ACTIVE
2023-24,18,dljt8kz1lnvxil9y,0558t,ACTIVE
2023-24,18,dljt8kz1lnvxil9y,051pi,ACTIVE
2023-24,18,dljt8kz1lnvxil9y,04qsi,ACTIVE
2023-24,18,dljt8kz1lnvxil9y,05qt3,ACTIVE
2023-24,18,dljt8kz1lnvxil9y,03r7r,ACTIVE
2023-24,18,dljt8kz1lnvxil9y,031m9,ACTIVE
2023-24,18,dljt8kz1lnvxil9y,03r7h,ACTIVE
2023-24,18,dljt8kz1lnvxil9y,05qst,ACTIVE
2023-24,18,jixaa8l3lnvxil9y,03ad3,ACTIVE
2023-24,18,jixaa8l3lnvxil9y,051ps,ACTIVE
2023-24,18,jixaa8l3lnvxil9y,03xmv,ACTIVE
2023-24,18,jixaa8l3lnvxil9y,027pg,ACTIVE
2023-24,18,jixaa8l3lnvxil9y,05uip,ACTIVE
2023-24,18,jixaa8l3lnvxil9y,049kb,ACTIVE
2023-24,18,jixaa8l3lnvxil9y,051p2,ACTIVE
2023-24,18,jixaa8l3lnvxil9y,03e6u,ACTIVE
2023-24,18,jixaa8l3lnvxil9y,051p9,ACTIVE
2023-24,18,jixaa8l3lnvxil9y,042n1,ACTIVE
2023-24,18,jixaa8l3lnvxil9y,03r7z,ACTIVE
2023-24,18,jixaa8l3lnvxil9y,051oi,ACTIVE
2023-24,18,jixaa8l3lnvxil9y,049kd,ACTIVE
2023-24,18,jixaa8l3lnvxil9y,03lg1,ACTIVE
2023-24,18,jixaa8l3lnvxil9y,03e6s,ACTIVE
2023-24,18,jixaa8l3lnvxil9y,0621n,ACTIVE
2023-24,18,jixaa8l3lnvxil9y,042nt,ACTIVE
2023-24,18,jixaa8l3lnvxil9y,03ad0,ACTIVE
2023-24,18,jixaa8l3lnvxil9y,06212,ACTIVE
2023-24,18,jixaa8l3lnvxil9y,042nq,ACTIVE
2023-24,18,po3bonl9lnvxil9y,04ewe,ACTIVE
2023-24,18,po3bonl9lnvxil9y,03aq2,ACTIVE
2023-24,18,po3bonl9lnvxil9y,03e74,ACTIVE
2023-24,18,po3bonl9lnvxil9y,042n6,ACTIVE
2023-24,18,po3bonl9lnvxil9y,0496e,ACTIVE
2023-24,18,po3bonl9lnvxil9y,027ou,ACTIVE
2023-24,18,po3bonl9lnvxil9y,04azw,ACTIVE
2023-24,18,po3bonl9lnvxil9y,051p8,ACTIVE
2023-24,18,po3bonl9lnvxil9y,04kj6,ACTIVE
2023-24,18,po3bonl9lnvxil9y,0015b,ACTIVE
2023-24,18,po3bonl9lnvxil9y,03ad2,ACTIVE
2023-24,18,po3bonl9lnvxil9y,04qsd,ACTIVE
2023-24,18,po3bonl9lnvxil9y,02ng3,ACTIVE
2023-24,18,po3bonl9lnvxil9y,05qtq,ACTIVE
2023-24,18,po3bonl9lnvxil9y,03ad7,ACTIVE
2023-24,18,po3bonl9lnvxil9y,0017e,ACTIVE
2023-24,18,po3bonl9lnvxil9y,03nwq,ACTIVE
2023-24,18,po3bonl9lnvxil9y,03el5,ACTIVE
2023-24,18,po3bonl9lnvxil9y,05qsl,ACTIVE
2023-24,18,po3bonl9lnvxil9y,031lv,ACTIVE
2023-24,18,b3jjri1ilnvxil9y,04ex8,ACTIVE
2023-24,18,b3jjri1ilnvxil9y,03r7u,ACTIVE
2023-24,18,b3jjri1ilnvxil9y,05uig,ACTIVE
2023-24,18,b3jjri1ilnvxil9y,042nw,ACTIVE
2023-24,18,b3jjri1ilnvxil9y,04qrr,ACTIVE
2023-24,18,b3jjri1ilnvxil9y,0621b,ACTIVE
2023-24,18,b3jjri1ilnvxil9y,005ki,ACTIVE
2023-24,18,b3jjri1ilnvxil9y,05uiu,ACTIVE
2023-24,18,b3jjri1ilnvxil9y,06216,ACTIVE
2023-24,18,b3jjri1ilnvxil9y,01eo6,ACTIVE
2023-24,18,b3jjri1ilnvxil9y,04qrm,ACTIVE
2023-24,18,b3jjri1ilnvxil9y,03nwk,ACTIVE
2023-24,18,b3jjri1ilnvxil9y,02nf1,ACTIVE
2023-24,18,b3jjri1ilnvxil9y,04ewf,ACTIVE
2023-24,18,b3jjri1ilnvxil9y,027oz,ACTIVE
2023-24,18,b3jjri1ilnvxil9y,02nf6,ACTIVE
2023-24,18,b3jjri1ilnvxil9y,049s6,ACTIVE
2023-24,18,b3jjri1ilnvxil9y,05uir,ACTIVE
2023-24,18,b3jjri1ilnvxil9y,000zv,ACTIVE
2023-24,18,b3jjri1ilnvxil9y,02nfz,ACTIVE
2023-24,18,eli9ckrglnvxil9y,051on,ACTIVE
2023-24,18,eli9ckrglnvxil9y,042nm,ACTIVE
2023-24,18,eli9ckrglnvxil9y,027p4,ACTIVE
2023-24,18,eli9ckrglnvxil9y,05uif,ACTIVE
2023-24,18,eli9ckrglnvxil9y,042n7,ACTIVE
2023-24,18,eli9ckrglnvxil9y,05qtl,ACTIVE
2023-24,18,eli9ckrglnvxil9y,051pa,ACTIVE
2023-24,18,eli9ckrglnvxil9y,031lz,ACTIVE
2023-24,18,eli9ckrglnvxil9y,04ewc,ACTIVE
2023-24,18,eli9ckrglnvxil9y,05qtv,ACTIVE
2023-24,18,eli9ckrglnvxil9y,04qs1,ACTIVE
2023-24,18,eli9ckrglnvxil9y,031lx,ACTIVE
2023-24,18,eli9ckrglnvxil9y,05uiq,ACTIVE
2023-24,18,eli9ckrglnvxil9y,027p0,ACTIVE
2023-24,18,eli9ckrglnvxil9y,03nwl,ACTIVE
2023-24,18,eli9ckrglnvxil9y,05qt0,ACTIVE
2023-24,18,eli9ckrglnvxil9y,01eon,ACTIVE
2023-24,18,eli9ckrglnvxil9y,06cc8,ACTIVE
2023-24,18,eli9ckrglnvxil9y,06218,ACTIVE
2023-24,18,eli9ckrglnvxil9y,03nwn,ACTIVE
2023-24,18,n7acn7jolnvxil9y,04qs9,ACTIVE
2023-24,18,n7acn7jolnvxil9y,05qsq,ACTIVE
2023-24,18,n7acn7jolnvxil9y,04ewt,ACTIVE
2023-24,18,n7acn7jolnvxil9y,06213,ACTIVE
2023-24,18,n7acn7jolnvxil9y,04qry,ACTIVE
2023-24,18,n7acn7jolnvxil9y,031m2,ACTIVE
2023-24,18,n7acn7jolnvxil9y,05uib,ACTIVE
2023-24,18,n7acn7jolnvxil9y,05qtj,ACTIVE
2023-24,18,n7acn7jolnvxil9y,04ewu,ACTIVE
2023-24,18,n7acn7jolnvxil9y,04qrl,ACTIVE
2023-24,18,n7acn7jolnvxil9y,051pb,ACTIVE
2023-24,18,n7acn7jolnvxil9y,03nwm,ACTIVE
2023-24,18,n7acn7jolnvxil9y,03al0,ACTIVE
2023-24,18,n7acn7jolnvxil9y,05qu9,ACTIVE
2023-24,18,n7acn7jolnvxil9y,03lls,ACTIVE
2023-24,18,n7acn7jolnvxil9y,06cab,ACTIVE
2023-24,18,n7acn7jolnvxil9y,051ol,ACTIVE
2023-24,18,n7acn7jolnvxil9y,04qse,ACTIVE
2023-24,18,n7acn7jolnvxil9y,03byk,ACTIVE
2023-24,18,n7acn7jolnvxil9y,031m0,ACTIVE
2023-24,18,qjg0vp84lnvxil9y,05qtr,ACTIVE
2023-24,18,qjg0vp84lnvxil9y,031m4,ACTIVE
2023-24,18,qjg0vp84lnvxil9y,04qsa,ACTIVE
2023-24,18,qjg0vp84lnvxil9y,05qto,ACTIVE
2023-24,18,qjg0vp84lnvxil9y,0621e,ACTIVE
2023-24,18,qjg0vp84lnvxil9y,05uid,ACTIVE
2023-24,18,qjg0vp84lnvxil9y,04xdu,ACTIVE
2023-24,18,qjg0vp84lnvxil9y,05uie,ACTIVE
2023-24,18,qjg0vp84lnvxil9y,06ccf,ACTIVE
2023-24,18,qjg0vp84lnvxil9y,05qub,ACTIVE
2023-24,18,qjg0vp84lnvxil9y,06210,ACTIVE
2023-24,18,qjg0vp84lnvxil9y,04qrw,ACTIVE
2023-24,18,qjg0vp84lnvxil9y,05qsx,ACTIVE
2023-24,18,qjg0vp84lnvxil9y,05qtt,ACTIVE
2023-24,18,qjg0vp84lnvxil9y,06214,ACTIVE
2023-24,18,qjg0vp84lnvxil9y,05qu0,ACTIVE
2023-24,18,qjg0vp84lnvxil9y,05qtf,ACTIVE
2023-24,18,qjg0vp84lnvxil9y,05qug,ACTIVE
2023-24,18,qjg0vp84lnvxil9y,04ewr,ACTIVE
2023-24,18,qjg0vp84lnvxil9y,05uih,ACTIVE
2023-24,18,y09j7i5alnvxil9y,04ewk,ACTIVE
2023-24,18,y09j7i5alnvxil9y,051or,ACTIVE
2023-24,18,y09j7i5alnvxil9y,06211,ACTIVE
2023-24,18,y09j7i5alnvxil9y,051ok,ACTIVE
2023-24,18,y09j7i5alnvxil9y,04848,ACTIVE
2023-24,18,y09j7i5alnvxil9y,03ams,ACTIVE
2023-24,18,y09j7i5alnvxil9y,03e6n,ACTIVE
2023-24,18,y09j7i5alnvxil9y,05uiz,ACTIVE
2023-24,18,y09j7i5alnvxil9y,01eo9,ACTIVE
2023-24,18,y09j7i5alnvxil9y,04qsj,ACTIVE
2023-24,18,y09j7i5alnvxil9y,03ad4,ACTIVE
2023-24,18,y09j7i5alnvxil9y,005kf,ACTIVE
2023-24,18,y09j7i5alnvxil9y,06cch,ACTIVE
2023-24,18,y09j7i5alnvxil9y,042nf,ACTIVE
2023-24,18,y09j7i5alnvxil9y,03al2,ACTIVE
2023-24,18,y09j7i5alnvxil9y,02nf7,ACTIVE
2023-24,18,y09j7i5alnvxil9y,02nf3,ACTIVE
2023-24,18,y09j7i5alnvxil9y,051os,ACTIVE
2023-24,18,y09j7i5alnvxil9y,01uz7,ACTIVE
2023-24,18,y09j7i5alnvxil9y,03wr4,ACTIVE
2023-24,18,9duu1755lnvxil9y,042n3,ACTIVE
2023-24,18,9duu1755lnvxil9y,04qrp,ACTIVE
2023-24,18,9duu1755lnvxil9y,04ewn,ACTIVE
2023-24,18,9duu1755lnvxil9y,051ot,ACTIVE
2023-24,18,9duu1755lnvxil9y,06cbx,ACTIVE
2023-24,18,9duu1755lnvxil9y,0621x,ACTIVE
2023-24,18,9duu1755lnvxil9y,04qs4,ACTIVE
2023-24,18,9duu1755lnvxil9y,04qro,ACTIVE
2023-24,18,9duu1755lnvxil9y,001aw,ACTIVE
2023-24,18,9duu1755lnvxil9y,0527l,ACTIVE
2023-24,18,9duu1755lnvxil9y,06cc2,ACTIVE
2023-24,18,9duu1755lnvxil9y,06cca,ACTIVE
2023-24,18,9duu1755lnvxil9y,051p0,ACTIVE
2023-24,18,9duu1755lnvxil9y,04qrj,ACTIVE
2023-24,18,9duu1755lnvxil9y,04qsm,ACTIVE
2023-24,18,9duu1755lnvxil9y,01uyj,ACTIVE
2023-24,18,9duu1755lnvxil9y,027oo,ACTIVE
2023-24,18,9duu1755lnvxil9y,02xg9,ACTIVE
2023-24,18,9duu1755lnvxil9y,03al1,ACTIVE
2023-24,18,9duu1755lnvxil9y,0011e,ACTIVE
2023-24,19,ts8qey4flnvxil9y,06215,ACTIVE
2023-24,19,ts8qey4flnvxil9y,0621c,ACTIVE
2023-24,19,ts8qey4flnvxil9y,042n4,ACTIVE
2023-24,19,ts8qey4flnvxil9y,03e75,ACTIVE
2023-24,19,ts8qey4flnvxil9y,0621k,ACTIVE
2023-24,19,ts8qey4flnvxil9y,0527h,ACTIVE
2023-24,19,ts8qey4flnvxil9y,05uus,ACTIVE
2023-24,19,ts8qey4flnvxil9y,0621g,ACTIVE
2023-24,19,ts8qey4flnvxil9y,05uii,ACTIVE
2023-24,19,ts8qey4flnvxil9y,04qrn,ACTIVE
2023-24,19,ts8qey4flnvxil9y,02ym0,ACTIVE
2023-24,19,ts8qey4flnvxil9y,06cdn,ACTIVE
2023-24,19,ts8qey4flnvxil9y,06cc5,ACTIVE
2023-24,19,ts8qey4flnvxil9y,06ca8,ACTIVE
2023-24,19,ts8qey4flnvxil9y,051oh,ACTIVE
2023-24,19,ts8qey4flnvxil9y,049kc,ACTIVE
2023-24,19,ts8qey4flnvxil9y,05qu1,ACTIVE
2023-24,19,ts8qey4flnvxil9y,027oj,ACTIVE
2023-24,19,ts8qey4flnvxil9y,05uj9,ACTIVE
2023-24,19,ts8qey4flnvxil9y,06cby,ACTIVE
2023-24,19,dljt8kz1lnvxil9y,0621u,ACTIVE
2023-24,19,dljt8kz1lnvxil9y,0015e,ACTIVE
2023-24,19,dljt8kz1lnvxil9y,01enh,ACTIVE
2023-24,19,dljt8kz1lnvxil9y,04qrk,ACTIVE
2023-24,19,dljt8kz1lnvxil9y,05uic,ACTIVE
2023-24,19,dljt8kz1lnvxil9y,04ewm,ACTIVE
2023-24,19,dljt8kz1lnvxil9y,005kc,ACTIVE
2023-24,19,dljt8kz1lnvxil9y,0621l,ACTIVE
2023-24,19,dljt8kz1lnvxil9y,03ajv,ACTIVE
2023-24,19,dljt8kz1lnvxil9y,03aq3,ACTIVE
2023-24,19,dljt8kz1lnvxil9y,027pe,ACTIVE
2023-24,19,dljt8kz1lnvxil9y,051oj,ACTIVE
2023-24,19,dljt8kz1lnvxil9y,0558t,ACTIVE
2023-24,19,dljt8kz1lnvxil9y,051pi,ACTIVE
2023-24,19,dljt8kz1lnvxil9y,04qsi,ACTIVE
2023-24,19,dljt8kz1lnvxil9y,05qt3,ACTIVE
2023-24,19,dljt8kz1lnvxil9y,03r7r,ACTIVE
2023-24,19,dljt8kz1lnvxil9y,031m9,ACTIVE
2023-24,19,dljt8kz1lnvxil9y,03r7h,ACTIVE
2023-24,19,dljt8kz1lnvxil9y,05qst,ACTIVE
2023-24,19,jixaa8l3lnvxil9y,03ad3,ACTIVE
2023-24,19,jixaa8l3lnvxil9y,051ps,ACTIVE
2023-24,19,jixaa8l3lnvxil9y,03xmv,ACTIVE
2023-24,19,jixaa8l3lnvxil9y,027pg,ACTIVE
2023-24,19,jixaa8l3lnvxil9y,05uip,ACTIVE
2023-24,19,jixaa8l3lnvxil9y,049kb,ACTIVE
2023-24,19,jixaa8l3lnvxil9y,051p2,ACTIVE
2023-24,19,jixaa8l3lnvxil9y,03e6u,ACTIVE
2023-24,19,jixaa8l3lnvxil9y,051p9,ACTIVE
2023-24,19,jixaa8l3lnvxil9y,042n1,ACTIVE
2023-24,19,jixaa8l3lnvxil9y,03r7z,ACTIVE
2023-24,19,jixaa8l3lnvxil9y,051oi,ACTIVE
2023-24,19,jixaa8l3lnvxil9y,049kd,ACTIVE
2023-24,19,jixaa8l3lnvxil9y,03lg1,ACTIVE
2023-24,19,jixaa8l3lnvxil9y,03e6s,ACTIVE
2023-24,19,jixaa8l3lnvxil9y,0621n,ACTIVE
2023-24,19,jixaa8l3lnvxil9y,042nt,ACTIVE
2023-24,19,jixaa8l3lnvxil9y,03ad0,ACTIVE
2023-24,19,jixaa8l3lnvxil9y,06212,ACTIVE
2023-24,19,jixaa8l3lnvxil9y,042nq,ACTIVE
2023-24,19,po3bonl9lnvxil9y,04ewe,ACTIVE
2023-24,19,po3bonl9lnvxil9y,03aq2,ACTIVE
2023-24,19,po3bonl9lnvxil9y,03e74,ACTIVE
2023-24,19,po3bonl9lnvxil9y,042n6,ACTIVE
2023-24,19,po3bonl9lnvxil9y,0496e,ACTIVE
2023-24,19,po3bonl9lnvxil9y,027ou,ACTIVE
2023-24,19,po3bonl9lnvxil9y,04azw,ACTIVE
2023-24,19,po3bonl9lnvxil9y,051p8,ACTIVE
2023-24,19,po3bonl9lnvxil9y,04kj6,ACTIVE
2023-24,19,po3bonl9lnvxil9y,0015b,ACTIVE
2023-24,19,po3bonl9lnvxil9y,03ad2,ACTIVE
2023-24,19,po3bonl9lnvxil9y,04qsd,ACTIVE
2023-24,19,po3bonl9lnvxil9y,02ng3,ACTIVE
2023-24,19,po3bonl9lnvxil9y,05qtq,ACTIVE
2023-24,19,po3bonl9lnvxil9y,03ad7,ACTIVE
2023-24,19,po3bonl9lnvxil9y,0017e,ACTIVE
2023-24,19,po3bonl9lnvxil9y,03nwq,ACTIVE
2023-24,19,po3bonl9lnvxil9y,03el5,ACTIVE
2023-24,19,po3bonl9lnvxil9y,05qsl,ACTIVE
2023-24,19,po3bonl9lnvxil9y,031lv,ACTIVE
2023-24,19,b3jjri1ilnvxil9y,04ex8,ACTIVE
2023-24,19,b3jjri1ilnvxil9y,03r7u,ACTIVE
2023-24,19,b3jjri1ilnvxil9y,05uig,ACTIVE
2023-24,19,b3jjri1ilnvxil9y,042nw,ACTIVE
2023-24,19,b3jjri1ilnvxil9y,04qrr,ACTIVE
2023-24,19,b3jjri1ilnvxil9y,0621b,ACTIVE
2023-24,19,b3jjri1ilnvxil9y,005ki,ACTIVE
2023-24,19,b3jjri1ilnvxil9y,05uiu,ACTIVE
2023-24,19,b3jjri1ilnvxil9y,06216,ACTIVE
2023-24,19,b3jjri1ilnvxil9y,01eo6,ACTIVE
2023-24,19,b3jjri1ilnvxil9y,04qrm,ACTIVE
2023-24,19,b3jjri1ilnvxil9y,03nwk,ACTIVE
2023-24,19,b3jjri1ilnvxil9y,02nf1,ACTIVE
2023-24,19,b3jjri1ilnvxil9y,04ewf,ACTIVE
2023-24,19,b3jjri1ilnvxil9y,027oz,ACTIVE
2023-24,19,b3jjri1ilnvxil9y,02nf6,ACTIVE
2023-24,19,b3jjri1ilnvxil9y,049s6,ACTIVE
2023-24,19,b3jjri1ilnvxil9y,05uir,ACTIVE
2023-24,19,b3jjri1ilnvxil9y,000zv,ACTIVE
2023-24,19,b3jjri1ilnvxil9y,02nfz,ACTIVE
2023-24,19,eli9ckrglnvxil9y,051on,ACTIVE
2023-24,19,eli9ckrglnvxil9y,042nm,ACTIVE
2023-24,19,eli9ckrglnvxil9y,027p4,ACTIVE
2023-24,19,eli9ckrglnvxil9y,05uif,ACTIVE
2023-24,19,eli9ckrglnvxil9y,042n7,ACTIVE
2023-24,19,eli9ckrglnvxil9y,05qtl,ACTIVE
2023-24,19,eli9ckrglnvxil9y,051pa,ACTIVE
2023-24,19,eli9ckrglnvxil9y,031lz,ACTIVE
2023-24,19,eli9ckrglnvxil9y,04ewc,ACTIVE
2023-24,19,eli9ckrglnvxil9y,05qtv,ACTIVE
2023-24,19,eli9ckrglnvxil9y,04qs1,ACTIVE
2023-24,19,eli9ckrglnvxil9y,031lx,ACTIVE
2023-24,19,eli9ckrglnvxil9y,05uiq,ACTIVE
2023-24,19,eli9ckrglnvxil9y,027p0,ACTIVE
2023-24,19,eli9ckrglnvxil9y,03nwl,ACTIVE
2023-24,19,eli9ckrglnvxil9y,05qt0,ACTIVE
2023-24,19,eli9ckrglnvxil9y,01eon,ACTIVE
2023-24,19,eli9ckrglnvxil9y,06cc8,ACTIVE
2023-24,19,eli9ckrglnvxil9y,06218,ACTIVE
2023-24,19,eli9ckrglnvxil9y,03nwn,ACTIVE
2023-24,19,n7acn7jolnvxil9y,04qs9,ACTIVE
2023-24,19,n7acn7jolnvxil9y,05qsq,ACTIVE
2023-24,19,n7acn7jolnvxil9y,04ewt,ACTIVE
2023-24,19,n7acn7jolnvxil9y,06213,ACTIVE
2023-24,19,n7acn7jolnvxil9y,04qry,ACTIVE
2023-24,19,n7acn7jolnvxil9y,031m2,ACTIVE
2023-24,19,n7acn7jolnvxil9y,05uib,ACTIVE
2023-24,19,n7acn7jolnvxil9y,05qtj,ACTIVE
2023-24,19,n7acn7jolnvxil9y,04ewu,ACTIVE
2023-24,19,n7acn7jolnvxil9y,04qrl,ACTIVE
2023-24,19,n7acn7jolnvxil9y,051pb,ACTIVE
2023-24,19,n7acn7jolnvxil9y,03nwm,ACTIVE
2023-24,19,n7acn7jolnvxil9y,03al0,ACTIVE
2023-24,19,n7acn7jolnvxil9y,05qu9,ACTIVE
2023-24,19,n7acn7jolnvxil9y,03lls,ACTIVE
2023-24,19,n7acn7jolnvxil9y,06cab,ACTIVE
2023-24,19,n7acn7jolnvxil9y,051ol,ACTIVE
2023-24,19,n7acn7jolnvxil9y,04qse,ACTIVE
2023-24,19,n7acn7jolnvxil9y,03byk,ACTIVE
2023-24,19,n7acn7jolnvxil9y,031m0,ACTIVE
2023-24,19,qjg0vp84lnvxil9y,05qtr,ACTIVE
2023-24,19,qjg0vp84lnvxil9y,031m4,ACTIVE
2023-24,19,qjg0vp84lnvxil9y,04qsa,ACTIVE
2023-24,19,qjg0vp84lnvxil9y,05qto,ACTIVE
2023-24,19,qjg0vp84lnvxil9y,0621e,ACTIVE
2023-24,19,qjg0vp84lnvxil9y,05uid,ACTIVE
2023-24,19,qjg0vp84lnvxil9y,04xdu,ACTIVE
2023-24,19,qjg0vp84lnvxil9y,05uie,ACTIVE
2023-24,19,qjg0vp84lnvxil9y,06ccf,ACTIVE
2023-24,19,qjg0vp84lnvxil9y,05qub,ACTIVE
2023-24,19,qjg0vp84lnvxil9y,06210,ACTIVE
2023-24,19,qjg0vp84lnvxil9y,04qrw,ACTIVE
2023-24,19,qjg0vp84lnvxil9y,05qsx,ACTIVE
2023-24,19,qjg0vp84lnvxil9y,05qtt,ACTIVE
2023-24,19,qjg0vp84lnvxil9y,06214,ACTIVE
2023-24,19,qjg0vp84lnvxil9y,05qu0,ACTIVE
2023-24,19,qjg0vp84lnvxil9y,05qtf,ACTIVE
2023-24,19,qjg0vp84lnvxil9y,05qug,ACTIVE
2023-24,19,qjg0vp84lnvxil9y,04ewr,ACTIVE
2023-24,19,qjg0vp84lnvxil9y,05uih,ACTIVE
2023-24,19,y09j7i5alnvxil9y,04ewk,ACTIVE
2023-24,19,y09j7i5alnvxil9y,051or,ACTIVE
2023-24,19,y09j7i5alnvxil9y,06211,ACTIVE
2023-24,19,y09j7i5alnvxil9y,051ok,ACTIVE
2023-24,19,y09j7i5alnvxil9y,04848,ACTIVE
2023-24,19,y09j7i5alnvxil9y,03ams,ACTIVE
2023-24,19,y09j7i5alnvxil9y,03e6n,ACTIVE
2023-24,19,y09j7i5alnvxil9y,05uiz,ACTIVE
2023-24,19,y09j7i5alnvxil9y,01eo9,ACTIVE
2023-24,19,y09j7i5alnvxil9y,04qsj,ACTIVE
2023-24,19,y09j7i5alnvxil9y,03ad4,ACTIVE
2023-24,19,y09j7i5alnvxil9y,005kf,ACTIVE
2023-24,19,y09j7i5alnvxil9y,06cch,ACTIVE
2023-24,19,y09j7i5alnvxil9y,042nf,ACTIVE
2023-24,19,y09j7i5alnvxil9y,03al2,ACTIVE
2023-24,19,y09j7i5alnvxil9y,02nf7,ACTIVE
2023-24,19,y09j7i5alnvxil9y,02nf3,ACTIVE
2023-24,19,y09j7i5alnvxil9y,051os,ACTIVE
2023-24,19,y09j7i5alnvxil9y,01uz7,ACTIVE
2023-24,19,y09j7i5alnvxil9y,03wr4,ACTIVE
2023-24,19,9duu1755lnvxil9y,042n3,ACTIVE
2023-24,19,9duu1755lnvxil9y,04qrp,ACTIVE
2023-24,19,9duu1755lnvxil9y,04ewn,ACTIVE
2023-24,19,9duu1755lnvxil9y,051ot,ACTIVE
2023-24,19,9duu1755lnvxil9y,06cbx,ACTIVE
2023-24,19,9duu1755lnvxil9y,0621x,ACTIVE
2023-24,19,9duu1755lnvxil9y,04qs4,ACTIVE
2023-24,19,9duu1755lnvxil9y,04qro,ACTIVE
2023-24,19,9duu1755lnvxil9y,001aw,ACTIVE
2023-24,19,9duu1755lnvxil9y,0527l,ACTIVE
2023-24,19,9duu1755lnvxil9y,06cc2,ACTIVE
2023-24,19,9duu1755lnvxil9y,06cca,ACTIVE
2023-24,19,9duu1755lnvxil9y,051p0,ACTIVE
2023-24,19,9duu1755lnvxil9y,04qrj,ACTIVE
2023-24,19,9duu1755lnvxil9y,04qsm,ACTIVE
2023-24,19,9duu1755lnvxil9y,01uyj,ACTIVE
2023-24,19,9duu1755lnvxil9y,027oo,ACTIVE
2023-24,19,9duu1755lnvxil9y,02xg9,ACTIVE
2023-24,19,9duu1755lnvxil9y,03al1,ACTIVE
2023-24,19,9duu1755lnvxil9y,0011e,ACTIVE
2023-24,20,ts8qey4flnvxil9y,06215,ACTIVE
2023-24,20,ts8qey4flnvxil9y,0621c,ACTIVE
2023-24,20,ts8qey4flnvxil9y,042n4,ACTIVE
2023-24,20,ts8qey4flnvxil9y,03e75,ACTIVE
2023-24,20,ts8qey4flnvxil9y,0621k,ACTIVE
2023-24,20,ts8qey4flnvxil9y,0527h,ACTIVE
2023-24,20,ts8qey4flnvxil9y,05uus,ACTIVE
2023-24,20,ts8qey4flnvxil9y,0621g,ACTIVE
2023-24,20,ts8qey4flnvxil9y,05uii,ACTIVE
2023-24,20,ts8qey4flnvxil9y,04qrn,ACTIVE
2023-24,20,ts8qey4flnvxil9y,02ym0,ACTIVE
2023-24,20,ts8qey4flnvxil9y,06cdn,ACTIVE
2023-24,20,ts8qey4flnvxil9y,06cc5,ACTIVE
2023-24,20,ts8qey4flnvxil9y,06ca8,ACTIVE
2023-24,20,ts8qey4flnvxil9y,051oh,ACTIVE
2023-24,20,ts8qey4flnvxil9y,049kc,ACTIVE
2023-24,20,ts8qey4flnvxil9y,05qu1,ACTIVE
2023-24,20,ts8qey4flnvxil9y,027oj,ACTIVE
2023-24,20,ts8qey4flnvxil9y,05uj9,ACTIVE
2023-24,20,ts8qey4flnvxil9y,06cby,ACTIVE
2023-24,20,dljt8kz1lnvxil9y,0621u,ACTIVE
2023-24,20,dljt8kz1lnvxil9y,0015e,ACTIVE
2023-24,20,dljt8kz1lnvxil9y,01enh,ACTIVE
2023-24,20,dljt8kz1lnvxil9y,04qrk,ACTIVE
2023-24,20,dljt8kz1lnvxil9y,05uic,ACTIVE
2023-24,20,dljt8kz1lnvxil9y,04ewm,ACTIVE
2023-24,20,dljt8kz1lnvxil9y,005kc,ACTIVE
2023-24,20,dljt8kz1lnvxil9y,0621l,ACTIVE
2023-24,20,dljt8kz1lnvxil9y,03ajv,ACTIVE
2023-24,20,dljt8kz1lnvxil9y,03aq3,ACTIVE
2023-24,20,dljt8kz1lnvxil9y,027pe,ACTIVE
2023-24,20,dljt8kz1lnvxil9y,051oj,ACTIVE
2023-24,20,dljt8kz1lnvxil9y,0558t,ACTIVE
2023-24,20,dljt8kz1lnvxil9y,051pi,ACTIVE
2023-24,20,dljt8kz1lnvxil9y,04qsi,ACTIVE
2023-24,20,dljt8kz1lnvxil9y,05qt3,ACTIVE
2023-24,20,dljt8kz1lnvxil9y,03r7r,ACTIVE
2023-24,20,dljt8kz1lnvxil9y,031m9,ACTIVE
2023-24,20,dljt8kz1lnvxil9y,03r7h,ACTIVE
2023-24,20,dljt8kz1lnvxil9y,05qst,ACTIVE
2023-24,20,jixaa8l3lnvxil9y,03ad3,ACTIVE
2023-24,20,jixaa8l3lnvxil9y,051ps,ACTIVE
2023-24,20,jixaa8l3lnvxil9y,03xmv,ACTIVE
2023-24,20,jixaa8l3lnvxil9y,027pg,ACTIVE
2023-24,20,jixaa8l3lnvxil9y,05uip,ACTIVE
2023-24,20,jixaa8l3lnvxil9y,049kb,ACTIVE
2023-24,20,jixaa8l3lnvxil9y,051p2,ACTIVE
2023-24,20,jixaa8l3lnvxil9y,03e6u,ACTIVE
2023-24,20,jixaa8l3lnvxil9y,051p9,ACTIVE
2023-24,20,jixaa8l3lnvxil9y,042n1,ACTIVE
2023-24,20,jixaa8l3lnvxil9y,03r7z,ACTIVE
2023-24,20,jixaa8l3lnvxil9y,051oi,ACTIVE
2023-24,20,jixaa8l3lnvxil9y,049kd,ACTIVE
2023-24,20,jixaa8l3lnvxil9y,03lg1,ACTIVE
2023-24,20,jixaa8l3lnvxil9y,03e6s,ACTIVE
2023-24,20,jixaa8l3lnvxil9y,0621n,ACTIVE
2023-24,20,jixaa8l3lnvxil9y,042nt,ACTIVE
2023-24,20,jixaa8l3lnvxil9y,03ad0,ACTIVE
2023-24,20,jixaa8l3lnvxil9y,06212,ACTIVE
2023-24,20,jixaa8l3lnvxil9y,042nq,ACTIVE
2023-24,20,po3bonl9lnvxil9y,04ewe,ACTIVE
2023-24,20,po3bonl9lnvxil9y,03aq2,ACTIVE
2023-24,20,po3bonl9lnvxil9y,03e74,ACTIVE
2023-24,20,po3bonl9lnvxil9y,042n6,ACTIVE
2023-24,20,po3bonl9lnvxil9y,0496e,ACTIVE
2023-24,20,po3bonl9lnvxil9y,027ou,ACTIVE
2023-24,20,po3bonl9lnvxil9y,04azw,ACTIVE
2023-24,20,po3bonl9lnvxil9y,051p8,ACTIVE
2023-24,20,po3bonl9lnvxil9y,04kj6,ACTIVE
2023-24,20,po3bonl9lnvxil9y,0015b,ACTIVE
2023-24,20,po3bonl9lnvxil9y,03ad2,ACTIVE
2023-24,20,po3bonl9lnvxil9y,04qsd,ACTIVE
2023-24,20,po3bonl9lnvxil9y,02ng3,ACTIVE
2023-24,20,po3bonl9lnvxil9y,05qtq,ACTIVE
2023-24,20,po3bonl9lnvxil9y,03ad7,ACTIVE
2023-24,20,po3bonl9lnvxil9y,0017e,ACTIVE
2023-24,20,po3bonl9lnvxil9y,03nwq,ACTIVE
2023-24,20,po3bonl9lnvxil9y,03el5,ACTIVE
2023-24,20,po3bonl9lnvxil9y,05qsl,ACTIVE
2023-24,20,po3bonl9lnvxil9y,031lv,ACTIVE
2023-24,20,b3jjri1ilnvxil9y,04ex8,ACTIVE
2023-24,20,b3jjri1ilnvxil9y,03r7u,ACTIVE
2023-24,20,b3jjri1ilnvxil9y,05uig,ACTIVE
2023-24,20,b3jjri1ilnvxil9y,042nw,ACTIVE
2023-24,20,b3jjri1ilnvxil9y,04qrr,ACTIVE
2023-24,20,b3jjri1ilnvxil9y,0621b,ACTIVE
2023-24,20,b3jjri1ilnvxil9y,005ki,ACTIVE
2023-24,20,b3jjri1ilnvxil9y,05uiu,ACTIVE
2023-24,20,b3jjri1ilnvxil9y,06216,ACTIVE
2023-24,20,b3jjri1ilnvxil9y,01eo6,ACTIVE
2023-24,20,b3jjri1ilnvxil9y,04qrm,ACTIVE
2023-24,20,b3jjri1ilnvxil9y,03nwk,ACTIVE
2023-24,20,b3jjri1ilnvxil9y,02nf1,ACTIVE
2023-24,20,b3jjri1ilnvxil9y,04ewf,ACTIVE
2023-24,20,b3jjri1ilnvxil9y,027oz,ACTIVE
2023-24,20,b3jjri1ilnvxil9y,02nf6,ACTIVE
2023-24,20,b3jjri1ilnvxil9y,049s6,ACTIVE
2023-24,20,b3jjri1ilnvxil9y,05uir,ACTIVE
2023-24,20,b3jjri1ilnvxil9y,000zv,ACTIVE
2023-24,20,b3jjri1ilnvxil9y,02nfz,ACTIVE
2023-24,20,eli9ckrglnvxil9y,051on,ACTIVE
2023-24,20,eli9ckrglnvxil9y,042nm,ACTIVE
2023-24,20,eli9ckrglnvxil9y,027p4,ACTIVE
2023-24,20,eli9ckrglnvxil9y,05uif,ACTIVE
2023-24,20,eli9ckrglnvxil9y,042n7,ACTIVE
2023-24,20,eli9ckrglnvxil9y,05qtl,ACTIVE
2023-24,20,eli9ckrglnvxil9y,051pa,ACTIVE
2023-24,20,eli9ckrglnvxil9y,031lz,ACTIVE
2023-24,20,eli9ckrglnvxil9y,04ewc,ACTIVE
2023-24,20,eli9ckrglnvxil9y,05qtv,ACTIVE
2023-24,20,eli9ckrglnvxil9y,04qs1,ACTIVE
2023-24,20,eli9ckrglnvxil9y,031lx,ACTIVE
2023-24,20,eli9ckrglnvxil9y,05uiq,ACTIVE
2023-24,20,eli9ckrglnvxil9y,027p0,ACTIVE
2023-24,20,eli9ckrglnvxil9y,03nwl,ACTIVE
2023-24,20,eli9ckrglnvxil9y,05qt0,ACTIVE
2023-24,20,eli9ckrglnvxil9y,01eon,ACTIVE
2023-24,20,eli9ckrglnvxil9y,06cc8,ACTIVE
2023-24,20,eli9ckrglnvxil9y,06218,ACTIVE
2023-24,20,eli9ckrglnvxil9y,03nwn,ACTIVE
2023-24,20,n7acn7jolnvxil9y,04qs9,ACTIVE
2023-24,20,n7acn7jolnvxil9y,05qsq,ACTIVE
2023-24,20,n7acn7jolnvxil9y,04ewt,ACTIVE
2023-24,20,n7acn7jolnvxil9y,06213,ACTIVE
2023-24,20,n7acn7jolnvxil9y,04qry,ACTIVE
2023-24,20,n7acn7jolnvxil9y,031m2,ACTIVE
2023-24,20,n7acn7jolnvxil9y,05uib,ACTIVE
2023-24,20,n7acn7jolnvxil9y,05qtj,ACTIVE
2023-24,20,n7acn7jolnvxil9y,04ewu,ACTIVE
2023-24,20,n7acn7jolnvxil9y,04qrl,ACTIVE
2023-24,20,n7acn7jolnvxil9y,051pb,ACTIVE
2023-24,20,n7acn7jolnvxil9y,03nwm,ACTIVE
2023-24,20,n7acn7jolnvxil9y,03al0,ACTIVE
2023-24,20,n7acn7jolnvxil9y,05qu9,ACTIVE
2023-24,20,n7acn7jolnvxil9y,03lls,ACTIVE
2023-24,20,n7acn7jolnvxil9y,06cab,ACTIVE
2023-24,20,n7acn7jolnvxil9y,051ol,ACTIVE
2023-24,20,n7acn7jolnvxil9y,04qse,ACTIVE
2023-24,20,n7acn7jolnvxil9y,03byk,ACTIVE
2023-24,20,n7acn7jolnvxil9y,031m0,ACTIVE
2023-24,20,qjg0vp84lnvxil9y,05qtr,ACTIVE
2023-24,20,qjg0vp84lnvxil9y,031m4,ACTIVE
2023-24,20,qjg0vp84lnvxil9y,04qsa,ACTIVE
2023-24,20,qjg0vp84lnvxil9y,05qto,ACTIVE
2023-24,20,qjg0vp84lnvxil9y,0621e,ACTIVE
2023-24,20,qjg0vp84lnvxil9y,05uid,ACTIVE
2023-24,20,qjg0vp84lnvxil9y,04xdu,ACTIVE
2023-24,20,qjg0vp84lnvxil9y,05uie,ACTIVE
2023-24,20,qjg0vp84lnvxil9y,06ccf,ACTIVE
2023-24,20,qjg0vp84lnvxil9y,05qub,ACTIVE
2023-24,20,qjg0vp84lnvxil9y,06210,ACTIVE
2023-24,20,qjg0vp84lnvxil9y,04qrw,ACTIVE
2023-24,20,qjg0vp84lnvxil9y,05qsx,ACTIVE
2023-24,20,qjg0vp84lnvxil9y,05qtt,ACTIVE
2023-24,20,qjg0vp84lnvxil9y,06214,ACTIVE
2023-24,20,qjg0vp84lnvxil9y,05qu0,ACTIVE
2023-24,20,qjg0vp84lnvxil9y,05qtf,ACTIVE
2023-24,20,qjg0vp84lnvxil9y,05qug,ACTIVE
2023-24,20,qjg0vp84lnvxil9y,04ewr,ACTIVE
2023-24,20,qjg0vp84lnvxil9y,05uih,ACTIVE
2023-24,20,y09j7i5alnvxil9y,04ewk,ACTIVE
2023-24,20,y09j7i5alnvxil9y,051or,ACTIVE
2023-24,20,y09j7i5alnvxil9y,06211,ACTIVE
2023-24,20,y09j7i5alnvxil9y,051ok,ACTIVE
2023-24,20,y09j7i5alnvxil9y,04848,ACTIVE
2023-24,20,y09j7i5alnvxil9y,03ams,ACTIVE
2023-24,20,y09j7i5alnvxil9y,03e6n,ACTIVE
2023-24,20,y09j7i5alnvxil9y,05uiz,ACTIVE
2023-24,20,y09j7i5alnvxil9y,01eo9,ACTIVE
2023-24,20,y09j7i5alnvxil9y,04qsj,ACTIVE
2023-24,20,y09j7i5alnvxil9y,03ad4,ACTIVE
2023-24,20,y09j7i5alnvxil9y,005kf,ACTIVE
2023-24,20,y09j7i5alnvxil9y,06cch,ACTIVE
2023-24,20,y09j7i5alnvxil9y,042nf,ACTIVE
2023-24,20,y09j7i5alnvxil9y,03al2,ACTIVE
2023-24,20,y09j7i5alnvxil9y,02nf7,ACTIVE
2023-24,20,y09j7i5alnvxil9y,02nf3,ACTIVE
2023-24,20,y09j7i5alnvxil9y,051os,ACTIVE
2023-24,20,y09j7i5alnvxil9y,01uz7,ACTIVE
2023-24,20,y09j7i5alnvxil9y,03wr4,ACTIVE
2023-24,20,9duu1755lnvxil9y,042n3,ACTIVE
2023-24,20,9duu1755lnvxil9y,04qrp,ACTIVE
2023-24,20,9duu1755lnvxil9y,04ewn,ACTIVE
2023-24,20,9duu1755lnvxil9y,051ot,ACTIVE
2023-24,20,9duu1755lnvxil9y,06cbx,ACTIVE
2023-24,20,9duu1755lnvxil9y,0621x,ACTIVE
2023-24,20,9duu1755lnvxil9y,04qs4,ACTIVE
2023-24,20,9duu1755lnvxil9y,04qro,ACTIVE
2023-24,20,9duu1755lnvxil9y,001aw,ACTIVE
2023-24,20,9duu1755lnvxil9y,0527l,ACTIVE
2023-24,20,9duu1755lnvxil9y,06cc2,ACTIVE
2023-24,20,9duu1755lnvxil9y,06cca,ACTIVE
2023-24,20,9duu1755lnvxil9y,051p0,ACTIVE
2023-24,20,9duu1755lnvxil9y,04qrj,ACTIVE
2023-24,20,9duu1755lnvxil9y,04qsm,ACTIVE
2023-24,20,9duu1755lnvxil9y,01uyj,ACTIVE
2023-24,20,9duu1755lnvxil9y,027oo,ACTIVE
2023-24,20,9duu1755lnvxil9y,02xg9,ACTIVE
2023-24,20,9duu1755lnvxil9y,03al1,ACTIVE
2023-24,20,9duu1755lnvxil9y,0011e,ACTIVE
2023-24,21,ts8qey4flnvxil9y,06215,ACTIVE
2023-24,21,ts8qey4flnvxil9y,0621c,ACTIVE
2023-24,21,ts8qey4flnvxil9y,042n4,ACTIVE
2023-24,21,ts8qey4flnvxil9y,03e75,ACTIVE
2023-24,21,ts8qey4flnvxil9y,0621k,ACTIVE
2023-24,21,ts8qey4flnvxil9y,0527h,ACTIVE
2023-24,21,ts8qey4flnvxil9y,05uus,ACTIVE
2023-24,21,ts8qey4flnvxil9y,0621g,ACTIVE
2023-24,21,ts8qey4flnvxil9y,05uii,ACTIVE
2023-24,21,ts8qey4flnvxil9y,04qrn,ACTIVE
2023-24,21,ts8qey4flnvxil9y,02ym0,ACTIVE
2023-24,21,ts8qey4flnvxil9y,06cdn,ACTIVE
2023-24,21,ts8qey4flnvxil9y,06cc5,ACTIVE
2023-24,21,ts8qey4flnvxil9y,06ca8,ACTIVE
2023-24,21,ts8qey4flnvxil9y,051oh,ACTIVE
2023-24,21,ts8qey4flnvxil9y,049kc,ACTIVE
2023-24,21,ts8qey4flnvxil9y,05qu1,ACTIVE
2023-24,21,ts8qey4flnvxil9y,027oj,ACTIVE
2023-24,21,ts8qey4flnvxil9y,05uj9,ACTIVE
2023-24,21,ts8qey4flnvxil9y,06cby,ACTIVE
2023-24,21,dljt8kz1lnvxil9y,0621u,ACTIVE
2023-24,21,dljt8kz1lnvxil9y,0015e,ACTIVE
2023-24,21,dljt8kz1lnvxil9y,01enh,ACTIVE
2023-24,21,dljt8kz1lnvxil9y,04qrk,ACTIVE
2023-24,21,dljt8kz1lnvxil9y,05uic,ACTIVE
2023-24,21,dljt8kz1lnvxil9y,04ewm,ACTIVE
2023-24,21,dljt8kz1lnvxil9y,005kc,ACTIVE
2023-24,21,dljt8kz1lnvxil9y,0621l,ACTIVE
2023-24,21,dljt8kz1lnvxil9y,03ajv,ACTIVE
2023-24,21,dljt8kz1lnvxil9y,03aq3,ACTIVE
2023-24,21,dljt8kz1lnvxil9y,027pe,ACTIVE
2023-24,21,dljt8kz1lnvxil9y,051oj,ACTIVE
2023-24,21,dljt8kz1lnvxil9y,0558t,ACTIVE
2023-24,21,dljt8kz1lnvxil9y,051pi,ACTIVE
2023-24,21,dljt8kz1lnvxil9y,04qsi,ACTIVE
2023-24,21,dljt8kz1lnvxil9y,05qt3,ACTIVE
2023-24,21,dljt8kz1lnvxil9y,03r7r,ACTIVE
2023-24,21,dljt8kz1lnvxil9y,031m9,ACTIVE
2023-24,21,dljt8kz1lnvxil9y,03r7h,ACTIVE
2023-24,21,dljt8kz1lnvxil9y,05qst,ACTIVE
2023-24,21,jixaa8l3lnvxil9y,03ad3,ACTIVE
2023-24,21,jixaa8l3lnvxil9y,051ps,ACTIVE
2023-24,21,jixaa8l3lnvxil9y,03xmv,ACTIVE
2023-24,21,jixaa8l3lnvxil9y,027pg,ACTIVE
2023-24,21,jixaa8l3lnvxil9y,05uip,ACTIVE
2023-24,21,jixaa8l3lnvxil9y,049kb,ACTIVE
2023-24,21,jixaa8l3lnvxil9y,051p2,ACTIVE
2023-24,21,jixaa8l3lnvxil9y,03e6u,ACTIVE
2023-24,21,jixaa8l3lnvxil9y,051p9,ACTIVE
2023-24,21,jixaa8l3lnvxil9y,042n1,ACTIVE
2023-24,21,jixaa8l3lnvxil9y,03r7z,ACTIVE
2023-24,21,jixaa8l3lnvxil9y,051oi,ACTIVE
2023-24,21,jixaa8l3lnvxil9y,049kd,ACTIVE
2023-24,21,jixaa8l3lnvxil9y,03lg1,ACTIVE
2023-24,21,jixaa8l3lnvxil9y,03e6s,ACTIVE
2023-24,21,jixaa8l3lnvxil9y,0621n,ACTIVE
2023-24,21,jixaa8l3lnvxil9y,042nt,ACTIVE
2023-24,21,jixaa8l3lnvxil9y,03ad0,ACTIVE
2023-24,21,jixaa8l3lnvxil9y,06212,ACTIVE
2023-24,21,jixaa8l3lnvxil9y,042nq,ACTIVE
2023-24,21,po3bonl9lnvxil9y,04ewe,ACTIVE
2023-24,21,po3bonl9lnvxil9y,03aq2,ACTIVE
2023-24,21,po3bonl9lnvxil9y,03e74,ACTIVE
2023-24,21,po3bonl9lnvxil9y,042n6,ACTIVE
2023-24,21,po3bonl9lnvxil9y,0496e,ACTIVE
2023-24,21,po3bonl9lnvxil9y,027ou,ACTIVE
2023-24,21,po3bonl9lnvxil9y,04azw,ACTIVE
2023-24,21,po3bonl9lnvxil9y,051p8,ACTIVE
2023-24,21,po3bonl9lnvxil9y,04kj6,ACTIVE
2023-24,21,po3bonl9lnvxil9y,0015b,ACTIVE
2023-24,21,po3bonl9lnvxil9y,03ad2,ACTIVE
2023-24,21,po3bonl9lnvxil9y,04qsd,ACTIVE
2023-24,21,po3bonl9lnvxil9y,02ng3,ACTIVE
2023-24,21,po3bonl9lnvxil9y,05qtq,ACTIVE
2023-24,21,po3bonl9lnvxil9y,03ad7,ACTIVE
2023-24,21,po3bonl9lnvxil9y,0017e,ACTIVE
2023-24,21,po3bonl9lnvxil9y,03nwq,ACTIVE
2023-24,21,po3bonl9lnvxil9y,03el5,ACTIVE
2023-24,21,po3bonl9lnvxil9y,05qsl,ACTIVE
2023-24,21,po3bonl9lnvxil9y,031lv,ACTIVE
2023-24,21,b3jjri1ilnvxil9y,04ex8,ACTIVE
2023-24,21,b3jjri1ilnvxil9y,03r7u,ACTIVE
2023-24,21,b3jjri1ilnvxil9y,05uig,ACTIVE
2023-24,21,b3jjri1ilnvxil9y,042nw,ACTIVE
2023-24,21,b3jjri1ilnvxil9y,04qrr,ACTIVE
2023-24,21,b3jjri1ilnvxil9y,0621b,ACTIVE
2023-24,21,b3jjri1ilnvxil9y,005ki,ACTIVE
2023-24,21,b3jjri1ilnvxil9y,05uiu,ACTIVE
2023-24,21,b3jjri1ilnvxil9y,06216,ACTIVE
2023-24,21,b3jjri1ilnvxil9y,01eo6,ACTIVE
2023-24,21,b3jjri1ilnvxil9y,04qrm,ACTIVE
2023-24,21,b3jjri1ilnvxil9y,03nwk,ACTIVE
2023-24,21,b3jjri1ilnvxil9y,02nf1,ACTIVE
2023-24,21,b3jjri1ilnvxil9y,04ewf,ACTIVE
2023-24,21,b3jjri1ilnvxil9y,027oz,ACTIVE
2023-24,21,b3jjri1ilnvxil9y,02nf6,ACTIVE
2023-24,21,b3jjri1ilnvxil9y,049s6,ACTIVE
2023-24,21,b3jjri1ilnvxil9y,05uir,ACTIVE
2023-24,21,b3jjri1ilnvxil9y,000zv,ACTIVE
2023-24,21,b3jjri1ilnvxil9y,02nfz,ACTIVE
2023-24,21,eli9ckrglnvxil9y,051on,ACTIVE
2023-24,21,eli9ckrglnvxil9y,042nm,ACTIVE
2023-24,21,eli9ckrglnvxil9y,027p4,ACTIVE
2023-24,21,eli9ckrglnvxil9y,05uif,ACTIVE
2023-24,21,eli9ckrglnvxil9y,042n7,ACTIVE
2023-24,21,eli9ckrglnvxil9y,05qtl,ACTIVE
2023-24,21,eli9ckrglnvxil9y,051pa,ACTIVE
2023-24,21,eli9ckrglnvxil9y,031lz,ACTIVE
2023-24,21,eli9ckrglnvxil9y,04ewc,ACTIVE
2023-24,21,eli9ckrglnvxil9y,05qtv,ACTIVE
2023-24,21,eli9ckrglnvxil9y,04qs1,ACTIVE
2023-24,21,eli9ckrglnvxil9y,031lx,ACTIVE
2023-24,21,eli9ckrglnvxil9y,05uiq,ACTIVE
2023-24,21,eli9ckrglnvxil9y,027p0,ACTIVE
2023-24,21,eli9ckrglnvxil9y,03nwl,ACTIVE
2023-24,21,eli9ckrglnvxil9y,05qt0,ACTIVE
2023-24,21,eli9ckrglnvxil9y,01eon,ACTIVE
2023-24,21,eli9ckrglnvxil9y,06cc8,ACTIVE
2023-24,21,eli9ckrglnvxil9y,06218,ACTIVE
2023-24,21,eli9ckrglnvxil9y,03nwn,ACTIVE
2023-24,21,n7acn7jolnvxil9y,04qs9,ACTIVE
2023-24,21,n7acn7jolnvxil9y,05qsq,ACTIVE
2023-24,21,n7acn7jolnvxil9y,04ewt,ACTIVE
2023-24,21,n7acn7jolnvxil9y,06213,ACTIVE
2023-24,21,n7acn7jolnvxil9y,04qry,ACTIVE
2023-24,21,n7acn7jolnvxil9y,031m2,ACTIVE
2023-24,21,n7acn7jolnvxil9y,05uib,ACTIVE
2023-24,21,n7acn7jolnvxil9y,05qtj,ACTIVE
2023-24,21,n7acn7jolnvxil9y,04ewu,ACTIVE
2023-24,21,n7acn7jolnvxil9y,04qrl,ACTIVE
2023-24,21,n7acn7jolnvxil9y,051pb,ACTIVE
2023-24,21,n7acn7jolnvxil9y,03nwm,ACTIVE
2023-24,21,n7acn7jolnvxil9y,03al0,ACTIVE
2023-24,21,n7acn7jolnvxil9y,05qu9,ACTIVE
2023-24,21,n7acn7jolnvxil9y,03lls,ACTIVE
2023-24,21,n7acn7jolnvxil9y,06cab,ACTIVE
2023-24,21,n7acn7jolnvxil9y,051ol,ACTIVE
2023-24,21,n7acn7jolnvxil9y,04qse,ACTIVE
2023-24,21,n7acn7jolnvxil9y,03byk,ACTIVE
2023-24,21,n7acn7jolnvxil9y,031m0,ACTIVE
2023-24,21,qjg0vp84lnvxil9y,05qtr,ACTIVE
2023-24,21,qjg0vp84lnvxil9y,031m4,ACTIVE
2023-24,21,qjg0vp84lnvxil9y,04qsa,ACTIVE
2023-24,21,qjg0vp84lnvxil9y,05qto,ACTIVE
2023-24,21,qjg0vp84lnvxil9y,0621e,ACTIVE
2023-24,21,qjg0vp84lnvxil9y,05uid,ACTIVE
2023-24,21,qjg0vp84lnvxil9y,04xdu,ACTIVE
2023-24,21,qjg0vp84lnvxil9y,05uie,ACTIVE
2023-24,21,qjg0vp84lnvxil9y,06ccf,ACTIVE
2023-24,21,qjg0vp84lnvxil9y,05qub,ACTIVE
2023-24,21,qjg0vp84lnvxil9y,06210,ACTIVE
2023-24,21,qjg0vp84lnvxil9y,04qrw,ACTIVE
2023-24,21,qjg0vp84lnvxil9y,05qsx,ACTIVE
2023-24,21,qjg0vp84lnvxil9y,05qtt,ACTIVE
2023-24,21,qjg0vp84lnvxil9y,06214,ACTIVE
2023-24,21,qjg0vp84lnvxil9y,05qu0,ACTIVE
2023-24,21,qjg0vp84lnvxil9y,05qtf,ACTIVE
2023-24,21,qjg0vp84lnvxil9y,05qug,ACTIVE
2023-24,21,qjg0vp84lnvxil9y,04ewr,ACTIVE
2023-24,21,qjg0vp84lnvxil9y,05uih,ACTIVE
2023-24,21,y09j7i5alnvxil9y,04ewk,ACTIVE
2023-24,21,y09j7i5alnvxil9y,051or,ACTIVE
2023-24,21,y09j7i5alnvxil9y,06211,ACTIVE
2023-24,21,y09j7i5alnvxil9y,051ok,ACTIVE
2023-24,21,y09j7i5alnvxil9y,04848,ACTIVE
2023-24,21,y09j7i5alnvxil9y,03ams,ACTIVE
2023-24,21,y09j7i5alnvxil9y,03e6n,ACTIVE
2023-24,21,y09j7i5alnvxil9y,05uiz,ACTIVE
2023-24,21,y09j7i5alnvxil9y,01eo9,ACTIVE
2023-24,21,y09j7i5alnvxil9y,04qsj,ACTIVE
2023-24,21,y09j7i5alnvxil9y,03ad4,ACTIVE
2023-24,21,y09j7i5alnvxil9y,005kf,ACTIVE
2023-24,21,y09j7i5alnvxil9y,06cch,ACTIVE
2023-24,21,y09j7i5alnvxil9y,042nf,ACTIVE
2023-24,21,y09j7i5alnvxil9y,03al2,ACTIVE
2023-24,21,y09j7i5alnvxil9y,02nf7,ACTIVE
2023-24,21,y09j7i5alnvxil9y,02nf3,ACTIVE
2023-24,21,y09j7i5alnvxil9y,051os,ACTIVE
2023-24,21,y09j7i5alnvxil9y,01uz7,ACTIVE
2023-24,21,y09j7i5alnvxil9y,03wr4,ACTIVE
2023-24,21,9duu1755lnvxil9y,042n3,ACTIVE
2023-24,21,9duu1755lnvxil9y,04qrp,ACTIVE
2023-24,21,9duu1755lnvxil9y,04ewn,ACTIVE
2023-24,21,9duu1755lnvxil9y,051ot,ACTIVE
2023-24,21,9duu1755lnvxil9y,06cbx,ACTIVE
2023-24,21,9duu1755lnvxil9y,0621x,ACTIVE
2023-24,21,9duu1755lnvxil9y,04qs4,ACTIVE
2023-24,21,9duu1755lnvxil9y,04qro,ACTIVE
2023-24,21,9duu1755lnvxil9y,001aw,ACTIVE
2023-24,21,9duu1755lnvxil9y,0527l,ACTIVE
2023-24,21,9duu1755lnvxil9y,06cc2,ACTIVE
2023-24,21,9duu1755lnvxil9y,06cca,ACTIVE
2023-24,21,9duu1755lnvxil9y,051p0,ACTIVE
2023-24,21,9duu1755lnvxil9y,04qrj,ACTIVE
2023-24,21,9duu1755lnvxil9y,04qsm,ACTIVE
2023-24,21,9duu1755lnvxil9y,01uyj,ACTIVE
2023-24,21,9duu1755lnvxil9y,027oo,ACTIVE
2023-24,21,9duu1755lnvxil9y,02xg9,ACTIVE
2023-24,21,9duu1755lnvxil9y,03al1,ACTIVE
2023-24,21,9duu1755lnvxil9y,0011e,ACTIVE
2023-24,22,ts8qey4flnvxil9y,06215,ACTIVE
2023-24,22,ts8qey4flnvxil9y,0621c,ACTIVE
2023-24,22,ts8qey4flnvxil9y,042n4,ACTIVE
2023-24,22,ts8qey4flnvxil9y,03e75,ACTIVE
2023-24,22,ts8qey4flnvxil9y,0621k,ACTIVE
2023-24,22,ts8qey4flnvxil9y,0527h,ACTIVE
2023-24,22,ts8qey4flnvxil9y,05uus,ACTIVE
2023-24,22,ts8qey4flnvxil9y,0621g,ACTIVE
2023-24,22,ts8qey4flnvxil9y,05uii,ACTIVE
2023-24,22,ts8qey4flnvxil9y,04qrn,ACTIVE
2023-24,22,ts8qey4flnvxil9y,02ym0,ACTIVE
2023-24,22,ts8qey4flnvxil9y,06cdn,ACTIVE
2023-24,22,ts8qey4flnvxil9y,06cc5,ACTIVE
2023-24,22,ts8qey4flnvxil9y,06ca8,ACTIVE
2023-24,22,ts8qey4flnvxil9y,051oh,ACTIVE
2023-24,22,ts8qey4flnvxil9y,049kc,ACTIVE
2023-24,22,ts8qey4flnvxil9y,05qu1,ACTIVE
2023-24,22,ts8qey4flnvxil9y,027oj,ACTIVE
2023-24,22,ts8qey4flnvxil9y,05uj9,ACTIVE
2023-24,22,ts8qey4flnvxil9y,06cby,ACTIVE
2023-24,22,dljt8kz1lnvxil9y,0621u,ACTIVE
2023-24,22,dljt8kz1lnvxil9y,0015e,ACTIVE
2023-24,22,dljt8kz1lnvxil9y,01enh,ACTIVE
2023-24,22,dljt8kz1lnvxil9y,04qrk,ACTIVE
2023-24,22,dljt8kz1lnvxil9y,05uic,ACTIVE
2023-24,22,dljt8kz1lnvxil9y,04ewm,ACTIVE
2023-24,22,dljt8kz1lnvxil9y,005kc,ACTIVE
2023-24,22,dljt8kz1lnvxil9y,0621l,ACTIVE
2023-24,22,dljt8kz1lnvxil9y,03ajv,ACTIVE
2023-24,22,dljt8kz1lnvxil9y,03aq3,ACTIVE
2023-24,22,dljt8kz1lnvxil9y,027pe,ACTIVE
2023-24,22,dljt8kz1lnvxil9y,051oj,ACTIVE
2023-24,22,dljt8kz1lnvxil9y,0558t,ACTIVE
2023-24,22,dljt8kz1lnvxil9y,051pi,ACTIVE
2023-24,22,dljt8kz1lnvxil9y,04qsi,ACTIVE
2023-24,22,dljt8kz1lnvxil9y,05qt3,ACTIVE
2023-24,22,dljt8kz1lnvxil9y,03r7r,ACTIVE
2023-24,22,dljt8kz1lnvxil9y,031m9,ACTIVE
2023-24,22,dljt8kz1lnvxil9y,03r7h,ACTIVE
2023-24,22,dljt8kz1lnvxil9y,05qst,ACTIVE
2023-24,22,jixaa8l3lnvxil9y,03ad3,ACTIVE
2023-24,22,jixaa8l3lnvxil9y,051ps,ACTIVE
2023-24,22,jixaa8l3lnvxil9y,03xmv,ACTIVE
2023-24,22,jixaa8l3lnvxil9y,027pg,ACTIVE
2023-24,22,jixaa8l3lnvxil9y,05uip,ACTIVE
2023-24,22,jixaa8l3lnvxil9y,049kb,ACTIVE
2023-24,22,jixaa8l3lnvxil9y,051p2,ACTIVE
2023-24,22,jixaa8l3lnvxil9y,03e6u,ACTIVE
2023-24,22,jixaa8l3lnvxil9y,051p9,ACTIVE
2023-24,22,jixaa8l3lnvxil9y,042n1,ACTIVE
2023-24,22,jixaa8l3lnvxil9y,03r7z,ACTIVE
2023-24,22,jixaa8l3lnvxil9y,051oi,ACTIVE
2023-24,22,jixaa8l3lnvxil9y,049kd,ACTIVE
2023-24,22,jixaa8l3lnvxil9y,03lg1,ACTIVE
2023-24,22,jixaa8l3lnvxil9y,03e6s,ACTIVE
2023-24,22,jixaa8l3lnvxil9y,0621n,ACTIVE
2023-24,22,jixaa8l3lnvxil9y,042nt,ACTIVE
2023-24,22,jixaa8l3lnvxil9y,03ad0,ACTIVE
2023-24,22,jixaa8l3lnvxil9y,06212,ACTIVE
2023-24,22,jixaa8l3lnvxil9y,042nq,ACTIVE
2023-24,22,po3bonl9lnvxil9y,04ewe,ACTIVE
2023-24,22,po3bonl9lnvxil9y,03aq2,ACTIVE
2023-24,22,po3bonl9lnvxil9y,03e74,ACTIVE
2023-24,22,po3bonl9lnvxil9y,042n6,ACTIVE
2023-24,22,po3bonl9lnvxil9y,0496e,ACTIVE
2023-24,22,po3bonl9lnvxil9y,027ou,ACTIVE
2023-24,22,po3bonl9lnvxil9y,04azw,ACTIVE
2023-24,22,po3bonl9lnvxil9y,051p8,ACTIVE
2023-24,22,po3bonl9lnvxil9y,04kj6,ACTIVE
2023-24,22,po3bonl9lnvxil9y,0015b,ACTIVE
2023-24,22,po3bonl9lnvxil9y,03ad2,ACTIVE
2023-24,22,po3bonl9lnvxil9y,04qsd,ACTIVE
2023-24,22,po3bonl9lnvxil9y,02ng3,ACTIVE
2023-24,22,po3bonl9lnvxil9y,05qtq,ACTIVE
2023-24,22,po3bonl9lnvxil9y,03ad7,ACTIVE
2023-24,22,po3bonl9lnvxil9y,0017e,ACTIVE
2023-24,22,po3bonl9lnvxil9y,03nwq,ACTIVE
2023-24,22,po3bonl9lnvxil9y,03el5,ACTIVE
2023-24,22,po3bonl9lnvxil9y,05qsl,ACTIVE
2023-24,22,po3bonl9lnvxil9y,031lv,ACTIVE
2023-24,22,b3jjri1ilnvxil9y,04ex8,ACTIVE
2023-24,22,b3jjri1ilnvxil9y,03r7u,ACTIVE
2023-24,22,b3jjri1ilnvxil9y,05uig,ACTIVE
2023-24,22,b3jjri1ilnvxil9y,042nw,ACTIVE
2023-24,22,b3jjri1ilnvxil9y,04qrr,ACTIVE
2023-24,22,b3jjri1ilnvxil9y,0621b,ACTIVE
2023-24,22,b3jjri1ilnvxil9y,005ki,ACTIVE
2023-24,22,b3jjri1ilnvxil9y,05uiu,ACTIVE
2023-24,22,b3jjri1ilnvxil9y,06216,ACTIVE
2023-24,22,b3jjri1ilnvxil9y,01eo6,ACTIVE
2023-24,22,b3jjri1ilnvxil9y,04qrm,ACTIVE
2023-24,22,b3jjri1ilnvxil9y,03nwk,ACTIVE
2023-24,22,b3jjri1ilnvxil9y,02nf1,ACTIVE
2023-24,22,b3jjri1ilnvxil9y,04ewf,ACTIVE
2023-24,22,b3jjri1ilnvxil9y,027oz,ACTIVE
2023-24,22,b3jjri1ilnvxil9y,02nf6,ACTIVE
2023-24,22,b3jjri1ilnvxil9y,049s6,ACTIVE
2023-24,22,b3jjri1ilnvxil9y,05uir,ACTIVE
2023-24,22,b3jjri1ilnvxil9y,000zv,ACTIVE
2023-24,22,b3jjri1ilnvxil9y,02nfz,ACTIVE
2023-24,22,eli9ckrglnvxil9y,051on,ACTIVE
2023-24,22,eli9ckrglnvxil9y,042nm,ACTIVE
2023-24,22,eli9ckrglnvxil9y,027p4,ACTIVE
2023-24,22,eli9ckrglnvxil9y,05uif,ACTIVE
2023-24,22,eli9ckrglnvxil9y,042n7,ACTIVE
2023-24,22,eli9ckrglnvxil9y,05qtl,ACTIVE
2023-24,22,eli9ckrglnvxil9y,051pa,ACTIVE
2023-24,22,eli9ckrglnvxil9y,031lz,ACTIVE
2023-24,22,eli9ckrglnvxil9y,04ewc,ACTIVE
2023-24,22,eli9ckrglnvxil9y,05qtv,ACTIVE
2023-24,22,eli9ckrglnvxil9y,04qs1,ACTIVE
2023-24,22,eli9ckrglnvxil9y,031lx,ACTIVE
2023-24,22,eli9ckrglnvxil9y,05uiq,ACTIVE
2023-24,22,eli9ckrglnvxil9y,027p0,ACTIVE
2023-24,22,eli9ckrglnvxil9y,03nwl,ACTIVE
2023-24,22,eli9ckrglnvxil9y,05qt0,ACTIVE
2023-24,22,eli9ckrglnvxil9y,01eon,ACTIVE
2023-24,22,eli9ckrglnvxil9y,06cc8,ACTIVE
2023-24,22,eli9ckrglnvxil9y,06218,ACTIVE
2023-24,22,eli9ckrglnvxil9y,03nwn,ACTIVE
2023-24,22,n7acn7jolnvxil9y,04qs9,ACTIVE
2023-24,22,n7acn7jolnvxil9y,05qsq,ACTIVE
2023-24,22,n7acn7jolnvxil9y,04ewt,ACTIVE
2023-24,22,n7acn7jolnvxil9y,06213,ACTIVE
2023-24,22,n7acn7jolnvxil9y,04qry,ACTIVE
2023-24,22,n7acn7jolnvxil9y,031m2,ACTIVE
2023-24,22,n7acn7jolnvxil9y,05uib,ACTIVE
2023-24,22,n7acn7jolnvxil9y,05qtj,ACTIVE
2023-24,22,n7acn7jolnvxil9y,04ewu,ACTIVE
2023-24,22,n7acn7jolnvxil9y,04qrl,ACTIVE
2023-24,22,n7acn7jolnvxil9y,051pb,ACTIVE
2023-24,22,n7acn7jolnvxil9y,03nwm,ACTIVE
2023-24,22,n7acn7jolnvxil9y,03al0,ACTIVE
2023-24,22,n7acn7jolnvxil9y,05qu9,ACTIVE
2023-24,22,n7acn7jolnvxil9y,03lls,ACTIVE
2023-24,22,n7acn7jolnvxil9y,06cab,ACTIVE
2023-24,22,n7acn7jolnvxil9y,051ol,ACTIVE
2023-24,22,n7acn7jolnvxil9y,04qse,ACTIVE
2023-24,22,n7acn7jolnvxil9y,03byk,ACTIVE
2023-24,22,n7acn7jolnvxil9y,031m0,ACTIVE
2023-24,22,qjg0vp84lnvxil9y,05qtr,ACTIVE
2023-24,22,qjg0vp84lnvxil9y,031m4,ACTIVE
2023-24,22,qjg0vp84lnvxil9y,04qsa,ACTIVE
2023-24,22,qjg0vp84lnvxil9y,05qto,ACTIVE
2023-24,22,qjg0vp84lnvxil9y,0621e,ACTIVE
2023-24,22,qjg0vp84lnvxil9y,05uid,ACTIVE
2023-24,22,qjg0vp84lnvxil9y,04xdu,ACTIVE
2023-24,22,qjg0vp84lnvxil9y,05uie,ACTIVE
2023-24,22,qjg0vp84lnvxil9y,06ccf,ACTIVE
2023-24,22,qjg0vp84lnvxil9y,05qub,ACTIVE
2023-24,22,qjg0vp84lnvxil9y,06210,ACTIVE
2023-24,22,qjg0vp84lnvxil9y,04qrw,ACTIVE
2023-24,22,qjg0vp84lnvxil9y,05qsx,ACTIVE
2023-24,22,qjg0vp84lnvxil9y,05qtt,ACTIVE
2023-24,22,qjg0vp84lnvxil9y,06214,ACTIVE
2023-24,22,qjg0vp84lnvxil9y,05qu0,ACTIVE
2023-24,22,qjg0vp84lnvxil9y,05qtf,ACTIVE
2023-24,22,qjg0vp84lnvxil9y,05qug,ACTIVE
2023-24,22,qjg0vp84lnvxil9y,04ewr,ACTIVE
2023-24,22,qjg0vp84lnvxil9y,05uih,ACTIVE
2023-24,22,y09j7i5alnvxil9y,04ewk,ACTIVE
2023-24,22,y09j7i5alnvxil9y,051or,ACTIVE
2023-24,22,y09j7i5alnvxil9y,06211,ACTIVE
2023-24,22,y09j7i5alnvxil9y,051ok,ACTIVE
2023-24,22,y09j7i5alnvxil9y,04848,ACTIVE
2023-24,22,y09j7i5alnvxil9y,03ams,ACTIVE
2023-24,22,y09j7i5alnvxil9y,03e6n,ACTIVE
2023-24,22,y09j7i5alnvxil9y,05uiz,ACTIVE
2023-24,22,y09j7i5alnvxil9y,01eo9,ACTIVE
2023-24,22,y09j7i5alnvxil9y,04qsj,ACTIVE
2023-24,22,y09j7i5alnvxil9y,03ad4,ACTIVE
2023-24,22,y09j7i5alnvxil9y,005kf,ACTIVE
2023-24,22,y09j7i5alnvxil9y,06cch,ACTIVE
2023-24,22,y09j7i5alnvxil9y,042nf,ACTIVE
2023-24,22,y09j7i5alnvxil9y,03al2,ACTIVE
2023-24,22,y09j7i5alnvxil9y,02nf7,ACTIVE
2023-24,22,y09j7i5alnvxil9y,02nf3,ACTIVE
2023-24,22,y09j7i5alnvxil9y,051os,ACTIVE
2023-24,22,y09j7i5alnvxil9y,01uz7,ACTIVE
2023-24,22,y09j7i5alnvxil9y,03wr4,ACTIVE
2023-24,22,9duu1755lnvxil9y,042n3,ACTIVE
2023-24,22,9duu1755lnvxil9y,04qrp,ACTIVE
2023-24,22,9duu1755lnvxil9y,04ewn,ACTIVE
2023-24,22,9duu1755lnvxil9y,051ot,ACTIVE
2023-24,22,9duu1755lnvxil9y,06cbx,ACTIVE
2023-24,22,9duu1755lnvxil9y,0621x,ACTIVE
2023-24,22,9duu1755lnvxil9y,04qs4,ACTIVE
2023-24,22,9duu1755lnvxil9y,04qro,ACTIVE
2023-24,22,9duu1755lnvxil9y,001aw,ACTIVE
2023-24,22,9duu1755lnvxil9y,0527l,ACTIVE
2023-24,22,9duu1755lnvxil9y,06cc2,ACTIVE
2023-24,22,9duu1755lnvxil9y,06cca,ACTIVE
2023-24,22,9duu1755lnvxil9y,051p0,ACTIVE
2023-24,22,9duu1755lnvxil9y,04qrj,ACTIVE
2023-24,22,9duu1755lnvxil9y,04qsm,ACTIVE
2023-24,22,9duu1755lnvxil9y,01uyj,ACTIVE
2023-24,22,9duu1755lnvxil9y,027oo,ACTIVE
2023-24,22,9duu1755lnvxil9y,02xg9,ACTIVE
2023-24,22,9duu1755lnvxil9y,03al1,ACTIVE
2023-24,22,9duu1755lnvxil9y,0011e,ACTIVE
2023-24,23,ts8qey4flnvxil9y,06215,ACTIVE
2023-24,23,ts8qey4flnvxil9y,0621c,ACTIVE
2023-24,23,ts8qey4flnvxil9y,042n4,ACTIVE
2023-24,23,ts8qey4flnvxil9y,03e75,ACTIVE
2023-24,23,ts8qey4flnvxil9y,0621k,ACTIVE
2023-24,23,ts8qey4flnvxil9y,0527h,ACTIVE
2023-24,23,ts8qey4flnvxil9y,05uus,ACTIVE
2023-24,23,ts8qey4flnvxil9y,0621g,ACTIVE
2023-24,23,ts8qey4flnvxil9y,05uii,ACTIVE
2023-24,23,ts8qey4flnvxil9y,04qrn,ACTIVE
2023-24,23,ts8qey4flnvxil9y,02ym0,ACTIVE
2023-24,23,ts8qey4flnvxil9y,06cdn,ACTIVE
2023-24,23,ts8qey4flnvxil9y,06cc5,ACTIVE
2023-24,23,ts8qey4flnvxil9y,06ca8,ACTIVE
2023-24,23,ts8qey4flnvxil9y,051oh,ACTIVE
2023-24,23,ts8qey4flnvxil9y,049kc,ACTIVE
2023-24,23,ts8qey4flnvxil9y,05qu1,ACTIVE
2023-24,23,ts8qey4flnvxil9y,027oj,ACTIVE
2023-24,23,ts8qey4flnvxil9y,05uj9,ACTIVE
2023-24,23,ts8qey4flnvxil9y,06cby,ACTIVE
2023-24,23,dljt8kz1lnvxil9y,0621u,ACTIVE
2023-24,23,dljt8kz1lnvxil9y,0015e,ACTIVE
2023-24,23,dljt8kz1lnvxil9y,01enh,ACTIVE
2023-24,23,dljt8kz1lnvxil9y,04qrk,ACTIVE
2023-24,23,dljt8kz1lnvxil9y,05uic,ACTIVE
2023-24,23,dljt8kz1lnvxil9y,04ewm,ACTIVE
2023-24,23,dljt8kz1lnvxil9y,005kc,ACTIVE
2023-24,23,dljt8kz1lnvxil9y,0621l,ACTIVE
2023-24,23,dljt8kz1lnvxil9y,03ajv,ACTIVE
2023-24,23,dljt8kz1lnvxil9y,03aq3,ACTIVE
2023-24,23,dljt8kz1lnvxil9y,027pe,ACTIVE
2023-24,23,dljt8kz1lnvxil9y,051oj,ACTIVE
2023-24,23,dljt8kz1lnvxil9y,0558t,ACTIVE
2023-24,23,dljt8kz1lnvxil9y,051pi,ACTIVE
2023-24,23,dljt8kz1lnvxil9y,04qsi,ACTIVE
2023-24,23,dljt8kz1lnvxil9y,05qt3,ACTIVE
2023-24,23,dljt8kz1lnvxil9y,03r7r,ACTIVE
2023-24,23,dljt8kz1lnvxil9y,031m9,ACTIVE
2023-24,23,dljt8kz1lnvxil9y,03r7h,ACTIVE
2023-24,23,dljt8kz1lnvxil9y,05qst,ACTIVE
2023-24,23,jixaa8l3lnvxil9y,03ad3,ACTIVE
2023-24,23,jixaa8l3lnvxil9y,051ps,ACTIVE
2023-24,23,jixaa8l3lnvxil9y,03xmv,ACTIVE
2023-24,23,jixaa8l3lnvxil9y,027pg,ACTIVE
2023-24,23,jixaa8l3lnvxil9y,05uip,ACTIVE
2023-24,23,jixaa8l3lnvxil9y,049kb,ACTIVE
2023-24,23,jixaa8l3lnvxil9y,051p2,ACTIVE
2023-24,23,jixaa8l3lnvxil9y,03e6u,ACTIVE
2023-24,23,jixaa8l3lnvxil9y,051p9,ACTIVE
2023-24,23,jixaa8l3lnvxil9y,042n1,ACTIVE
2023-24,23,jixaa8l3lnvxil9y,03r7z,ACTIVE
2023-24,23,jixaa8l3lnvxil9y,051oi,ACTIVE
2023-24,23,jixaa8l3lnvxil9y,049kd,ACTIVE
2023-24,23,jixaa8l3lnvxil9y,03lg1,ACTIVE
2023-24,23,jixaa8l3lnvxil9y,03e6s,ACTIVE
2023-24,23,jixaa8l3lnvxil9y,0621n,ACTIVE
2023-24,23,jixaa8l3lnvxil9y,042nt,ACTIVE
2023-24,23,jixaa8l3lnvxil9y,03ad0,ACTIVE
2023-24,23,jixaa8l3lnvxil9y,06212,ACTIVE
2023-24,23,jixaa8l3lnvxil9y,042nq,ACTIVE
2023-24,23,po3bonl9lnvxil9y,04ewe,ACTIVE
2023-24,23,po3bonl9lnvxil9y,03aq2,ACTIVE
2023-24,23,po3bonl9lnvxil9y,03e74,ACTIVE
2023-24,23,po3bonl9lnvxil9y,042n6,ACTIVE
2023-24,23,po3bonl9lnvxil9y,0496e,ACTIVE
2023-24,23,po3bonl9lnvxil9y,027ou,ACTIVE
2023-24,23,po3bonl9lnvxil9y,04azw,ACTIVE
2023-24,23,po3bonl9lnvxil9y,051p8,ACTIVE
2023-24,23,po3bonl9lnvxil9y,04kj6,ACTIVE
2023-24,23,po3bonl9lnvxil9y,0015b,ACTIVE
2023-24,23,po3bonl9lnvxil9y,03ad2,ACTIVE
2023-24,23,po3bonl9lnvxil9y,04qsd,ACTIVE
2023-24,23,po3bonl9lnvxil9y,02ng3,ACTIVE
2023-24,23,po3bonl9lnvxil9y,05qtq,ACTIVE
2023-24,23,po3bonl9lnvxil9y,03ad7,ACTIVE
2023-24,23,po3bonl9lnvxil9y,0017e,ACTIVE
2023-24,23,po3bonl9lnvxil9y,03nwq,ACTIVE
2023-24,23,po3bonl9lnvxil9y,03el5,ACTIVE
2023-24,23,po3bonl9lnvxil9y,05qsl,ACTIVE
2023-24,23,po3bonl9lnvxil9y,031lv,ACTIVE
2023-24,23,b3jjri1ilnvxil9y,04ex8,ACTIVE
2023-24,23,b3jjri1ilnvxil9y,03r7u,ACTIVE
2023-24,23,b3jjri1ilnvxil9y,05uig,ACTIVE
2023-24,23,b3jjri1ilnvxil9y,042nw,ACTIVE
2023-24,23,b3jjri1ilnvxil9y,04qrr,ACTIVE
2023-24,23,b3jjri1ilnvxil9y,0621b,ACTIVE
2023-24,23,b3jjri1ilnvxil9y,005ki,ACTIVE
2023-24,23,b3jjri1ilnvxil9y,05uiu,ACTIVE
2023-24,23,b3jjri1ilnvxil9y,06216,ACTIVE
2023-24,23,b3jjri1ilnvxil9y,01eo6,ACTIVE
2023-24,23,b3jjri1ilnvxil9y,04qrm,ACTIVE
2023-24,23,b3jjri1ilnvxil9y,03nwk,ACTIVE
2023-24,23,b3jjri1ilnvxil9y,02nf1,ACTIVE
2023-24,23,b3jjri1ilnvxil9y,04ewf,ACTIVE
2023-24,23,b3jjri1ilnvxil9y,027oz,ACTIVE
2023-24,23,b3jjri1ilnvxil9y,02nf6,ACTIVE
2023-24,23,b3jjri1ilnvxil9y,049s6,ACTIVE
2023-24,23,b3jjri1ilnvxil9y,05uir,ACTIVE
2023-24,23,b3jjri1ilnvxil9y,000zv,ACTIVE
2023-24,23,b3jjri1ilnvxil9y,02nfz,ACTIVE
2023-24,23,eli9ckrglnvxil9y,051on,ACTIVE
2023-24,23,eli9ckrglnvxil9y,042nm,ACTIVE
2023-24,23,eli9ckrglnvxil9y,027p4,ACTIVE
2023-24,23,eli9ckrglnvxil9y,05uif,ACTIVE
2023-24,23,eli9ckrglnvxil9y,042n7,ACTIVE
2023-24,23,eli9ckrglnvxil9y,05qtl,ACTIVE
2023-24,23,eli9ckrglnvxil9y,051pa,ACTIVE
2023-24,23,eli9ckrglnvxil9y,031lz,ACTIVE
2023-24,23,eli9ckrglnvxil9y,04ewc,ACTIVE
2023-24,23,eli9ckrglnvxil9y,05qtv,ACTIVE
2023-24,23,eli9ckrglnvxil9y,04qs1,ACTIVE
2023-24,23,eli9ckrglnvxil9y,031lx,ACTIVE
2023-24,23,eli9ckrglnvxil9y,05uiq,ACTIVE
2023-24,23,eli9ckrglnvxil9y,027p0,ACTIVE
2023-24,23,eli9ckrglnvxil9y,03nwl,ACTIVE
2023-24,23,eli9ckrglnvxil9y,05qt0,ACTIVE
2023-24,23,eli9ckrglnvxil9y,01eon,ACTIVE
2023-24,23,eli9ckrglnvxil9y,06cc8,ACTIVE
2023-24,23,eli9ckrglnvxil9y,06218,ACTIVE
2023-24,23,eli9ckrglnvxil9y,03nwn,ACTIVE
2023-24,23,n7acn7jolnvxil9y,04qs9,ACTIVE
2023-24,23,n7acn7jolnvxil9y,05qsq,ACTIVE
2023-24,23,n7acn7jolnvxil9y,04ewt,ACTIVE
2023-24,23,n7acn7jolnvxil9y,06213,ACTIVE
2023-24,23,n7acn7jolnvxil9y,04qry,ACTIVE
2023-24,23,n7acn7jolnvxil9y,031m2,ACTIVE
2023-24,23,n7acn7jolnvxil9y,05uib,ACTIVE
2023-24,23,n7acn7jolnvxil9y,05qtj,ACTIVE
2023-24,23,n7acn7jolnvxil9y,04ewu,ACTIVE
2023-24,23,n7acn7jolnvxil9y,04qrl,ACTIVE
2023-24,23,n7acn7jolnvxil9y,051pb,ACTIVE
2023-24,23,n7acn7jolnvxil9y,03nwm,ACTIVE
2023-24,23,n7acn7jolnvxil9y,03al0,ACTIVE
2023-24,23,n7acn7jolnvxil9y,05qu9,ACTIVE
2023-24,23,n7acn7jolnvxil9y,03lls,ACTIVE
2023-24,23,n7acn7jolnvxil9y,06cab,ACTIVE
2023-24,23,n7acn7jolnvxil9y,051ol,ACTIVE
2023-24,23,n7acn7jolnvxil9y,04qse,ACTIVE
2023-24,23,n7acn7jolnvxil9y,03byk,ACTIVE
2023-24,23,n7acn7jolnvxil9y,031m0,ACTIVE
2023-24,23,qjg0vp84lnvxil9y,05qtr,ACTIVE
2023-24,23,qjg0vp84lnvxil9y,031m4,ACTIVE
2023-24,23,qjg0vp84lnvxil9y,04qsa,ACTIVE
2023-24,23,qjg0vp84lnvxil9y,05qto,ACTIVE
2023-24,23,qjg0vp84lnvxil9y,0621e,ACTIVE
2023-24,23,qjg0vp84lnvxil9y,05uid,ACTIVE
2023-24,23,qjg0vp84lnvxil9y,04xdu,ACTIVE
2023-24,23,qjg0vp84lnvxil9y,05uie,ACTIVE
2023-24,23,qjg0vp84lnvxil9y,06ccf,ACTIVE
2023-24,23,qjg0vp84lnvxil9y,05qub,ACTIVE
2023-24,23,qjg0vp84lnvxil9y,06210,ACTIVE
2023-24,23,qjg0vp84lnvxil9y,04qrw,ACTIVE
2023-24,23,qjg0vp84lnvxil9y,05qsx,ACTIVE
2023-24,23,qjg0vp84lnvxil9y,05qtt,ACTIVE
2023-24,23,qjg0vp84lnvxil9y,06214,ACTIVE
2023-24,23,qjg0vp84lnvxil9y,05qu0,ACTIVE
2023-24,23,qjg0vp84lnvxil9y,05qtf,ACTIVE
2023-24,23,qjg0vp84lnvxil9y,05qug,ACTIVE
2023-24,23,qjg0vp84lnvxil9y,04ewr,ACTIVE
2023-24,23,qjg0vp84lnvxil9y,05uih,ACTIVE
2023-24,23,y09j7i5alnvxil9y,04ewk,ACTIVE
2023-24,23,y09j7i5alnvxil9y,051or,ACTIVE
2023-24,23,y09j7i5alnvxil9y,06211,ACTIVE
2023-24,23,y09j7i5alnvxil9y,051ok,ACTIVE
2023-24,23,y09j7i5alnvxil9y,04848,ACTIVE
2023-24,23,y09j7i5alnvxil9y,03ams,ACTIVE
2023-24,23,y09j7i5alnvxil9y,03e6n,ACTIVE
2023-24,23,y09j7i5alnvxil9y,05uiz,ACTIVE
2023-24,23,y09j7i5alnvxil9y,01eo9,ACTIVE
2023-24,23,y09j7i5alnvxil9y,04qsj,ACTIVE
2023-24,23,y09j7i5alnvxil9y,03ad4,ACTIVE
2023-24,23,y09j7i5alnvxil9y,005kf,ACTIVE
2023-24,23,y09j7i5alnvxil9y,06cch,ACTIVE
2023-24,23,y09j7i5alnvxil9y,042nf,ACTIVE
2023-24,23,y09j7i5alnvxil9y,03al2,ACTIVE
2023-24,23,y09j7i5alnvxil9y,02nf7,ACTIVE
2023-24,23,y09j7i5alnvxil9y,02nf3,ACTIVE
2023-24,23,y09j7i5alnvxil9y,051os,ACTIVE
2023-24,23,y09j7i5alnvxil9y,01uz7,ACTIVE
2023-24,23,y09j7i5alnvxil9y,03wr4,ACTIVE
2023-24,23,9duu1755lnvxil9y,042n3,ACTIVE
2023-24,23,9duu1755lnvxil9y,04qrp,ACTIVE
2023-24,23,9duu1755lnvxil9y,04ewn,ACTIVE
2023-24,23,9duu1755lnvxil9y,051ot,ACTIVE
2023-24,23,9duu1755lnvxil9y,06cbx,ACTIVE
2023-24,23,9duu1755lnvxil9y,0621x,ACTIVE
2023-24,23,9duu1755lnvxil9y,04qs4,ACTIVE
2023-24,23,9duu1755lnvxil9y,04qro,ACTIVE
2023-24,23,9duu1755lnvxil9y,001aw,ACTIVE
2023-24,23,9duu1755lnvxil9y,0527l,ACTIVE
2023-24,23,9duu1755lnvxil9y,06cc2,ACTIVE
2023-24,23,9duu1755lnvxil9y,06cca,ACTIVE
2023-24,23,9duu1755lnvxil9y,051p0,ACTIVE
2023-24,23,9duu1755lnvxil9y,04qrj,ACTIVE
2023-24,23,9duu1755lnvxil9y,04qsm,ACTIVE
2023-24,23,9duu1755lnvxil9y,01uyj,ACTIVE
2023-24,23,9duu1755lnvxil9y,027oo,ACTIVE
2023-24,23,9duu1755lnvxil9y,02xg9,ACTIVE
2023-24,23,9duu1755lnvxil9y,03al1,ACTIVE
2023-24,23,9duu1755lnvxil9y,0011e,ACTIVE
2023-24,24,ts8qey4flnvxil9y,06215,ACTIVE
2023-24,24,ts8qey4flnvxil9y,0621c,ACTIVE
2023-24,24,ts8qey4flnvxil9y,042n4,ACTIVE
2023-24,24,ts8qey4flnvxil9y,03e75,ACTIVE
2023-24,24,ts8qey4flnvxil9y,0621k,ACTIVE
2023-24,24,ts8qey4flnvxil9y,0527h,ACTIVE
2023-24,24,ts8qey4flnvxil9y,05uus,ACTIVE
2023-24,24,ts8qey4flnvxil9y,0621g,ACTIVE
2023-24,24,ts8qey4flnvxil9y,05uii,ACTIVE
2023-24,24,ts8qey4flnvxil9y,04qrn,ACTIVE
2023-24,24,ts8qey4flnvxil9y,02ym0,ACTIVE
2023-24,24,ts8qey4flnvxil9y,06cdn,ACTIVE
2023-24,24,ts8qey4flnvxil9y,06cc5,ACTIVE
2023-24,24,ts8qey4flnvxil9y,06ca8,ACTIVE
2023-24,24,ts8qey4flnvxil9y,051oh,ACTIVE
2023-24,24,ts8qey4flnvxil9y,049kc,ACTIVE
2023-24,24,ts8qey4flnvxil9y,05qu1,ACTIVE
2023-24,24,ts8qey4flnvxil9y,027oj,ACTIVE
2023-24,24,ts8qey4flnvxil9y,05uj9,ACTIVE
2023-24,24,ts8qey4flnvxil9y,06cby,ACTIVE
2023-24,24,dljt8kz1lnvxil9y,0621u,ACTIVE
2023-24,24,dljt8kz1lnvxil9y,0015e,ACTIVE
2023-24,24,dljt8kz1lnvxil9y,01enh,ACTIVE
2023-24,24,dljt8kz1lnvxil9y,04qrk,ACTIVE
2023-24,24,dljt8kz1lnvxil9y,05uic,ACTIVE
2023-24,24,dljt8kz1lnvxil9y,04ewm,ACTIVE
2023-24,24,dljt8kz1lnvxil9y,005kc,ACTIVE
2023-24,24,dljt8kz1lnvxil9y,0621l,ACTIVE
2023-24,24,dljt8kz1lnvxil9y,03ajv,ACTIVE
2023-24,24,dljt8kz1lnvxil9y,03aq3,ACTIVE
2023-24,24,dljt8kz1lnvxil9y,027pe,ACTIVE
2023-24,24,dljt8kz1lnvxil9y,051oj,ACTIVE
2023-24,24,dljt8kz1lnvxil9y,0558t,ACTIVE
2023-24,24,dljt8kz1lnvxil9y,051pi,ACTIVE
2023-24,24,dljt8kz1lnvxil9y,04qsi,ACTIVE
2023-24,24,dljt8kz1lnvxil9y,05qt3,ACTIVE
2023-24,24,dljt8kz1lnvxil9y,03r7r,ACTIVE
2023-24,24,dljt8kz1lnvxil9y,031m9,ACTIVE
2023-24,24,dljt8kz1lnvxil9y,03r7h,ACTIVE
2023-24,24,dljt8kz1lnvxil9y,05qst,ACTIVE
2023-24,24,jixaa8l3lnvxil9y,03ad3,ACTIVE
2023-24,24,jixaa8l3lnvxil9y,051ps,ACTIVE
2023-24,24,jixaa8l3lnvxil9y,03xmv,ACTIVE
2023-24,24,jixaa8l3lnvxil9y,027pg,ACTIVE
2023-24,24,jixaa8l3lnvxil9y,05uip,ACTIVE
2023-24,24,jixaa8l3lnvxil9y,049kb,ACTIVE
2023-24,24,jixaa8l3lnvxil9y,051p2,ACTIVE
2023-24,24,jixaa8l3lnvxil9y,03e6u,ACTIVE
2023-24,24,jixaa8l3lnvxil9y,051p9,ACTIVE
2023-24,24,jixaa8l3lnvxil9y,042n1,ACTIVE
2023-24,24,jixaa8l3lnvxil9y,03r7z,ACTIVE
2023-24,24,jixaa8l3lnvxil9y,051oi,ACTIVE
2023-24,24,jixaa8l3lnvxil9y,049kd,ACTIVE
2023-24,24,jixaa8l3lnvxil9y,03lg1,ACTIVE
2023-24,24,jixaa8l3lnvxil9y,03e6s,ACTIVE
2023-24,24,jixaa8l3lnvxil9y,0621n,ACTIVE
2023-24,24,jixaa8l3lnvxil9y,042nt,ACTIVE
2023-24,24,jixaa8l3lnvxil9y,03ad0,ACTIVE
2023-24,24,jixaa8l3lnvxil9y,06212,ACTIVE
2023-24,24,jixaa8l3lnvxil9y,042nq,ACTIVE
2023-24,24,po3bonl9lnvxil9y,04ewe,ACTIVE
2023-24,24,po3bonl9lnvxil9y,03aq2,ACTIVE
2023-24,24,po3bonl9lnvxil9y,03e74,ACTIVE
2023-24,24,po3bonl9lnvxil9y,042n6,ACTIVE
2023-24,24,po3bonl9lnvxil9y,0496e,ACTIVE
2023-24,24,po3bonl9lnvxil9y,027ou,ACTIVE
2023-24,24,po3bonl9lnvxil9y,04azw,ACTIVE
2023-24,24,po3bonl9lnvxil9y,051p8,ACTIVE
2023-24,24,po3bonl9lnvxil9y,04kj6,ACTIVE
2023-24,24,po3bonl9lnvxil9y,0015b,ACTIVE
2023-24,24,po3bonl9lnvxil9y,03ad2,ACTIVE
2023-24,24,po3bonl9lnvxil9y,04qsd,ACTIVE
2023-24,24,po3bonl9lnvxil9y,02ng3,ACTIVE
2023-24,24,po3bonl9lnvxil9y,05qtq,ACTIVE
2023-24,24,po3bonl9lnvxil9y,03ad7,ACTIVE
2023-24,24,po3bonl9lnvxil9y,0017e,ACTIVE
2023-24,24,po3bonl9lnvxil9y,03nwq,ACTIVE
2023-24,24,po3bonl9lnvxil9y,03el5,ACTIVE
2023-24,24,po3bonl9lnvxil9y,05qsl,ACTIVE
2023-24,24,po3bonl9lnvxil9y,031lv,ACTIVE
2023-24,24,b3jjri1ilnvxil9y,04ex8,ACTIVE
2023-24,24,b3jjri1ilnvxil9y,03r7u,ACTIVE
2023-24,24,b3jjri1ilnvxil9y,05uig,ACTIVE
2023-24,24,b3jjri1ilnvxil9y,042nw,ACTIVE
2023-24,24,b3jjri1ilnvxil9y,04qrr,ACTIVE
2023-24,24,b3jjri1ilnvxil9y,0621b,ACTIVE
2023-24,24,b3jjri1ilnvxil9y,005ki,ACTIVE
2023-24,24,b3jjri1ilnvxil9y,05uiu,ACTIVE
2023-24,24,b3jjri1ilnvxil9y,06216,ACTIVE
2023-24,24,b3jjri1ilnvxil9y,01eo6,ACTIVE
2023-24,24,b3jjri1ilnvxil9y,04qrm,ACTIVE
2023-24,24,b3jjri1ilnvxil9y,03nwk,ACTIVE
2023-24,24,b3jjri1ilnvxil9y,02nf1,ACTIVE
2023-24,24,b3jjri1ilnvxil9y,04ewf,ACTIVE
2023-24,24,b3jjri1ilnvxil9y,027oz,ACTIVE
2023-24,24,b3jjri1ilnvxil9y,02nf6,ACTIVE
2023-24,24,b3jjri1ilnvxil9y,049s6,ACTIVE
2023-24,24,b3jjri1ilnvxil9y,05uir,ACTIVE
2023-24,24,b3jjri1ilnvxil9y,000zv,ACTIVE
2023-24,24,b3jjri1ilnvxil9y,02nfz,ACTIVE
2023-24,24,eli9ckrglnvxil9y,051on,ACTIVE
2023-24,24,eli9ckrglnvxil9y,042nm,ACTIVE
2023-24,24,eli9ckrglnvxil9y,027p4,ACTIVE
2023-24,24,eli9ckrglnvxil9y,05uif,ACTIVE
2023-24,24,eli9ckrglnvxil9y,042n7,ACTIVE
2023-24,24,eli9ckrglnvxil9y,05qtl,ACTIVE
2023-24,24,eli9ckrglnvxil9y,051pa,ACTIVE
2023-24,24,eli9ckrglnvxil9y,031lz,ACTIVE
2023-24,24,eli9ckrglnvxil9y,04ewc,ACTIVE
2023-24,24,eli9ckrglnvxil9y,05qtv,ACTIVE
2023-24,24,eli9ckrglnvxil9y,04qs1,ACTIVE
2023-24,24,eli9ckrglnvxil9y,031lx,ACTIVE
2023-24,24,eli9ckrglnvxil9y,05uiq,ACTIVE
2023-24,24,eli9ckrglnvxil9y,027p0,ACTIVE
2023-24,24,eli9ckrglnvxil9y,03nwl,ACTIVE
2023-24,24,eli9ckrglnvxil9y,05qt0,ACTIVE
2023-24,24,eli9ckrglnvxil9y,01eon,ACTIVE
2023-24,24,eli9ckrglnvxil9y,06cc8,ACTIVE
2023-24,24,eli9ckrglnvxil9y,06218,ACTIVE
2023-24,24,eli9ckrglnvxil9y,03nwn,ACTIVE
2023-24,24,n7acn7jolnvxil9y,04qs9,ACTIVE
2023-24,24,n7acn7jolnvxil9y,05qsq,ACTIVE
2023-24,24,n7acn7jolnvxil9y,04ewt,ACTIVE
2023-24,24,n7acn7jolnvxil9y,06213,ACTIVE
2023-24,24,n7acn7jolnvxil9y,04qry,ACTIVE
2023-24,24,n7acn7jolnvxil9y,031m2,ACTIVE
2023-24,24,n7acn7jolnvxil9y,05uib,ACTIVE
2023-24,24,n7acn7jolnvxil9y,05qtj,ACTIVE
2023-24,24,n7acn7jolnvxil9y,04ewu,ACTIVE
2023-24,24,n7acn7jolnvxil9y,04qrl,ACTIVE
2023-24,24,n7acn7jolnvxil9y,051pb,ACTIVE
2023-24,24,n7acn7jolnvxil9y,03nwm,ACTIVE
2023-24,24,n7acn7jolnvxil9y,03al0,ACTIVE
2023-24,24,n7acn7jolnvxil9y,05qu9,ACTIVE
2023-24,24,n7acn7jolnvxil9y,03lls,ACTIVE
2023-24,24,n7acn7jolnvxil9y,06cab,ACTIVE
2023-24,24,n7acn7jolnvxil9y,051ol,ACTIVE
2023-24,24,n7acn7jolnvxil9y,04qse,ACTIVE
2023-24,24,n7acn7jolnvxil9y,03byk,ACTIVE
2023-24,24,n7acn7jolnvxil9y,031m0,ACTIVE
2023-24,24,qjg0vp84lnvxil9y,05qtr,ACTIVE
2023-24,24,qjg0vp84lnvxil9y,031m4,ACTIVE
2023-24,24,qjg0vp84lnvxil9y,04qsa,ACTIVE
2023-24,24,qjg0vp84lnvxil9y,05qto,ACTIVE
2023-24,24,qjg0vp84lnvxil9y,0621e,ACTIVE
2023-24,24,qjg0vp84lnvxil9y,05uid,ACTIVE
2023-24,24,qjg0vp84lnvxil9y,04xdu,ACTIVE
2023-24,24,qjg0vp84lnvxil9y,05uie,ACTIVE
2023-24,24,qjg0vp84lnvxil9y,06ccf,ACTIVE
2023-24,24,qjg0vp84lnvxil9y,05qub,ACTIVE
2023-24,24,qjg0vp84lnvxil9y,06210,ACTIVE
2023-24,24,qjg0vp84lnvxil9y,04qrw,ACTIVE
2023-24,24,qjg0vp84lnvxil9y,05qsx,ACTIVE
2023-24,24,qjg0vp84lnvxil9y,05qtt,ACTIVE
2023-24,24,qjg0vp84lnvxil9y,06214,ACTIVE
2023-24,24,qjg0vp84lnvxil9y,05qu0,ACTIVE
2023-24,24,qjg0vp84lnvxil9y,05qtf,ACTIVE
2023-24,24,qjg0vp84lnvxil9y,05qug,ACTIVE
2023-24,24,qjg0vp84lnvxil9y,04ewr,ACTIVE
2023-24,24,qjg0vp84lnvxil9y,05uih,ACTIVE
2023-24,24,y09j7i5alnvxil9y,04ewk,ACTIVE
2023-24,24,y09j7i5alnvxil9y,051or,ACTIVE
2023-24,24,y09j7i5alnvxil9y,06211,ACTIVE
2023-24,24,y09j7i5alnvxil9y,051ok,ACTIVE
2023-24,24,y09j7i5alnvxil9y,04848,ACTIVE
2023-24,24,y09j7i5alnvxil9y,03ams,ACTIVE
2023-24,24,y09j7i5alnvxil9y,03e6n,ACTIVE
2023-24,24,y09j7i5alnvxil9y,05uiz,ACTIVE
2023-24,24,y09j7i5alnvxil9y,01eo9,ACTIVE
2023-24,24,y09j7i5alnvxil9y,04qsj,ACTIVE
2023-24,24,y09j7i5alnvxil9y,03ad4,ACTIVE
2023-24,24,y09j7i5alnvxil9y,005kf,ACTIVE
2023-24,24,y09j7i5alnvxil9y,06cch,ACTIVE
2023-24,24,y09j7i5alnvxil9y,042nf,ACTIVE
2023-24,24,y09j7i5alnvxil9y,03al2,ACTIVE
2023-24,24,y09j7i5alnvxil9y,02nf7,ACTIVE
2023-24,24,y09j7i5alnvxil9y,02nf3,ACTIVE
2023-24,24,y09j7i5alnvxil9y,051os,ACTIVE
2023-24,24,y09j7i5alnvxil9y,01uz7,ACTIVE
2023-24,24,y09j7i5alnvxil9y,03wr4,ACTIVE
2023-24,24,9duu1755lnvxil9y,042n3,ACTIVE
2023-24,24,9duu1755lnvxil9y,04qrp,ACTIVE
2023-24,24,9duu1755lnvxil9y,04ewn,ACTIVE
2023-24,24,9duu1755lnvxil9y,051ot,ACTIVE
2023-24,24,9duu1755lnvxil9y,06cbx,ACTIVE
2023-24,24,9duu1755lnvxil9y,0621x,ACTIVE
2023-24,24,9duu1755lnvxil9y,04qs4,ACTIVE
2023-24,24,9duu1755lnvxil9y,04qro,ACTIVE
2023-24,24,9duu1755lnvxil9y,001aw,ACTIVE
2023-24,24,9duu1755lnvxil9y,0527l,ACTIVE
2023-24,24,9duu1755lnvxil9y,06cc2,ACTIVE
2023-24,24,9duu1755lnvxil9y,06cca,ACTIVE
2023-24,24,9duu1755lnvxil9y,051p0,ACTIVE
2023-24,24,9duu1755lnvxil9y,04qrj,ACTIVE
2023-24,24,9duu1755lnvxil9y,04qsm,ACTIVE
2023-24,24,9duu1755lnvxil9y,01uyj,ACTIVE
2023-24,24,9duu1755lnvxil9y,027oo,ACTIVE
2023-24,24,9duu1755lnvxil9y,02xg9,ACTIVE
2023-24,24,9duu1755lnvxil9y,03al1,ACTIVE
2023-24,24,9duu1755lnvxil9y,0011e,ACTIVE
2023-24,25,ts8qey4flnvxil9y,06215,ACTIVE
2023-24,25,ts8qey4flnvxil9y,0621c,ACTIVE
2023-24,25,ts8qey4flnvxil9y,042n4,ACTIVE
2023-24,25,ts8qey4flnvxil9y,03e75,ACTIVE
2023-24,25,ts8qey4flnvxil9y,0621k,ACTIVE
2023-24,25,ts8qey4flnvxil9y,0527h,ACTIVE
2023-24,25,ts8qey4flnvxil9y,05uus,ACTIVE
2023-24,25,ts8qey4flnvxil9y,0621g,ACTIVE
2023-24,25,ts8qey4flnvxil9y,05uii,ACTIVE
2023-24,25,ts8qey4flnvxil9y,04qrn,ACTIVE
2023-24,25,ts8qey4flnvxil9y,02ym0,ACTIVE
2023-24,25,ts8qey4flnvxil9y,06cdn,ACTIVE
2023-24,25,ts8qey4flnvxil9y,06cc5,ACTIVE
2023-24,25,ts8qey4flnvxil9y,06ca8,ACTIVE
2023-24,25,ts8qey4flnvxil9y,051oh,ACTIVE
2023-24,25,ts8qey4flnvxil9y,049kc,ACTIVE
2023-24,25,ts8qey4flnvxil9y,05qu1,ACTIVE
2023-24,25,ts8qey4flnvxil9y,027oj,ACTIVE
2023-24,25,ts8qey4flnvxil9y,05uj9,ACTIVE
2023-24,25,ts8qey4flnvxil9y,06cby,ACTIVE
2023-24,25,dljt8kz1lnvxil9y,0621u,ACTIVE
2023-24,25,dljt8kz1lnvxil9y,0015e,ACTIVE
2023-24,25,dljt8kz1lnvxil9y,01enh,ACTIVE
2023-24,25,dljt8kz1lnvxil9y,04qrk,ACTIVE
2023-24,25,dljt8kz1lnvxil9y,05uic,ACTIVE
2023-24,25,dljt8kz1lnvxil9y,04ewm,ACTIVE
2023-24,25,dljt8kz1lnvxil9y,005kc,ACTIVE
2023-24,25,dljt8kz1lnvxil9y,0621l,ACTIVE
2023-24,25,dljt8kz1lnvxil9y,03ajv,ACTIVE
2023-24,25,dljt8kz1lnvxil9y,03aq3,ACTIVE
2023-24,25,dljt8kz1lnvxil9y,027pe,ACTIVE
2023-24,25,dljt8kz1lnvxil9y,051oj,ACTIVE
2023-24,25,dljt8kz1lnvxil9y,0558t,ACTIVE
2023-24,25,dljt8kz1lnvxil9y,051pi,ACTIVE
2023-24,25,dljt8kz1lnvxil9y,04qsi,ACTIVE
2023-24,25,dljt8kz1lnvxil9y,05qt3,ACTIVE
2023-24,25,dljt8kz1lnvxil9y,03r7r,ACTIVE
2023-24,25,dljt8kz1lnvxil9y,031m9,ACTIVE
2023-24,25,dljt8kz1lnvxil9y,03r7h,ACTIVE
2023-24,25,dljt8kz1lnvxil9y,05qst,ACTIVE
2023-24,25,jixaa8l3lnvxil9y,03ad3,ACTIVE
2023-24,25,jixaa8l3lnvxil9y,051ps,ACTIVE
2023-24,25,jixaa8l3lnvxil9y,03xmv,ACTIVE
2023-24,25,jixaa8l3lnvxil9y,027pg,ACTIVE
2023-24,25,jixaa8l3lnvxil9y,05uip,ACTIVE
2023-24,25,jixaa8l3lnvxil9y,049kb,ACTIVE
2023-24,25,jixaa8l3lnvxil9y,051p2,ACTIVE
2023-24,25,jixaa8l3lnvxil9y,03e6u,ACTIVE
2023-24,25,jixaa8l3lnvxil9y,051p9,ACTIVE
2023-24,25,jixaa8l3lnvxil9y,042n1,ACTIVE
2023-24,25,jixaa8l3lnvxil9y,03r7z,ACTIVE
2023-24,25,jixaa8l3lnvxil9y,051oi,ACTIVE
2023-24,25,jixaa8l3lnvxil9y,049kd,ACTIVE
2023-24,25,jixaa8l3lnvxil9y,03lg1,ACTIVE
2023-24,25,jixaa8l3lnvxil9y,03e6s,ACTIVE
2023-24,25,jixaa8l3lnvxil9y,0621n,ACTIVE
2023-24,25,jixaa8l3lnvxil9y,042nt,ACTIVE
2023-24,25,jixaa8l3lnvxil9y,03ad0,ACTIVE
2023-24,25,jixaa8l3lnvxil9y,06212,ACTIVE
2023-24,25,jixaa8l3lnvxil9y,042nq,ACTIVE
2023-24,25,po3bonl9lnvxil9y,04ewe,ACTIVE
2023-24,25,po3bonl9lnvxil9y,03aq2,ACTIVE
2023-24,25,po3bonl9lnvxil9y,03e74,ACTIVE
2023-24,25,po3bonl9lnvxil9y,042n6,ACTIVE
2023-24,25,po3bonl9lnvxil9y,0496e,ACTIVE
2023-24,25,po3bonl9lnvxil9y,027ou,ACTIVE
2023-24,25,po3bonl9lnvxil9y,04azw,ACTIVE
2023-24,25,po3bonl9lnvxil9y,051p8,ACTIVE
2023-24,25,po3bonl9lnvxil9y,04kj6,ACTIVE
2023-24,25,po3bonl9lnvxil9y,0015b,ACTIVE
2023-24,25,po3bonl9lnvxil9y,03ad2,ACTIVE
2023-24,25,po3bonl9lnvxil9y,04qsd,ACTIVE
2023-24,25,po3bonl9lnvxil9y,02ng3,ACTIVE
2023-24,25,po3bonl9lnvxil9y,05qtq,ACTIVE
2023-24,25,po3bonl9lnvxil9y,03ad7,ACTIVE
2023-24,25,po3bonl9lnvxil9y,0017e,ACTIVE
2023-24,25,po3bonl9lnvxil9y,03nwq,ACTIVE
2023-24,25,po3bonl9lnvxil9y,03el5,ACTIVE
2023-24,25,po3bonl9lnvxil9y,05qsl,ACTIVE
2023-24,25,po3bonl9lnvxil9y,031lv,ACTIVE
2023-24,25,b3jjri1ilnvxil9y,04ex8,ACTIVE
2023-24,25,b3jjri1ilnvxil9y,03r7u,ACTIVE
2023-24,25,b3jjri1ilnvxil9y,05uig,ACTIVE
2023-24,25,b3jjri1ilnvxil9y,042nw,ACTIVE
2023-24,25,b3jjri1ilnvxil9y,04qrr,ACTIVE
2023-24,25,b3jjri1ilnvxil9y,0621b,ACTIVE
2023-24,25,b3jjri1ilnvxil9y,005ki,ACTIVE
2023-24,25,b3jjri1ilnvxil9y,05uiu,ACTIVE
2023-24,25,b3jjri1ilnvxil9y,06216,ACTIVE
2023-24,25,b3jjri1ilnvxil9y,01eo6,ACTIVE
2023-24,25,b3jjri1ilnvxil9y,04qrm,ACTIVE
2023-24,25,b3jjri1ilnvxil9y,03nwk,ACTIVE
2023-24,25,b3jjri1ilnvxil9y,02nf1,ACTIVE
2023-24,25,b3jjri1ilnvxil9y,04ewf,ACTIVE
2023-24,25,b3jjri1ilnvxil9y,027oz,ACTIVE
2023-24,25,b3jjri1ilnvxil9y,02nf6,ACTIVE
2023-24,25,b3jjri1ilnvxil9y,049s6,ACTIVE
2023-24,25,b3jjri1ilnvxil9y,05uir,ACTIVE
2023-24,25,b3jjri1ilnvxil9y,000zv,ACTIVE
2023-24,25,b3jjri1ilnvxil9y,02nfz,ACTIVE
2023-24,25,eli9ckrglnvxil9y,051on,ACTIVE
2023-24,25,eli9ckrglnvxil9y,042nm,ACTIVE
2023-24,25,eli9ckrglnvxil9y,027p4,ACTIVE
2023-24,25,eli9ckrglnvxil9y,05uif,ACTIVE
2023-24,25,eli9ckrglnvxil9y,042n7,ACTIVE
2023-24,25,eli9ckrglnvxil9y,05qtl,ACTIVE
2023-24,25,eli9ckrglnvxil9y,051pa,ACTIVE
2023-24,25,eli9ckrglnvxil9y,031lz,ACTIVE
2023-24,25,eli9ckrglnvxil9y,04ewc,ACTIVE
2023-24,25,eli9ckrglnvxil9y,05qtv,ACTIVE
2023-24,25,eli9ckrglnvxil9y,04qs1,ACTIVE
2023-24,25,eli9ckrglnvxil9y,031lx,ACTIVE
2023-24,25,eli9ckrglnvxil9y,05uiq,ACTIVE
2023-24,25,eli9ckrglnvxil9y,027p0,ACTIVE
2023-24,25,eli9ckrglnvxil9y,03nwl,ACTIVE
2023-24,25,eli9ckrglnvxil9y,05qt0,ACTIVE
2023-24,25,eli9ckrglnvxil9y,01eon,ACTIVE
2023-24,25,eli9ckrglnvxil9y,06cc8,ACTIVE
2023-24,25,eli9ckrglnvxil9y,06218,ACTIVE
2023-24,25,eli9ckrglnvxil9y,03nwn,ACTIVE
2023-24,25,n7acn7jolnvxil9y,04qs9,ACTIVE
2023-24,25,n7acn7jolnvxil9y,05qsq,ACTIVE
2023-24,25,n7acn7jolnvxil9y,04ewt,ACTIVE
2023-24,25,n7acn7jolnvxil9y,06213,ACTIVE
2023-24,25,n7acn7jolnvxil9y,04qry,ACTIVE
2023-24,25,n7acn7jolnvxil9y,031m2,ACTIVE
2023-24,25,n7acn7jolnvxil9y,05uib,ACTIVE
2023-24,25,n7acn7jolnvxil9y,05qtj,ACTIVE
2023-24,25,n7acn7jolnvxil9y,04ewu,ACTIVE
2023-24,25,n7acn7jolnvxil9y,04qrl,ACTIVE
2023-24,25,n7acn7jolnvxil9y,051pb,ACTIVE
2023-24,25,n7acn7jolnvxil9y,03nwm,ACTIVE
2023-24,25,n7acn7jolnvxil9y,03al0,ACTIVE
2023-24,25,n7acn7jolnvxil9y,05qu9,ACTIVE
2023-24,25,n7acn7jolnvxil9y,03lls,ACTIVE
2023-24,25,n7acn7jolnvxil9y,06cab,ACTIVE
2023-24,25,n7acn7jolnvxil9y,051ol,ACTIVE
2023-24,25,n7acn7jolnvxil9y,04qse,ACTIVE
2023-24,25,n7acn7jolnvxil9y,03byk,ACTIVE
2023-24,25,n7acn7jolnvxil9y,031m0,ACTIVE
2023-24,25,qjg0vp84lnvxil9y,05qtr,ACTIVE
2023-24,25,qjg0vp84lnvxil9y,031m4,ACTIVE
2023-24,25,qjg0vp84lnvxil9y,04qsa,ACTIVE
2023-24,25,qjg0vp84lnvxil9y,05qto,ACTIVE
2023-24,25,qjg0vp84lnvxil9y,0621e,ACTIVE
2023-24,25,qjg0vp84lnvxil9y,05uid,ACTIVE
2023-24,25,qjg0vp84lnvxil9y,04xdu,ACTIVE
2023-24,25,qjg0vp84lnvxil9y,05uie,ACTIVE
2023-24,25,qjg0vp84lnvxil9y,06ccf,ACTIVE
2023-24,25,qjg0vp84lnvxil9y,05qub,ACTIVE
2023-24,25,qjg0vp84lnvxil9y,06210,ACTIVE
2023-24,25,qjg0vp84lnvxil9y,04qrw,ACTIVE
2023-24,25,qjg0vp84lnvxil9y,05qsx,ACTIVE
2023-24,25,qjg0vp84lnvxil9y,05qtt,ACTIVE
2023-24,25,qjg0vp84lnvxil9y,06214,ACTIVE
2023-24,25,qjg0vp84lnvxil9y,05qu0,ACTIVE
2023-24,25,qjg0vp84lnvxil9y,05qtf,ACTIVE
2023-24,25,qjg0vp84lnvxil9y,05qug,ACTIVE
2023-24,25,qjg0vp84lnvxil9y,04ewr,ACTIVE
2023-24,25,qjg0vp84lnvxil9y,05uih,ACTIVE
2023-24,25,y09j7i5alnvxil9y,04ewk,ACTIVE
2023-24,25,y09j7i5alnvxil9y,051or,ACTIVE
2023-24,25,y09j7i5alnvxil9y,06211,ACTIVE
2023-24,25,y09j7i5alnvxil9y,051ok,ACTIVE
2023-24,25,y09j7i5alnvxil9y,04848,ACTIVE
2023-24,25,y09j7i5alnvxil9y,03ams,ACTIVE
2023-24,25,y09j7i5alnvxil9y,03e6n,ACTIVE
2023-24,25,y09j7i5alnvxil9y,05uiz,ACTIVE
2023-24,25,y09j7i5alnvxil9y,01eo9,ACTIVE
2023-24,25,y09j7i5alnvxil9y,04qsj,ACTIVE
2023-24,25,y09j7i5alnvxil9y,03ad4,ACTIVE
2023-24,25,y09j7i5alnvxil9y,005kf,ACTIVE
2023-24,25,y09j7i5alnvxil9y,06cch,ACTIVE
2023-24,25,y09j7i5alnvxil9y,042nf,ACTIVE
2023-24,25,y09j7i5alnvxil9y,03al2,ACTIVE
2023-24,25,y09j7i5alnvxil9y,02nf7,ACTIVE
2023-24,25,y09j7i5alnvxil9y,02nf3,ACTIVE
2023-24,25,y09j7i5alnvxil9y,051os,ACTIVE
2023-24,25,y09j7i5alnvxil9y,01uz7,ACTIVE
2023-24,25,y09j7i5alnvxil9y,03wr4,ACTIVE
2023-24,25,9duu1755lnvxil9y,042n3,ACTIVE
2023-24,25,9duu1755lnvxil9y,04qrp,ACTIVE
2023-24,25,9duu1755lnvxil9y,04ewn,ACTIVE
2023-24,25,9duu1755lnvxil9y,051ot,ACTIVE
2023-24,25,9duu1755lnvxil9y,06cbx,ACTIVE
2023-24,25,9duu1755lnvxil9y,0621x,ACTIVE
2023-24,25,9duu1755lnvxil9y,04qs4,ACTIVE
2023-24,25,9duu1755lnvxil9y,04qro,ACTIVE
2023-24,25,9duu1755lnvxil9y,001aw,ACTIVE
2023-24,25,9duu1755lnvxil9y,0527l,ACTIVE
2023-24,25,9duu1755lnvxil9y,06cc2,ACTIVE
2023-24,25,9duu1755lnvxil9y,06cca,ACTIVE
2023-24,25,9duu1755lnvxil9y,051p0,ACTIVE
2023-24,25,9duu1755lnvxil9y,04qrj,ACTIVE
2023-24,25,9duu1755lnvxil9y,04qsm,ACTIVE
2023-24,25,9duu1755lnvxil9y,01uyj,ACTIVE
2023-24,25,9duu1755lnvxil9y,027oo,ACTIVE
2023-24,25,9duu1755lnvxil9y,02xg9,ACTIVE
2023-24,25,9duu1755lnvxil9y,03al1,ACTIVE
2023-24,25,9duu1755lnvxil9y,0011e,ACTIVE
2024-25,1,f9yq112sm1whgxxs,02nf6,ACTIVE
2024-25,1,f9yq112sm1whgxxs,051op,ACTIVE
2024-25,1,f9yq112sm1whgxxs,06mk3,ACTIVE
2024-25,1,f9yq112sm1whgxxs,03nwn,ACTIVE
2024-25,1,f9yq112sm1whgxxs,01eon,ACTIVE
2024-25,1,f9yq112sm1whgxxs,04qrl,ACTIVE
2024-25,1,f9yq112sm1whgxxs,03lg1,ACTIVE
2024-25,1,f9yq112sm1whgxxs,04ewu,ACTIVE
2024-25,1,f9yq112sm1whgxxs,03e75,ACTIVE
2024-25,1,f9yq112sm1whgxxs,04ewr,ACTIVE
2024-25,1,f9yq112sm1whgxxs,042n1,ACTIVE
2024-25,1,f9yq112sm1whgxxs,04qrp,ACTIVE
2024-25,1,f9yq112sm1whgxxs,04848,ACTIVE
2024-25,1,f9yq112sm1whgxxs,05qtt,ACTIVE
2024-25,1,f9yq112sm1whgxxs,051or,ACTIVE
2024-25,1,f9yq112sm1whgxxs,03ad4,ACTIVE
2024-25,1,f9yq112sm1whgxxs,05uus,ACTIVE
2024-25,1,f9yq112sm1whgxxs,0017e,ACTIVE
2024-25,1,f9yq112sm1whgxxs,05uiq,ACTIVE
2024-25,1,f9yq112sm1whgxxs,04ex8,ACTIVE
2024-25,1,ogxmjjovm1whgxxs,03e6s,ACTIVE
2024-25,1,ogxmjjovm1whgxxs,04qru,ACTIVE
2024-25,1,ogxmjjovm1whgxxs,04ewc,ACTIVE
2024-25,1,ogxmjjovm1whgxxs,05qu0,ACTIVE
2024-25,1,ogxmjjovm1whgxxs,06cca,ACTIVE
2024-25,1,ogxmjjovm1whgxxs,04ewm,ACTIVE
2024-25,1,ogxmjjovm1whgxxs,06mjv,ACTIVE
2024-25,1,ogxmjjovm1whgxxs,0558t,ACTIVE
2024-25,1,ogxmjjovm1whgxxs,06218,ACTIVE
2024-25,1,ogxmjjovm1whgxxs,04qry,ACTIVE
2024-25,1,ogxmjjovm1whgxxs,06212,ACTIVE
2024-25,1,ogxmjjovm1whgxxs,04qs1,ACTIVE
2024-25,1,ogxmjjovm1whgxxs,03wr4,ACTIVE
2024-25,1,ogxmjjovm1whgxxs,05uii,ACTIVE
2024-25,1,ogxmjjovm1whgxxs,05uib,ACTIVE
2024-25,1,ogxmjjovm1whgxxs,0621l,ACTIVE
2024-25,1,ogxmjjovm1whgxxs,03ad3,ACTIVE
2024-25,1,ogxmjjovm1whgxxs,02nf1,ACTIVE
2024-25,1,ogxmjjovm1whgxxs,06mk9,ACTIVE
2024-25,1,ogxmjjovm1whgxxs,04qsa,ACTIVE
2024-25,1,xj5wwgasm1whgxxs,0621b,ACTIVE
2024-25,1,xj5wwgasm1whgxxs,05uj9,ACTIVE
2024-25,1,xj5wwgasm1whgxxs,05uiw,ACTIVE
2024-25,1,xj5wwgasm1whgxxs,03al1,ACTIVE
2024-25,1,xj5wwgasm1whgxxs,04ewb,ACTIVE
2024-25,1,xj5wwgasm1whgxxs,005ki,ACTIVE
2024-25,1,xj5wwgasm1whgxxs,03xmv,ACTIVE
2024-25,1,xj5wwgasm1whgxxs,06mjw,ACTIVE
2024-25,1,xj5wwgasm1whgxxs,06nz5,ACTIVE
2024-25,1,xj5wwgasm1whgxxs,06mm1,ACTIVE
2024-25,1,xj5wwgasm1whgxxs,051pb,ACTIVE
2024-25,1,xj5wwgasm1whgxxs,05qto,ACTIVE
2024-25,1,xj5wwgasm1whgxxs,06217,ACTIVE
2024-25,1,xj5wwgasm1whgxxs,06211,ACTIVE
2024-25,1,xj5wwgasm1whgxxs,05qt3,ACTIVE
2024-25,1,xj5wwgasm1whgxxs,031m4,ACTIVE
2024-25,1,xj5wwgasm1whgxxs,02nf3,ACTIVE
2024-25,1,xj5wwgasm1whgxxs,0496e,ACTIVE
2024-25,1,xj5wwgasm1whgxxs,04ewn,ACTIVE
2024-25,1,xj5wwgasm1whgxxs,03ad2,ACTIVE
2024-25,1,kom4opqfm1whgxxs,06mjt,ACTIVE
2024-25,1,kom4opqfm1whgxxs,06214,ACTIVE
2024-25,1,kom4opqfm1whgxxs,03ajv,ACTIVE
2024-25,1,kom4opqfm1whgxxs,000zv,ACTIVE
2024-25,1,kom4opqfm1whgxxs,049kd,ACTIVE
2024-25,1,kom4opqfm1whgxxs,05uir,ACTIVE
2024-25,1,kom4opqfm1whgxxs,03e74,ACTIVE
2024-25,1,kom4opqfm1whgxxs,049kb,ACTIVE
2024-25,1,kom4opqfm1whgxxs,051oh,ACTIVE
2024-25,1,kom4opqfm1whgxxs,06cdn,ACTIVE
2024-25,1,kom4opqfm1whgxxs,051p9,ACTIVE
2024-25,1,kom4opqfm1whgxxs,051pa,ACTIVE
2024-25,1,kom4opqfm1whgxxs,03byk,ACTIVE
2024-25,1,kom4opqfm1whgxxs,04kj6,ACTIVE
2024-25,1,kom4opqfm1whgxxs,03lls,ACTIVE
2024-25,1,kom4opqfm1whgxxs,03nwk,ACTIVE
2024-25,1,kom4opqfm1whgxxs,031lx,ACTIVE
2024-25,1,kom4opqfm1whgxxs,0622a,ACTIVE
2024-25,1,kom4opqfm1whgxxs,0621e,ACTIVE
2024-25,1,kom4opqfm1whgxxs,051oi,ACTIVE
2024-25,1,yn3jui7nm1whgxxs,027pe,ACTIVE
2024-25,1,yn3jui7nm1whgxxs,04azw,ACTIVE
2024-25,1,yn3jui7nm1whgxxs,02xg9,ACTIVE
2024-25,1,yn3jui7nm1whgxxs,027oj,ACTIVE
2024-25,1,yn3jui7nm1whgxxs,042nf,ACTIVE
2024-25,1,yn3jui7nm1whgxxs,042nt,ACTIVE
2024-25,1,yn3jui7nm1whgxxs,05qtr,ACTIVE
2024-25,1,yn3jui7nm1whgxxs,051os,ACTIVE
2024-25,1,yn3jui7nm1whgxxs,0621t,ACTIVE
2024-25,1,yn3jui7nm1whgxxs,04qrm,ACTIVE
2024-25,1,yn3jui7nm1whgxxs,042n7,ACTIVE
2024-25,1,yn3jui7nm1whgxxs,05qty,ACTIVE
2024-25,1,yn3jui7nm1whgxxs,01eo9,ACTIVE
2024-25,1,yn3jui7nm1whgxxs,05qtv,ACTIVE
2024-25,1,yn3jui7nm1whgxxs,06mjz,ACTIVE
2024-25,1,yn3jui7nm1whgxxs,027p4,ACTIVE
2024-25,1,yn3jui7nm1whgxxs,05qsl,ACTIVE
2024-25,1,yn3jui7nm1whgxxs,04ewk,ACTIVE
2024-25,1,yn3jui7nm1whgxxs,049kc,ACTIVE
2024-25,1,yn3jui7nm1whgxxs,06mk6,ACTIVE
2024-25,1,rr8dwgn0m1whgxxs,042n3,ACTIVE
2024-25,1,rr8dwgn0m1whgxxs,04ex6,ACTIVE
2024-25,1,rr8dwgn0m1whgxxs,01uyj,ACTIVE
2024-25,1,rr8dwgn0m1whgxxs,05qsq,ACTIVE
2024-25,1,rr8dwgn0m1whgxxs,0015e,ACTIVE
2024-25,1,rr8dwgn0m1whgxxs,01enh,ACTIVE
2024-25,1,rr8dwgn0m1whgxxs,042n4,ACTIVE
2024-25,1,rr8dwgn0m1whgxxs,027pg,ACTIVE
2024-25,1,rr8dwgn0m1whgxxs,02nfz,ACTIVE
2024-25,1,rr8dwgn0m1whgxxs,04qsd,ACTIVE
2024-25,1,rr8dwgn0m1whgxxs,031m0,ACTIVE
2024-25,1,rr8dwgn0m1whgxxs,03ams,ACTIVE
2024-25,1,rr8dwgn0m1whgxxs,02ng3,ACTIVE
2024-25,1,rr8dwgn0m1whgxxs,049ka,ACTIVE
2024-25,1,rr8dwgn0m1whgxxs,02ym0,ACTIVE
2024-25,1,rr8dwgn0m1whgxxs,04qrn,ACTIVE
2024-25,1,rr8dwgn0m1whgxxs,027ou,ACTIVE
2024-25,1,rr8dwgn0m1whgxxs,051pi,ACTIVE
2024-25,1,rr8dwgn0m1whgxxs,03el5,ACTIVE
2024-25,1,rr8dwgn0m1whgxxs,03al2,ACTIVE
2024-25,1,61xrt1smm1whgxxs,01eo6,ACTIVE
2024-25,1,61xrt1smm1whgxxs,03nwm,ACTIVE
2024-25,1,61xrt1smm1whgxxs,05qt4,ACTIVE
2024-25,1,61xrt1smm1whgxxs,05qug,ACTIVE
2024-25,1,61xrt1smm1whgxxs,04qse,ACTIVE
2024-25,1,61xrt1smm1whgxxs,031lv,ACTIVE
2024-25,1,61xrt1smm1whgxxs,05uig,ACTIVE
2024-25,1,61xrt1smm1whgxxs,06216,ACTIVE
2024-25,1,61xrt1smm1whgxxs,051ol,ACTIVE
2024-25,1,61xrt1smm1whgxxs,06mk1,ACTIVE
2024-25,1,61xrt1smm1whgxxs,03e6u,ACTIVE
2024-25,1,61xrt1smm1whgxxs,0527l,ACTIVE
2024-25,1,61xrt1smm1whgxxs,051on,ACTIVE
2024-25,1,61xrt1smm1whgxxs,05qtj,ACTIVE
2024-25,1,61xrt1smm1whgxxs,05qu1,ACTIVE
2024-25,1,61xrt1smm1whgxxs,027oz,ACTIVE
2024-25,1,61xrt1smm1whgxxs,027oo,ACTIVE
2024-25,1,61xrt1smm1whgxxs,0011e,ACTIVE
2024-25,1,61xrt1smm1whgxxs,06ccv,ACTIVE
2024-25,1,61xrt1smm1whgxxs,06cbx,ACTIVE
2024-25,1,7jwjf6hgm1whgxxs,06ca8,ACTIVE
2024-25,1,7jwjf6hgm1whgxxs,04qro,ACTIVE
2024-25,1,7jwjf6hgm1whgxxs,051ot,ACTIVE
2024-25,1,7jwjf6hgm1whgxxs,05uih,ACTIVE
2024-25,1,7jwjf6hgm1whgxxs,042n6,ACTIVE
2024-25,1,7jwjf6hgm1whgxxs,06cc0,ACTIVE
2024-25,1,7jwjf6hgm1whgxxs,05uj1,ACTIVE
2024-25,1,7jwjf6hgm1whgxxs,03r7z,ACTIVE
2024-25,1,7jwjf6hgm1whgxxs,051ps,ACTIVE
2024-25,1,7jwjf6hgm1whgxxs,06cdh,ACTIVE
2024-25,1,7jwjf6hgm1whgxxs,05uiu,ACTIVE
2024-25,1,7jwjf6hgm1whgxxs,06mk7,ACTIVE
2024-25,1,7jwjf6hgm1whgxxs,05uid,ACTIVE
2024-25,1,7jwjf6hgm1whgxxs,06210,ACTIVE
2024-25,1,7jwjf6hgm1whgxxs,0621g,ACTIVE
2024-25,1,7jwjf6hgm1whgxxs,05uie,ACTIVE
2024-25,1,7jwjf6hgm1whgxxs,06cc7,ACTIVE
2024-25,1,7jwjf6hgm1whgxxs,03nwl,ACTIVE
2024-25,1,7jwjf6hgm1whgxxs,0621c,ACTIVE
2024-25,1,7jwjf6hgm1whgxxs,06cby,ACTIVE
2024-25,1,c2198rgtm1whgxxs,05uip,ACTIVE
2024-25,1,c2198rgtm1whgxxs,051p8,ACTIVE
2024-25,1,c2198rgtm1whgxxs,06ccd,ACTIVE
2024-25,1,c2198rgtm1whgxxs,042nq,ACTIVE
2024-25,1,c2198rgtm1whgxxs,05qu9,ACTIVE
2024-25,1,c2198rgtm1whgxxs,02nf9,ACTIVE
2024-25,1,c2198rgtm1whgxxs,06mju,ACTIVE
2024-25,1,c2198rgtm1whgxxs,005kc,ACTIVE
2024-25,1,c2198rgtm1whgxxs,051oj,ACTIVE
2024-25,1,c2198rgtm1whgxxs,05ujc,ACTIVE
2024-25,1,c2198rgtm1whgxxs,06ccf,ACTIVE
2024-25,1,c2198rgtm1whgxxs,04ewf,ACTIVE
2024-25,1,c2198rgtm1whgxxs,06213,ACTIVE
2024-25,1,c2198rgtm1whgxxs,042nw,ACTIVE
2024-25,1,c2198rgtm1whgxxs,03al0,ACTIVE
2024-25,1,c2198rgtm1whgxxs,051p1,ACTIVE
2024-25,1,c2198rgtm1whgxxs,03e6n,ACTIVE
2024-25,1,c2198rgtm1whgxxs,027p0,ACTIVE
2024-25,1,c2198rgtm1whgxxs,031m2,ACTIVE
2024-25,1,c2198rgtm1whgxxs,04qrk,ACTIVE
2024-25,1,gxxp9rr0m1whgxxs,04ewt,ACTIVE
2024-25,1,gxxp9rr0m1whgxxs,04ewe,ACTIVE
2024-25,1,gxxp9rr0m1whgxxs,0527h,ACTIVE
2024-25,1,gxxp9rr0m1whgxxs,03ad0,ACTIVE
2024-25,1,gxxp9rr0m1whgxxs,03aq2,ACTIVE
2024-25,1,gxxp9rr0m1whgxxs,06cc1,ACTIVE
2024-25,1,gxxp9rr0m1whgxxs,06mk0,ACTIVE
2024-25,1,gxxp9rr0m1whgxxs,06cch,ACTIVE
2024-25,1,gxxp9rr0m1whgxxs,0621u,ACTIVE
2024-25,1,gxxp9rr0m1whgxxs,0621q,ACTIVE
2024-25,1,gxxp9rr0m1whgxxs,04qrr,ACTIVE
2024-25,1,gxxp9rr0m1whgxxs,05uif,ACTIVE
2024-25,1,gxxp9rr0m1whgxxs,05uic,ACTIVE
2024-25,1,gxxp9rr0m1whgxxs,06cc8,ACTIVE
2024-25,1,gxxp9rr0m1whgxxs,06cab,ACTIVE
2024-25,1,gxxp9rr0m1whgxxs,06ca7,ACTIVE
2024-25,1,gxxp9rr0m1whgxxs,06215,ACTIVE
2024-25,1,gxxp9rr0m1whgxxs,042nm,ACTIVE
2024-25,1,gxxp9rr0m1whgxxs,001aw,ACTIVE
2024-25,1,gxxp9rr0m1whgxxs,04qrj,ACTIVE
2024-25,2,f9yq112sm1whgxxs,02nf6,ACTIVE
2024-25,2,f9yq112sm1whgxxs,051op,ACTIVE
2024-25,2,f9yq112sm1whgxxs,06mk3,ACTIVE
2024-25,2,f9yq112sm1whgxxs,03nwn,ACTIVE
2024-25,2,f9yq112sm1whgxxs,01eon,ACTIVE
2024-25,2,f9yq112sm1whgxxs,04qrl,ACTIVE
2024-25,2,f9yq112sm1whgxxs,03lg1,ACTIVE
2024-25,2,f9yq112sm1whgxxs,04ewu,ACTIVE
2024-25,2,f9yq112sm1whgxxs,03e75,ACTIVE
2024-25,2,f9yq112sm1whgxxs,04ewr,ACTIVE
2024-25,2,f9yq112sm1whgxxs,042n1,ACTIVE
2024-25,2,f9yq112sm1whgxxs,04qrp,ACTIVE
2024-25,2,f9yq112sm1whgxxs,04848,ACTIVE
2024-25,2,f9yq112sm1whgxxs,05qtt,ACTIVE
2024-25,2,f9yq112sm1whgxxs,051or,ACTIVE
2024-25,2,f9yq112sm1whgxxs,03ad4,ACTIVE
2024-25,2,f9yq112sm1whgxxs,05uus,ACTIVE
2024-25,2,f9yq112sm1whgxxs,0017e,ACTIVE
2024-25,2,f9yq112sm1whgxxs,05uiq,ACTIVE
2024-25,2,f9yq112sm1whgxxs,04ex8,ACTIVE
2024-25,2,ogxmjjovm1whgxxs,03e6s,ACTIVE
2024-25,2,ogxmjjovm1whgxxs,04qru,ACTIVE
2024-25,2,ogxmjjovm1whgxxs,04ewc,ACTIVE
2024-25,2,ogxmjjovm1whgxxs,05qu0,ACTIVE
2024-25,2,ogxmjjovm1whgxxs,06cca,ACTIVE
2024-25,2,ogxmjjovm1whgxxs,04ewm,ACTIVE
2024-25,2,ogxmjjovm1whgxxs,06mjv,ACTIVE
2024-25,2,ogxmjjovm1whgxxs,0558t,ACTIVE
2024-25,2,ogxmjjovm1whgxxs,06218,ACTIVE
2024-25,2,ogxmjjovm1whgxxs,04qry,ACTIVE
2024-25,2,ogxmjjovm1whgxxs,06212,ACTIVE
2024-25,2,ogxmjjovm1whgxxs,04qs1,ACTIVE
2024-25,2,ogxmjjovm1whgxxs,03wr4,ACTIVE
2024-25,2,ogxmjjovm1whgxxs,05uii,ACTIVE
2024-25,2,ogxmjjovm1whgxxs,05uib,ACTIVE
2024-25,2,ogxmjjovm1whgxxs,0621l,ACTIVE
2024-25,2,ogxmjjovm1whgxxs,03ad3,ACTIVE
2024-25,2,ogxmjjovm1whgxxs,02nf1,ACTIVE
2024-25,2,ogxmjjovm1whgxxs,06mk9,ACTIVE
2024-25,2,ogxmjjovm1whgxxs,04qsa,ACTIVE
2024-25,2,xj5wwgasm1whgxxs,0621b,ACTIVE
2024-25,2,xj5wwgasm1whgxxs,05uj9,ACTIVE
2024-25,2,xj5wwgasm1whgxxs,05uiw,ACTIVE
2024-25,2,xj5wwgasm1whgxxs,03al1,ACTIVE
2024-25,2,xj5wwgasm1whgxxs,04ewb,ACTIVE
2024-25,2,xj5wwgasm1whgxxs,005ki,ACTIVE
2024-25,2,xj5wwgasm1whgxxs,03xmv,ACTIVE
2024-25,2,xj5wwgasm1whgxxs,06mjw,ACTIVE
2024-25,2,xj5wwgasm1whgxxs,06nz5,ACTIVE
2024-25,2,xj5wwgasm1whgxxs,06mm1,ACTIVE
2024-25,2,xj5wwgasm1whgxxs,051pb,ACTIVE
2024-25,2,xj5wwgasm1whgxxs,05qto,ACTIVE
2024-25,2,xj5wwgasm1whgxxs,06217,ACTIVE
2024-25,2,xj5wwgasm1whgxxs,06211,ACTIVE
2024-25,2,xj5wwgasm1whgxxs,05qt3,ACTIVE
2024-25,2,xj5wwgasm1whgxxs,031m4,ACTIVE
2024-25,2,xj5wwgasm1whgxxs,02nf3,ACTIVE
2024-25,2,xj5wwgasm1whgxxs,0496e,ACTIVE
2024-25,2,xj5wwgasm1whgxxs,04ewn,ACTIVE
2024-25,2,xj5wwgasm1whgxxs,03ad2,ACTIVE
2024-25,2,kom4opqfm1whgxxs,06mjt,ACTIVE
2024-25,2,kom4opqfm1whgxxs,06214,ACTIVE
2024-25,2,kom4opqfm1whgxxs,03ajv,ACTIVE
2024-25,2,kom4opqfm1whgxxs,000zv,ACTIVE
2024-25,2,kom4opqfm1whgxxs,049kd,ACTIVE
2024-25,2,kom4opqfm1whgxxs,05uir,ACTIVE
2024-25,2,kom4opqfm1whgxxs,03e74,ACTIVE
2024-25,2,kom4opqfm1whgxxs,049kb,ACTIVE
2024-25,2,kom4opqfm1whgxxs,051oh,ACTIVE
2024-25,2,kom4opqfm1whgxxs,06cdn,ACTIVE
2024-25,2,kom4opqfm1whgxxs,051p9,ACTIVE
2024-25,2,kom4opqfm1whgxxs,051pa,ACTIVE
2024-25,2,kom4opqfm1whgxxs,03byk,ACTIVE
2024-25,2,kom4opqfm1whgxxs,04kj6,ACTIVE
2024-25,2,kom4opqfm1whgxxs,03lls,ACTIVE
2024-25,2,kom4opqfm1whgxxs,03nwk,ACTIVE
2024-25,2,kom4opqfm1whgxxs,031lx,ACTIVE
2024-25,2,kom4opqfm1whgxxs,0622a,ACTIVE
2024-25,2,kom4opqfm1whgxxs,0621e,ACTIVE
2024-25,2,kom4opqfm1whgxxs,051oi,ACTIVE
2024-25,2,yn3jui7nm1whgxxs,027pe,ACTIVE
2024-25,2,yn3jui7nm1whgxxs,04azw,ACTIVE
2024-25,2,yn3jui7nm1whgxxs,02xg9,ACTIVE
2024-25,2,yn3jui7nm1whgxxs,027oj,ACTIVE
2024-25,2,yn3jui7nm1whgxxs,042nf,ACTIVE
2024-25,2,yn3jui7nm1whgxxs,042nt,ACTIVE
2024-25,2,yn3jui7nm1whgxxs,05qtr,ACTIVE
2024-25,2,yn3jui7nm1whgxxs,051os,ACTIVE
2024-25,2,yn3jui7nm1whgxxs,0621t,ACTIVE
2024-25,2,yn3jui7nm1whgxxs,04qrm,ACTIVE
2024-25,2,yn3jui7nm1whgxxs,042n7,ACTIVE
2024-25,2,yn3jui7nm1whgxxs,05qty,ACTIVE
2024-25,2,yn3jui7nm1whgxxs,01eo9,ACTIVE
2024-25,2,yn3jui7nm1whgxxs,05qtv,ACTIVE
2024-25,2,yn3jui7nm1whgxxs,06mjz,ACTIVE
2024-25,2,yn3jui7nm1whgxxs,027p4,ACTIVE
2024-25,2,yn3jui7nm1whgxxs,05qsl,ACTIVE
2024-25,2,yn3jui7nm1whgxxs,04ewk,ACTIVE
2024-25,2,yn3jui7nm1whgxxs,049kc,ACTIVE
2024-25,2,yn3jui7nm1whgxxs,06mk6,ACTIVE
2024-25,2,rr8dwgn0m1whgxxs,042n3,ACTIVE
2024-25,2,rr8dwgn0m1whgxxs,04ex6,ACTIVE
2024-25,2,rr8dwgn0m1whgxxs,01uyj,ACTIVE
2024-25,2,rr8dwgn0m1whgxxs,05qsq,ACTIVE
2024-25,2,rr8dwgn0m1whgxxs,0015e,ACTIVE
2024-25,2,rr8dwgn0m1whgxxs,01enh,ACTIVE
2024-25,2,rr8dwgn0m1whgxxs,042n4,ACTIVE
2024-25,2,rr8dwgn0m1whgxxs,027pg,ACTIVE
2024-25,2,rr8dwgn0m1whgxxs,02nfz,ACTIVE
2024-25,2,rr8dwgn0m1whgxxs,04qsd,ACTIVE
2024-25,2,rr8dwgn0m1whgxxs,031m0,ACTIVE
2024-25,2,rr8dwgn0m1whgxxs,03ams,ACTIVE
2024-25,2,rr8dwgn0m1whgxxs,02ng3,ACTIVE
2024-25,2,rr8dwgn0m1whgxxs,049ka,ACTIVE
2024-25,2,rr8dwgn0m1whgxxs,02ym0,ACTIVE
2024-25,2,rr8dwgn0m1whgxxs,04qrn,ACTIVE
2024-25,2,rr8dwgn0m1whgxxs,027ou,ACTIVE
2024-25,2,rr8dwgn0m1whgxxs,051pi,ACTIVE
2024-25,2,rr8dwgn0m1whgxxs,03el5,ACTIVE
2024-25,2,rr8dwgn0m1whgxxs,03al2,ACTIVE
2024-25,2,61xrt1smm1whgxxs,01eo6,ACTIVE
2024-25,2,61xrt1smm1whgxxs,03nwm,ACTIVE
2024-25,2,61xrt1smm1whgxxs,05qt4,ACTIVE
2024-25,2,61xrt1smm1whgxxs,05qug,ACTIVE
2024-25,2,61xrt1smm1whgxxs,04qse,ACTIVE
2024-25,2,61xrt1smm1whgxxs,031lv,ACTIVE
2024-25,2,61xrt1smm1whgxxs,05uig,ACTIVE
2024-25,2,61xrt1smm1whgxxs,06216,ACTIVE
2024-25,2,61xrt1smm1whgxxs,051ol,ACTIVE
2024-25,2,61xrt1smm1whgxxs,06mk1,ACTIVE
2024-25,2,61xrt1smm1whgxxs,03e6u,ACTIVE
2024-25,2,61xrt1smm1whgxxs,0527l,ACTIVE
2024-25,2,61xrt1smm1whgxxs,051on,ACTIVE
2024-25,2,61xrt1smm1whgxxs,05qtj,ACTIVE
2024-25,2,61xrt1smm1whgxxs,05qu1,ACTIVE
2024-25,2,61xrt1smm1whgxxs,027oz,ACTIVE
2024-25,2,61xrt1smm1whgxxs,027oo,ACTIVE
2024-25,2,61xrt1smm1whgxxs,0011e,ACTIVE
2024-25,2,61xrt1smm1whgxxs,06ccv,ACTIVE
2024-25,2,61xrt1smm1whgxxs,06cbx,ACTIVE
2024-25,2,7jwjf6hgm1whgxxs,06ca8,ACTIVE
2024-25,2,7jwjf6hgm1whgxxs,04qro,ACTIVE
2024-25,2,7jwjf6hgm1whgxxs,051ot,ACTIVE
2024-25,2,7jwjf6hgm1whgxxs,05uih,ACTIVE
2024-25,2,7jwjf6hgm1whgxxs,042n6,ACTIVE
2024-25,2,7jwjf6hgm1whgxxs,06cc0,ACTIVE
2024-25,2,7jwjf6hgm1whgxxs,05uj1,ACTIVE
2024-25,2,7jwjf6hgm1whgxxs,03r7z,ACTIVE
2024-25,2,7jwjf6hgm1whgxxs,051ps,ACTIVE
2024-25,2,7jwjf6hgm1whgxxs,06cdh,ACTIVE
2024-25,2,7jwjf6hgm1whgxxs,05uiu,ACTIVE
2024-25,2,7jwjf6hgm1whgxxs,06mk7,ACTIVE
2024-25,2,7jwjf6hgm1whgxxs,05uid,ACTIVE
2024-25,2,7jwjf6hgm1whgxxs,06210,ACTIVE
2024-25,2,7jwjf6hgm1whgxxs,0621g,ACTIVE
2024-25,2,7jwjf6hgm1whgxxs,05uie,ACTIVE
2024-25,2,7jwjf6hgm1whgxxs,06cc7,ACTIVE
2024-25,2,7jwjf6hgm1whgxxs,03nwl,ACTIVE
2024-25,2,7jwjf6hgm1whgxxs,0621c,ACTIVE
2024-25,2,7jwjf6hgm1whgxxs,06cby,ACTIVE
2024-25,2,c2198rgtm1whgxxs,05uip,ACTIVE
2024-25,2,c2198rgtm1whgxxs,051p8,ACTIVE
2024-25,2,c2198rgtm1whgxxs,06ccd,ACTIVE
2024-25,2,c2198rgtm1whgxxs,042nq,ACTIVE
2024-25,2,c2198rgtm1whgxxs,05qu9,ACTIVE
2024-25,2,c2198rgtm1whgxxs,02nf9,ACTIVE
2024-25,2,c2198rgtm1whgxxs,06mju,ACTIVE
2024-25,2,c2198rgtm1whgxxs,005kc,ACTIVE
2024-25,2,c2198rgtm1whgxxs,051oj,ACTIVE
2024-25,2,c2198rgtm1whgxxs,05ujc,ACTIVE
2024-25,2,c2198rgtm1whgxxs,06ccf,ACTIVE
2024-25,2,c2198rgtm1whgxxs,04ewf,ACTIVE
2024-25,2,c2198rgtm1whgxxs,06213,ACTIVE
2024-25,2,c2198rgtm1whgxxs,042nw,ACTIVE
2024-25,2,c2198rgtm1whgxxs,03al0,ACTIVE
2024-25,2,c2198rgtm1whgxxs,051p1,ACTIVE
2024-25,2,c2198rgtm1whgxxs,03e6n,ACTIVE
2024-25,2,c2198rgtm1whgxxs,027p0,ACTIVE
2024-25,2,c2198rgtm1whgxxs,031m2,ACTIVE
2024-25,2,c2198rgtm1whgxxs,04qrk,ACTIVE
2024-25,2,gxxp9rr0m1whgxxs,04ewt,ACTIVE
2024-25,2,gxxp9rr0m1whgxxs,04ewe,ACTIVE
2024-25,2,gxxp9rr0m1whgxxs,0527h,ACTIVE
2024-25,2,gxxp9rr0m1whgxxs,03ad0,ACTIVE
2024-25,2,gxxp9rr0m1whgxxs,03aq2,ACTIVE
2024-25,2,gxxp9rr0m1whgxxs,06cc1,ACTIVE
2024-25,2,gxxp9rr0m1whgxxs,06mk0,ACTIVE
2024-25,2,gxxp9rr0m1whgxxs,06cch,ACTIVE
2024-25,2,gxxp9rr0m1whgxxs,0621u,ACTIVE
2024-25,2,gxxp9rr0m1whgxxs,0621q,ACTIVE
2024-25,2,gxxp9rr0m1whgxxs,04qrr,ACTIVE
2024-25,2,gxxp9rr0m1whgxxs,05uif,ACTIVE
2024-25,2,gxxp9rr0m1whgxxs,05uic,ACTIVE
2024-25,2,gxxp9rr0m1whgxxs,06cc8,ACTIVE
2024-25,2,gxxp9rr0m1whgxxs,06cab,ACTIVE
2024-25,2,gxxp9rr0m1whgxxs,06ca7,ACTIVE
2024-25,2,gxxp9rr0m1whgxxs,06215,ACTIVE
2024-25,2,gxxp9rr0m1whgxxs,042nm,ACTIVE
2024-25,2,gxxp9rr0m1whgxxs,001aw,ACTIVE
2024-25,2,gxxp9rr0m1whgxxs,04qrj,ACTIVE
2024-25,3,f9yq112sm1whgxxs,02nf6,ACTIVE
2024-25,3,f9yq112sm1whgxxs,051op,ACTIVE
2024-25,3,f9yq112sm1whgxxs,06mk3,ACTIVE
2024-25,3,f9yq112sm1whgxxs,03nwn,ACTIVE
2024-25,3,f9yq112sm1whgxxs,01eon,ACTIVE
2024-25,3,f9yq112sm1whgxxs,04qrl,ACTIVE
2024-25,3,f9yq112sm1whgxxs,03lg1,ACTIVE
2024-25,3,f9yq112sm1whgxxs,04ewu,ACTIVE
2024-25,3,f9yq112sm1whgxxs,03e75,ACTIVE
2024-25,3,f9yq112sm1whgxxs,04ewr,ACTIVE
2024-25,3,f9yq112sm1whgxxs,042n1,ACTIVE
2024-25,3,f9yq112sm1whgxxs,04qrp,ACTIVE
2024-25,3,f9yq112sm1whgxxs,04848,ACTIVE
2024-25,3,f9yq112sm1whgxxs,05qtt,ACTIVE
2024-25,3,f9yq112sm1whgxxs,051or,ACTIVE
2024-25,3,f9yq112sm1whgxxs,03ad4,ACTIVE
2024-25,3,f9yq112sm1whgxxs,05uus,ACTIVE
2024-25,3,f9yq112sm1whgxxs,0017e,ACTIVE
2024-25,3,f9yq112sm1whgxxs,05uiq,ACTIVE
2024-25,3,f9yq112sm1whgxxs,04ex8,ACTIVE
2024-25,3,ogxmjjovm1whgxxs,03e6s,ACTIVE
2024-25,3,ogxmjjovm1whgxxs,04qru,ACTIVE
2024-25,3,ogxmjjovm1whgxxs,04ewc,ACTIVE
2024-25,3,ogxmjjovm1whgxxs,05qu0,ACTIVE
2024-25,3,ogxmjjovm1whgxxs,06cca,ACTIVE
2024-25,3,ogxmjjovm1whgxxs,04ewm,ACTIVE
2024-25,3,ogxmjjovm1whgxxs,06mjv,ACTIVE
2024-25,3,ogxmjjovm1whgxxs,0558t,ACTIVE
2024-25,3,ogxmjjovm1whgxxs,06218,ACTIVE
2024-25,3,ogxmjjovm1whgxxs,04qry,ACTIVE
2024-25,3,ogxmjjovm1whgxxs,06212,ACTIVE
2024-25,3,ogxmjjovm1whgxxs,04qs1,ACTIVE
2024-25,3,ogxmjjovm1whgxxs,03wr4,ACTIVE
2024-25,3,ogxmjjovm1whgxxs,05uii,ACTIVE
2024-25,3,ogxmjjovm1whgxxs,05uib,ACTIVE
2024-25,3,ogxmjjovm1whgxxs,0621l,ACTIVE
2024-25,3,ogxmjjovm1whgxxs,03ad3,ACTIVE
2024-25,3,ogxmjjovm1whgxxs,02nf1,ACTIVE
2024-25,3,ogxmjjovm1whgxxs,06mk9,ACTIVE
2024-25,3,ogxmjjovm1whgxxs,04qsa,ACTIVE
2024-25,3,xj5wwgasm1whgxxs,0621b,ACTIVE
2024-25,3,xj5wwgasm1whgxxs,05uj9,ACTIVE
2024-25,3,xj5wwgasm1whgxxs,05uiw,ACTIVE
2024-25,3,xj5wwgasm1whgxxs,03al1,ACTIVE
2024-25,3,xj5wwgasm1whgxxs,04ewb,ACTIVE
2024-25,3,xj5wwgasm1whgxxs,005ki,ACTIVE
2024-25,3,xj5wwgasm1whgxxs,03xmv,ACTIVE
2024-25,3,xj5wwgasm1whgxxs,06mjw,ACTIVE
2024-25,3,xj5wwgasm1whgxxs,06nz5,ACTIVE
2024-25,3,xj5wwgasm1whgxxs,06mm1,ACTIVE
2024-25,3,xj5wwgasm1whgxxs,051pb,ACTIVE
2024-25,3,xj5wwgasm1whgxxs,05qto,ACTIVE
2024-25,3,xj5wwgasm1whgxxs,06217,ACTIVE
2024-25,3,xj5wwgasm1whgxxs,06211,ACTIVE
2024-25,3,xj5wwgasm1whgxxs,05qt3,ACTIVE
2024-25,3,xj5wwgasm1whgxxs,031m4,ACTIVE
2024-25,3,xj5wwgasm1whgxxs,02nf3,ACTIVE
2024-25,3,xj5wwgasm1whgxxs,0496e,ACTIVE
2024-25,3,xj5wwgasm1whgxxs,04ewn,ACTIVE
2024-25,3,xj5wwgasm1whgxxs,03ad2,ACTIVE
2024-25,3,kom4opqfm1whgxxs,06mjt,ACTIVE
2024-25,3,kom4opqfm1whgxxs,06214,ACTIVE
2024-25,3,kom4opqfm1whgxxs,03ajv,ACTIVE
2024-25,3,kom4opqfm1whgxxs,000zv,ACTIVE
2024-25,3,kom4opqfm1whgxxs,049kd,ACTIVE
2024-25,3,kom4opqfm1whgxxs,05uir,ACTIVE
2024-25,3,kom4opqfm1whgxxs,03e74,ACTIVE
2024-25,3,kom4opqfm1whgxxs,049kb,ACTIVE
2024-25,3,kom4opqfm1whgxxs,051oh,ACTIVE
2024-25,3,kom4opqfm1whgxxs,06cdn,ACTIVE
2024-25,3,kom4opqfm1whgxxs,051p9,ACTIVE
2024-25,3,kom4opqfm1whgxxs,051pa,ACTIVE
2024-25,3,kom4opqfm1whgxxs,03byk,ACTIVE
2024-25,3,kom4opqfm1whgxxs,04kj6,ACTIVE
2024-25,3,kom4opqfm1whgxxs,03lls,ACTIVE
2024-25,3,kom4opqfm1whgxxs,03nwk,ACTIVE
2024-25,3,kom4opqfm1whgxxs,031lx,ACTIVE
2024-25,3,kom4opqfm1whgxxs,0622a,ACTIVE
2024-25,3,kom4opqfm1whgxxs,0621e,ACTIVE
2024-25,3,kom4opqfm1whgxxs,051oi,ACTIVE
2024-25,3,yn3jui7nm1whgxxs,027pe,ACTIVE
2024-25,3,yn3jui7nm1whgxxs,04azw,ACTIVE
2024-25,3,yn3jui7nm1whgxxs,02xg9,ACTIVE
2024-25,3,yn3jui7nm1whgxxs,027oj,ACTIVE
2024-25,3,yn3jui7nm1whgxxs,042nf,ACTIVE
2024-25,3,yn3jui7nm1whgxxs,042nt,ACTIVE
2024-25,3,yn3jui7nm1whgxxs,05qtr,ACTIVE
2024-25,3,yn3jui7nm1whgxxs,051os,ACTIVE
2024-25,3,yn3jui7nm1whgxxs,0621t,ACTIVE
2024-25,3,yn3jui7nm1whgxxs,04qrm,ACTIVE
2024-25,3,yn3jui7nm1whgxxs,042n7,ACTIVE
2024-25,3,yn3jui7nm1whgxxs,05qty,ACTIVE
2024-25,3,yn3jui7nm1whgxxs,01eo9,ACTIVE
2024-25,3,yn3jui7nm1whgxxs,05qtv,ACTIVE
2024-25,3,yn3jui7nm1whgxxs,06mjz,ACTIVE
2024-25,3,yn3jui7nm1whgxxs,027p4,ACTIVE
2024-25,3,yn3jui7nm1whgxxs,05qsl,ACTIVE
2024-25,3,yn3jui7nm1whgxxs,04ewk,ACTIVE
2024-25,3,yn3jui7nm1whgxxs,049kc,ACTIVE
2024-25,3,yn3jui7nm1whgxxs,06mk6,ACTIVE
2024-25,3,rr8dwgn0m1whgxxs,042n3,ACTIVE
2024-25,3,rr8dwgn0m1whgxxs,04ex6,ACTIVE
2024-25,3,rr8dwgn0m1whgxxs,01uyj,ACTIVE
2024-25,3,rr8dwgn0m1whgxxs,05qsq,ACTIVE
2024-25,3,rr8dwgn0m1whgxxs,0015e,ACTIVE
2024-25,3,rr8dwgn0m1whgxxs,01enh,ACTIVE
2024-25,3,rr8dwgn0m1whgxxs,042n4,ACTIVE
2024-25,3,rr8dwgn0m1whgxxs,027pg,ACTIVE
2024-25,3,rr8dwgn0m1whgxxs,02nfz,ACTIVE
2024-25,3,rr8dwgn0m1whgxxs,04qsd,ACTIVE
2024-25,3,rr8dwgn0m1whgxxs,031m0,ACTIVE
2024-25,3,rr8dwgn0m1whgxxs,03ams,ACTIVE
2024-25,3,rr8dwgn0m1whgxxs,02ng3,ACTIVE
2024-25,3,rr8dwgn0m1whgxxs,049ka,ACTIVE
2024-25,3,rr8dwgn0m1whgxxs,02ym0,ACTIVE
2024-25,3,rr8dwgn0m1whgxxs,04qrn,ACTIVE
2024-25,3,rr8dwgn0m1whgxxs,027ou,ACTIVE
2024-25,3,rr8dwgn0m1whgxxs,051pi,ACTIVE
2024-25,3,rr8dwgn0m1whgxxs,03el5,ACTIVE
2024-25,3,rr8dwgn0m1whgxxs,03al2,ACTIVE
2024-25,3,61xrt1smm1whgxxs,01eo6,ACTIVE
2024-25,3,61xrt1smm1whgxxs,03nwm,ACTIVE
2024-25,3,61xrt1smm1whgxxs,05qt4,ACTIVE
2024-25,3,61xrt1smm1whgxxs,05qug,ACTIVE
2024-25,3,61xrt1smm1whgxxs,04qse,ACTIVE
2024-25,3,61xrt1smm1whgxxs,031lv,ACTIVE
2024-25,3,61xrt1smm1whgxxs,05uig,ACTIVE
2024-25,3,61xrt1smm1whgxxs,06216,ACTIVE
2024-25,3,61xrt1smm1whgxxs,051ol,ACTIVE
2024-25,3,61xrt1smm1whgxxs,06mk1,ACTIVE
2024-25,3,61xrt1smm1whgxxs,03e6u,ACTIVE
2024-25,3,61xrt1smm1whgxxs,0527l,ACTIVE
2024-25,3,61xrt1smm1whgxxs,051on,ACTIVE
2024-25,3,61xrt1smm1whgxxs,05qtj,ACTIVE
2024-25,3,61xrt1smm1whgxxs,05qu1,ACTIVE
2024-25,3,61xrt1smm1whgxxs,027oz,ACTIVE
2024-25,3,61xrt1smm1whgxxs,027oo,ACTIVE
2024-25,3,61xrt1smm1whgxxs,0011e,ACTIVE
2024-25,3,61xrt1smm1whgxxs,06ccv,ACTIVE
2024-25,3,61xrt1smm1whgxxs,06cbx,ACTIVE
2024-25,3,7jwjf6hgm1whgxxs,06ca8,ACTIVE
2024-25,3,7jwjf6hgm1whgxxs,04qro,ACTIVE
2024-25,3,7jwjf6hgm1whgxxs,051ot,ACTIVE
2024-25,3,7jwjf6hgm1whgxxs,05uih,ACTIVE
2024-25,3,7jwjf6hgm1whgxxs,042n6,ACTIVE
2024-25,3,7jwjf6hgm1whgxxs,06cc0,ACTIVE
2024-25,3,7jwjf6hgm1whgxxs,05uj1,ACTIVE
2024-25,3,7jwjf6hgm1whgxxs,03r7z,ACTIVE
2024-25,3,7jwjf6hgm1whgxxs,051ps,ACTIVE
2024-25,3,7jwjf6hgm1whgxxs,06cdh,ACTIVE
2024-25,3,7jwjf6hgm1whgxxs,05uiu,ACTIVE
2024-25,3,7jwjf6hgm1whgxxs,06mk7,ACTIVE
2024-25,3,7jwjf6hgm1whgxxs,05uid,ACTIVE
2024-25,3,7jwjf6hgm1whgxxs,06210,ACTIVE
2024-25,3,7jwjf6hgm1whgxxs,0621g,ACTIVE
2024-25,3,7jwjf6hgm1whgxxs,05uie,ACTIVE
2024-25,3,7jwjf6hgm1whgxxs,06cc7,ACTIVE
2024-25,3,7jwjf6hgm1whgxxs,03nwl,ACTIVE
2024-25,3,7jwjf6hgm1whgxxs,0621c,ACTIVE
2024-25,3,7jwjf6hgm1whgxxs,06cby,ACTIVE
2024-25,3,c2198rgtm1whgxxs,05uip,ACTIVE
2024-25,3,c2198rgtm1whgxxs,051p8,ACTIVE
2024-25,3,c2198rgtm1whgxxs,06ccd,ACTIVE
2024-25,3,c2198rgtm1whgxxs,042nq,ACTIVE
2024-25,3,c2198rgtm1whgxxs,05qu9,ACTIVE
2024-25,3,c2198rgtm1whgxxs,02nf9,ACTIVE
2024-25,3,c2198rgtm1whgxxs,06mju,ACTIVE
2024-25,3,c2198rgtm1whgxxs,005kc,ACTIVE
2024-25,3,c2198rgtm1whgxxs,051oj,ACTIVE
2024-25,3,c2198rgtm1whgxxs,05ujc,ACTIVE
2024-25,3,c2198rgtm1whgxxs,06ccf,ACTIVE
2024-25,3,c2198rgtm1whgxxs,04ewf,ACTIVE
2024-25,3,c2198rgtm1whgxxs,06213,ACTIVE
2024-25,3,c2198rgtm1whgxxs,042nw,ACTIVE
2024-25,3,c2198rgtm1whgxxs,03al0,ACTIVE
2024-25,3,c2198rgtm1whgxxs,051p1,ACTIVE
2024-25,3,c2198rgtm1whgxxs,03e6n,ACTIVE
2024-25,3,c2198rgtm1whgxxs,027p0,ACTIVE
2024-25,3,c2198rgtm1whgxxs,031m2,ACTIVE
2024-25,3,c2198rgtm1whgxxs,04qrk,ACTIVE
2024-25,3,gxxp9rr0m1whgxxs,04ewt,ACTIVE
2024-25,3,gxxp9rr0m1whgxxs,04ewe,ACTIVE
2024-25,3,gxxp9rr0m1whgxxs,0527h,ACTIVE
2024-25,3,gxxp9rr0m1whgxxs,03ad0,ACTIVE
2024-25,3,gxxp9rr0m1whgxxs,03aq2,ACTIVE
2024-25,3,gxxp9rr0m1whgxxs,06cc1,ACTIVE
2024-25,3,gxxp9rr0m1whgxxs,06mk0,ACTIVE
2024-25,3,gxxp9rr0m1whgxxs,06cch,ACTIVE
2024-25,3,gxxp9rr0m1whgxxs,0621u,ACTIVE
2024-25,3,gxxp9rr0m1whgxxs,0621q,ACTIVE
2024-25,3,gxxp9rr0m1whgxxs,04qrr,ACTIVE
2024-25,3,gxxp9rr0m1whgxxs,05uif,ACTIVE
2024-25,3,gxxp9rr0m1whgxxs,05uic,ACTIVE
2024-25,3,gxxp9rr0m1whgxxs,06cc8,ACTIVE
2024-25,3,gxxp9rr0m1whgxxs,06cab,ACTIVE
2024-25,3,gxxp9rr0m1whgxxs,06ca7,ACTIVE
2024-25,3,gxxp9rr0m1whgxxs,06215,ACTIVE
2024-25,3,gxxp9rr0m1whgxxs,042nm,ACTIVE
2024-25,3,gxxp9rr0m1whgxxs,001aw,ACTIVE
2024-25,3,gxxp9rr0m1whgxxs,04qrj,ACTIVE
2024-25,4,f9yq112sm1whgxxs,02nf6,ACTIVE
2024-25,4,f9yq112sm1whgxxs,051op,ACTIVE
2024-25,4,f9yq112sm1whgxxs,06mk3,ACTIVE
2024-25,4,f9yq112sm1whgxxs,03nwn,ACTIVE
2024-25,4,f9yq112sm1whgxxs,01eon,ACTIVE
2024-25,4,f9yq112sm1whgxxs,04qrl,ACTIVE
2024-25,4,f9yq112sm1whgxxs,03lg1,ACTIVE
2024-25,4,f9yq112sm1whgxxs,04ewu,ACTIVE
2024-25,4,f9yq112sm1whgxxs,03e75,ACTIVE
2024-25,4,f9yq112sm1whgxxs,04ewr,ACTIVE
2024-25,4,f9yq112sm1whgxxs,042n1,ACTIVE
2024-25,4,f9yq112sm1whgxxs,04qrp,ACTIVE
2024-25,4,f9yq112sm1whgxxs,04848,ACTIVE
2024-25,4,f9yq112sm1whgxxs,05qtt,ACTIVE
2024-25,4,f9yq112sm1whgxxs,051or,ACTIVE
2024-25,4,f9yq112sm1whgxxs,03ad4,ACTIVE
2024-25,4,f9yq112sm1whgxxs,05uus,ACTIVE
2024-25,4,f9yq112sm1whgxxs,0017e,ACTIVE
2024-25,4,f9yq112sm1whgxxs,05uiq,ACTIVE
2024-25,4,f9yq112sm1whgxxs,04ex8,ACTIVE
2024-25,4,ogxmjjovm1whgxxs,03e6s,ACTIVE
2024-25,4,ogxmjjovm1whgxxs,04qru,ACTIVE
2024-25,4,ogxmjjovm1whgxxs,04ewc,ACTIVE
2024-25,4,ogxmjjovm1whgxxs,05qu0,ACTIVE
2024-25,4,ogxmjjovm1whgxxs,06cca,ACTIVE
2024-25,4,ogxmjjovm1whgxxs,04ewm,ACTIVE
2024-25,4,ogxmjjovm1whgxxs,06mjv,ACTIVE
2024-25,4,ogxmjjovm1whgxxs,0558t,ACTIVE
2024-25,4,ogxmjjovm1whgxxs,06218,ACTIVE
2024-25,4,ogxmjjovm1whgxxs,04qry,ACTIVE
2024-25,4,ogxmjjovm1whgxxs,06212,ACTIVE
2024-25,4,ogxmjjovm1whgxxs,04qs1,ACTIVE
2024-25,4,ogxmjjovm1whgxxs,03wr4,ACTIVE
2024-25,4,ogxmjjovm1whgxxs,05uii,ACTIVE
2024-25,4,ogxmjjovm1whgxxs,05uib,ACTIVE
2024-25,4,ogxmjjovm1whgxxs,0621l,ACTIVE
2024-25,4,ogxmjjovm1whgxxs,03ad3,ACTIVE
2024-25,4,ogxmjjovm1whgxxs,02nf1,ACTIVE
2024-25,4,ogxmjjovm1whgxxs,06mk9,ACTIVE
2024-25,4,ogxmjjovm1whgxxs,04qsa,ACTIVE
2024-25,4,xj5wwgasm1whgxxs,0621b,ACTIVE
2024-25,4,xj5wwgasm1whgxxs,05uj9,ACTIVE
2024-25,4,xj5wwgasm1whgxxs,05uiw,ACTIVE
2024-25,4,xj5wwgasm1whgxxs,03al1,ACTIVE
2024-25,4,xj5wwgasm1whgxxs,04ewb,ACTIVE
2024-25,4,xj5wwgasm1whgxxs,005ki,ACTIVE
2024-25,4,xj5wwgasm1whgxxs,03xmv,ACTIVE
2024-25,4,xj5wwgasm1whgxxs,06mjw,ACTIVE
2024-25,4,xj5wwgasm1whgxxs,06nz5,ACTIVE
2024-25,4,xj5wwgasm1whgxxs,06mm1,ACTIVE
2024-25,4,xj5wwgasm1whgxxs,051pb,ACTIVE
2024-25,4,xj5wwgasm1whgxxs,05qto,ACTIVE
2024-25,4,xj5wwgasm1whgxxs,06217,ACTIVE
2024-25,4,xj5wwgasm1whgxxs,06211,ACTIVE
2024-25,4,xj5wwgasm1whgxxs,05qt3,ACTIVE
2024-25,4,xj5wwgasm1whgxxs,031m4,ACTIVE
2024-25,4,xj5wwgasm1whgxxs,02nf3,ACTIVE
2024-25,4,xj5wwgasm1whgxxs,0496e,ACTIVE
2024-25,4,xj5wwgasm1whgxxs,04ewn,ACTIVE
2024-25,4,xj5wwgasm1whgxxs,03ad2,ACTIVE
2024-25,4,kom4opqfm1whgxxs,06mjt,ACTIVE
2024-25,4,kom4opqfm1whgxxs,06214,ACTIVE
2024-25,4,kom4opqfm1whgxxs,03ajv,ACTIVE
2024-25,4,kom4opqfm1whgxxs,000zv,ACTIVE
2024-25,4,kom4opqfm1whgxxs,049kd,ACTIVE
2024-25,4,kom4opqfm1whgxxs,05uir,ACTIVE
2024-25,4,kom4opqfm1whgxxs,03e74,ACTIVE
2024-25,4,kom4opqfm1whgxxs,049kb,ACTIVE
2024-25,4,kom4opqfm1whgxxs,051oh,ACTIVE
2024-25,4,kom4opqfm1whgxxs,06cdn,ACTIVE
2024-25,4,kom4opqfm1whgxxs,051p9,ACTIVE
2024-25,4,kom4opqfm1whgxxs,051pa,ACTIVE
2024-25,4,kom4opqfm1whgxxs,03byk,ACTIVE
2024-25,4,kom4opqfm1whgxxs,04kj6,ACTIVE
2024-25,4,kom4opqfm1whgxxs,03lls,ACTIVE
2024-25,4,kom4opqfm1whgxxs,03nwk,ACTIVE
2024-25,4,kom4opqfm1whgxxs,031lx,ACTIVE
2024-25,4,kom4opqfm1whgxxs,0622a,ACTIVE
2024-25,4,kom4opqfm1whgxxs,0621e,ACTIVE
2024-25,4,kom4opqfm1whgxxs,051oi,ACTIVE
2024-25,4,yn3jui7nm1whgxxs,027pe,ACTIVE
2024-25,4,yn3jui7nm1whgxxs,04azw,ACTIVE
2024-25,4,yn3jui7nm1whgxxs,02xg9,ACTIVE
2024-25,4,yn3jui7nm1whgxxs,027oj,ACTIVE
2024-25,4,yn3jui7nm1whgxxs,042nf,ACTIVE
2024-25,4,yn3jui7nm1whgxxs,042nt,ACTIVE
2024-25,4,yn3jui7nm1whgxxs,05qtr,ACTIVE
2024-25,4,yn3jui7nm1whgxxs,051os,ACTIVE
2024-25,4,yn3jui7nm1whgxxs,0621t,ACTIVE
2024-25,4,yn3jui7nm1whgxxs,04qrm,ACTIVE
2024-25,4,yn3jui7nm1whgxxs,042n7,ACTIVE
2024-25,4,yn3jui7nm1whgxxs,05qty,ACTIVE
2024-25,4,yn3jui7nm1whgxxs,01eo9,ACTIVE
2024-25,4,yn3jui7nm1whgxxs,05qtv,ACTIVE
2024-25,4,yn3jui7nm1whgxxs,06mjz,ACTIVE
2024-25,4,yn3jui7nm1whgxxs,027p4,ACTIVE
2024-25,4,yn3jui7nm1whgxxs,05qsl,ACTIVE
2024-25,4,yn3jui7nm1whgxxs,04ewk,ACTIVE
2024-25,4,yn3jui7nm1whgxxs,049kc,ACTIVE
2024-25,4,yn3jui7nm1whgxxs,06mk6,ACTIVE
2024-25,4,rr8dwgn0m1whgxxs,042n3,ACTIVE
2024-25,4,rr8dwgn0m1whgxxs,04ex6,ACTIVE
2024-25,4,rr8dwgn0m1whgxxs,01uyj,ACTIVE
2024-25,4,rr8dwgn0m1whgxxs,05qsq,ACTIVE
2024-25,4,rr8dwgn0m1whgxxs,0015e,ACTIVE
2024-25,4,rr8dwgn0m1whgxxs,01enh,ACTIVE
2024-25,4,rr8dwgn0m1whgxxs,042n4,ACTIVE
2024-25,4,rr8dwgn0m1whgxxs,027pg,ACTIVE
2024-25,4,rr8dwgn0m1whgxxs,02nfz,ACTIVE
2024-25,4,rr8dwgn0m1whgxxs,04qsd,ACTIVE
2024-25,4,rr8dwgn0m1whgxxs,031m0,ACTIVE
2024-25,4,rr8dwgn0m1whgxxs,03ams,ACTIVE
2024-25,4,rr8dwgn0m1whgxxs,02ng3,ACTIVE
2024-25,4,rr8dwgn0m1whgxxs,049ka,ACTIVE
2024-25,4,rr8dwgn0m1whgxxs,02ym0,ACTIVE
2024-25,4,rr8dwgn0m1whgxxs,04qrn,ACTIVE
2024-25,4,rr8dwgn0m1whgxxs,027ou,ACTIVE
2024-25,4,rr8dwgn0m1whgxxs,051pi,ACTIVE
2024-25,4,rr8dwgn0m1whgxxs,03el5,ACTIVE
2024-25,4,rr8dwgn0m1whgxxs,03al2,ACTIVE
2024-25,4,61xrt1smm1whgxxs,01eo6,ACTIVE
2024-25,4,61xrt1smm1whgxxs,03nwm,ACTIVE
2024-25,4,61xrt1smm1whgxxs,05qt4,ACTIVE
2024-25,4,61xrt1smm1whgxxs,05qug,ACTIVE
2024-25,4,61xrt1smm1whgxxs,04qse,ACTIVE
2024-25,4,61xrt1smm1whgxxs,031lv,ACTIVE
2024-25,4,61xrt1smm1whgxxs,05uig,ACTIVE
2024-25,4,61xrt1smm1whgxxs,06216,ACTIVE
2024-25,4,61xrt1smm1whgxxs,051ol,ACTIVE
2024-25,4,61xrt1smm1whgxxs,06mk1,ACTIVE
2024-25,4,61xrt1smm1whgxxs,03e6u,ACTIVE
2024-25,4,61xrt1smm1whgxxs,0527l,ACTIVE
2024-25,4,61xrt1smm1whgxxs,051on,ACTIVE
2024-25,4,61xrt1smm1whgxxs,05qtj,ACTIVE
2024-25,4,61xrt1smm1whgxxs,05qu1,ACTIVE
2024-25,4,61xrt1smm1whgxxs,027oz,ACTIVE
2024-25,4,61xrt1smm1whgxxs,027oo,ACTIVE
2024-25,4,61xrt1smm1whgxxs,0011e,ACTIVE
2024-25,4,61xrt1smm1whgxxs,06ccv,ACTIVE
2024-25,4,61xrt1smm1whgxxs,06cbx,ACTIVE
2024-25,4,7jwjf6hgm1whgxxs,06ca8,ACTIVE
2024-25,4,7jwjf6hgm1whgxxs,04qro,ACTIVE
2024-25,4,7jwjf6hgm1whgxxs,051ot,ACTIVE
2024-25,4,7jwjf6hgm1whgxxs,05uih,ACTIVE
2024-25,4,7jwjf6hgm1whgxxs,042n6,ACTIVE
2024-25,4,7jwjf6hgm1whgxxs,06cc0,ACTIVE
2024-25,4,7jwjf6hgm1whgxxs,05uj1,ACTIVE
2024-25,4,7jwjf6hgm1whgxxs,03r7z,ACTIVE
2024-25,4,7jwjf6hgm1whgxxs,051ps,ACTIVE
2024-25,4,7jwjf6hgm1whgxxs,06cdh,ACTIVE
2024-25,4,7jwjf6hgm1whgxxs,05uiu,ACTIVE
2024-25,4,7jwjf6hgm1whgxxs,06mk7,ACTIVE
2024-25,4,7jwjf6hgm1whgxxs,05uid,ACTIVE
2024-25,4,7jwjf6hgm1whgxxs,06210,ACTIVE
2024-25,4,7jwjf6hgm1whgxxs,0621g,ACTIVE
2024-25,4,7jwjf6hgm1whgxxs,05uie,ACTIVE
2024-25,4,7jwjf6hgm1whgxxs,06cc7,ACTIVE
2024-25,4,7jwjf6hgm1whgxxs,03nwl,ACTIVE
2024-25,4,7jwjf6hgm1whgxxs,0621c,ACTIVE
2024-25,4,7jwjf6hgm1whgxxs,06cby,ACTIVE
2024-25,4,c2198rgtm1whgxxs,05uip,ACTIVE
2024-25,4,c2198rgtm1whgxxs,051p8,ACTIVE
2024-25,4,c2198rgtm1whgxxs,06ccd,ACTIVE
2024-25,4,c2198rgtm1whgxxs,042nq,ACTIVE
2024-25,4,c2198rgtm1whgxxs,05qu9,ACTIVE
2024-25,4,c2198rgtm1whgxxs,02nf9,ACTIVE
2024-25,4,c2198rgtm1whgxxs,06mju,ACTIVE
2024-25,4,c2198rgtm1whgxxs,005kc,ACTIVE
2024-25,4,c2198rgtm1whgxxs,051oj,ACTIVE
2024-25,4,c2198rgtm1whgxxs,05ujc,ACTIVE
2024-25,4,c2198rgtm1whgxxs,06ccf,ACTIVE
2024-25,4,c2198rgtm1whgxxs,04ewf,ACTIVE
2024-25,4,c2198rgtm1whgxxs,06213,ACTIVE
2024-25,4,c2198rgtm1whgxxs,042nw,ACTIVE
2024-25,4,c2198rgtm1whgxxs,03al0,ACTIVE
2024-25,4,c2198rgtm1whgxxs,051p1,ACTIVE
2024-25,4,c2198rgtm1whgxxs,03e6n,ACTIVE
2024-25,4,c2198rgtm1whgxxs,027p0,ACTIVE
2024-25,4,c2198rgtm1whgxxs,031m2,ACTIVE
2024-25,4,c2198rgtm1whgxxs,04qrk,ACTIVE
2024-25,4,gxxp9rr0m1whgxxs,04ewt,ACTIVE
2024-25,4,gxxp9rr0m1whgxxs,04ewe,ACTIVE
2024-25,4,gxxp9rr0m1whgxxs,0527h,ACTIVE
2024-25,4,gxxp9rr0m1whgxxs,03ad0,ACTIVE
2024-25,4,gxxp9rr0m1whgxxs,03aq2,ACTIVE
2024-25,4,gxxp9rr0m1whgxxs,06cc1,ACTIVE
2024-25,4,gxxp9rr0m1whgxxs,06mk0,ACTIVE
2024-25,4,gxxp9rr0m1whgxxs,06cch,ACTIVE
2024-25,4,gxxp9rr0m1whgxxs,0621u,ACTIVE
2024-25,4,gxxp9rr0m1whgxxs,0621q,ACTIVE
2024-25,4,gxxp9rr0m1whgxxs,04qrr,ACTIVE
2024-25,4,gxxp9rr0m1whgxxs,05uif,ACTIVE
2024-25,4,gxxp9rr0m1whgxxs,05uic,ACTIVE
2024-25,4,gxxp9rr0m1whgxxs,06cc8,ACTIVE
2024-25,4,gxxp9rr0m1whgxxs,06cab,ACTIVE
2024-25,4,gxxp9rr0m1whgxxs,06ca7,ACTIVE
2024-25,4,gxxp9rr0m1whgxxs,06215,ACTIVE
2024-25,4,gxxp9rr0m1whgxxs,042nm,ACTIVE
2024-25,4,gxxp9rr0m1whgxxs,001aw,ACTIVE
2024-25,4,gxxp9rr0m1whgxxs,04qrj,ACTIVE
2024-25,5,f9yq112sm1whgxxs,02nf6,ACTIVE
2024-25,5,f9yq112sm1whgxxs,051op,ACTIVE
2024-25,5,f9yq112sm1whgxxs,06mk3,ACTIVE
2024-25,5,f9yq112sm1whgxxs,03nwn,ACTIVE
2024-25,5,f9yq112sm1whgxxs,01eon,ACTIVE
2024-25,5,f9yq112sm1whgxxs,04qrl,ACTIVE
2024-25,5,f9yq112sm1whgxxs,03lg1,ACTIVE
2024-25,5,f9yq112sm1whgxxs,04ewu,ACTIVE
2024-25,5,f9yq112sm1whgxxs,03e75,ACTIVE
2024-25,5,f9yq112sm1whgxxs,04ewr,ACTIVE
2024-25,5,f9yq112sm1whgxxs,042n1,ACTIVE
2024-25,5,f9yq112sm1whgxxs,04qrp,ACTIVE
2024-25,5,f9yq112sm1whgxxs,04848,ACTIVE
2024-25,5,f9yq112sm1whgxxs,05qtt,ACTIVE
2024-25,5,f9yq112sm1whgxxs,051or,ACTIVE
2024-25,5,f9yq112sm1whgxxs,03ad4,ACTIVE
2024-25,5,f9yq112sm1whgxxs,05uus,ACTIVE
2024-25,5,f9yq112sm1whgxxs,0017e,ACTIVE
2024-25,5,f9yq112sm1whgxxs,05uiq,ACTIVE
2024-25,5,f9yq112sm1whgxxs,04ex8,ACTIVE
2024-25,5,ogxmjjovm1whgxxs,03e6s,ACTIVE
2024-25,5,ogxmjjovm1whgxxs,04qru,ACTIVE
2024-25,5,ogxmjjovm1whgxxs,04ewc,ACTIVE
2024-25,5,ogxmjjovm1whgxxs,05qu0,ACTIVE
2024-25,5,ogxmjjovm1whgxxs,06cca,ACTIVE
2024-25,5,ogxmjjovm1whgxxs,04ewm,ACTIVE
2024-25,5,ogxmjjovm1whgxxs,06mjv,ACTIVE
2024-25,5,ogxmjjovm1whgxxs,0558t,ACTIVE
2024-25,5,ogxmjjovm1whgxxs,06218,ACTIVE
2024-25,5,ogxmjjovm1whgxxs,04qry,ACTIVE
2024-25,5,ogxmjjovm1whgxxs,06212,ACTIVE
2024-25,5,ogxmjjovm1whgxxs,04qs1,ACTIVE
2024-25,5,ogxmjjovm1whgxxs,03wr4,ACTIVE
2024-25,5,ogxmjjovm1whgxxs,05uii,ACTIVE
2024-25,5,ogxmjjovm1whgxxs,05uib,ACTIVE
2024-25,5,ogxmjjovm1whgxxs,0621l,ACTIVE
2024-25,5,ogxmjjovm1whgxxs,03ad3,ACTIVE
2024-25,5,ogxmjjovm1whgxxs,02nf1,ACTIVE
2024-25,5,ogxmjjovm1whgxxs,06mk9,ACTIVE
2024-25,5,ogxmjjovm1whgxxs,04qsa,ACTIVE
2024-25,5,xj5wwgasm1whgxxs,0621b,ACTIVE
2024-25,5,xj5wwgasm1whgxxs,05uj9,ACTIVE
2024-25,5,xj5wwgasm1whgxxs,05uiw,ACTIVE
2024-25,5,xj5wwgasm1whgxxs,03al1,ACTIVE
2024-25,5,xj5wwgasm1whgxxs,04ewb,ACTIVE
2024-25,5,xj5wwgasm1whgxxs,005ki,ACTIVE
2024-25,5,xj5wwgasm1whgxxs,03xmv,ACTIVE
2024-25,5,xj5wwgasm1whgxxs,06mjw,ACTIVE
2024-25,5,xj5wwgasm1whgxxs,06nz5,ACTIVE
2024-25,5,xj5wwgasm1whgxxs,06mm1,ACTIVE
2024-25,5,xj5wwgasm1whgxxs,051pb,ACTIVE
2024-25,5,xj5wwgasm1whgxxs,05qto,ACTIVE
2024-25,5,xj5wwgasm1whgxxs,06217,ACTIVE
2024-25,5,xj5wwgasm1whgxxs,06211,ACTIVE
2024-25,5,xj5wwgasm1whgxxs,05qt3,ACTIVE
2024-25,5,xj5wwgasm1whgxxs,031m4,ACTIVE
2024-25,5,xj5wwgasm1whgxxs,02nf3,ACTIVE
2024-25,5,xj5wwgasm1whgxxs,0496e,ACTIVE
2024-25,5,xj5wwgasm1whgxxs,04ewn,ACTIVE
2024-25,5,xj5wwgasm1whgxxs,03ad2,ACTIVE
2024-25,5,kom4opqfm1whgxxs,06mjt,ACTIVE
2024-25,5,kom4opqfm1whgxxs,06214,ACTIVE
2024-25,5,kom4opqfm1whgxxs,03ajv,ACTIVE
2024-25,5,kom4opqfm1whgxxs,000zv,ACTIVE
2024-25,5,kom4opqfm1whgxxs,049kd,ACTIVE
2024-25,5,kom4opqfm1whgxxs,05uir,ACTIVE
2024-25,5,kom4opqfm1whgxxs,03e74,ACTIVE
2024-25,5,kom4opqfm1whgxxs,049kb,ACTIVE
2024-25,5,kom4opqfm1whgxxs,051oh,ACTIVE
2024-25,5,kom4opqfm1whgxxs,06cdn,ACTIVE
2024-25,5,kom4opqfm1whgxxs,051p9,ACTIVE
2024-25,5,kom4opqfm1whgxxs,051pa,ACTIVE
2024-25,5,kom4opqfm1whgxxs,03byk,ACTIVE
2024-25,5,kom4opqfm1whgxxs,04kj6,ACTIVE
2024-25,5,kom4opqfm1whgxxs,03lls,ACTIVE
2024-25,5,kom4opqfm1whgxxs,03nwk,ACTIVE
2024-25,5,kom4opqfm1whgxxs,031lx,ACTIVE
2024-25,5,kom4opqfm1whgxxs,0622a,ACTIVE
2024-25,5,kom4opqfm1whgxxs,0621e,ACTIVE
2024-25,5,kom4opqfm1whgxxs,051oi,ACTIVE
2024-25,5,yn3jui7nm1whgxxs,027pe,ACTIVE
2024-25,5,yn3jui7nm1whgxxs,04azw,ACTIVE
2024-25,5,yn3jui7nm1whgxxs,02xg9,ACTIVE
2024-25,5,yn3jui7nm1whgxxs,027oj,ACTIVE
2024-25,5,yn3jui7nm1whgxxs,042nf,ACTIVE
2024-25,5,yn3jui7nm1whgxxs,042nt,ACTIVE
2024-25,5,yn3jui7nm1whgxxs,05qtr,ACTIVE
2024-25,5,yn3jui7nm1whgxxs,051os,ACTIVE
2024-25,5,yn3jui7nm1whgxxs,0621t,ACTIVE
2024-25,5,yn3jui7nm1whgxxs,04qrm,ACTIVE
2024-25,5,yn3jui7nm1whgxxs,042n7,ACTIVE
2024-25,5,yn3jui7nm1whgxxs,05qty,ACTIVE
2024-25,5,yn3jui7nm1whgxxs,01eo9,ACTIVE
2024-25,5,yn3jui7nm1whgxxs,05qtv,ACTIVE
2024-25,5,yn3jui7nm1whgxxs,06mjz,ACTIVE
2024-25,5,yn3jui7nm1whgxxs,027p4,ACTIVE
2024-25,5,yn3jui7nm1whgxxs,05qsl,ACTIVE
2024-25,5,yn3jui7nm1whgxxs,04ewk,ACTIVE
2024-25,5,yn3jui7nm1whgxxs,049kc,ACTIVE
2024-25,5,yn3jui7nm1whgxxs,06mk6,ACTIVE
2024-25,5,rr8dwgn0m1whgxxs,042n3,ACTIVE
2024-25,5,rr8dwgn0m1whgxxs,04ex6,ACTIVE
2024-25,5,rr8dwgn0m1whgxxs,01uyj,ACTIVE
2024-25,5,rr8dwgn0m1whgxxs,05qsq,ACTIVE
2024-25,5,rr8dwgn0m1whgxxs,0015e,ACTIVE
2024-25,5,rr8dwgn0m1whgxxs,01enh,ACTIVE
2024-25,5,rr8dwgn0m1whgxxs,042n4,ACTIVE
2024-25,5,rr8dwgn0m1whgxxs,027pg,ACTIVE
2024-25,5,rr8dwgn0m1whgxxs,02nfz,ACTIVE
2024-25,5,rr8dwgn0m1whgxxs,04qsd,ACTIVE
2024-25,5,rr8dwgn0m1whgxxs,031m0,ACTIVE
2024-25,5,rr8dwgn0m1whgxxs,03ams,ACTIVE
2024-25,5,rr8dwgn0m1whgxxs,02ng3,ACTIVE
2024-25,5,rr8dwgn0m1whgxxs,049ka,ACTIVE
2024-25,5,rr8dwgn0m1whgxxs,02ym0,ACTIVE
2024-25,5,rr8dwgn0m1whgxxs,04qrn,ACTIVE
2024-25,5,rr8dwgn0m1whgxxs,027ou,ACTIVE
2024-25,5,rr8dwgn0m1whgxxs,051pi,ACTIVE
2024-25,5,rr8dwgn0m1whgxxs,03el5,ACTIVE
2024-25,5,rr8dwgn0m1whgxxs,03al2,ACTIVE
2024-25,5,61xrt1smm1whgxxs,01eo6,ACTIVE
2024-25,5,61xrt1smm1whgxxs,03nwm,ACTIVE
2024-25,5,61xrt1smm1whgxxs,05qt4,ACTIVE
2024-25,5,61xrt1smm1whgxxs,05qug,ACTIVE
2024-25,5,61xrt1smm1whgxxs,04qse,ACTIVE
2024-25,5,61xrt1smm1whgxxs,031lv,ACTIVE
2024-25,5,61xrt1smm1whgxxs,05uig,ACTIVE
2024-25,5,61xrt1smm1whgxxs,06216,ACTIVE
2024-25,5,61xrt1smm1whgxxs,051ol,ACTIVE
2024-25,5,61xrt1smm1whgxxs,06mk1,ACTIVE
2024-25,5,61xrt1smm1whgxxs,03e6u,ACTIVE
2024-25,5,61xrt1smm1whgxxs,0527l,ACTIVE
2024-25,5,61xrt1smm1whgxxs,051on,ACTIVE
2024-25,5,61xrt1smm1whgxxs,05qtj,ACTIVE
2024-25,5,61xrt1smm1whgxxs,05qu1,ACTIVE
2024-25,5,61xrt1smm1whgxxs,027oz,ACTIVE
2024-25,5,61xrt1smm1whgxxs,027oo,ACTIVE
2024-25,5,61xrt1smm1whgxxs,0011e,ACTIVE
2024-25,5,61xrt1smm1whgxxs,06ccv,ACTIVE
2024-25,5,61xrt1smm1whgxxs,06cbx,ACTIVE
2024-25,5,7jwjf6hgm1whgxxs,06ca8,ACTIVE
2024-25,5,7jwjf6hgm1whgxxs,04qro,ACTIVE
2024-25,5,7jwjf6hgm1whgxxs,051ot,ACTIVE
2024-25,5,7jwjf6hgm1whgxxs,05uih,ACTIVE
2024-25,5,7jwjf6hgm1whgxxs,042n6,ACTIVE
2024-25,5,7jwjf6hgm1whgxxs,06cc0,ACTIVE
2024-25,5,7jwjf6hgm1whgxxs,05uj1,ACTIVE
2024-25,5,7jwjf6hgm1whgxxs,03r7z,ACTIVE
2024-25,5,7jwjf6hgm1whgxxs,051ps,ACTIVE
2024-25,5,7jwjf6hgm1whgxxs,06cdh,ACTIVE
2024-25,5,7jwjf6hgm1whgxxs,05uiu,ACTIVE
2024-25,5,7jwjf6hgm1whgxxs,06mk7,ACTIVE
2024-25,5,7jwjf6hgm1whgxxs,05uid,ACTIVE
2024-25,5,7jwjf6hgm1whgxxs,06210,ACTIVE
2024-25,5,7jwjf6hgm1whgxxs,0621g,ACTIVE
2024-25,5,7jwjf6hgm1whgxxs,05uie,ACTIVE
2024-25,5,7jwjf6hgm1whgxxs,06cc7,ACTIVE
2024-25,5,7jwjf6hgm1whgxxs,03nwl,ACTIVE
2024-25,5,7jwjf6hgm1whgxxs,0621c,ACTIVE
2024-25,5,7jwjf6hgm1whgxxs,06cby,ACTIVE
2024-25,5,c2198rgtm1whgxxs,05uip,ACTIVE
2024-25,5,c2198rgtm1whgxxs,051p8,ACTIVE
2024-25,5,c2198rgtm1whgxxs,06ccd,ACTIVE
2024-25,5,c2198rgtm1whgxxs,042nq,ACTIVE
2024-25,5,c2198rgtm1whgxxs,05qu9,ACTIVE
2024-25,5,c2198rgtm1whgxxs,02nf9,ACTIVE
2024-25,5,c2198rgtm1whgxxs,06mju,ACTIVE
2024-25,5,c2198rgtm1whgxxs,005kc,ACTIVE
2024-25,5,c2198rgtm1whgxxs,051oj,ACTIVE
2024-25,5,c2198rgtm1whgxxs,05ujc,ACTIVE
2024-25,5,c2198rgtm1whgxxs,06ccf,ACTIVE
2024-25,5,c2198rgtm1whgxxs,04ewf,ACTIVE
2024-25,5,c2198rgtm1whgxxs,06213,ACTIVE
2024-25,5,c2198rgtm1whgxxs,042nw,ACTIVE
2024-25,5,c2198rgtm1whgxxs,03al0,ACTIVE
2024-25,5,c2198rgtm1whgxxs,051p1,ACTIVE
2024-25,5,c2198rgtm1whgxxs,03e6n,ACTIVE
2024-25,5,c2198rgtm1whgxxs,027p0,ACTIVE
2024-25,5,c2198rgtm1whgxxs,031m2,ACTIVE
2024-25,5,c2198rgtm1whgxxs,04qrk,ACTIVE
2024-25,5,gxxp9rr0m1whgxxs,04ewt,ACTIVE
2024-25,5,gxxp9rr0m1whgxxs,04ewe,ACTIVE
2024-25,5,gxxp9rr0m1whgxxs,0527h,ACTIVE
2024-25,5,gxxp9rr0m1whgxxs,03ad0,ACTIVE
2024-25,5,gxxp9rr0m1whgxxs,03aq2,ACTIVE
2024-25,5,gxxp9rr0m1whgxxs,06cc1,ACTIVE
2024-25,5,gxxp9rr0m1whgxxs,06mk0,ACTIVE
2024-25,5,gxxp9rr0m1whgxxs,06cch,ACTIVE
2024-25,5,gxxp9rr0m1whgxxs,0621u,ACTIVE
2024-25,5,gxxp9rr0m1whgxxs,0621q,ACTIVE
2024-25,5,gxxp9rr0m1whgxxs,04qrr,ACTIVE
2024-25,5,gxxp9rr0m1whgxxs,05uif,ACTIVE
2024-25,5,gxxp9rr0m1whgxxs,05uic,ACTIVE
2024-25,5,gxxp9rr0m1whgxxs,06cc8,ACTIVE
2024-25,5,gxxp9rr0m1whgxxs,06cab,ACTIVE
2024-25,5,gxxp9rr0m1whgxxs,06ca7,ACTIVE
2024-25,5,gxxp9rr0m1whgxxs,06215,ACTIVE
2024-25,5,gxxp9rr0m1whgxxs,042nm,ACTIVE
2024-25,5,gxxp9rr0m1whgxxs,001aw,ACTIVE
2024-25,5,gxxp9rr0m1whgxxs,04qrj,ACTIVE
2024-25,6,f9yq112sm1whgxxs,02nf6,ACTIVE
2024-25,6,f9yq112sm1whgxxs,051op,ACTIVE
2024-25,6,f9yq112sm1whgxxs,06mk3,ACTIVE
2024-25,6,f9yq112sm1whgxxs,03nwn,ACTIVE
2024-25,6,f9yq112sm1whgxxs,01eon,ACTIVE
2024-25,6,f9yq112sm1whgxxs,04qrl,ACTIVE
2024-25,6,f9yq112sm1whgxxs,03lg1,ACTIVE
2024-25,6,f9yq112sm1whgxxs,04ewu,ACTIVE
2024-25,6,f9yq112sm1whgxxs,03e75,ACTIVE
2024-25,6,f9yq112sm1whgxxs,04ewr,ACTIVE
2024-25,6,f9yq112sm1whgxxs,042n1,ACTIVE
2024-25,6,f9yq112sm1whgxxs,04qrp,ACTIVE
2024-25,6,f9yq112sm1whgxxs,04848,ACTIVE
2024-25,6,f9yq112sm1whgxxs,05qtt,ACTIVE
2024-25,6,f9yq112sm1whgxxs,051or,ACTIVE
2024-25,6,f9yq112sm1whgxxs,03ad4,ACTIVE
2024-25,6,f9yq112sm1whgxxs,05uus,ACTIVE
2024-25,6,f9yq112sm1whgxxs,0017e,ACTIVE
2024-25,6,f9yq112sm1whgxxs,05uiq,ACTIVE
2024-25,6,f9yq112sm1whgxxs,04ex8,ACTIVE
2024-25,6,ogxmjjovm1whgxxs,03e6s,ACTIVE
2024-25,6,ogxmjjovm1whgxxs,04qru,ACTIVE
2024-25,6,ogxmjjovm1whgxxs,04ewc,ACTIVE
2024-25,6,ogxmjjovm1whgxxs,05qu0,ACTIVE
2024-25,6,ogxmjjovm1whgxxs,06cca,ACTIVE
2024-25,6,ogxmjjovm1whgxxs,04ewm,ACTIVE
2024-25,6,ogxmjjovm1whgxxs,06mjv,ACTIVE
2024-25,6,ogxmjjovm1whgxxs,0558t,ACTIVE
2024-25,6,ogxmjjovm1whgxxs,06218,ACTIVE
2024-25,6,ogxmjjovm1whgxxs,04qry,ACTIVE
2024-25,6,ogxmjjovm1whgxxs,06212,ACTIVE
2024-25,6,ogxmjjovm1whgxxs,04qs1,ACTIVE
2024-25,6,ogxmjjovm1whgxxs,03wr4,ACTIVE
2024-25,6,ogxmjjovm1whgxxs,05uii,ACTIVE
2024-25,6,ogxmjjovm1whgxxs,05uib,ACTIVE
2024-25,6,ogxmjjovm1whgxxs,0621l,ACTIVE
2024-25,6,ogxmjjovm1whgxxs,03ad3,ACTIVE
2024-25,6,ogxmjjovm1whgxxs,02nf1,ACTIVE
2024-25,6,ogxmjjovm1whgxxs,06mk9,ACTIVE
2024-25,6,ogxmjjovm1whgxxs,04qsa,ACTIVE
2024-25,6,xj5wwgasm1whgxxs,0621b,ACTIVE
2024-25,6,xj5wwgasm1whgxxs,05uj9,ACTIVE
2024-25,6,xj5wwgasm1whgxxs,05uiw,ACTIVE
2024-25,6,xj5wwgasm1whgxxs,03al1,ACTIVE
2024-25,6,xj5wwgasm1whgxxs,04ewb,ACTIVE
2024-25,6,xj5wwgasm1whgxxs,005ki,ACTIVE
2024-25,6,xj5wwgasm1whgxxs,03xmv,ACTIVE
2024-25,6,xj5wwgasm1whgxxs,06mjw,ACTIVE
2024-25,6,xj5wwgasm1whgxxs,06nz5,ACTIVE
2024-25,6,xj5wwgasm1whgxxs,06mm1,ACTIVE
2024-25,6,xj5wwgasm1whgxxs,051pb,ACTIVE
2024-25,6,xj5wwgasm1whgxxs,05qto,ACTIVE
2024-25,6,xj5wwgasm1whgxxs,06217,ACTIVE
2024-25,6,xj5wwgasm1whgxxs,06211,ACTIVE
2024-25,6,xj5wwgasm1whgxxs,05qt3,ACTIVE
2024-25,6,xj5wwgasm1whgxxs,031m4,ACTIVE
2024-25,6,xj5wwgasm1whgxxs,02nf3,ACTIVE
2024-25,6,xj5wwgasm1whgxxs,0496e,ACTIVE
2024-25,6,xj5wwgasm1whgxxs,04ewn,ACTIVE
2024-25,6,xj5wwgasm1whgxxs,03ad2,ACTIVE
2024-25,6,kom4opqfm1whgxxs,06mjt,ACTIVE
2024-25,6,kom4opqfm1whgxxs,06214,ACTIVE
2024-25,6,kom4opqfm1whgxxs,03ajv,ACTIVE
2024-25,6,kom4opqfm1whgxxs,000zv,ACTIVE
2024-25,6,kom4opqfm1whgxxs,049kd,ACTIVE
2024-25,6,kom4opqfm1whgxxs,05uir,ACTIVE
2024-25,6,kom4opqfm1whgxxs,03e74,ACTIVE
2024-25,6,kom4opqfm1whgxxs,049kb,ACTIVE
2024-25,6,kom4opqfm1whgxxs,051oh,ACTIVE
2024-25,6,kom4opqfm1whgxxs,06cdn,ACTIVE
2024-25,6,kom4opqfm1whgxxs,051p9,ACTIVE
2024-25,6,kom4opqfm1whgxxs,051pa,ACTIVE
2024-25,6,kom4opqfm1whgxxs,03byk,ACTIVE
2024-25,6,kom4opqfm1whgxxs,04kj6,ACTIVE
2024-25,6,kom4opqfm1whgxxs,03lls,ACTIVE
2024-25,6,kom4opqfm1whgxxs,03nwk,ACTIVE
2024-25,6,kom4opqfm1whgxxs,031lx,ACTIVE
2024-25,6,kom4opqfm1whgxxs,0622a,ACTIVE
2024-25,6,kom4opqfm1whgxxs,0621e,ACTIVE
2024-25,6,kom4opqfm1whgxxs,051oi,ACTIVE
2024-25,6,yn3jui7nm1whgxxs,027pe,ACTIVE
2024-25,6,yn3jui7nm1whgxxs,04azw,ACTIVE
2024-25,6,yn3jui7nm1whgxxs,02xg9,ACTIVE
2024-25,6,yn3jui7nm1whgxxs,027oj,ACTIVE
2024-25,6,yn3jui7nm1whgxxs,042nf,ACTIVE
2024-25,6,yn3jui7nm1whgxxs,042nt,ACTIVE
2024-25,6,yn3jui7nm1whgxxs,05qtr,ACTIVE
2024-25,6,yn3jui7nm1whgxxs,051os,ACTIVE
2024-25,6,yn3jui7nm1whgxxs,0621t,ACTIVE
2024-25,6,yn3jui7nm1whgxxs,04qrm,ACTIVE
2024-25,6,yn3jui7nm1whgxxs,042n7,ACTIVE
2024-25,6,yn3jui7nm1whgxxs,05qty,ACTIVE
2024-25,6,yn3jui7nm1whgxxs,01eo9,ACTIVE
2024-25,6,yn3jui7nm1whgxxs,05qtv,ACTIVE
2024-25,6,yn3jui7nm1whgxxs,06mjz,ACTIVE
2024-25,6,yn3jui7nm1whgxxs,027p4,ACTIVE
2024-25,6,yn3jui7nm1whgxxs,05qsl,ACTIVE
2024-25,6,yn3jui7nm1whgxxs,04ewk,ACTIVE
2024-25,6,yn3jui7nm1whgxxs,049kc,ACTIVE
2024-25,6,yn3jui7nm1whgxxs,06mk6,ACTIVE
2024-25,6,rr8dwgn0m1whgxxs,042n3,ACTIVE
2024-25,6,rr8dwgn0m1whgxxs,04ex6,ACTIVE
2024-25,6,rr8dwgn0m1whgxxs,01uyj,ACTIVE
2024-25,6,rr8dwgn0m1whgxxs,05qsq,ACTIVE
2024-25,6,rr8dwgn0m1whgxxs,0015e,ACTIVE
2024-25,6,rr8dwgn0m1whgxxs,01enh,ACTIVE
2024-25,6,rr8dwgn0m1whgxxs,042n4,ACTIVE
2024-25,6,rr8dwgn0m1whgxxs,027pg,ACTIVE
2024-25,6,rr8dwgn0m1whgxxs,02nfz,ACTIVE
2024-25,6,rr8dwgn0m1whgxxs,04qsd,ACTIVE
2024-25,6,rr8dwgn0m1whgxxs,031m0,ACTIVE
2024-25,6,rr8dwgn0m1whgxxs,03ams,ACTIVE
2024-25,6,rr8dwgn0m1whgxxs,02ng3,ACTIVE
2024-25,6,rr8dwgn0m1whgxxs,049ka,ACTIVE
2024-25,6,rr8dwgn0m1whgxxs,02ym0,ACTIVE
2024-25,6,rr8dwgn0m1whgxxs,04qrn,ACTIVE
2024-25,6,rr8dwgn0m1whgxxs,027ou,ACTIVE
2024-25,6,rr8dwgn0m1whgxxs,051pi,ACTIVE
2024-25,6,rr8dwgn0m1whgxxs,03el5,ACTIVE
2024-25,6,rr8dwgn0m1whgxxs,03al2,ACTIVE
2024-25,6,61xrt1smm1whgxxs,01eo6,ACTIVE
2024-25,6,61xrt1smm1whgxxs,03nwm,ACTIVE
2024-25,6,61xrt1smm1whgxxs,05qt4,ACTIVE
2024-25,6,61xrt1smm1whgxxs,05qug,ACTIVE
2024-25,6,61xrt1smm1whgxxs,04qse,ACTIVE
2024-25,6,61xrt1smm1whgxxs,031lv,ACTIVE
2024-25,6,61xrt1smm1whgxxs,05uig,ACTIVE
2024-25,6,61xrt1smm1whgxxs,06216,ACTIVE
2024-25,6,61xrt1smm1whgxxs,051ol,ACTIVE
2024-25,6,61xrt1smm1whgxxs,06mk1,ACTIVE
2024-25,6,61xrt1smm1whgxxs,03e6u,ACTIVE
2024-25,6,61xrt1smm1whgxxs,0527l,ACTIVE
2024-25,6,61xrt1smm1whgxxs,051on,ACTIVE
2024-25,6,61xrt1smm1whgxxs,05qtj,ACTIVE
2024-25,6,61xrt1smm1whgxxs,05qu1,ACTIVE
2024-25,6,61xrt1smm1whgxxs,027oz,ACTIVE
2024-25,6,61xrt1smm1whgxxs,027oo,ACTIVE
2024-25,6,61xrt1smm1whgxxs,0011e,ACTIVE
2024-25,6,61xrt1smm1whgxxs,06ccv,ACTIVE
2024-25,6,61xrt1smm1whgxxs,06cbx,ACTIVE
2024-25,6,7jwjf6hgm1whgxxs,06ca8,ACTIVE
2024-25,6,7jwjf6hgm1whgxxs,04qro,ACTIVE
2024-25,6,7jwjf6hgm1whgxxs,051ot,ACTIVE
2024-25,6,7jwjf6hgm1whgxxs,05uih,ACTIVE
2024-25,6,7jwjf6hgm1whgxxs,042n6,ACTIVE
2024-25,6,7jwjf6hgm1whgxxs,06cc0,ACTIVE
2024-25,6,7jwjf6hgm1whgxxs,05uj1,ACTIVE
2024-25,6,7jwjf6hgm1whgxxs,03r7z,ACTIVE
2024-25,6,7jwjf6hgm1whgxxs,051ps,ACTIVE
2024-25,6,7jwjf6hgm1whgxxs,06cdh,ACTIVE
2024-25,6,7jwjf6hgm1whgxxs,05uiu,ACTIVE
2024-25,6,7jwjf6hgm1whgxxs,06mk7,ACTIVE
2024-25,6,7jwjf6hgm1whgxxs,05uid,ACTIVE
2024-25,6,7jwjf6hgm1whgxxs,06210,ACTIVE
2024-25,6,7jwjf6hgm1whgxxs,0621g,ACTIVE
2024-25,6,7jwjf6hgm1whgxxs,05uie,ACTIVE
2024-25,6,7jwjf6hgm1whgxxs,06cc7,ACTIVE
2024-25,6,7jwjf6hgm1whgxxs,03nwl,ACTIVE
2024-25,6,7jwjf6hgm1whgxxs,0621c,ACTIVE
2024-25,6,7jwjf6hgm1whgxxs,06cby,ACTIVE
2024-25,6,c2198rgtm1whgxxs,05uip,ACTIVE
2024-25,6,c2198rgtm1whgxxs,051p8,ACTIVE
2024-25,6,c2198rgtm1whgxxs,06ccd,ACTIVE
2024-25,6,c2198rgtm1whgxxs,042nq,ACTIVE
2024-25,6,c2198rgtm1whgxxs,05qu9,ACTIVE
2024-25,6,c2198rgtm1whgxxs,02nf9,ACTIVE
2024-25,6,c2198rgtm1whgxxs,06mju,ACTIVE
2024-25,6,c2198rgtm1whgxxs,005kc,ACTIVE
2024-25,6,c2198rgtm1whgxxs,051oj,ACTIVE
2024-25,6,c2198rgtm1whgxxs,05ujc,ACTIVE
2024-25,6,c2198rgtm1whgxxs,06ccf,ACTIVE
2024-25,6,c2198rgtm1whgxxs,04ewf,ACTIVE
2024-25,6,c2198rgtm1whgxxs,06213,ACTIVE
2024-25,6,c2198rgtm1whgxxs,042nw,ACTIVE
2024-25,6,c2198rgtm1whgxxs,03al0,ACTIVE
2024-25,6,c2198rgtm1whgxxs,051p1,ACTIVE
2024-25,6,c2198rgtm1whgxxs,03e6n,ACTIVE
2024-25,6,c2198rgtm1whgxxs,027p0,ACTIVE
2024-25,6,c2198rgtm1whgxxs,031m2,ACTIVE
2024-25,6,c2198rgtm1whgxxs,04qrk,ACTIVE
2024-25,6,gxxp9rr0m1whgxxs,04ewt,ACTIVE
2024-25,6,gxxp9rr0m1whgxxs,04ewe,ACTIVE
2024-25,6,gxxp9rr0m1whgxxs,0527h,ACTIVE
2024-25,6,gxxp9rr0m1whgxxs,03ad0,ACTIVE
2024-25,6,gxxp9rr0m1whgxxs,03aq2,ACTIVE
2024-25,6,gxxp9rr0m1whgxxs,06cc1,ACTIVE
2024-25,6,gxxp9rr0m1whgxxs,06mk0,ACTIVE
2024-25,6,gxxp9rr0m1whgxxs,06cch,ACTIVE
2024-25,6,gxxp9rr0m1whgxxs,0621u,ACTIVE
2024-25,6,gxxp9rr0m1whgxxs,0621q,ACTIVE
2024-25,6,gxxp9rr0m1whgxxs,04qrr,ACTIVE
2024-25,6,gxxp9rr0m1whgxxs,05uif,ACTIVE
2024-25,6,gxxp9rr0m1whgxxs,05uic,ACTIVE
2024-25,6,gxxp9rr0m1whgxxs,06cc8,ACTIVE
2024-25,6,gxxp9rr0m1whgxxs,06cab,ACTIVE
2024-25,6,gxxp9rr0m1whgxxs,06ca7,ACTIVE
2024-25,6,gxxp9rr0m1whgxxs,06215,ACTIVE
2024-25,6,gxxp9rr0m1whgxxs,042nm,ACTIVE
2024-25,6,gxxp9rr0m1whgxxs,001aw,ACTIVE
2024-25,6,gxxp9rr0m1whgxxs,04qrj,ACTIVE
2024-25,7,f9yq112sm1whgxxs,02nf6,ACTIVE
2024-25,7,f9yq112sm1whgxxs,051op,ACTIVE
2024-25,7,f9yq112sm1whgxxs,06mk3,ACTIVE
2024-25,7,f9yq112sm1whgxxs,03nwn,ACTIVE
2024-25,7,f9yq112sm1whgxxs,01eon,ACTIVE
2024-25,7,f9yq112sm1whgxxs,04qrl,ACTIVE
2024-25,7,f9yq112sm1whgxxs,03lg1,ACTIVE
2024-25,7,f9yq112sm1whgxxs,04ewu,ACTIVE
2024-25,7,f9yq112sm1whgxxs,03e75,ACTIVE
2024-25,7,f9yq112sm1whgxxs,04ewr,ACTIVE
2024-25,7,f9yq112sm1whgxxs,042n1,ACTIVE
2024-25,7,f9yq112sm1whgxxs,04qrp,ACTIVE
2024-25,7,f9yq112sm1whgxxs,04848,ACTIVE
2024-25,7,f9yq112sm1whgxxs,05qtt,ACTIVE
2024-25,7,f9yq112sm1whgxxs,051or,ACTIVE
2024-25,7,f9yq112sm1whgxxs,03ad4,ACTIVE
2024-25,7,f9yq112sm1whgxxs,05uus,ACTIVE
2024-25,7,f9yq112sm1whgxxs,0017e,ACTIVE
2024-25,7,f9yq112sm1whgxxs,05uiq,ACTIVE
2024-25,7,f9yq112sm1whgxxs,04ex8,ACTIVE
2024-25,7,ogxmjjovm1whgxxs,03e6s,ACTIVE
2024-25,7,ogxmjjovm1whgxxs,04qru,ACTIVE
2024-25,7,ogxmjjovm1whgxxs,04ewc,ACTIVE
2024-25,7,ogxmjjovm1whgxxs,05qu0,ACTIVE
2024-25,7,ogxmjjovm1whgxxs,06cca,ACTIVE
2024-25,7,ogxmjjovm1whgxxs,04ewm,ACTIVE
2024-25,7,ogxmjjovm1whgxxs,06mjv,ACTIVE
2024-25,7,ogxmjjovm1whgxxs,0558t,ACTIVE
2024-25,7,ogxmjjovm1whgxxs,06218,ACTIVE
2024-25,7,ogxmjjovm1whgxxs,04qry,ACTIVE
2024-25,7,ogxmjjovm1whgxxs,06212,ACTIVE
2024-25,7,ogxmjjovm1whgxxs,04qs1,ACTIVE
2024-25,7,ogxmjjovm1whgxxs,03wr4,ACTIVE
2024-25,7,ogxmjjovm1whgxxs,05uii,ACTIVE
2024-25,7,ogxmjjovm1whgxxs,05uib,ACTIVE
2024-25,7,ogxmjjovm1whgxxs,0621l,ACTIVE
2024-25,7,ogxmjjovm1whgxxs,03ad3,ACTIVE
2024-25,7,ogxmjjovm1whgxxs,02nf1,ACTIVE
2024-25,7,ogxmjjovm1whgxxs,06mk9,ACTIVE
2024-25,7,ogxmjjovm1whgxxs,04qsa,ACTIVE
2024-25,7,xj5wwgasm1whgxxs,0621b,ACTIVE
2024-25,7,xj5wwgasm1whgxxs,05uj9,ACTIVE
2024-25,7,xj5wwgasm1whgxxs,05uiw,ACTIVE
2024-25,7,xj5wwgasm1whgxxs,03al1,ACTIVE
2024-25,7,xj5wwgasm1whgxxs,04ewb,ACTIVE
2024-25,7,xj5wwgasm1whgxxs,005ki,ACTIVE
2024-25,7,xj5wwgasm1whgxxs,03xmv,ACTIVE
2024-25,7,xj5wwgasm1whgxxs,06mjw,ACTIVE
2024-25,7,xj5wwgasm1whgxxs,06nz5,ACTIVE
2024-25,7,xj5wwgasm1whgxxs,06mm1,ACTIVE
2024-25,7,xj5wwgasm1whgxxs,051pb,ACTIVE
2024-25,7,xj5wwgasm1whgxxs,05qto,ACTIVE
2024-25,7,xj5wwgasm1whgxxs,06217,ACTIVE
2024-25,7,xj5wwgasm1whgxxs,06211,ACTIVE
2024-25,7,xj5wwgasm1whgxxs,05qt3,ACTIVE
2024-25,7,xj5wwgasm1whgxxs,031m4,ACTIVE
2024-25,7,xj5wwgasm1whgxxs,02nf3,ACTIVE
2024-25,7,xj5wwgasm1whgxxs,0496e,ACTIVE
2024-25,7,xj5wwgasm1whgxxs,04ewn,ACTIVE
2024-25,7,xj5wwgasm1whgxxs,03ad2,ACTIVE
2024-25,7,kom4opqfm1whgxxs,06mjt,ACTIVE
2024-25,7,kom4opqfm1whgxxs,06214,ACTIVE
2024-25,7,kom4opqfm1whgxxs,03ajv,ACTIVE
2024-25,7,kom4opqfm1whgxxs,000zv,ACTIVE
2024-25,7,kom4opqfm1whgxxs,049kd,ACTIVE
2024-25,7,kom4opqfm1whgxxs,05uir,ACTIVE
2024-25,7,kom4opqfm1whgxxs,03e74,ACTIVE
2024-25,7,kom4opqfm1whgxxs,049kb,ACTIVE
2024-25,7,kom4opqfm1whgxxs,051oh,ACTIVE
2024-25,7,kom4opqfm1whgxxs,06cdn,ACTIVE
2024-25,7,kom4opqfm1whgxxs,051p9,ACTIVE
2024-25,7,kom4opqfm1whgxxs,051pa,ACTIVE
2024-25,7,kom4opqfm1whgxxs,03byk,ACTIVE
2024-25,7,kom4opqfm1whgxxs,04kj6,ACTIVE
2024-25,7,kom4opqfm1whgxxs,03lls,ACTIVE
2024-25,7,kom4opqfm1whgxxs,03nwk,ACTIVE
2024-25,7,kom4opqfm1whgxxs,031lx,ACTIVE
2024-25,7,kom4opqfm1whgxxs,0622a,ACTIVE
2024-25,7,kom4opqfm1whgxxs,0621e,ACTIVE
2024-25,7,kom4opqfm1whgxxs,051oi,ACTIVE
2024-25,7,yn3jui7nm1whgxxs,027pe,ACTIVE
2024-25,7,yn3jui7nm1whgxxs,04azw,ACTIVE
2024-25,7,yn3jui7nm1whgxxs,02xg9,ACTIVE
2024-25,7,yn3jui7nm1whgxxs,027oj,ACTIVE
2024-25,7,yn3jui7nm1whgxxs,042nf,ACTIVE
2024-25,7,yn3jui7nm1whgxxs,042nt,ACTIVE
2024-25,7,yn3jui7nm1whgxxs,05qtr,ACTIVE
2024-25,7,yn3jui7nm1whgxxs,051os,ACTIVE
2024-25,7,yn3jui7nm1whgxxs,0621t,ACTIVE
2024-25,7,yn3jui7nm1whgxxs,04qrm,ACTIVE
2024-25,7,yn3jui7nm1whgxxs,042n7,ACTIVE
2024-25,7,yn3jui7nm1whgxxs,05qty,ACTIVE
2024-25,7,yn3jui7nm1whgxxs,01eo9,ACTIVE
2024-25,7,yn3jui7nm1whgxxs,05qtv,ACTIVE
2024-25,7,yn3jui7nm1whgxxs,06mjz,ACTIVE
2024-25,7,yn3jui7nm1whgxxs,027p4,ACTIVE
2024-25,7,yn3jui7nm1whgxxs,05qsl,ACTIVE
2024-25,7,yn3jui7nm1whgxxs,04ewk,ACTIVE
2024-25,7,yn3jui7nm1whgxxs,049kc,ACTIVE
2024-25,7,yn3jui7nm1whgxxs,06mk6,ACTIVE
2024-25,7,rr8dwgn0m1whgxxs,042n3,ACTIVE
2024-25,7,rr8dwgn0m1whgxxs,04ex6,ACTIVE
2024-25,7,rr8dwgn0m1whgxxs,01uyj,ACTIVE
2024-25,7,rr8dwgn0m1whgxxs,05qsq,ACTIVE
2024-25,7,rr8dwgn0m1whgxxs,0015e,ACTIVE
2024-25,7,rr8dwgn0m1whgxxs,01enh,ACTIVE
2024-25,7,rr8dwgn0m1whgxxs,042n4,ACTIVE
2024-25,7,rr8dwgn0m1whgxxs,027pg,ACTIVE
2024-25,7,rr8dwgn0m1whgxxs,02nfz,ACTIVE
2024-25,7,rr8dwgn0m1whgxxs,04qsd,ACTIVE
2024-25,7,rr8dwgn0m1whgxxs,031m0,ACTIVE
2024-25,7,rr8dwgn0m1whgxxs,03ams,ACTIVE
2024-25,7,rr8dwgn0m1whgxxs,02ng3,ACTIVE
2024-25,7,rr8dwgn0m1whgxxs,049ka,ACTIVE
2024-25,7,rr8dwgn0m1whgxxs,02ym0,ACTIVE
2024-25,7,rr8dwgn0m1whgxxs,04qrn,ACTIVE
2024-25,7,rr8dwgn0m1whgxxs,027ou,ACTIVE
2024-25,7,rr8dwgn0m1whgxxs,051pi,ACTIVE
2024-25,7,rr8dwgn0m1whgxxs,03el5,ACTIVE
2024-25,7,rr8dwgn0m1whgxxs,03al2,ACTIVE
2024-25,7,61xrt1smm1whgxxs,01eo6,ACTIVE
2024-25,7,61xrt1smm1whgxxs,03nwm,ACTIVE
2024-25,7,61xrt1smm1whgxxs,05qt4,ACTIVE
2024-25,7,61xrt1smm1whgxxs,05qug,ACTIVE
2024-25,7,61xrt1smm1whgxxs,04qse,ACTIVE
2024-25,7,61xrt1smm1whgxxs,031lv,ACTIVE
2024-25,7,61xrt1smm1whgxxs,05uig,ACTIVE
2024-25,7,61xrt1smm1whgxxs,06216,ACTIVE
2024-25,7,61xrt1smm1whgxxs,051ol,ACTIVE
2024-25,7,61xrt1smm1whgxxs,06mk1,ACTIVE
2024-25,7,61xrt1smm1whgxxs,03e6u,ACTIVE
2024-25,7,61xrt1smm1whgxxs,0527l,ACTIVE
2024-25,7,61xrt1smm1whgxxs,051on,ACTIVE
2024-25,7,61xrt1smm1whgxxs,05qtj,ACTIVE
2024-25,7,61xrt1smm1whgxxs,05qu1,ACTIVE
2024-25,7,61xrt1smm1whgxxs,027oz,ACTIVE
2024-25,7,61xrt1smm1whgxxs,027oo,ACTIVE
2024-25,7,61xrt1smm1whgxxs,0011e,ACTIVE
2024-25,7,61xrt1smm1whgxxs,06ccv,ACTIVE
2024-25,7,61xrt1smm1whgxxs,06cbx,ACTIVE
2024-25,7,7jwjf6hgm1whgxxs,06ca8,ACTIVE
2024-25,7,7jwjf6hgm1whgxxs,04qro,ACTIVE
2024-25,7,7jwjf6hgm1whgxxs,051ot,ACTIVE
2024-25,7,7jwjf6hgm1whgxxs,05uih,ACTIVE
2024-25,7,7jwjf6hgm1whgxxs,042n6,ACTIVE
2024-25,7,7jwjf6hgm1whgxxs,06cc0,ACTIVE
2024-25,7,7jwjf6hgm1whgxxs,05uj1,ACTIVE
2024-25,7,7jwjf6hgm1whgxxs,03r7z,ACTIVE
2024-25,7,7jwjf6hgm1whgxxs,051ps,ACTIVE
2024-25,7,7jwjf6hgm1whgxxs,06cdh,ACTIVE
2024-25,7,7jwjf6hgm1whgxxs,05uiu,ACTIVE
2024-25,7,7jwjf6hgm1whgxxs,06mk7,ACTIVE
2024-25,7,7jwjf6hgm1whgxxs,05uid,ACTIVE
2024-25,7,7jwjf6hgm1whgxxs,06210,ACTIVE
2024-25,7,7jwjf6hgm1whgxxs,0621g,ACTIVE
2024-25,7,7jwjf6hgm1whgxxs,05uie,ACTIVE
2024-25,7,7jwjf6hgm1whgxxs,06cc7,ACTIVE
2024-25,7,7jwjf6hgm1whgxxs,03nwl,ACTIVE
2024-25,7,7jwjf6hgm1whgxxs,0621c,ACTIVE
2024-25,7,7jwjf6hgm1whgxxs,06cby,ACTIVE
2024-25,7,c2198rgtm1whgxxs,05uip,ACTIVE
2024-25,7,c2198rgtm1whgxxs,051p8,ACTIVE
2024-25,7,c2198rgtm1whgxxs,06ccd,ACTIVE
2024-25,7,c2198rgtm1whgxxs,042nq,ACTIVE
2024-25,7,c2198rgtm1whgxxs,05qu9,ACTIVE
2024-25,7,c2198rgtm1whgxxs,02nf9,ACTIVE
2024-25,7,c2198rgtm1whgxxs,06mju,ACTIVE
2024-25,7,c2198rgtm1whgxxs,005kc,ACTIVE
2024-25,7,c2198rgtm1whgxxs,051oj,ACTIVE
2024-25,7,c2198rgtm1whgxxs,05ujc,ACTIVE
2024-25,7,c2198rgtm1whgxxs,06ccf,ACTIVE
2024-25,7,c2198rgtm1whgxxs,04ewf,ACTIVE
2024-25,7,c2198rgtm1whgxxs,06213,ACTIVE
2024-25,7,c2198rgtm1whgxxs,042nw,ACTIVE
2024-25,7,c2198rgtm1whgxxs,03al0,ACTIVE
2024-25,7,c2198rgtm1whgxxs,051p1,ACTIVE
2024-25,7,c2198rgtm1whgxxs,03e6n,ACTIVE
2024-25,7,c2198rgtm1whgxxs,027p0,ACTIVE
2024-25,7,c2198rgtm1whgxxs,031m2,ACTIVE
2024-25,7,c2198rgtm1whgxxs,04qrk,ACTIVE
2024-25,7,gxxp9rr0m1whgxxs,04ewt,ACTIVE
2024-25,7,gxxp9rr0m1whgxxs,04ewe,ACTIVE
2024-25,7,gxxp9rr0m1whgxxs,0527h,ACTIVE
2024-25,7,gxxp9rr0m1whgxxs,03ad0,ACTIVE
2024-25,7,gxxp9rr0m1whgxxs,03aq2,ACTIVE
2024-25,7,gxxp9rr0m1whgxxs,06cc1,ACTIVE
2024-25,7,gxxp9rr0m1whgxxs,06mk0,ACTIVE
2024-25,7,gxxp9rr0m1whgxxs,06cch,ACTIVE
2024-25,7,gxxp9rr0m1whgxxs,0621u,ACTIVE
2024-25,7,gxxp9rr0m1whgxxs,0621q,ACTIVE
2024-25,7,gxxp9rr0m1whgxxs,04qrr,ACTIVE
2024-25,7,gxxp9rr0m1whgxxs,05uif,ACTIVE
2024-25,7,gxxp9rr0m1whgxxs,05uic,ACTIVE
2024-25,7,gxxp9rr0m1whgxxs,06cc8,ACTIVE
2024-25,7,gxxp9rr0m1whgxxs,06cab,ACTIVE
2024-25,7,gxxp9rr0m1whgxxs,06ca7,ACTIVE
2024-25,7,gxxp9rr0m1whgxxs,06215,ACTIVE
2024-25,7,gxxp9rr0m1whgxxs,042nm,ACTIVE
2024-25,7,gxxp9rr0m1whgxxs,001aw,ACTIVE
2024-25,7,gxxp9rr0m1whgxxs,04qrj,ACTIVE
2024-25,8,f9yq112sm1whgxxs,02nf6,ACTIVE
2024-25,8,f9yq112sm1whgxxs,051op,ACTIVE
2024-25,8,f9yq112sm1whgxxs,06mk3,ACTIVE
2024-25,8,f9yq112sm1whgxxs,03nwn,ACTIVE
2024-25,8,f9yq112sm1whgxxs,01eon,ACTIVE
2024-25,8,f9yq112sm1whgxxs,04qrl,ACTIVE
2024-25,8,f9yq112sm1whgxxs,03lg1,ACTIVE
2024-25,8,f9yq112sm1whgxxs,04ewu,ACTIVE
2024-25,8,f9yq112sm1whgxxs,03e75,ACTIVE
2024-25,8,f9yq112sm1whgxxs,04ewr,ACTIVE
2024-25,8,f9yq112sm1whgxxs,042n1,ACTIVE
2024-25,8,f9yq112sm1whgxxs,04qrp,ACTIVE
2024-25,8,f9yq112sm1whgxxs,04848,ACTIVE
2024-25,8,f9yq112sm1whgxxs,05qtt,ACTIVE
2024-25,8,f9yq112sm1whgxxs,051or,ACTIVE
2024-25,8,f9yq112sm1whgxxs,03ad4,ACTIVE
2024-25,8,f9yq112sm1whgxxs,05uus,ACTIVE
2024-25,8,f9yq112sm1whgxxs,0017e,ACTIVE
2024-25,8,f9yq112sm1whgxxs,05uiq,ACTIVE
2024-25,8,f9yq112sm1whgxxs,04ex8,ACTIVE
2024-25,8,ogxmjjovm1whgxxs,03e6s,ACTIVE
2024-25,8,ogxmjjovm1whgxxs,04qru,ACTIVE
2024-25,8,ogxmjjovm1whgxxs,04ewc,ACTIVE
2024-25,8,ogxmjjovm1whgxxs,05qu0,ACTIVE
2024-25,8,ogxmjjovm1whgxxs,06cca,ACTIVE
2024-25,8,ogxmjjovm1whgxxs,04ewm,ACTIVE
2024-25,8,ogxmjjovm1whgxxs,06mjv,ACTIVE
2024-25,8,ogxmjjovm1whgxxs,0558t,ACTIVE
2024-25,8,ogxmjjovm1whgxxs,06218,ACTIVE
2024-25,8,ogxmjjovm1whgxxs,04qry,ACTIVE
2024-25,8,ogxmjjovm1whgxxs,06212,ACTIVE
2024-25,8,ogxmjjovm1whgxxs,04qs1,ACTIVE
2024-25,8,ogxmjjovm1whgxxs,03wr4,ACTIVE
2024-25,8,ogxmjjovm1whgxxs,05uii,ACTIVE
2024-25,8,ogxmjjovm1whgxxs,05uib,ACTIVE
2024-25,8,ogxmjjovm1whgxxs,0621l,ACTIVE
2024-25,8,ogxmjjovm1whgxxs,03ad3,ACTIVE
2024-25,8,ogxmjjovm1whgxxs,02nf1,ACTIVE
2024-25,8,ogxmjjovm1whgxxs,06mk9,ACTIVE
2024-25,8,ogxmjjovm1whgxxs,04qsa,ACTIVE
2024-25,8,xj5wwgasm1whgxxs,0621b,ACTIVE
2024-25,8,xj5wwgasm1whgxxs,05uj9,ACTIVE
2024-25,8,xj5wwgasm1whgxxs,05uiw,ACTIVE
2024-25,8,xj5wwgasm1whgxxs,03al1,ACTIVE
2024-25,8,xj5wwgasm1whgxxs,04ewb,ACTIVE
2024-25,8,xj5wwgasm1whgxxs,005ki,ACTIVE
2024-25,8,xj5wwgasm1whgxxs,03xmv,ACTIVE
2024-25,8,xj5wwgasm1whgxxs,06mjw,ACTIVE
2024-25,8,xj5wwgasm1whgxxs,06nz5,ACTIVE
2024-25,8,xj5wwgasm1whgxxs,06mm1,ACTIVE
2024-25,8,xj5wwgasm1whgxxs,051pb,ACTIVE
2024-25,8,xj5wwgasm1whgxxs,05qto,ACTIVE
2024-25,8,xj5wwgasm1whgxxs,06217,ACTIVE
2024-25,8,xj5wwgasm1whgxxs,06211,ACTIVE
2024-25,8,xj5wwgasm1whgxxs,05qt3,ACTIVE
2024-25,8,xj5wwgasm1whgxxs,031m4,ACTIVE
2024-25,8,xj5wwgasm1whgxxs,02nf3,ACTIVE
2024-25,8,xj5wwgasm1whgxxs,0496e,ACTIVE
2024-25,8,xj5wwgasm1whgxxs,04ewn,ACTIVE
2024-25,8,xj5wwgasm1whgxxs,03ad2,ACTIVE
2024-25,8,kom4opqfm1whgxxs,06mjt,ACTIVE
2024-25,8,kom4opqfm1whgxxs,06214,ACTIVE
2024-25,8,kom4opqfm1whgxxs,03ajv,ACTIVE
2024-25,8,kom4opqfm1whgxxs,000zv,ACTIVE
2024-25,8,kom4opqfm1whgxxs,049kd,ACTIVE
2024-25,8,kom4opqfm1whgxxs,05uir,ACTIVE
2024-25,8,kom4opqfm1whgxxs,03e74,ACTIVE
2024-25,8,kom4opqfm1whgxxs,049kb,ACTIVE
2024-25,8,kom4opqfm1whgxxs,051oh,ACTIVE
2024-25,8,kom4opqfm1whgxxs,06cdn,ACTIVE
2024-25,8,kom4opqfm1whgxxs,051p9,ACTIVE
2024-25,8,kom4opqfm1whgxxs,051pa,ACTIVE
2024-25,8,kom4opqfm1whgxxs,03byk,ACTIVE
2024-25,8,kom4opqfm1whgxxs,04kj6,ACTIVE
2024-25,8,kom4opqfm1whgxxs,03lls,ACTIVE
2024-25,8,kom4opqfm1whgxxs,03nwk,ACTIVE
2024-25,8,kom4opqfm1whgxxs,031lx,ACTIVE
2024-25,8,kom4opqfm1whgxxs,0622a,ACTIVE
2024-25,8,kom4opqfm1whgxxs,0621e,ACTIVE
2024-25,8,kom4opqfm1whgxxs,051oi,ACTIVE
2024-25,8,yn3jui7nm1whgxxs,027pe,ACTIVE
2024-25,8,yn3jui7nm1whgxxs,04azw,ACTIVE
2024-25,8,yn3jui7nm1whgxxs,02xg9,ACTIVE
2024-25,8,yn3jui7nm1whgxxs,027oj,ACTIVE
2024-25,8,yn3jui7nm1whgxxs,042nf,ACTIVE
2024-25,8,yn3jui7nm1whgxxs,042nt,ACTIVE
2024-25,8,yn3jui7nm1whgxxs,05qtr,ACTIVE
2024-25,8,yn3jui7nm1whgxxs,051os,ACTIVE
2024-25,8,yn3jui7nm1whgxxs,0621t,ACTIVE
2024-25,8,yn3jui7nm1whgxxs,04qrm,ACTIVE
2024-25,8,yn3jui7nm1whgxxs,042n7,ACTIVE
2024-25,8,yn3jui7nm1whgxxs,05qty,ACTIVE
2024-25,8,yn3jui7nm1whgxxs,01eo9,ACTIVE
2024-25,8,yn3jui7nm1whgxxs,05qtv,ACTIVE
2024-25,8,yn3jui7nm1whgxxs,06mjz,ACTIVE
2024-25,8,yn3jui7nm1whgxxs,027p4,ACTIVE
2024-25,8,yn3jui7nm1whgxxs,05qsl,ACTIVE
2024-25,8,yn3jui7nm1whgxxs,04ewk,ACTIVE
2024-25,8,yn3jui7nm1whgxxs,049kc,ACTIVE
2024-25,8,yn3jui7nm1whgxxs,06mk6,ACTIVE
2024-25,8,rr8dwgn0m1whgxxs,042n3,ACTIVE
2024-25,8,rr8dwgn0m1whgxxs,04ex6,ACTIVE
2024-25,8,rr8dwgn0m1whgxxs,01uyj,ACTIVE
2024-25,8,rr8dwgn0m1whgxxs,05qsq,ACTIVE
2024-25,8,rr8dwgn0m1whgxxs,0015e,ACTIVE
2024-25,8,rr8dwgn0m1whgxxs,01enh,ACTIVE
2024-25,8,rr8dwgn0m1whgxxs,042n4,ACTIVE
2024-25,8,rr8dwgn0m1whgxxs,027pg,ACTIVE
2024-25,8,rr8dwgn0m1whgxxs,02nfz,ACTIVE
2024-25,8,rr8dwgn0m1whgxxs,04qsd,ACTIVE
2024-25,8,rr8dwgn0m1whgxxs,031m0,ACTIVE
2024-25,8,rr8dwgn0m1whgxxs,03ams,ACTIVE
2024-25,8,rr8dwgn0m1whgxxs,02ng3,ACTIVE
2024-25,8,rr8dwgn0m1whgxxs,049ka,ACTIVE
2024-25,8,rr8dwgn0m1whgxxs,02ym0,ACTIVE
2024-25,8,rr8dwgn0m1whgxxs,04qrn,ACTIVE
2024-25,8,rr8dwgn0m1whgxxs,027ou,ACTIVE
2024-25,8,rr8dwgn0m1whgxxs,051pi,ACTIVE
2024-25,8,rr8dwgn0m1whgxxs,03el5,ACTIVE
2024-25,8,rr8dwgn0m1whgxxs,03al2,ACTIVE
2024-25,8,61xrt1smm1whgxxs,01eo6,ACTIVE
2024-25,8,61xrt1smm1whgxxs,03nwm,ACTIVE
2024-25,8,61xrt1smm1whgxxs,05qt4,ACTIVE
2024-25,8,61xrt1smm1whgxxs,05qug,ACTIVE
2024-25,8,61xrt1smm1whgxxs,04qse,ACTIVE
2024-25,8,61xrt1smm1whgxxs,031lv,ACTIVE
2024-25,8,61xrt1smm1whgxxs,05uig,ACTIVE
2024-25,8,61xrt1smm1whgxxs,06216,ACTIVE
2024-25,8,61xrt1smm1whgxxs,051ol,ACTIVE
2024-25,8,61xrt1smm1whgxxs,06mk1,ACTIVE
2024-25,8,61xrt1smm1whgxxs,03e6u,ACTIVE
2024-25,8,61xrt1smm1whgxxs,0527l,ACTIVE
2024-25,8,61xrt1smm1whgxxs,051on,ACTIVE
2024-25,8,61xrt1smm1whgxxs,05qtj,ACTIVE
2024-25,8,61xrt1smm1whgxxs,05qu1,ACTIVE
2024-25,8,61xrt1smm1whgxxs,027oz,ACTIVE
2024-25,8,61xrt1smm1whgxxs,027oo,ACTIVE
2024-25,8,61xrt1smm1whgxxs,0011e,ACTIVE
2024-25,8,61xrt1smm1whgxxs,06ccv,ACTIVE
2024-25,8,61xrt1smm1whgxxs,06cbx,ACTIVE
2024-25,8,7jwjf6hgm1whgxxs,06ca8,ACTIVE
2024-25,8,7jwjf6hgm1whgxxs,04qro,ACTIVE
2024-25,8,7jwjf6hgm1whgxxs,051ot,ACTIVE
2024-25,8,7jwjf6hgm1whgxxs,05uih,ACTIVE
2024-25,8,7jwjf6hgm1whgxxs,042n6,ACTIVE
2024-25,8,7jwjf6hgm1whgxxs,06cc0,ACTIVE
2024-25,8,7jwjf6hgm1whgxxs,05uj1,ACTIVE
2024-25,8,7jwjf6hgm1whgxxs,03r7z,ACTIVE
2024-25,8,7jwjf6hgm1whgxxs,051ps,ACTIVE
2024-25,8,7jwjf6hgm1whgxxs,06cdh,ACTIVE
2024-25,8,7jwjf6hgm1whgxxs,05uiu,ACTIVE
2024-25,8,7jwjf6hgm1whgxxs,06mk7,ACTIVE
2024-25,8,7jwjf6hgm1whgxxs,05uid,ACTIVE
2024-25,8,7jwjf6hgm1whgxxs,06210,ACTIVE
2024-25,8,7jwjf6hgm1whgxxs,0621g,ACTIVE
2024-25,8,7jwjf6hgm1whgxxs,05uie,ACTIVE
2024-25,8,7jwjf6hgm1whgxxs,06cc7,ACTIVE
2024-25,8,7jwjf6hgm1whgxxs,03nwl,ACTIVE
2024-25,8,7jwjf6hgm1whgxxs,0621c,ACTIVE
2024-25,8,7jwjf6hgm1whgxxs,06cby,ACTIVE
2024-25,8,c2198rgtm1whgxxs,05uip,ACTIVE
2024-25,8,c2198rgtm1whgxxs,051p8,ACTIVE
2024-25,8,c2198rgtm1whgxxs,06ccd,ACTIVE
2024-25,8,c2198rgtm1whgxxs,042nq,ACTIVE
2024-25,8,c2198rgtm1whgxxs,05qu9,ACTIVE
2024-25,8,c2198rgtm1whgxxs,02nf9,ACTIVE
2024-25,8,c2198rgtm1whgxxs,06mju,ACTIVE
2024-25,8,c2198rgtm1whgxxs,005kc,ACTIVE
2024-25,8,c2198rgtm1whgxxs,051oj,ACTIVE
2024-25,8,c2198rgtm1whgxxs,05ujc,ACTIVE
2024-25,8,c2198rgtm1whgxxs,06ccf,ACTIVE
2024-25,8,c2198rgtm1whgxxs,04ewf,ACTIVE
2024-25,8,c2198rgtm1whgxxs,06213,ACTIVE
2024-25,8,c2198rgtm1whgxxs,042nw,ACTIVE
2024-25,8,c2198rgtm1whgxxs,03al0,ACTIVE
2024-25,8,c2198rgtm1whgxxs,051p1,ACTIVE
2024-25,8,c2198rgtm1whgxxs,03e6n,ACTIVE
2024-25,8,c2198rgtm1whgxxs,027p0,ACTIVE
2024-25,8,c2198rgtm1whgxxs,031m2,ACTIVE
2024-25,8,c2198rgtm1whgxxs,04qrk,ACTIVE
2024-25,8,gxxp9rr0m1whgxxs,04ewt,ACTIVE
2024-25,8,gxxp9rr0m1whgxxs,04ewe,ACTIVE
2024-25,8,gxxp9rr0m1whgxxs,0527h,ACTIVE
2024-25,8,gxxp9rr0m1whgxxs,03ad0,ACTIVE
2024-25,8,gxxp9rr0m1whgxxs,03aq2,ACTIVE
2024-25,8,gxxp9rr0m1whgxxs,06cc1,ACTIVE
2024-25,8,gxxp9rr0m1whgxxs,06mk0,ACTIVE
2024-25,8,gxxp9rr0m1whgxxs,06cch,ACTIVE
2024-25,8,gxxp9rr0m1whgxxs,0621u,ACTIVE
2024-25,8,gxxp9rr0m1whgxxs,0621q,ACTIVE
2024-25,8,gxxp9rr0m1whgxxs,04qrr,ACTIVE
2024-25,8,gxxp9rr0m1whgxxs,05uif,ACTIVE
2024-25,8,gxxp9rr0m1whgxxs,05uic,ACTIVE
2024-25,8,gxxp9rr0m1whgxxs,06cc8,ACTIVE
2024-25,8,gxxp9rr0m1whgxxs,06cab,ACTIVE
2024-25,8,gxxp9rr0m1whgxxs,06ca7,ACTIVE
2024-25,8,gxxp9rr0m1whgxxs,06215,ACTIVE
2024-25,8,gxxp9rr0m1whgxxs,042nm,ACTIVE
2024-25,8,gxxp9rr0m1whgxxs,001aw,ACTIVE
2024-25,8,gxxp9rr0m1whgxxs,04qrj,ACTIVE
2024-25,9,f9yq112sm1whgxxs,02nf6,ACTIVE
2024-25,9,f9yq112sm1whgxxs,051op,ACTIVE
2024-25,9,f9yq112sm1whgxxs,06mk3,ACTIVE
2024-25,9,f9yq112sm1whgxxs,03nwn,ACTIVE
2024-25,9,f9yq112sm1whgxxs,01eon,ACTIVE
2024-25,9,f9yq112sm1whgxxs,04qrl,ACTIVE
2024-25,9,f9yq112sm1whgxxs,03lg1,ACTIVE
2024-25,9,f9yq112sm1whgxxs,04ewu,ACTIVE
2024-25,9,f9yq112sm1whgxxs,03e75,ACTIVE
2024-25,9,f9yq112sm1whgxxs,04ewr,ACTIVE
2024-25,9,f9yq112sm1whgxxs,042n1,ACTIVE
2024-25,9,f9yq112sm1whgxxs,04qrp,ACTIVE
2024-25,9,f9yq112sm1whgxxs,04848,ACTIVE
2024-25,9,f9yq112sm1whgxxs,05qtt,ACTIVE
2024-25,9,f9yq112sm1whgxxs,051or,ACTIVE
2024-25,9,f9yq112sm1whgxxs,03ad4,ACTIVE
2024-25,9,f9yq112sm1whgxxs,05uus,ACTIVE
2024-25,9,f9yq112sm1whgxxs,0017e,ACTIVE
2024-25,9,f9yq112sm1whgxxs,05uiq,ACTIVE
2024-25,9,f9yq112sm1whgxxs,04ex8,ACTIVE
2024-25,9,ogxmjjovm1whgxxs,03e6s,ACTIVE
2024-25,9,ogxmjjovm1whgxxs,04qru,ACTIVE
2024-25,9,ogxmjjovm1whgxxs,04ewc,ACTIVE
2024-25,9,ogxmjjovm1whgxxs,05qu0,ACTIVE
2024-25,9,ogxmjjovm1whgxxs,06cca,ACTIVE
2024-25,9,ogxmjjovm1whgxxs,04ewm,ACTIVE
2024-25,9,ogxmjjovm1whgxxs,06mjv,ACTIVE
2024-25,9,ogxmjjovm1whgxxs,0558t,ACTIVE
2024-25,9,ogxmjjovm1whgxxs,06218,ACTIVE
2024-25,9,ogxmjjovm1whgxxs,04qry,ACTIVE
2024-25,9,ogxmjjovm1whgxxs,06212,ACTIVE
2024-25,9,ogxmjjovm1whgxxs,04qs1,ACTIVE
2024-25,9,ogxmjjovm1whgxxs,03wr4,ACTIVE
2024-25,9,ogxmjjovm1whgxxs,05uii,ACTIVE
2024-25,9,ogxmjjovm1whgxxs,05uib,ACTIVE
2024-25,9,ogxmjjovm1whgxxs,0621l,ACTIVE
2024-25,9,ogxmjjovm1whgxxs,03ad3,ACTIVE
2024-25,9,ogxmjjovm1whgxxs,02nf1,ACTIVE
2024-25,9,ogxmjjovm1whgxxs,06mk9,ACTIVE
2024-25,9,ogxmjjovm1whgxxs,04qsa,ACTIVE
2024-25,9,xj5wwgasm1whgxxs,0621b,ACTIVE
2024-25,9,xj5wwgasm1whgxxs,05uj9,ACTIVE
2024-25,9,xj5wwgasm1whgxxs,05uiw,ACTIVE
2024-25,9,xj5wwgasm1whgxxs,03al1,ACTIVE
2024-25,9,xj5wwgasm1whgxxs,04ewb,ACTIVE
2024-25,9,xj5wwgasm1whgxxs,005ki,ACTIVE
2024-25,9,xj5wwgasm1whgxxs,03xmv,ACTIVE
2024-25,9,xj5wwgasm1whgxxs,06mjw,ACTIVE
2024-25,9,xj5wwgasm1whgxxs,06nz5,ACTIVE
2024-25,9,xj5wwgasm1whgxxs,06mm1,ACTIVE
2024-25,9,xj5wwgasm1whgxxs,051pb,ACTIVE
2024-25,9,xj5wwgasm1whgxxs,05qto,ACTIVE
2024-25,9,xj5wwgasm1whgxxs,06217,ACTIVE
2024-25,9,xj5wwgasm1whgxxs,06211,ACTIVE
2024-25,9,xj5wwgasm1whgxxs,05qt3,ACTIVE
2024-25,9,xj5wwgasm1whgxxs,031m4,ACTIVE
2024-25,9,xj5wwgasm1whgxxs,02nf3,ACTIVE
2024-25,9,xj5wwgasm1whgxxs,0496e,ACTIVE
2024-25,9,xj5wwgasm1whgxxs,04ewn,ACTIVE
2024-25,9,xj5wwgasm1whgxxs,03ad2,ACTIVE
2024-25,9,kom4opqfm1whgxxs,06mjt,ACTIVE
2024-25,9,kom4opqfm1whgxxs,06214,ACTIVE
2024-25,9,kom4opqfm1whgxxs,03ajv,ACTIVE
2024-25,9,kom4opqfm1whgxxs,000zv,ACTIVE
2024-25,9,kom4opqfm1whgxxs,049kd,ACTIVE
2024-25,9,kom4opqfm1whgxxs,05uir,ACTIVE
2024-25,9,kom4opqfm1whgxxs,03e74,ACTIVE
2024-25,9,kom4opqfm1whgxxs,049kb,ACTIVE
2024-25,9,kom4opqfm1whgxxs,051oh,ACTIVE
2024-25,9,kom4opqfm1whgxxs,06cdn,ACTIVE
2024-25,9,kom4opqfm1whgxxs,051p9,ACTIVE
2024-25,9,kom4opqfm1whgxxs,051pa,ACTIVE
2024-25,9,kom4opqfm1whgxxs,03byk,ACTIVE
2024-25,9,kom4opqfm1whgxxs,04kj6,ACTIVE
2024-25,9,kom4opqfm1whgxxs,03lls,ACTIVE
2024-25,9,kom4opqfm1whgxxs,03nwk,ACTIVE
2024-25,9,kom4opqfm1whgxxs,031lx,ACTIVE
2024-25,9,kom4opqfm1whgxxs,0622a,ACTIVE
2024-25,9,kom4opqfm1whgxxs,0621e,ACTIVE
2024-25,9,kom4opqfm1whgxxs,051oi,ACTIVE
2024-25,9,yn3jui7nm1whgxxs,027pe,ACTIVE
2024-25,9,yn3jui7nm1whgxxs,04azw,ACTIVE
2024-25,9,yn3jui7nm1whgxxs,02xg9,ACTIVE
2024-25,9,yn3jui7nm1whgxxs,027oj,ACTIVE
2024-25,9,yn3jui7nm1whgxxs,042nf,ACTIVE
2024-25,9,yn3jui7nm1whgxxs,042nt,ACTIVE
2024-25,9,yn3jui7nm1whgxxs,05qtr,ACTIVE
2024-25,9,yn3jui7nm1whgxxs,051os,ACTIVE
2024-25,9,yn3jui7nm1whgxxs,0621t,ACTIVE
2024-25,9,yn3jui7nm1whgxxs,04qrm,ACTIVE
2024-25,9,yn3jui7nm1whgxxs,042n7,ACTIVE
2024-25,9,yn3jui7nm1whgxxs,05qty,ACTIVE
2024-25,9,yn3jui7nm1whgxxs,01eo9,ACTIVE
2024-25,9,yn3jui7nm1whgxxs,05qtv,ACTIVE
2024-25,9,yn3jui7nm1whgxxs,06mjz,ACTIVE
2024-25,9,yn3jui7nm1whgxxs,027p4,ACTIVE
2024-25,9,yn3jui7nm1whgxxs,05qsl,ACTIVE
2024-25,9,yn3jui7nm1whgxxs,04ewk,ACTIVE
2024-25,9,yn3jui7nm1whgxxs,049kc,ACTIVE
2024-25,9,yn3jui7nm1whgxxs,06mk6,ACTIVE
2024-25,9,rr8dwgn0m1whgxxs,042n3,ACTIVE
2024-25,9,rr8dwgn0m1whgxxs,04ex6,ACTIVE
2024-25,9,rr8dwgn0m1whgxxs,01uyj,ACTIVE
2024-25,9,rr8dwgn0m1whgxxs,05qsq,ACTIVE
2024-25,9,rr8dwgn0m1whgxxs,0015e,ACTIVE
2024-25,9,rr8dwgn0m1whgxxs,01enh,ACTIVE
2024-25,9,rr8dwgn0m1whgxxs,042n4,ACTIVE
2024-25,9,rr8dwgn0m1whgxxs,027pg,ACTIVE
2024-25,9,rr8dwgn0m1whgxxs,02nfz,ACTIVE
2024-25,9,rr8dwgn0m1whgxxs,04qsd,ACTIVE
2024-25,9,rr8dwgn0m1whgxxs,031m0,ACTIVE
2024-25,9,rr8dwgn0m1whgxxs,03ams,ACTIVE
2024-25,9,rr8dwgn0m1whgxxs,02ng3,ACTIVE
2024-25,9,rr8dwgn0m1whgxxs,049ka,ACTIVE
2024-25,9,rr8dwgn0m1whgxxs,02ym0,ACTIVE
2024-25,9,rr8dwgn0m1whgxxs,04qrn,ACTIVE
2024-25,9,rr8dwgn0m1whgxxs,027ou,ACTIVE
2024-25,9,rr8dwgn0m1whgxxs,051pi,ACTIVE
2024-25,9,rr8dwgn0m1whgxxs,03el5,ACTIVE
2024-25,9,rr8dwgn0m1whgxxs,03al2,ACTIVE
2024-25,9,61xrt1smm1whgxxs,01eo6,ACTIVE
2024-25,9,61xrt1smm1whgxxs,03nwm,ACTIVE
2024-25,9,61xrt1smm1whgxxs,05qt4,ACTIVE
2024-25,9,61xrt1smm1whgxxs,05qug,ACTIVE
2024-25,9,61xrt1smm1whgxxs,04qse,ACTIVE
2024-25,9,61xrt1smm1whgxxs,031lv,ACTIVE
2024-25,9,61xrt1smm1whgxxs,05uig,ACTIVE
2024-25,9,61xrt1smm1whgxxs,06216,ACTIVE
2024-25,9,61xrt1smm1whgxxs,051ol,ACTIVE
2024-25,9,61xrt1smm1whgxxs,06mk1,ACTIVE
2024-25,9,61xrt1smm1whgxxs,03e6u,ACTIVE
2024-25,9,61xrt1smm1whgxxs,0527l,ACTIVE
2024-25,9,61xrt1smm1whgxxs,051on,ACTIVE
2024-25,9,61xrt1smm1whgxxs,05qtj,ACTIVE
2024-25,9,61xrt1smm1whgxxs,05qu1,ACTIVE
2024-25,9,61xrt1smm1whgxxs,027oz,ACTIVE
2024-25,9,61xrt1smm1whgxxs,027oo,ACTIVE
2024-25,9,61xrt1smm1whgxxs,0011e,ACTIVE
2024-25,9,61xrt1smm1whgxxs,06ccv,ACTIVE
2024-25,9,61xrt1smm1whgxxs,06cbx,ACTIVE
2024-25,9,7jwjf6hgm1whgxxs,06ca8,ACTIVE
2024-25,9,7jwjf6hgm1whgxxs,04qro,ACTIVE
2024-25,9,7jwjf6hgm1whgxxs,051ot,ACTIVE
2024-25,9,7jwjf6hgm1whgxxs,05uih,ACTIVE
2024-25,9,7jwjf6hgm1whgxxs,042n6,ACTIVE
2024-25,9,7jwjf6hgm1whgxxs,06cc0,ACTIVE
2024-25,9,7jwjf6hgm1whgxxs,05uj1,ACTIVE
2024-25,9,7jwjf6hgm1whgxxs,03r7z,ACTIVE
2024-25,9,7jwjf6hgm1whgxxs,051ps,ACTIVE
2024-25,9,7jwjf6hgm1whgxxs,06cdh,ACTIVE
2024-25,9,7jwjf6hgm1whgxxs,05uiu,ACTIVE
2024-25,9,7jwjf6hgm1whgxxs,06mk7,ACTIVE
2024-25,9,7jwjf6hgm1whgxxs,05uid,ACTIVE
2024-25,9,7jwjf6hgm1whgxxs,06210,ACTIVE
2024-25,9,7jwjf6hgm1whgxxs,0621g,ACTIVE
2024-25,9,7jwjf6hgm1whgxxs,05uie,ACTIVE
2024-25,9,7jwjf6hgm1whgxxs,06cc7,ACTIVE
2024-25,9,7jwjf6hgm1whgxxs,03nwl,ACTIVE
2024-25,9,7jwjf6hgm1whgxxs,0621c,ACTIVE
2024-25,9,7jwjf6hgm1whgxxs,06cby,ACTIVE
2024-25,9,c2198rgtm1whgxxs,05uip,ACTIVE
2024-25,9,c2198rgtm1whgxxs,051p8,ACTIVE
2024-25,9,c2198rgtm1whgxxs,06ccd,ACTIVE
2024-25,9,c2198rgtm1whgxxs,042nq,ACTIVE
2024-25,9,c2198rgtm1whgxxs,05qu9,ACTIVE
2024-25,9,c2198rgtm1whgxxs,02nf9,ACTIVE
2024-25,9,c2198rgtm1whgxxs,06mju,ACTIVE
2024-25,9,c2198rgtm1whgxxs,005kc,ACTIVE
2024-25,9,c2198rgtm1whgxxs,051oj,ACTIVE
2024-25,9,c2198rgtm1whgxxs,05ujc,ACTIVE
2024-25,9,c2198rgtm1whgxxs,06ccf,ACTIVE
2024-25,9,c2198rgtm1whgxxs,04ewf,ACTIVE
2024-25,9,c2198rgtm1whgxxs,06213,ACTIVE
2024-25,9,c2198rgtm1whgxxs,042nw,ACTIVE
2024-25,9,c2198rgtm1whgxxs,03al0,ACTIVE
2024-25,9,c2198rgtm1whgxxs,051p1,ACTIVE
2024-25,9,c2198rgtm1whgxxs,03e6n,ACTIVE
2024-25,9,c2198rgtm1whgxxs,027p0,ACTIVE
2024-25,9,c2198rgtm1whgxxs,031m2,ACTIVE
2024-25,9,c2198rgtm1whgxxs,04qrk,ACTIVE
2024-25,9,gxxp9rr0m1whgxxs,04ewt,ACTIVE
2024-25,9,gxxp9rr0m1whgxxs,04ewe,ACTIVE
2024-25,9,gxxp9rr0m1whgxxs,0527h,ACTIVE
2024-25,9,gxxp9rr0m1whgxxs,03ad0,ACTIVE
2024-25,9,gxxp9rr0m1whgxxs,03aq2,ACTIVE
2024-25,9,gxxp9rr0m1whgxxs,06cc1,ACTIVE
2024-25,9,gxxp9rr0m1whgxxs,06mk0,ACTIVE
2024-25,9,gxxp9rr0m1whgxxs,06cch,ACTIVE
2024-25,9,gxxp9rr0m1whgxxs,0621u,ACTIVE
2024-25,9,gxxp9rr0m1whgxxs,0621q,ACTIVE
2024-25,9,gxxp9rr0m1whgxxs,04qrr,ACTIVE
2024-25,9,gxxp9rr0m1whgxxs,05uif,ACTIVE
2024-25,9,gxxp9rr0m1whgxxs,05uic,ACTIVE
2024-25,9,gxxp9rr0m1whgxxs,06cc8,ACTIVE
2024-25,9,gxxp9rr0m1whgxxs,06cab,ACTIVE
2024-25,9,gxxp9rr0m1whgxxs,06ca7,ACTIVE
2024-25,9,gxxp9rr0m1whgxxs,06215,ACTIVE
2024-25,9,gxxp9rr0m1whgxxs,042nm,ACTIVE
2024-25,9,gxxp9rr0m1whgxxs,001aw,ACTIVE
2024-25,9,gxxp9rr0m1whgxxs,04qrj,ACTIVE
2024-25,10,f9yq112sm1whgxxs,02nf6,ACTIVE
2024-25,10,f9yq112sm1whgxxs,051op,ACTIVE
2024-25,10,f9yq112sm1whgxxs,06mk3,ACTIVE
2024-25,10,f9yq112sm1whgxxs,03nwn,ACTIVE
2024-25,10,f9yq112sm1whgxxs,01eon,ACTIVE
2024-25,10,f9yq112sm1whgxxs,04qrl,ACTIVE
2024-25,10,f9yq112sm1whgxxs,03lg1,ACTIVE
2024-25,10,f9yq112sm1whgxxs,04ewu,ACTIVE
2024-25,10,f9yq112sm1whgxxs,03e75,ACTIVE
2024-25,10,f9yq112sm1whgxxs,04ewr,ACTIVE
2024-25,10,f9yq112sm1whgxxs,042n1,ACTIVE
2024-25,10,f9yq112sm1whgxxs,04qrp,ACTIVE
2024-25,10,f9yq112sm1whgxxs,04848,ACTIVE
2024-25,10,f9yq112sm1whgxxs,05qtt,ACTIVE
2024-25,10,f9yq112sm1whgxxs,051or,ACTIVE
2024-25,10,f9yq112sm1whgxxs,03ad4,ACTIVE
2024-25,10,f9yq112sm1whgxxs,05uus,ACTIVE
2024-25,10,f9yq112sm1whgxxs,0017e,ACTIVE
2024-25,10,f9yq112sm1whgxxs,05uiq,ACTIVE
2024-25,10,f9yq112sm1whgxxs,04ex8,ACTIVE
2024-25,10,ogxmjjovm1whgxxs,03e6s,ACTIVE
2024-25,10,ogxmjjovm1whgxxs,04qru,ACTIVE
2024-25,10,ogxmjjovm1whgxxs,04ewc,ACTIVE
2024-25,10,ogxmjjovm1whgxxs,05qu0,ACTIVE
2024-25,10,ogxmjjovm1whgxxs,06cca,ACTIVE
2024-25,10,ogxmjjovm1whgxxs,04ewm,ACTIVE
2024-25,10,ogxmjjovm1whgxxs,06mjv,ACTIVE
2024-25,10,ogxmjjovm1whgxxs,0558t,ACTIVE
2024-25,10,ogxmjjovm1whgxxs,06218,ACTIVE
2024-25,10,ogxmjjovm1whgxxs,04qry,ACTIVE
2024-25,10,ogxmjjovm1whgxxs,06212,ACTIVE
2024-25,10,ogxmjjovm1whgxxs,04qs1,ACTIVE
2024-25,10,ogxmjjovm1whgxxs,03wr4,ACTIVE
2024-25,10,ogxmjjovm1whgxxs,05uii,ACTIVE
2024-25,10,ogxmjjovm1whgxxs,05uib,ACTIVE
2024-25,10,ogxmjjovm1whgxxs,0621l,ACTIVE
2024-25,10,ogxmjjovm1whgxxs,03ad3,ACTIVE
2024-25,10,ogxmjjovm1whgxxs,02nf1,ACTIVE
2024-25,10,ogxmjjovm1whgxxs,06mk9,ACTIVE
2024-25,10,ogxmjjovm1whgxxs,04qsa,ACTIVE
2024-25,10,xj5wwgasm1whgxxs,0621b,ACTIVE
2024-25,10,xj5wwgasm1whgxxs,05uj9,ACTIVE
2024-25,10,xj5wwgasm1whgxxs,05uiw,ACTIVE
2024-25,10,xj5wwgasm1whgxxs,03al1,ACTIVE
2024-25,10,xj5wwgasm1whgxxs,04ewb,ACTIVE
2024-25,10,xj5wwgasm1whgxxs,005ki,ACTIVE
2024-25,10,xj5wwgasm1whgxxs,03xmv,ACTIVE
2024-25,10,xj5wwgasm1whgxxs,06mjw,ACTIVE
2024-25,10,xj5wwgasm1whgxxs,06nz5,ACTIVE
2024-25,10,xj5wwgasm1whgxxs,06mm1,ACTIVE
2024-25,10,xj5wwgasm1whgxxs,051pb,ACTIVE
2024-25,10,xj5wwgasm1whgxxs,05qto,ACTIVE
2024-25,10,xj5wwgasm1whgxxs,06217,ACTIVE
2024-25,10,xj5wwgasm1whgxxs,06211,ACTIVE
2024-25,10,xj5wwgasm1whgxxs,05qt3,ACTIVE
2024-25,10,xj5wwgasm1whgxxs,031m4,ACTIVE
2024-25,10,xj5wwgasm1whgxxs,02nf3,ACTIVE
2024-25,10,xj5wwgasm1whgxxs,0496e,ACTIVE
2024-25,10,xj5wwgasm1whgxxs,04ewn,ACTIVE
2024-25,10,xj5wwgasm1whgxxs,03ad2,ACTIVE
2024-25,10,kom4opqfm1whgxxs,06mjt,ACTIVE
2024-25,10,kom4opqfm1whgxxs,06214,ACTIVE
2024-25,10,kom4opqfm1whgxxs,03ajv,ACTIVE
2024-25,10,kom4opqfm1whgxxs,000zv,ACTIVE
2024-25,10,kom4opqfm1whgxxs,049kd,ACTIVE
2024-25,10,kom4opqfm1whgxxs,05uir,ACTIVE
2024-25,10,kom4opqfm1whgxxs,03e74,ACTIVE
2024-25,10,kom4opqfm1whgxxs,049kb,ACTIVE
2024-25,10,kom4opqfm1whgxxs,051oh,ACTIVE
2024-25,10,kom4opqfm1whgxxs,06cdn,ACTIVE
2024-25,10,kom4opqfm1whgxxs,051p9,ACTIVE
2024-25,10,kom4opqfm1whgxxs,051pa,ACTIVE
2024-25,10,kom4opqfm1whgxxs,03byk,ACTIVE
2024-25,10,kom4opqfm1whgxxs,04kj6,ACTIVE
2024-25,10,kom4opqfm1whgxxs,03lls,ACTIVE
2024-25,10,kom4opqfm1whgxxs,03nwk,ACTIVE
2024-25,10,kom4opqfm1whgxxs,031lx,ACTIVE
2024-25,10,kom4opqfm1whgxxs,0622a,ACTIVE
2024-25,10,kom4opqfm1whgxxs,0621e,ACTIVE
2024-25,10,kom4opqfm1whgxxs,051oi,ACTIVE
2024-25,10,yn3jui7nm1whgxxs,027pe,ACTIVE
2024-25,10,yn3jui7nm1whgxxs,04azw,ACTIVE
2024-25,10,yn3jui7nm1whgxxs,02xg9,ACTIVE
2024-25,10,yn3jui7nm1whgxxs,027oj,ACTIVE
2024-25,10,yn3jui7nm1whgxxs,042nf,ACTIVE
2024-25,10,yn3jui7nm1whgxxs,042nt,ACTIVE
2024-25,10,yn3jui7nm1whgxxs,05qtr,ACTIVE
2024-25,10,yn3jui7nm1whgxxs,051os,ACTIVE
2024-25,10,yn3jui7nm1whgxxs,0621t,ACTIVE
2024-25,10,yn3jui7nm1whgxxs,04qrm,ACTIVE
2024-25,10,yn3jui7nm1whgxxs,042n7,ACTIVE
2024-25,10,yn3jui7nm1whgxxs,05qty,ACTIVE
2024-25,10,yn3jui7nm1whgxxs,01eo9,ACTIVE
2024-25,10,yn3jui7nm1whgxxs,05qtv,ACTIVE
2024-25,10,yn3jui7nm1whgxxs,06mjz,ACTIVE
2024-25,10,yn3jui7nm1whgxxs,027p4,ACTIVE
2024-25,10,yn3jui7nm1whgxxs,05qsl,ACTIVE
2024-25,10,yn3jui7nm1whgxxs,04ewk,ACTIVE
2024-25,10,yn3jui7nm1whgxxs,049kc,ACTIVE
2024-25,10,yn3jui7nm1whgxxs,06mk6,ACTIVE
2024-25,10,rr8dwgn0m1whgxxs,042n3,ACTIVE
2024-25,10,rr8dwgn0m1whgxxs,04ex6,ACTIVE
2024-25,10,rr8dwgn0m1whgxxs,01uyj,ACTIVE
2024-25,10,rr8dwgn0m1whgxxs,05qsq,ACTIVE
2024-25,10,rr8dwgn0m1whgxxs,0015e,ACTIVE
2024-25,10,rr8dwgn0m1whgxxs,01enh,ACTIVE
2024-25,10,rr8dwgn0m1whgxxs,042n4,ACTIVE
2024-25,10,rr8dwgn0m1whgxxs,027pg,ACTIVE
2024-25,10,rr8dwgn0m1whgxxs,02nfz,ACTIVE
2024-25,10,rr8dwgn0m1whgxxs,04qsd,ACTIVE
2024-25,10,rr8dwgn0m1whgxxs,031m0,ACTIVE
2024-25,10,rr8dwgn0m1whgxxs,03ams,ACTIVE
2024-25,10,rr8dwgn0m1whgxxs,02ng3,ACTIVE
2024-25,10,rr8dwgn0m1whgxxs,049ka,ACTIVE
2024-25,10,rr8dwgn0m1whgxxs,02ym0,ACTIVE
2024-25,10,rr8dwgn0m1whgxxs,04qrn,ACTIVE
2024-25,10,rr8dwgn0m1whgxxs,027ou,ACTIVE
2024-25,10,rr8dwgn0m1whgxxs,051pi,ACTIVE
2024-25,10,rr8dwgn0m1whgxxs,03el5,ACTIVE
2024-25,10,rr8dwgn0m1whgxxs,03al2,ACTIVE
2024-25,10,61xrt1smm1whgxxs,01eo6,ACTIVE
2024-25,10,61xrt1smm1whgxxs,03nwm,ACTIVE
2024-25,10,61xrt1smm1whgxxs,05qt4,ACTIVE
2024-25,10,61xrt1smm1whgxxs,05qug,ACTIVE
2024-25,10,61xrt1smm1whgxxs,04qse,ACTIVE
2024-25,10,61xrt1smm1whgxxs,031lv,ACTIVE
2024-25,10,61xrt1smm1whgxxs,05uig,ACTIVE
2024-25,10,61xrt1smm1whgxxs,06216,ACTIVE
2024-25,10,61xrt1smm1whgxxs,051ol,ACTIVE
2024-25,10,61xrt1smm1whgxxs,06mk1,ACTIVE
2024-25,10,61xrt1smm1whgxxs,03e6u,ACTIVE
2024-25,10,61xrt1smm1whgxxs,0527l,ACTIVE
2024-25,10,61xrt1smm1whgxxs,051on,ACTIVE
2024-25,10,61xrt1smm1whgxxs,05qtj,ACTIVE
2024-25,10,61xrt1smm1whgxxs,05qu1,ACTIVE
2024-25,10,61xrt1smm1whgxxs,027oz,ACTIVE
2024-25,10,61xrt1smm1whgxxs,027oo,ACTIVE
2024-25,10,61xrt1smm1whgxxs,0011e,ACTIVE
2024-25,10,61xrt1smm1whgxxs,06ccv,ACTIVE
2024-25,10,61xrt1smm1whgxxs,06cbx,ACTIVE
2024-25,10,7jwjf6hgm1whgxxs,06ca8,ACTIVE
2024-25,10,7jwjf6hgm1whgxxs,04qro,ACTIVE
2024-25,10,7jwjf6hgm1whgxxs,051ot,ACTIVE
2024-25,10,7jwjf6hgm1whgxxs,05uih,ACTIVE
2024-25,10,7jwjf6hgm1whgxxs,042n6,ACTIVE
2024-25,10,7jwjf6hgm1whgxxs,06cc0,ACTIVE
2024-25,10,7jwjf6hgm1whgxxs,05uj1,ACTIVE
2024-25,10,7jwjf6hgm1whgxxs,03r7z,ACTIVE
2024-25,10,7jwjf6hgm1whgxxs,051ps,ACTIVE
2024-25,10,7jwjf6hgm1whgxxs,06cdh,ACTIVE
2024-25,10,7jwjf6hgm1whgxxs,05uiu,ACTIVE
2024-25,10,7jwjf6hgm1whgxxs,06mk7,ACTIVE
2024-25,10,7jwjf6hgm1whgxxs,05uid,ACTIVE
2024-25,10,7jwjf6hgm1whgxxs,06210,ACTIVE
2024-25,10,7jwjf6hgm1whgxxs,0621g,ACTIVE
2024-25,10,7jwjf6hgm1whgxxs,05uie,ACTIVE
2024-25,10,7jwjf6hgm1whgxxs,06cc7,ACTIVE
2024-25,10,7jwjf6hgm1whgxxs,03nwl,ACTIVE
2024-25,10,7jwjf6hgm1whgxxs,0621c,ACTIVE
2024-25,10,7jwjf6hgm1whgxxs,06cby,ACTIVE
2024-25,10,c2198rgtm1whgxxs,05uip,ACTIVE
2024-25,10,c2198rgtm1whgxxs,051p8,ACTIVE
2024-25,10,c2198rgtm1whgxxs,06ccd,ACTIVE
2024-25,10,c2198rgtm1whgxxs,042nq,ACTIVE
2024-25,10,c2198rgtm1whgxxs,05qu9,ACTIVE
2024-25,10,c2198rgtm1whgxxs,02nf9,ACTIVE
2024-25,10,c2198rgtm1whgxxs,06mju,ACTIVE
2024-25,10,c2198rgtm1whgxxs,005kc,ACTIVE
2024-25,10,c2198rgtm1whgxxs,051oj,ACTIVE
2024-25,10,c2198rgtm1whgxxs,05ujc,ACTIVE
2024-25,10,c2198rgtm1whgxxs,06ccf,ACTIVE
2024-25,10,c2198rgtm1whgxxs,04ewf,ACTIVE
2024-25,10,c2198rgtm1whgxxs,06213,ACTIVE
2024-25,10,c2198rgtm1whgxxs,042nw,ACTIVE
2024-25,10,c2198rgtm1whgxxs,03al0,ACTIVE
2024-25,10,c2198rgtm1whgxxs,051p1,ACTIVE
2024-25,10,c2198rgtm1whgxxs,03e6n,ACTIVE
2024-25,10,c2198rgtm1whgxxs,027p0,ACTIVE
2024-25,10,c2198rgtm1whgxxs,031m2,ACTIVE
2024-25,10,c2198rgtm1whgxxs,04qrk,ACTIVE
2024-25,10,gxxp9rr0m1whgxxs,04ewt,ACTIVE
2024-25,10,gxxp9rr0m1whgxxs,04ewe,ACTIVE
2024-25,10,gxxp9rr0m1whgxxs,0527h,ACTIVE
2024-25,10,gxxp9rr0m1whgxxs,03ad0,ACTIVE
2024-25,10,gxxp9rr0m1whgxxs,03aq2,ACTIVE
2024-25,10,gxxp9rr0m1whgxxs,06cc1,ACTIVE
2024-25,10,gxxp9rr0m1whgxxs,06mk0,ACTIVE
2024-25,10,gxxp9rr0m1whgxxs,06cch,ACTIVE
2024-25,10,gxxp9rr0m1whgxxs,0621u,ACTIVE
2024-25,10,gxxp9rr0m1whgxxs,0621q,ACTIVE
2024-25,10,gxxp9rr0m1whgxxs,04qrr,ACTIVE
2024-25,10,gxxp9rr0m1whgxxs,05uif,ACTIVE
2024-25,10,gxxp9rr0m1whgxxs,05uic,ACTIVE
2024-25,10,gxxp9rr0m1whgxxs,06cc8,ACTIVE
2024-25,10,gxxp9rr0m1whgxxs,06cab,ACTIVE
2024-25,10,gxxp9rr0m1whgxxs,06ca7,ACTIVE
2024-25,10,gxxp9rr0m1whgxxs,06215,ACTIVE
2024-25,10,gxxp9rr0m1whgxxs,042nm,ACTIVE
2024-25,10,gxxp9rr0m1whgxxs,001aw,ACTIVE
2024-25,10,gxxp9rr0m1whgxxs,04qrj,ACTIVE
2024-25,11,f9yq112sm1whgxxs,02nf6,ACTIVE
2024-25,11,f9yq112sm1whgxxs,051op,ACTIVE
2024-25,11,f9yq112sm1whgxxs,06mk3,ACTIVE
2024-25,11,f9yq112sm1whgxxs,03nwn,ACTIVE
2024-25,11,f9yq112sm1whgxxs,01eon,ACTIVE
2024-25,11,f9yq112sm1whgxxs,04qrl,ACTIVE
2024-25,11,f9yq112sm1whgxxs,03lg1,ACTIVE
2024-25,11,f9yq112sm1whgxxs,04ewu,ACTIVE
2024-25,11,f9yq112sm1whgxxs,03e75,ACTIVE
2024-25,11,f9yq112sm1whgxxs,04ewr,ACTIVE
2024-25,11,f9yq112sm1whgxxs,042n1,ACTIVE
2024-25,11,f9yq112sm1whgxxs,04qrp,ACTIVE
2024-25,11,f9yq112sm1whgxxs,04848,ACTIVE
2024-25,11,f9yq112sm1whgxxs,05qtt,ACTIVE
2024-25,11,f9yq112sm1whgxxs,051or,ACTIVE
2024-25,11,f9yq112sm1whgxxs,03ad4,ACTIVE
2024-25,11,f9yq112sm1whgxxs,05uus,ACTIVE
2024-25,11,f9yq112sm1whgxxs,0017e,ACTIVE
2024-25,11,f9yq112sm1whgxxs,05uiq,ACTIVE
2024-25,11,f9yq112sm1whgxxs,04ex8,ACTIVE
2024-25,11,ogxmjjovm1whgxxs,03e6s,ACTIVE
2024-25,11,ogxmjjovm1whgxxs,04qru,ACTIVE
2024-25,11,ogxmjjovm1whgxxs,04ewc,ACTIVE
2024-25,11,ogxmjjovm1whgxxs,05qu0,ACTIVE
2024-25,11,ogxmjjovm1whgxxs,06cca,ACTIVE
2024-25,11,ogxmjjovm1whgxxs,04ewm,ACTIVE
2024-25,11,ogxmjjovm1whgxxs,06mjv,ACTIVE
2024-25,11,ogxmjjovm1whgxxs,0558t,ACTIVE
2024-25,11,ogxmjjovm1whgxxs,06218,ACTIVE
2024-25,11,ogxmjjovm1whgxxs,04qry,ACTIVE
2024-25,11,ogxmjjovm1whgxxs,06212,ACTIVE
2024-25,11,ogxmjjovm1whgxxs,04qs1,ACTIVE
2024-25,11,ogxmjjovm1whgxxs,03wr4,ACTIVE
2024-25,11,ogxmjjovm1whgxxs,05uii,ACTIVE
2024-25,11,ogxmjjovm1whgxxs,05uib,ACTIVE
2024-25,11,ogxmjjovm1whgxxs,0621l,ACTIVE
2024-25,11,ogxmjjovm1whgxxs,03ad3,ACTIVE
2024-25,11,ogxmjjovm1whgxxs,02nf1,ACTIVE
2024-25,11,ogxmjjovm1whgxxs,06mk9,ACTIVE
2024-25,11,ogxmjjovm1whgxxs,04qsa,ACTIVE
2024-25,11,xj5wwgasm1whgxxs,0621b,ACTIVE
2024-25,11,xj5wwgasm1whgxxs,05uj9,ACTIVE
2024-25,11,xj5wwgasm1whgxxs,05uiw,ACTIVE
2024-25,11,xj5wwgasm1whgxxs,03al1,ACTIVE
2024-25,11,xj5wwgasm1whgxxs,04ewb,ACTIVE
2024-25,11,xj5wwgasm1whgxxs,005ki,ACTIVE
2024-25,11,xj5wwgasm1whgxxs,03xmv,ACTIVE
2024-25,11,xj5wwgasm1whgxxs,06mjw,ACTIVE
2024-25,11,xj5wwgasm1whgxxs,06nz5,ACTIVE
2024-25,11,xj5wwgasm1whgxxs,06mm1,ACTIVE
2024-25,11,xj5wwgasm1whgxxs,051pb,ACTIVE
2024-25,11,xj5wwgasm1whgxxs,05qto,ACTIVE
2024-25,11,xj5wwgasm1whgxxs,06217,ACTIVE
2024-25,11,xj5wwgasm1whgxxs,06211,ACTIVE
2024-25,11,xj5wwgasm1whgxxs,05qt3,ACTIVE
2024-25,11,xj5wwgasm1whgxxs,031m4,ACTIVE
2024-25,11,xj5wwgasm1whgxxs,02nf3,ACTIVE
2024-25,11,xj5wwgasm1whgxxs,0496e,ACTIVE
2024-25,11,xj5wwgasm1whgxxs,04ewn,ACTIVE
2024-25,11,xj5wwgasm1whgxxs,03ad2,ACTIVE
2024-25,11,kom4opqfm1whgxxs,06mjt,ACTIVE
2024-25,11,kom4opqfm1whgxxs,06214,ACTIVE
2024-25,11,kom4opqfm1whgxxs,03ajv,ACTIVE
2024-25,11,kom4opqfm1whgxxs,000zv,ACTIVE
2024-25,11,kom4opqfm1whgxxs,049kd,ACTIVE
2024-25,11,kom4opqfm1whgxxs,05uir,ACTIVE
2024-25,11,kom4opqfm1whgxxs,03e74,ACTIVE
2024-25,11,kom4opqfm1whgxxs,049kb,ACTIVE
2024-25,11,kom4opqfm1whgxxs,051oh,ACTIVE
2024-25,11,kom4opqfm1whgxxs,06cdn,ACTIVE
2024-25,11,kom4opqfm1whgxxs,051p9,ACTIVE
2024-25,11,kom4opqfm1whgxxs,051pa,ACTIVE
2024-25,11,kom4opqfm1whgxxs,03byk,ACTIVE
2024-25,11,kom4opqfm1whgxxs,04kj6,ACTIVE
2024-25,11,kom4opqfm1whgxxs,03lls,ACTIVE
2024-25,11,kom4opqfm1whgxxs,03nwk,ACTIVE
2024-25,11,kom4opqfm1whgxxs,031lx,ACTIVE
2024-25,11,kom4opqfm1whgxxs,0622a,ACTIVE
2024-25,11,kom4opqfm1whgxxs,0621e,ACTIVE
2024-25,11,kom4opqfm1whgxxs,051oi,ACTIVE
2024-25,11,yn3jui7nm1whgxxs,027pe,ACTIVE
2024-25,11,yn3jui7nm1whgxxs,04azw,ACTIVE
2024-25,11,yn3jui7nm1whgxxs,02xg9,ACTIVE
2024-25,11,yn3jui7nm1whgxxs,027oj,ACTIVE
2024-25,11,yn3jui7nm1whgxxs,042nf,ACTIVE
2024-25,11,yn3jui7nm1whgxxs,042nt,ACTIVE
2024-25,11,yn3jui7nm1whgxxs,05qtr,ACTIVE
2024-25,11,yn3jui7nm1whgxxs,051os,ACTIVE
2024-25,11,yn3jui7nm1whgxxs,0621t,ACTIVE
2024-25,11,yn3jui7nm1whgxxs,04qrm,ACTIVE
2024-25,11,yn3jui7nm1whgxxs,042n7,ACTIVE
2024-25,11,yn3jui7nm1whgxxs,05qty,ACTIVE
2024-25,11,yn3jui7nm1whgxxs,01eo9,ACTIVE
2024-25,11,yn3jui7nm1whgxxs,05qtv,ACTIVE
2024-25,11,yn3jui7nm1whgxxs,06mjz,ACTIVE
2024-25,11,yn3jui7nm1whgxxs,027p4,ACTIVE
2024-25,11,yn3jui7nm1whgxxs,05qsl,ACTIVE
2024-25,11,yn3jui7nm1whgxxs,04ewk,ACTIVE
2024-25,11,yn3jui7nm1whgxxs,049kc,ACTIVE
2024-25,11,yn3jui7nm1whgxxs,06mk6,ACTIVE
2024-25,11,rr8dwgn0m1whgxxs,042n3,ACTIVE
2024-25,11,rr8dwgn0m1whgxxs,04ex6,ACTIVE
2024-25,11,rr8dwgn0m1whgxxs,01uyj,ACTIVE
2024-25,11,rr8dwgn0m1whgxxs,05qsq,ACTIVE
2024-25,11,rr8dwgn0m1whgxxs,0015e,ACTIVE
2024-25,11,rr8dwgn0m1whgxxs,01enh,ACTIVE
2024-25,11,rr8dwgn0m1whgxxs,042n4,ACTIVE
2024-25,11,rr8dwgn0m1whgxxs,027pg,ACTIVE
2024-25,11,rr8dwgn0m1whgxxs,02nfz,ACTIVE
2024-25,11,rr8dwgn0m1whgxxs,04qsd,ACTIVE
2024-25,11,rr8dwgn0m1whgxxs,031m0,ACTIVE
2024-25,11,rr8dwgn0m1whgxxs,03ams,ACTIVE
2024-25,11,rr8dwgn0m1whgxxs,02ng3,ACTIVE
2024-25,11,rr8dwgn0m1whgxxs,049ka,ACTIVE
2024-25,11,rr8dwgn0m1whgxxs,02ym0,ACTIVE
2024-25,11,rr8dwgn0m1whgxxs,04qrn,ACTIVE
2024-25,11,rr8dwgn0m1whgxxs,027ou,ACTIVE
2024-25,11,rr8dwgn0m1whgxxs,051pi,ACTIVE
2024-25,11,rr8dwgn0m1whgxxs,03el5,ACTIVE
2024-25,11,rr8dwgn0m1whgxxs,03al2,ACTIVE
2024-25,11,61xrt1smm1whgxxs,01eo6,ACTIVE
2024-25,11,61xrt1smm1whgxxs,03nwm,ACTIVE
2024-25,11,61xrt1smm1whgxxs,05qt4,ACTIVE
2024-25,11,61xrt1smm1whgxxs,05qug,ACTIVE
2024-25,11,61xrt1smm1whgxxs,04qse,ACTIVE
2024-25,11,61xrt1smm1whgxxs,031lv,ACTIVE
2024-25,11,61xrt1smm1whgxxs,05uig,ACTIVE
2024-25,11,61xrt1smm1whgxxs,06216,ACTIVE
2024-25,11,61xrt1smm1whgxxs,051ol,ACTIVE
2024-25,11,61xrt1smm1whgxxs,06mk1,ACTIVE
2024-25,11,61xrt1smm1whgxxs,03e6u,ACTIVE
2024-25,11,61xrt1smm1whgxxs,0527l,ACTIVE
2024-25,11,61xrt1smm1whgxxs,051on,ACTIVE
2024-25,11,61xrt1smm1whgxxs,05qtj,ACTIVE
2024-25,11,61xrt1smm1whgxxs,05qu1,ACTIVE
2024-25,11,61xrt1smm1whgxxs,027oz,ACTIVE
2024-25,11,61xrt1smm1whgxxs,027oo,ACTIVE
2024-25,11,61xrt1smm1whgxxs,0011e,ACTIVE
2024-25,11,61xrt1smm1whgxxs,06ccv,ACTIVE
2024-25,11,61xrt1smm1whgxxs,06cbx,ACTIVE
2024-25,11,7jwjf6hgm1whgxxs,06ca8,ACTIVE
2024-25,11,7jwjf6hgm1whgxxs,04qro,ACTIVE
2024-25,11,7jwjf6hgm1whgxxs,051ot,ACTIVE
2024-25,11,7jwjf6hgm1whgxxs,05uih,ACTIVE
2024-25,11,7jwjf6hgm1whgxxs,042n6,ACTIVE
2024-25,11,7jwjf6hgm1whgxxs,06cc0,ACTIVE
2024-25,11,7jwjf6hgm1whgxxs,05uj1,ACTIVE
2024-25,11,7jwjf6hgm1whgxxs,03r7z,ACTIVE
2024-25,11,7jwjf6hgm1whgxxs,051ps,ACTIVE
2024-25,11,7jwjf6hgm1whgxxs,06cdh,ACTIVE
2024-25,11,7jwjf6hgm1whgxxs,05uiu,ACTIVE
2024-25,11,7jwjf6hgm1whgxxs,06mk7,ACTIVE
2024-25,11,7jwjf6hgm1whgxxs,05uid,ACTIVE
2024-25,11,7jwjf6hgm1whgxxs,06210,ACTIVE
2024-25,11,7jwjf6hgm1whgxxs,0621g,ACTIVE
2024-25,11,7jwjf6hgm1whgxxs,05uie,ACTIVE
2024-25,11,7jwjf6hgm1whgxxs,06cc7,ACTIVE
2024-25,11,7jwjf6hgm1whgxxs,03nwl,ACTIVE
2024-25,11,7jwjf6hgm1whgxxs,0621c,ACTIVE
2024-25,11,7jwjf6hgm1whgxxs,06cby,ACTIVE
2024-25,11,c2198rgtm1whgxxs,05uip,ACTIVE
2024-25,11,c2198rgtm1whgxxs,051p8,ACTIVE
2024-25,11,c2198rgtm1whgxxs,06ccd,ACTIVE
2024-25,11,c2198rgtm1whgxxs,042nq,ACTIVE
2024-25,11,c2198rgtm1whgxxs,05qu9,ACTIVE
2024-25,11,c2198rgtm1whgxxs,02nf9,ACTIVE
2024-25,11,c2198rgtm1whgxxs,06mju,ACTIVE
2024-25,11,c2198rgtm1whgxxs,005kc,ACTIVE
2024-25,11,c2198rgtm1whgxxs,051oj,ACTIVE
2024-25,11,c2198rgtm1whgxxs,05ujc,ACTIVE
2024-25,11,c2198rgtm1whgxxs,06ccf,ACTIVE
2024-25,11,c2198rgtm1whgxxs,04ewf,ACTIVE
2024-25,11,c2198rgtm1whgxxs,06213,ACTIVE
2024-25,11,c2198rgtm1whgxxs,042nw,ACTIVE
2024-25,11,c2198rgtm1whgxxs,03al0,ACTIVE
2024-25,11,c2198rgtm1whgxxs,051p1,ACTIVE
2024-25,11,c2198rgtm1whgxxs,03e6n,ACTIVE
2024-25,11,c2198rgtm1whgxxs,027p0,ACTIVE
2024-25,11,c2198rgtm1whgxxs,031m2,ACTIVE
2024-25,11,c2198rgtm1whgxxs,04qrk,ACTIVE
2024-25,11,gxxp9rr0m1whgxxs,04ewt,ACTIVE
2024-25,11,gxxp9rr0m1whgxxs,04ewe,ACTIVE
2024-25,11,gxxp9rr0m1whgxxs,0527h,ACTIVE
2024-25,11,gxxp9rr0m1whgxxs,03ad0,ACTIVE
2024-25,11,gxxp9rr0m1whgxxs,03aq2,ACTIVE
2024-25,11,gxxp9rr0m1whgxxs,06cc1,ACTIVE
2024-25,11,gxxp9rr0m1whgxxs,06mk0,ACTIVE
2024-25,11,gxxp9rr0m1whgxxs,06cch,ACTIVE
2024-25,11,gxxp9rr0m1whgxxs,0621u,ACTIVE
2024-25,11,gxxp9rr0m1whgxxs,0621q,ACTIVE
2024-25,11,gxxp9rr0m1whgxxs,04qrr,ACTIVE
2024-25,11,gxxp9rr0m1whgxxs,05uif,ACTIVE
2024-25,11,gxxp9rr0m1whgxxs,05uic,ACTIVE
2024-25,11,gxxp9rr0m1whgxxs,06cc8,ACTIVE
2024-25,11,gxxp9rr0m1whgxxs,06cab,ACTIVE
2024-25,11,gxxp9rr0m1whgxxs,06ca7,ACTIVE
2024-25,11,gxxp9rr0m1whgxxs,06215,ACTIVE
2024-25,11,gxxp9rr0m1whgxxs,042nm,ACTIVE
2024-25,11,gxxp9rr0m1whgxxs,001aw,ACTIVE
2024-25,11,gxxp9rr0m1whgxxs,04qrj,ACTIVE
2024-25,12,f9yq112sm1whgxxs,02nf6,ACTIVE
2024-25,12,f9yq112sm1whgxxs,051op,ACTIVE
2024-25,12,f9yq112sm1whgxxs,06mk3,ACTIVE
2024-25,12,f9yq112sm1whgxxs,03nwn,ACTIVE
2024-25,12,f9yq112sm1whgxxs,01eon,ACTIVE
2024-25,12,f9yq112sm1whgxxs,04qrl,ACTIVE
2024-25,12,f9yq112sm1whgxxs,03lg1,ACTIVE
2024-25,12,f9yq112sm1whgxxs,04ewu,ACTIVE
2024-25,12,f9yq112sm1whgxxs,03e75,ACTIVE
2024-25,12,f9yq112sm1whgxxs,04ewr,ACTIVE
2024-25,12,f9yq112sm1whgxxs,042n1,ACTIVE
2024-25,12,f9yq112sm1whgxxs,04qrp,ACTIVE
2024-25,12,f9yq112sm1whgxxs,04848,ACTIVE
2024-25,12,f9yq112sm1whgxxs,05qtt,ACTIVE
2024-25,12,f9yq112sm1whgxxs,051or,ACTIVE
2024-25,12,f9yq112sm1whgxxs,03ad4,ACTIVE
2024-25,12,f9yq112sm1whgxxs,05uus,ACTIVE
2024-25,12,f9yq112sm1whgxxs,0017e,ACTIVE
2024-25,12,f9yq112sm1whgxxs,05uiq,ACTIVE
2024-25,12,f9yq112sm1whgxxs,04ex8,ACTIVE
2024-25,12,ogxmjjovm1whgxxs,03e6s,ACTIVE
2024-25,12,ogxmjjovm1whgxxs,04qru,ACTIVE
2024-25,12,ogxmjjovm1whgxxs,04ewc,ACTIVE
2024-25,12,ogxmjjovm1whgxxs,05qu0,ACTIVE
2024-25,12,ogxmjjovm1whgxxs,06cca,ACTIVE
2024-25,12,ogxmjjovm1whgxxs,04ewm,ACTIVE
2024-25,12,ogxmjjovm1whgxxs,06mjv,ACTIVE
2024-25,12,ogxmjjovm1whgxxs,0558t,ACTIVE
2024-25,12,ogxmjjovm1whgxxs,06218,ACTIVE
2024-25,12,ogxmjjovm1whgxxs,04qry,ACTIVE
2024-25,12,ogxmjjovm1whgxxs,06212,ACTIVE
2024-25,12,ogxmjjovm1whgxxs,04qs1,ACTIVE
2024-25,12,ogxmjjovm1whgxxs,03wr4,ACTIVE
2024-25,12,ogxmjjovm1whgxxs,05uii,ACTIVE
2024-25,12,ogxmjjovm1whgxxs,05uib,ACTIVE
2024-25,12,ogxmjjovm1whgxxs,0621l,ACTIVE
2024-25,12,ogxmjjovm1whgxxs,03ad3,ACTIVE
2024-25,12,ogxmjjovm1whgxxs,02nf1,ACTIVE
2024-25,12,ogxmjjovm1whgxxs,06mk9,ACTIVE
2024-25,12,ogxmjjovm1whgxxs,04qsa,ACTIVE
2024-25,12,xj5wwgasm1whgxxs,0621b,ACTIVE
2024-25,12,xj5wwgasm1whgxxs,05uj9,ACTIVE
2024-25,12,xj5wwgasm1whgxxs,05uiw,ACTIVE
2024-25,12,xj5wwgasm1whgxxs,03al1,ACTIVE
2024-25,12,xj5wwgasm1whgxxs,04ewb,ACTIVE
2024-25,12,xj5wwgasm1whgxxs,005ki,ACTIVE
2024-25,12,xj5wwgasm1whgxxs,03xmv,ACTIVE
2024-25,12,xj5wwgasm1whgxxs,06mjw,ACTIVE
2024-25,12,xj5wwgasm1whgxxs,06nz5,ACTIVE
2024-25,12,xj5wwgasm1whgxxs,06mm1,ACTIVE
2024-25,12,xj5wwgasm1whgxxs,051pb,ACTIVE
2024-25,12,xj5wwgasm1whgxxs,05qto,ACTIVE
2024-25,12,xj5wwgasm1whgxxs,06217,ACTIVE
2024-25,12,xj5wwgasm1whgxxs,06211,ACTIVE
2024-25,12,xj5wwgasm1whgxxs,05qt3,ACTIVE
2024-25,12,xj5wwgasm1whgxxs,031m4,ACTIVE
2024-25,12,xj5wwgasm1whgxxs,02nf3,ACTIVE
2024-25,12,xj5wwgasm1whgxxs,0496e,ACTIVE
2024-25,12,xj5wwgasm1whgxxs,04ewn,ACTIVE
2024-25,12,xj5wwgasm1whgxxs,03ad2,ACTIVE
2024-25,12,kom4opqfm1whgxxs,06mjt,ACTIVE
2024-25,12,kom4opqfm1whgxxs,06214,ACTIVE
2024-25,12,kom4opqfm1whgxxs,03ajv,ACTIVE
2024-25,12,kom4opqfm1whgxxs,000zv,ACTIVE
2024-25,12,kom4opqfm1whgxxs,049kd,ACTIVE
2024-25,12,kom4opqfm1whgxxs,05uir,ACTIVE
2024-25,12,kom4opqfm1whgxxs,03e74,ACTIVE
2024-25,12,kom4opqfm1whgxxs,049kb,ACTIVE
2024-25,12,kom4opqfm1whgxxs,051oh,ACTIVE
2024-25,12,kom4opqfm1whgxxs,06cdn,ACTIVE
2024-25,12,kom4opqfm1whgxxs,051p9,ACTIVE
2024-25,12,kom4opqfm1whgxxs,051pa,ACTIVE
2024-25,12,kom4opqfm1whgxxs,03byk,ACTIVE
2024-25,12,kom4opqfm1whgxxs,04kj6,ACTIVE
2024-25,12,kom4opqfm1whgxxs,03lls,ACTIVE
2024-25,12,kom4opqfm1whgxxs,03nwk,ACTIVE
2024-25,12,kom4opqfm1whgxxs,031lx,ACTIVE
2024-25,12,kom4opqfm1whgxxs,0622a,ACTIVE
2024-25,12,kom4opqfm1whgxxs,0621e,ACTIVE
2024-25,12,kom4opqfm1whgxxs,051oi,ACTIVE
2024-25,12,yn3jui7nm1whgxxs,027pe,ACTIVE
2024-25,12,yn3jui7nm1whgxxs,04azw,ACTIVE
2024-25,12,yn3jui7nm1whgxxs,02xg9,ACTIVE
2024-25,12,yn3jui7nm1whgxxs,027oj,ACTIVE
2024-25,12,yn3jui7nm1whgxxs,042nf,ACTIVE
2024-25,12,yn3jui7nm1whgxxs,042nt,ACTIVE
2024-25,12,yn3jui7nm1whgxxs,05qtr,ACTIVE
2024-25,12,yn3jui7nm1whgxxs,051os,ACTIVE
2024-25,12,yn3jui7nm1whgxxs,0621t,ACTIVE
2024-25,12,yn3jui7nm1whgxxs,04qrm,ACTIVE
2024-25,12,yn3jui7nm1whgxxs,042n7,ACTIVE
2024-25,12,yn3jui7nm1whgxxs,05qty,ACTIVE
2024-25,12,yn3jui7nm1whgxxs,01eo9,ACTIVE
2024-25,12,yn3jui7nm1whgxxs,05qtv,ACTIVE
2024-25,12,yn3jui7nm1whgxxs,06mjz,ACTIVE
2024-25,12,yn3jui7nm1whgxxs,027p4,ACTIVE
2024-25,12,yn3jui7nm1whgxxs,05qsl,ACTIVE
2024-25,12,yn3jui7nm1whgxxs,04ewk,ACTIVE
2024-25,12,yn3jui7nm1whgxxs,049kc,ACTIVE
2024-25,12,yn3jui7nm1whgxxs,06mk6,ACTIVE
2024-25,12,rr8dwgn0m1whgxxs,042n3,ACTIVE
2024-25,12,rr8dwgn0m1whgxxs,04ex6,ACTIVE
2024-25,12,rr8dwgn0m1whgxxs,01uyj,ACTIVE
2024-25,12,rr8dwgn0m1whgxxs,05qsq,ACTIVE
2024-25,12,rr8dwgn0m1whgxxs,0015e,ACTIVE
2024-25,12,rr8dwgn0m1whgxxs,01enh,ACTIVE
2024-25,12,rr8dwgn0m1whgxxs,042n4,ACTIVE
2024-25,12,rr8dwgn0m1whgxxs,027pg,ACTIVE
2024-25,12,rr8dwgn0m1whgxxs,02nfz,ACTIVE
2024-25,12,rr8dwgn0m1whgxxs,04qsd,ACTIVE
2024-25,12,rr8dwgn0m1whgxxs,031m0,ACTIVE
2024-25,12,rr8dwgn0m1whgxxs,03ams,ACTIVE
2024-25,12,rr8dwgn0m1whgxxs,02ng3,ACTIVE
2024-25,12,rr8dwgn0m1whgxxs,049ka,ACTIVE
2024-25,12,rr8dwgn0m1whgxxs,02ym0,ACTIVE
2024-25,12,rr8dwgn0m1whgxxs,04qrn,ACTIVE
2024-25,12,rr8dwgn0m1whgxxs,027ou,ACTIVE
2024-25,12,rr8dwgn0m1whgxxs,051pi,ACTIVE
2024-25,12,rr8dwgn0m1whgxxs,03el5,ACTIVE
2024-25,12,rr8dwgn0m1whgxxs,03al2,ACTIVE
2024-25,12,61xrt1smm1whgxxs,01eo6,ACTIVE
2024-25,12,61xrt1smm1whgxxs,03nwm,ACTIVE
2024-25,12,61xrt1smm1whgxxs,05qt4,ACTIVE
2024-25,12,61xrt1smm1whgxxs,05qug,ACTIVE
2024-25,12,61xrt1smm1whgxxs,04qse,ACTIVE
2024-25,12,61xrt1smm1whgxxs,031lv,ACTIVE
2024-25,12,61xrt1smm1whgxxs,05uig,ACTIVE
2024-25,12,61xrt1smm1whgxxs,06216,ACTIVE
2024-25,12,61xrt1smm1whgxxs,051ol,ACTIVE
2024-25,12,61xrt1smm1whgxxs,06mk1,ACTIVE
2024-25,12,61xrt1smm1whgxxs,03e6u,ACTIVE
2024-25,12,61xrt1smm1whgxxs,0527l,ACTIVE
2024-25,12,61xrt1smm1whgxxs,051on,ACTIVE
2024-25,12,61xrt1smm1whgxxs,05qtj,ACTIVE
2024-25,12,61xrt1smm1whgxxs,05qu1,ACTIVE
2024-25,12,61xrt1smm1whgxxs,027oz,ACTIVE
2024-25,12,61xrt1smm1whgxxs,027oo,ACTIVE
2024-25,12,61xrt1smm1whgxxs,0011e,ACTIVE
2024-25,12,61xrt1smm1whgxxs,06ccv,ACTIVE
2024-25,12,61xrt1smm1whgxxs,06cbx,ACTIVE
2024-25,12,7jwjf6hgm1whgxxs,06ca8,ACTIVE
2024-25,12,7jwjf6hgm1whgxxs,04qro,ACTIVE
2024-25,12,7jwjf6hgm1whgxxs,051ot,ACTIVE
2024-25,12,7jwjf6hgm1whgxxs,05uih,ACTIVE
2024-25,12,7jwjf6hgm1whgxxs,042n6,ACTIVE
2024-25,12,7jwjf6hgm1whgxxs,06cc0,ACTIVE
2024-25,12,7jwjf6hgm1whgxxs,05uj1,ACTIVE
2024-25,12,7jwjf6hgm1whgxxs,03r7z,ACTIVE
2024-25,12,7jwjf6hgm1whgxxs,051ps,ACTIVE
2024-25,12,7jwjf6hgm1whgxxs,06cdh,ACTIVE
2024-25,12,7jwjf6hgm1whgxxs,05uiu,ACTIVE
2024-25,12,7jwjf6hgm1whgxxs,06mk7,ACTIVE
2024-25,12,7jwjf6hgm1whgxxs,05uid,ACTIVE
2024-25,12,7jwjf6hgm1whgxxs,06210,ACTIVE
2024-25,12,7jwjf6hgm1whgxxs,0621g,ACTIVE
2024-25,12,7jwjf6hgm1whgxxs,05uie,ACTIVE
2024-25,12,7jwjf6hgm1whgxxs,06cc7,ACTIVE
2024-25,12,7jwjf6hgm1whgxxs,03nwl,ACTIVE
2024-25,12,7jwjf6hgm1whgxxs,0621c,ACTIVE
2024-25,12,7jwjf6hgm1whgxxs,06cby,ACTIVE
2024-25,12,c2198rgtm1whgxxs,05uip,ACTIVE
2024-25,12,c2198rgtm1whgxxs,051p8,ACTIVE
2024-25,12,c2198rgtm1whgxxs,06ccd,ACTIVE
2024-25,12,c2198rgtm1whgxxs,042nq,ACTIVE
2024-25,12,c2198rgtm1whgxxs,05qu9,ACTIVE
2024-25,12,c2198rgtm1whgxxs,02nf9,ACTIVE
2024-25,12,c2198rgtm1whgxxs,06mju,ACTIVE
2024-25,12,c2198rgtm1whgxxs,005kc,ACTIVE
2024-25,12,c2198rgtm1whgxxs,051oj,ACTIVE
2024-25,12,c2198rgtm1whgxxs,05ujc,ACTIVE
2024-25,12,c2198rgtm1whgxxs,06ccf,ACTIVE
2024-25,12,c2198rgtm1whgxxs,04ewf,ACTIVE
2024-25,12,c2198rgtm1whgxxs,06213,ACTIVE
2024-25,12,c2198rgtm1whgxxs,042nw,ACTIVE
2024-25,12,c2198rgtm1whgxxs,03al0,ACTIVE
2024-25,12,c2198rgtm1whgxxs,051p1,ACTIVE
2024-25,12,c2198rgtm1whgxxs,03e6n,ACTIVE
2024-25,12,c2198rgtm1whgxxs,027p0,ACTIVE
2024-25,12,c2198rgtm1whgxxs,031m2,ACTIVE
2024-25,12,c2198rgtm1whgxxs,04qrk,ACTIVE
2024-25,12,gxxp9rr0m1whgxxs,04ewt,ACTIVE
2024-25,12,gxxp9rr0m1whgxxs,04ewe,ACTIVE
2024-25,12,gxxp9rr0m1whgxxs,0527h,ACTIVE
2024-25,12,gxxp9rr0m1whgxxs,03ad0,ACTIVE
2024-25,12,gxxp9rr0m1whgxxs,03aq2,ACTIVE
2024-25,12,gxxp9rr0m1whgxxs,06cc1,ACTIVE
2024-25,12,gxxp9rr0m1whgxxs,06mk0,ACTIVE
2024-25,12,gxxp9rr0m1whgxxs,06cch,ACTIVE
2024-25,12,gxxp9rr0m1whgxxs,0621u,ACTIVE
2024-25,12,gxxp9rr0m1whgxxs,0621q,ACTIVE
2024-25,12,gxxp9rr0m1whgxxs,04qrr,ACTIVE
2024-25,12,gxxp9rr0m1whgxxs,05uif,ACTIVE
2024-25,12,gxxp9rr0m1whgxxs,05uic,ACTIVE
2024-25,12,gxxp9rr0m1whgxxs,06cc8,ACTIVE
2024-25,12,gxxp9rr0m1whgxxs,06cab,ACTIVE
2024-25,12,gxxp9rr0m1whgxxs,06ca7,ACTIVE
2024-25,12,gxxp9rr0m1whgxxs,06215,ACTIVE
2024-25,12,gxxp9rr0m1whgxxs,042nm,ACTIVE
2024-25,12,gxxp9rr0m1whgxxs,001aw,ACTIVE
2024-25,12,gxxp9rr0m1whgxxs,04qrj,ACTIVE
2024-25,13,f9yq112sm1whgxxs,02nf6,ACTIVE
2024-25,13,f9yq112sm1whgxxs,051op,ACTIVE
2024-25,13,f9yq112sm1whgxxs,06mk3,ACTIVE
2024-25,13,f9yq112sm1whgxxs,03nwn,ACTIVE
2024-25,13,f9yq112sm1whgxxs,01eon,ACTIVE
2024-25,13,f9yq112sm1whgxxs,04qrl,ACTIVE
2024-25,13,f9yq112sm1whgxxs,03lg1,ACTIVE
2024-25,13,f9yq112sm1whgxxs,04ewu,ACTIVE
2024-25,13,f9yq112sm1whgxxs,03e75,ACTIVE
2024-25,13,f9yq112sm1whgxxs,04ewr,ACTIVE
2024-25,13,f9yq112sm1whgxxs,042n1,ACTIVE
2024-25,13,f9yq112sm1whgxxs,04qrp,ACTIVE
2024-25,13,f9yq112sm1whgxxs,04848,ACTIVE
2024-25,13,f9yq112sm1whgxxs,05qtt,ACTIVE
2024-25,13,f9yq112sm1whgxxs,051or,ACTIVE
2024-25,13,f9yq112sm1whgxxs,03ad4,ACTIVE
2024-25,13,f9yq112sm1whgxxs,05uus,ACTIVE
2024-25,13,f9yq112sm1whgxxs,0017e,ACTIVE
2024-25,13,f9yq112sm1whgxxs,05uiq,ACTIVE
2024-25,13,f9yq112sm1whgxxs,04ex8,ACTIVE
2024-25,13,ogxmjjovm1whgxxs,03e6s,ACTIVE
2024-25,13,ogxmjjovm1whgxxs,04qru,ACTIVE
2024-25,13,ogxmjjovm1whgxxs,04ewc,ACTIVE
2024-25,13,ogxmjjovm1whgxxs,05qu0,ACTIVE
2024-25,13,ogxmjjovm1whgxxs,06cca,ACTIVE
2024-25,13,ogxmjjovm1whgxxs,04ewm,ACTIVE
2024-25,13,ogxmjjovm1whgxxs,06mjv,ACTIVE
2024-25,13,ogxmjjovm1whgxxs,0558t,ACTIVE
2024-25,13,ogxmjjovm1whgxxs,06218,ACTIVE
2024-25,13,ogxmjjovm1whgxxs,04qry,ACTIVE
2024-25,13,ogxmjjovm1whgxxs,06212,ACTIVE
2024-25,13,ogxmjjovm1whgxxs,04qs1,ACTIVE
2024-25,13,ogxmjjovm1whgxxs,03wr4,ACTIVE
2024-25,13,ogxmjjovm1whgxxs,05uii,ACTIVE
2024-25,13,ogxmjjovm1whgxxs,05uib,ACTIVE
2024-25,13,ogxmjjovm1whgxxs,0621l,ACTIVE
2024-25,13,ogxmjjovm1whgxxs,03ad3,ACTIVE
2024-25,13,ogxmjjovm1whgxxs,02nf1,ACTIVE
2024-25,13,ogxmjjovm1whgxxs,06mk9,ACTIVE
2024-25,13,ogxmjjovm1whgxxs,04qsa,ACTIVE
2024-25,13,xj5wwgasm1whgxxs,0621b,ACTIVE
2024-25,13,xj5wwgasm1whgxxs,05uj9,ACTIVE
2024-25,13,xj5wwgasm1whgxxs,05uiw,ACTIVE
2024-25,13,xj5wwgasm1whgxxs,03al1,ACTIVE
2024-25,13,xj5wwgasm1whgxxs,04ewb,ACTIVE
2024-25,13,xj5wwgasm1whgxxs,005ki,ACTIVE
2024-25,13,xj5wwgasm1whgxxs,03xmv,ACTIVE
2024-25,13,xj5wwgasm1whgxxs,06mjw,ACTIVE
2024-25,13,xj5wwgasm1whgxxs,06nz5,ACTIVE
2024-25,13,xj5wwgasm1whgxxs,06mm1,ACTIVE
2024-25,13,xj5wwgasm1whgxxs,051pb,ACTIVE
2024-25,13,xj5wwgasm1whgxxs,05qto,ACTIVE
2024-25,13,xj5wwgasm1whgxxs,06217,ACTIVE
2024-25,13,xj5wwgasm1whgxxs,06211,ACTIVE
2024-25,13,xj5wwgasm1whgxxs,05qt3,ACTIVE
2024-25,13,xj5wwgasm1whgxxs,031m4,ACTIVE
2024-25,13,xj5wwgasm1whgxxs,02nf3,ACTIVE
2024-25,13,xj5wwgasm1whgxxs,0496e,ACTIVE
2024-25,13,xj5wwgasm1whgxxs,04ewn,ACTIVE
2024-25,13,xj5wwgasm1whgxxs,03ad2,ACTIVE
2024-25,13,kom4opqfm1whgxxs,06mjt,ACTIVE
2024-25,13,kom4opqfm1whgxxs,06214,ACTIVE
2024-25,13,kom4opqfm1whgxxs,03ajv,ACTIVE
2024-25,13,kom4opqfm1whgxxs,000zv,ACTIVE
2024-25,13,kom4opqfm1whgxxs,049kd,ACTIVE
2024-25,13,kom4opqfm1whgxxs,05uir,ACTIVE
2024-25,13,kom4opqfm1whgxxs,03e74,ACTIVE
2024-25,13,kom4opqfm1whgxxs,049kb,ACTIVE
2024-25,13,kom4opqfm1whgxxs,051oh,ACTIVE
2024-25,13,kom4opqfm1whgxxs,06cdn,ACTIVE
2024-25,13,kom4opqfm1whgxxs,051p9,ACTIVE
2024-25,13,kom4opqfm1whgxxs,051pa,ACTIVE
2024-25,13,kom4opqfm1whgxxs,03byk,ACTIVE
2024-25,13,kom4opqfm1whgxxs,04kj6,ACTIVE
2024-25,13,kom4opqfm1whgxxs,03lls,ACTIVE
2024-25,13,kom4opqfm1whgxxs,03nwk,ACTIVE
2024-25,13,kom4opqfm1whgxxs,031lx,ACTIVE
2024-25,13,kom4opqfm1whgxxs,0622a,ACTIVE
2024-25,13,kom4opqfm1whgxxs,0621e,ACTIVE
2024-25,13,kom4opqfm1whgxxs,051oi,ACTIVE
2024-25,13,yn3jui7nm1whgxxs,027pe,ACTIVE
2024-25,13,yn3jui7nm1whgxxs,04azw,ACTIVE
2024-25,13,yn3jui7nm1whgxxs,02xg9,ACTIVE
2024-25,13,yn3jui7nm1whgxxs,027oj,ACTIVE
2024-25,13,yn3jui7nm1whgxxs,042nf,ACTIVE
2024-25,13,yn3jui7nm1whgxxs,042nt,ACTIVE
2024-25,13,yn3jui7nm1whgxxs,05qtr,ACTIVE
2024-25,13,yn3jui7nm1whgxxs,051os,ACTIVE
2024-25,13,yn3jui7nm1whgxxs,0621t,ACTIVE
2024-25,13,yn3jui7nm1whgxxs,04qrm,ACTIVE
2024-25,13,yn3jui7nm1whgxxs,042n7,ACTIVE
2024-25,13,yn3jui7nm1whgxxs,05qty,ACTIVE
2024-25,13,yn3jui7nm1whgxxs,01eo9,ACTIVE
2024-25,13,yn3jui7nm1whgxxs,05qtv,ACTIVE
2024-25,13,yn3jui7nm1whgxxs,06mjz,ACTIVE
2024-25,13,yn3jui7nm1whgxxs,027p4,ACTIVE
2024-25,13,yn3jui7nm1whgxxs,05qsl,ACTIVE
2024-25,13,yn3jui7nm1whgxxs,04ewk,ACTIVE
2024-25,13,yn3jui7nm1whgxxs,049kc,ACTIVE
2024-25,13,yn3jui7nm1whgxxs,06mk6,ACTIVE
2024-25,13,rr8dwgn0m1whgxxs,042n3,ACTIVE
2024-25,13,rr8dwgn0m1whgxxs,04ex6,ACTIVE
2024-25,13,rr8dwgn0m1whgxxs,01uyj,ACTIVE
2024-25,13,rr8dwgn0m1whgxxs,05qsq,ACTIVE
2024-25,13,rr8dwgn0m1whgxxs,0015e,ACTIVE
2024-25,13,rr8dwgn0m1whgxxs,01enh,ACTIVE
2024-25,13,rr8dwgn0m1whgxxs,042n4,ACTIVE
2024-25,13,rr8dwgn0m1whgxxs,027pg,ACTIVE
2024-25,13,rr8dwgn0m1whgxxs,02nfz,ACTIVE
2024-25,13,rr8dwgn0m1whgxxs,04qsd,ACTIVE
2024-25,13,rr8dwgn0m1whgxxs,031m0,ACTIVE
2024-25,13,rr8dwgn0m1whgxxs,03ams,ACTIVE
2024-25,13,rr8dwgn0m1whgxxs,02ng3,ACTIVE
2024-25,13,rr8dwgn0m1whgxxs,049ka,ACTIVE
2024-25,13,rr8dwgn0m1whgxxs,02ym0,ACTIVE
2024-25,13,rr8dwgn0m1whgxxs,04qrn,ACTIVE
2024-25,13,rr8dwgn0m1whgxxs,027ou,ACTIVE
2024-25,13,rr8dwgn0m1whgxxs,051pi,ACTIVE
2024-25,13,rr8dwgn0m1whgxxs,03el5,ACTIVE
2024-25,13,rr8dwgn0m1whgxxs,03al2,ACTIVE
2024-25,13,61xrt1smm1whgxxs,01eo6,ACTIVE
2024-25,13,61xrt1smm1whgxxs,03nwm,ACTIVE
2024-25,13,61xrt1smm1whgxxs,05qt4,ACTIVE
2024-25,13,61xrt1smm1whgxxs,05qug,ACTIVE
2024-25,13,61xrt1smm1whgxxs,04qse,ACTIVE
2024-25,13,61xrt1smm1whgxxs,031lv,ACTIVE
2024-25,13,61xrt1smm1whgxxs,05uig,ACTIVE
2024-25,13,61xrt1smm1whgxxs,06216,ACTIVE
2024-25,13,61xrt1smm1whgxxs,051ol,ACTIVE
2024-25,13,61xrt1smm1whgxxs,06mk1,ACTIVE
2024-25,13,61xrt1smm1whgxxs,03e6u,ACTIVE
2024-25,13,61xrt1smm1whgxxs,0527l,ACTIVE
2024-25,13,61xrt1smm1whgxxs,051on,ACTIVE
2024-25,13,61xrt1smm1whgxxs,05qtj,ACTIVE
2024-25,13,61xrt1smm1whgxxs,05qu1,ACTIVE
2024-25,13,61xrt1smm1whgxxs,027oz,ACTIVE
2024-25,13,61xrt1smm1whgxxs,027oo,ACTIVE
2024-25,13,61xrt1smm1whgxxs,0011e,ACTIVE
2024-25,13,61xrt1smm1whgxxs,06ccv,ACTIVE
2024-25,13,61xrt1smm1whgxxs,06cbx,ACTIVE
2024-25,13,7jwjf6hgm1whgxxs,06ca8,ACTIVE
2024-25,13,7jwjf6hgm1whgxxs,04qro,ACTIVE
2024-25,13,7jwjf6hgm1whgxxs,051ot,ACTIVE
2024-25,13,7jwjf6hgm1whgxxs,05uih,ACTIVE
2024-25,13,7jwjf6hgm1whgxxs,042n6,ACTIVE
2024-25,13,7jwjf6hgm1whgxxs,06cc0,ACTIVE
2024-25,13,7jwjf6hgm1whgxxs,05uj1,ACTIVE
2024-25,13,7jwjf6hgm1whgxxs,03r7z,ACTIVE
2024-25,13,7jwjf6hgm1whgxxs,051ps,ACTIVE
2024-25,13,7jwjf6hgm1whgxxs,06cdh,ACTIVE
2024-25,13,7jwjf6hgm1whgxxs,05uiu,ACTIVE
2024-25,13,7jwjf6hgm1whgxxs,06mk7,ACTIVE
2024-25,13,7jwjf6hgm1whgxxs,05uid,ACTIVE
2024-25,13,7jwjf6hgm1whgxxs,06210,ACTIVE
2024-25,13,7jwjf6hgm1whgxxs,0621g,ACTIVE
2024-25,13,7jwjf6hgm1whgxxs,05uie,ACTIVE
2024-25,13,7jwjf6hgm1whgxxs,06cc7,ACTIVE
2024-25,13,7jwjf6hgm1whgxxs,03nwl,ACTIVE
2024-25,13,7jwjf6hgm1whgxxs,0621c,ACTIVE
2024-25,13,7jwjf6hgm1whgxxs,06cby,ACTIVE
2024-25,13,c2198rgtm1whgxxs,05uip,ACTIVE
2024-25,13,c2198rgtm1whgxxs,051p8,ACTIVE
2024-25,13,c2198rgtm1whgxxs,06ccd,ACTIVE
2024-25,13,c2198rgtm1whgxxs,042nq,ACTIVE
2024-25,13,c2198rgtm1whgxxs,05qu9,ACTIVE
2024-25,13,c2198rgtm1whgxxs,02nf9,ACTIVE
2024-25,13,c2198rgtm1whgxxs,06mju,ACTIVE
2024-25,13,c2198rgtm1whgxxs,005kc,ACTIVE
2024-25,13,c2198rgtm1whgxxs,051oj,ACTIVE
2024-25,13,c2198rgtm1whgxxs,05ujc,ACTIVE
2024-25,13,c2198rgtm1whgxxs,06ccf,ACTIVE
2024-25,13,c2198rgtm1whgxxs,04ewf,ACTIVE
2024-25,13,c2198rgtm1whgxxs,06213,ACTIVE
2024-25,13,c2198rgtm1whgxxs,042nw,ACTIVE
2024-25,13,c2198rgtm1whgxxs,03al0,ACTIVE
2024-25,13,c2198rgtm1whgxxs,051p1,ACTIVE
2024-25,13,c2198rgtm1whgxxs,03e6n,ACTIVE
2024-25,13,c2198rgtm1whgxxs,027p0,ACTIVE
2024-25,13,c2198rgtm1whgxxs,031m2,ACTIVE
2024-25,13,c2198rgtm1whgxxs,04qrk,ACTIVE
2024-25,13,gxxp9rr0m1whgxxs,04ewt,ACTIVE
2024-25,13,gxxp9rr0m1whgxxs,04ewe,ACTIVE
2024-25,13,gxxp9rr0m1whgxxs,0527h,ACTIVE
2024-25,13,gxxp9rr0m1whgxxs,03ad0,ACTIVE
2024-25,13,gxxp9rr0m1whgxxs,03aq2,ACTIVE
2024-25,13,gxxp9rr0m1whgxxs,06cc1,ACTIVE
2024-25,13,gxxp9rr0m1whgxxs,06mk0,ACTIVE
2024-25,13,gxxp9rr0m1whgxxs,06cch,ACTIVE
2024-25,13,gxxp9rr0m1whgxxs,0621u,ACTIVE
2024-25,13,gxxp9rr0m1whgxxs,0621q,ACTIVE
2024-25,13,gxxp9rr0m1whgxxs,04qrr,ACTIVE
2024-25,13,gxxp9rr0m1whgxxs,05uif,ACTIVE
2024-25,13,gxxp9rr0m1whgxxs,05uic,ACTIVE
2024-25,13,gxxp9rr0m1whgxxs,06cc8,ACTIVE
2024-25,13,gxxp9rr0m1whgxxs,06cab,ACTIVE
2024-25,13,gxxp9rr0m1whgxxs,06ca7,ACTIVE
2024-25,13,gxxp9rr0m1whgxxs,06215,ACTIVE
2024-25,13,gxxp9rr0m1whgxxs,042nm,ACTIVE
2024-25,13,gxxp9rr0m1whgxxs,001aw,ACTIVE
2024-25,13,gxxp9rr0m1whgxxs,04qrj,ACTIVE
2024-25,14,f9yq112sm1whgxxs,02nf6,ACTIVE
2024-25,14,f9yq112sm1whgxxs,051op,ACTIVE
2024-25,14,f9yq112sm1whgxxs,06mk3,ACTIVE
2024-25,14,f9yq112sm1whgxxs,03nwn,ACTIVE
2024-25,14,f9yq112sm1whgxxs,01eon,ACTIVE
2024-25,14,f9yq112sm1whgxxs,04qrl,ACTIVE
2024-25,14,f9yq112sm1whgxxs,03lg1,ACTIVE
2024-25,14,f9yq112sm1whgxxs,04ewu,ACTIVE
2024-25,14,f9yq112sm1whgxxs,03e75,ACTIVE
2024-25,14,f9yq112sm1whgxxs,04ewr,ACTIVE
2024-25,14,f9yq112sm1whgxxs,042n1,ACTIVE
2024-25,14,f9yq112sm1whgxxs,04qrp,ACTIVE
2024-25,14,f9yq112sm1whgxxs,04848,ACTIVE
2024-25,14,f9yq112sm1whgxxs,05qtt,ACTIVE
2024-25,14,f9yq112sm1whgxxs,051or,ACTIVE
2024-25,14,f9yq112sm1whgxxs,03ad4,ACTIVE
2024-25,14,f9yq112sm1whgxxs,05uus,ACTIVE
2024-25,14,f9yq112sm1whgxxs,0017e,ACTIVE
2024-25,14,f9yq112sm1whgxxs,05uiq,ACTIVE
2024-25,14,f9yq112sm1whgxxs,04ex8,ACTIVE
2024-25,14,ogxmjjovm1whgxxs,03e6s,ACTIVE
2024-25,14,ogxmjjovm1whgxxs,04qru,ACTIVE
2024-25,14,ogxmjjovm1whgxxs,04ewc,ACTIVE
2024-25,14,ogxmjjovm1whgxxs,05qu0,ACTIVE
2024-25,14,ogxmjjovm1whgxxs,06cca,ACTIVE
2024-25,14,ogxmjjovm1whgxxs,04ewm,ACTIVE
2024-25,14,ogxmjjovm1whgxxs,06mjv,ACTIVE
2024-25,14,ogxmjjovm1whgxxs,0558t,ACTIVE
2024-25,14,ogxmjjovm1whgxxs,06218,ACTIVE
2024-25,14,ogxmjjovm1whgxxs,04qry,ACTIVE
2024-25,14,ogxmjjovm1whgxxs,06212,ACTIVE
2024-25,14,ogxmjjovm1whgxxs,04qs1,ACTIVE
2024-25,14,ogxmjjovm1whgxxs,03wr4,ACTIVE
2024-25,14,ogxmjjovm1whgxxs,05uii,ACTIVE
2024-25,14,ogxmjjovm1whgxxs,05uib,ACTIVE
2024-25,14,ogxmjjovm1whgxxs,0621l,ACTIVE
2024-25,14,ogxmjjovm1whgxxs,03ad3,ACTIVE
2024-25,14,ogxmjjovm1whgxxs,02nf1,ACTIVE
2024-25,14,ogxmjjovm1whgxxs,06mk9,ACTIVE
2024-25,14,ogxmjjovm1whgxxs,04qsa,ACTIVE
2024-25,14,xj5wwgasm1whgxxs,0621b,ACTIVE
2024-25,14,xj5wwgasm1whgxxs,05uj9,ACTIVE
2024-25,14,xj5wwgasm1whgxxs,05uiw,ACTIVE
2024-25,14,xj5wwgasm1whgxxs,03al1,ACTIVE
2024-25,14,xj5wwgasm1whgxxs,04ewb,ACTIVE
2024-25,14,xj5wwgasm1whgxxs,005ki,ACTIVE
2024-25,14,xj5wwgasm1whgxxs,03xmv,ACTIVE
2024-25,14,xj5wwgasm1whgxxs,06mjw,ACTIVE
2024-25,14,xj5wwgasm1whgxxs,06nz5,ACTIVE
2024-25,14,xj5wwgasm1whgxxs,06mm1,ACTIVE
2024-25,14,xj5wwgasm1whgxxs,051pb,ACTIVE
2024-25,14,xj5wwgasm1whgxxs,05qto,ACTIVE
2024-25,14,xj5wwgasm1whgxxs,06217,ACTIVE
2024-25,14,xj5wwgasm1whgxxs,06211,ACTIVE
2024-25,14,xj5wwgasm1whgxxs,05qt3,ACTIVE
2024-25,14,xj5wwgasm1whgxxs,031m4,ACTIVE
2024-25,14,xj5wwgasm1whgxxs,02nf3,ACTIVE
2024-25,14,xj5wwgasm1whgxxs,0496e,ACTIVE
2024-25,14,xj5wwgasm1whgxxs,04ewn,ACTIVE
2024-25,14,xj5wwgasm1whgxxs,03ad2,ACTIVE
2024-25,14,kom4opqfm1whgxxs,06mjt,ACTIVE
2024-25,14,kom4opqfm1whgxxs,06214,ACTIVE
2024-25,14,kom4opqfm1whgxxs,03ajv,ACTIVE
2024-25,14,kom4opqfm1whgxxs,000zv,ACTIVE
2024-25,14,kom4opqfm1whgxxs,049kd,ACTIVE
2024-25,14,kom4opqfm1whgxxs,05uir,ACTIVE
2024-25,14,kom4opqfm1whgxxs,03e74,ACTIVE
2024-25,14,kom4opqfm1whgxxs,049kb,ACTIVE
2024-25,14,kom4opqfm1whgxxs,051oh,ACTIVE
2024-25,14,kom4opqfm1whgxxs,06cdn,ACTIVE
2024-25,14,kom4opqfm1whgxxs,051p9,ACTIVE
2024-25,14,kom4opqfm1whgxxs,051pa,ACTIVE
2024-25,14,kom4opqfm1whgxxs,03byk,ACTIVE
2024-25,14,kom4opqfm1whgxxs,04kj6,ACTIVE
2024-25,14,kom4opqfm1whgxxs,03lls,ACTIVE
2024-25,14,kom4opqfm1whgxxs,03nwk,ACTIVE
2024-25,14,kom4opqfm1whgxxs,031lx,ACTIVE
2024-25,14,kom4opqfm1whgxxs,0622a,ACTIVE
2024-25,14,kom4opqfm1whgxxs,0621e,ACTIVE
2024-25,14,kom4opqfm1whgxxs,051oi,ACTIVE
2024-25,14,yn3jui7nm1whgxxs,027pe,ACTIVE
2024-25,14,yn3jui7nm1whgxxs,04azw,ACTIVE
2024-25,14,yn3jui7nm1whgxxs,02xg9,ACTIVE
2024-25,14,yn3jui7nm1whgxxs,027oj,ACTIVE
2024-25,14,yn3jui7nm1whgxxs,042nf,ACTIVE
2024-25,14,yn3jui7nm1whgxxs,042nt,ACTIVE
2024-25,14,yn3jui7nm1whgxxs,05qtr,ACTIVE
2024-25,14,yn3jui7nm1whgxxs,051os,ACTIVE
2024-25,14,yn3jui7nm1whgxxs,0621t,ACTIVE
2024-25,14,yn3jui7nm1whgxxs,04qrm,ACTIVE
2024-25,14,yn3jui7nm1whgxxs,042n7,ACTIVE
2024-25,14,yn3jui7nm1whgxxs,05qty,ACTIVE
2024-25,14,yn3jui7nm1whgxxs,01eo9,ACTIVE
2024-25,14,yn3jui7nm1whgxxs,05qtv,ACTIVE
2024-25,14,yn3jui7nm1whgxxs,06mjz,ACTIVE
2024-25,14,yn3jui7nm1whgxxs,027p4,ACTIVE
2024-25,14,yn3jui7nm1whgxxs,05qsl,ACTIVE
2024-25,14,yn3jui7nm1whgxxs,04ewk,ACTIVE
2024-25,14,yn3jui7nm1whgxxs,049kc,ACTIVE
2024-25,14,yn3jui7nm1whgxxs,06mk6,ACTIVE
2024-25,14,rr8dwgn0m1whgxxs,042n3,ACTIVE
2024-25,14,rr8dwgn0m1whgxxs,04ex6,ACTIVE
2024-25,14,rr8dwgn0m1whgxxs,01uyj,ACTIVE
2024-25,14,rr8dwgn0m1whgxxs,05qsq,ACTIVE
2024-25,14,rr8dwgn0m1whgxxs,0015e,ACTIVE
2024-25,14,rr8dwgn0m1whgxxs,01enh,ACTIVE
2024-25,14,rr8dwgn0m1whgxxs,042n4,ACTIVE
2024-25,14,rr8dwgn0m1whgxxs,027pg,ACTIVE
2024-25,14,rr8dwgn0m1whgxxs,02nfz,ACTIVE
2024-25,14,rr8dwgn0m1whgxxs,04qsd,ACTIVE
2024-25,14,rr8dwgn0m1whgxxs,031m0,ACTIVE
2024-25,14,rr8dwgn0m1whgxxs,03ams,ACTIVE
2024-25,14,rr8dwgn0m1whgxxs,02ng3,ACTIVE
2024-25,14,rr8dwgn0m1whgxxs,049ka,ACTIVE
2024-25,14,rr8dwgn0m1whgxxs,02ym0,ACTIVE
2024-25,14,rr8dwgn0m1whgxxs,04qrn,ACTIVE
2024-25,14,rr8dwgn0m1whgxxs,027ou,ACTIVE
2024-25,14,rr8dwgn0m1whgxxs,051pi,ACTIVE
2024-25,14,rr8dwgn0m1whgxxs,03el5,ACTIVE
2024-25,14,rr8dwgn0m1whgxxs,03al2,ACTIVE
2024-25,14,61xrt1smm1whgxxs,01eo6,ACTIVE
2024-25,14,61xrt1smm1whgxxs,03nwm,ACTIVE
2024-25,14,61xrt1smm1whgxxs,05qt4,ACTIVE
2024-25,14,61xrt1smm1whgxxs,05qug,ACTIVE
2024-25,14,61xrt1smm1whgxxs,04qse,ACTIVE
2024-25,14,61xrt1smm1whgxxs,031lv,ACTIVE
2024-25,14,61xrt1smm1whgxxs,05uig,ACTIVE
2024-25,14,61xrt1smm1whgxxs,06216,ACTIVE
2024-25,14,61xrt1smm1whgxxs,051ol,ACTIVE
2024-25,14,61xrt1smm1whgxxs,06mk1,ACTIVE
2024-25,14,61xrt1smm1whgxxs,03e6u,ACTIVE
2024-25,14,61xrt1smm1whgxxs,0527l,ACTIVE
2024-25,14,61xrt1smm1whgxxs,051on,ACTIVE
2024-25,14,61xrt1smm1whgxxs,05qtj,ACTIVE
2024-25,14,61xrt1smm1whgxxs,05qu1,ACTIVE
2024-25,14,61xrt1smm1whgxxs,027oz,ACTIVE
2024-25,14,61xrt1smm1whgxxs,027oo,ACTIVE
2024-25,14,61xrt1smm1whgxxs,0011e,ACTIVE
2024-25,14,61xrt1smm1whgxxs,06ccv,ACTIVE
2024-25,14,61xrt1smm1whgxxs,06cbx,ACTIVE
2024-25,14,7jwjf6hgm1whgxxs,06ca8,ACTIVE
2024-25,14,7jwjf6hgm1whgxxs,04qro,ACTIVE
2024-25,14,7jwjf6hgm1whgxxs,051ot,ACTIVE
2024-25,14,7jwjf6hgm1whgxxs,05uih,ACTIVE
2024-25,14,7jwjf6hgm1whgxxs,042n6,ACTIVE
2024-25,14,7jwjf6hgm1whgxxs,06cc0,ACTIVE
2024-25,14,7jwjf6hgm1whgxxs,05uj1,ACTIVE
2024-25,14,7jwjf6hgm1whgxxs,03r7z,ACTIVE
2024-25,14,7jwjf6hgm1whgxxs,051ps,ACTIVE
2024-25,14,7jwjf6hgm1whgxxs,06cdh,ACTIVE
2024-25,14,7jwjf6hgm1whgxxs,05uiu,ACTIVE
2024-25,14,7jwjf6hgm1whgxxs,06mk7,ACTIVE
2024-25,14,7jwjf6hgm1whgxxs,05uid,ACTIVE
2024-25,14,7jwjf6hgm1whgxxs,06210,ACTIVE
2024-25,14,7jwjf6hgm1whgxxs,0621g,ACTIVE
2024-25,14,7jwjf6hgm1whgxxs,05uie,ACTIVE
2024-25,14,7jwjf6hgm1whgxxs,06cc7,ACTIVE
2024-25,14,7jwjf6hgm1whgxxs,03nwl,ACTIVE
2024-25,14,7jwjf6hgm1whgxxs,0621c,ACTIVE
2024-25,14,7jwjf6hgm1whgxxs,06cby,ACTIVE
2024-25,14,c2198rgtm1whgxxs,05uip,ACTIVE
2024-25,14,c2198rgtm1whgxxs,051p8,ACTIVE
2024-25,14,c2198rgtm1whgxxs,06ccd,ACTIVE
2024-25,14,c2198rgtm1whgxxs,042nq,ACTIVE
2024-25,14,c2198rgtm1whgxxs,05qu9,ACTIVE
2024-25,14,c2198rgtm1whgxxs,02nf9,ACTIVE
2024-25,14,c2198rgtm1whgxxs,06mju,ACTIVE
2024-25,14,c2198rgtm1whgxxs,005kc,ACTIVE
2024-25,14,c2198rgtm1whgxxs,051oj,ACTIVE
2024-25,14,c2198rgtm1whgxxs,05ujc,ACTIVE
2024-25,14,c2198rgtm1whgxxs,06ccf,ACTIVE
2024-25,14,c2198rgtm1whgxxs,04ewf,ACTIVE
2024-25,14,c2198rgtm1whgxxs,06213,ACTIVE
2024-25,14,c2198rgtm1whgxxs,042nw,ACTIVE
2024-25,14,c2198rgtm1whgxxs,03al0,ACTIVE
2024-25,14,c2198rgtm1whgxxs,051p1,ACTIVE
2024-25,14,c2198rgtm1whgxxs,03e6n,ACTIVE
2024-25,14,c2198rgtm1whgxxs,027p0,ACTIVE
2024-25,14,c2198rgtm1whgxxs,031m2,ACTIVE
2024-25,14,c2198rgtm1whgxxs,04qrk,ACTIVE
2024-25,14,gxxp9rr0m1whgxxs,04ewt,ACTIVE
2024-25,14,gxxp9rr0m1whgxxs,04ewe,ACTIVE
2024-25,14,gxxp9rr0m1whgxxs,0527h,ACTIVE
2024-25,14,gxxp9rr0m1whgxxs,03ad0,ACTIVE
2024-25,14,gxxp9rr0m1whgxxs,03aq2,ACTIVE
2024-25,14,gxxp9rr0m1whgxxs,06cc1,ACTIVE
2024-25,14,gxxp9rr0m1whgxxs,06mk0,ACTIVE
2024-25,14,gxxp9rr0m1whgxxs,06cch,ACTIVE
2024-25,14,gxxp9rr0m1whgxxs,0621u,ACTIVE
2024-25,14,gxxp9rr0m1whgxxs,0621q,ACTIVE
2024-25,14,gxxp9rr0m1whgxxs,04qrr,ACTIVE
2024-25,14,gxxp9rr0m1whgxxs,05uif,ACTIVE
2024-25,14,gxxp9rr0m1whgxxs,05uic,ACTIVE
2024-25,14,gxxp9rr0m1whgxxs,06cc8,ACTIVE
2024-25,14,gxxp9rr0m1whgxxs,06cab,ACTIVE
2024-25,14,gxxp9rr0m1whgxxs,06ca7,ACTIVE
2024-25,14,gxxp9rr0m1whgxxs,06215,ACTIVE
2024-25,14,gxxp9rr0m1whgxxs,042nm,ACTIVE
2024-25,14,gxxp9rr0m1whgxxs,001aw,ACTIVE
2024-25,14,gxxp9rr0m1whgxxs,04qrj,ACTIVE
2024-25,15,f9yq112sm1whgxxs,02nf6,ACTIVE
2024-25,15,f9yq112sm1whgxxs,051op,ACTIVE
2024-25,15,f9yq112sm1whgxxs,06mk3,ACTIVE
2024-25,15,f9yq112sm1whgxxs,03nwn,ACTIVE
2024-25,15,f9yq112sm1whgxxs,01eon,ACTIVE
2024-25,15,f9yq112sm1whgxxs,04qrl,ACTIVE
2024-25,15,f9yq112sm1whgxxs,03lg1,ACTIVE
2024-25,15,f9yq112sm1whgxxs,04ewu,ACTIVE
2024-25,15,f9yq112sm1whgxxs,03e75,ACTIVE
2024-25,15,f9yq112sm1whgxxs,04ewr,ACTIVE
2024-25,15,f9yq112sm1whgxxs,042n1,ACTIVE
2024-25,15,f9yq112sm1whgxxs,04qrp,ACTIVE
2024-25,15,f9yq112sm1whgxxs,04848,ACTIVE
2024-25,15,f9yq112sm1whgxxs,05qtt,ACTIVE
2024-25,15,f9yq112sm1whgxxs,051or,ACTIVE
2024-25,15,f9yq112sm1whgxxs,03ad4,ACTIVE
2024-25,15,f9yq112sm1whgxxs,05uus,ACTIVE
2024-25,15,f9yq112sm1whgxxs,0017e,ACTIVE
2024-25,15,f9yq112sm1whgxxs,05uiq,ACTIVE
2024-25,15,f9yq112sm1whgxxs,04ex8,ACTIVE
2024-25,15,ogxmjjovm1whgxxs,03e6s,ACTIVE
2024-25,15,ogxmjjovm1whgxxs,04qru,ACTIVE
2024-25,15,ogxmjjovm1whgxxs,04ewc,ACTIVE
2024-25,15,ogxmjjovm1whgxxs,05qu0,ACTIVE
2024-25,15,ogxmjjovm1whgxxs,06cca,ACTIVE
2024-25,15,ogxmjjovm1whgxxs,04ewm,ACTIVE
2024-25,15,ogxmjjovm1whgxxs,06mjv,ACTIVE
2024-25,15,ogxmjjovm1whgxxs,0558t,ACTIVE
2024-25,15,ogxmjjovm1whgxxs,06218,ACTIVE
2024-25,15,ogxmjjovm1whgxxs,04qry,ACTIVE
2024-25,15,ogxmjjovm1whgxxs,06212,ACTIVE
2024-25,15,ogxmjjovm1whgxxs,04qs1,ACTIVE
2024-25,15,ogxmjjovm1whgxxs,03wr4,ACTIVE
2024-25,15,ogxmjjovm1whgxxs,05uii,ACTIVE
2024-25,15,ogxmjjovm1whgxxs,05uib,ACTIVE
2024-25,15,ogxmjjovm1whgxxs,0621l,ACTIVE
2024-25,15,ogxmjjovm1whgxxs,03ad3,ACTIVE
2024-25,15,ogxmjjovm1whgxxs,02nf1,ACTIVE
2024-25,15,ogxmjjovm1whgxxs,06mk9,ACTIVE
2024-25,15,ogxmjjovm1whgxxs,04qsa,ACTIVE
2024-25,15,xj5wwgasm1whgxxs,0621b,ACTIVE
2024-25,15,xj5wwgasm1whgxxs,05uj9,ACTIVE
2024-25,15,xj5wwgasm1whgxxs,05uiw,ACTIVE
2024-25,15,xj5wwgasm1whgxxs,03al1,ACTIVE
2024-25,15,xj5wwgasm1whgxxs,04ewb,ACTIVE
2024-25,15,xj5wwgasm1whgxxs,005ki,ACTIVE
2024-25,15,xj5wwgasm1whgxxs,03xmv,ACTIVE
2024-25,15,xj5wwgasm1whgxxs,06mjw,ACTIVE
2024-25,15,xj5wwgasm1whgxxs,06nz5,ACTIVE
2024-25,15,xj5wwgasm1whgxxs,06mm1,ACTIVE
2024-25,15,xj5wwgasm1whgxxs,051pb,ACTIVE
2024-25,15,xj5wwgasm1whgxxs,05qto,ACTIVE
2024-25,15,xj5wwgasm1whgxxs,06217,ACTIVE
2024-25,15,xj5wwgasm1whgxxs,06211,ACTIVE
2024-25,15,xj5wwgasm1whgxxs,05qt3,ACTIVE
2024-25,15,xj5wwgasm1whgxxs,031m4,ACTIVE
2024-25,15,xj5wwgasm1whgxxs,02nf3,ACTIVE
2024-25,15,xj5wwgasm1whgxxs,0496e,ACTIVE
2024-25,15,xj5wwgasm1whgxxs,04ewn,ACTIVE
2024-25,15,xj5wwgasm1whgxxs,03ad2,ACTIVE
2024-25,15,kom4opqfm1whgxxs,06mjt,ACTIVE
2024-25,15,kom4opqfm1whgxxs,06214,ACTIVE
2024-25,15,kom4opqfm1whgxxs,03ajv,ACTIVE
2024-25,15,kom4opqfm1whgxxs,000zv,ACTIVE
2024-25,15,kom4opqfm1whgxxs,049kd,ACTIVE
2024-25,15,kom4opqfm1whgxxs,05uir,ACTIVE
2024-25,15,kom4opqfm1whgxxs,03e74,ACTIVE
2024-25,15,kom4opqfm1whgxxs,049kb,ACTIVE
2024-25,15,kom4opqfm1whgxxs,051oh,ACTIVE
2024-25,15,kom4opqfm1whgxxs,06cdn,ACTIVE
2024-25,15,kom4opqfm1whgxxs,051p9,ACTIVE
2024-25,15,kom4opqfm1whgxxs,051pa,ACTIVE
2024-25,15,kom4opqfm1whgxxs,03byk,ACTIVE
2024-25,15,kom4opqfm1whgxxs,04kj6,ACTIVE
2024-25,15,kom4opqfm1whgxxs,03lls,ACTIVE
2024-25,15,kom4opqfm1whgxxs,03nwk,ACTIVE
2024-25,15,kom4opqfm1whgxxs,031lx,ACTIVE
2024-25,15,kom4opqfm1whgxxs,0622a,ACTIVE
2024-25,15,kom4opqfm1whgxxs,0621e,ACTIVE
2024-25,15,kom4opqfm1whgxxs,051oi,ACTIVE
2024-25,15,yn3jui7nm1whgxxs,027pe,ACTIVE
2024-25,15,yn3jui7nm1whgxxs,04azw,ACTIVE
2024-25,15,yn3jui7nm1whgxxs,02xg9,ACTIVE
2024-25,15,yn3jui7nm1whgxxs,027oj,ACTIVE
2024-25,15,yn3jui7nm1whgxxs,042nf,ACTIVE
2024-25,15,yn3jui7nm1whgxxs,042nt,ACTIVE
2024-25,15,yn3jui7nm1whgxxs,05qtr,ACTIVE
2024-25,15,yn3jui7nm1whgxxs,051os,ACTIVE
2024-25,15,yn3jui7nm1whgxxs,0621t,ACTIVE
2024-25,15,yn3jui7nm1whgxxs,04qrm,ACTIVE
2024-25,15,yn3jui7nm1whgxxs,042n7,ACTIVE
2024-25,15,yn3jui7nm1whgxxs,05qty,ACTIVE
2024-25,15,yn3jui7nm1whgxxs,01eo9,ACTIVE
2024-25,15,yn3jui7nm1whgxxs,05qtv,ACTIVE
2024-25,15,yn3jui7nm1whgxxs,06mjz,ACTIVE
2024-25,15,yn3jui7nm1whgxxs,027p4,ACTIVE
2024-25,15,yn3jui7nm1whgxxs,05qsl,ACTIVE
2024-25,15,yn3jui7nm1whgxxs,04ewk,ACTIVE
2024-25,15,yn3jui7nm1whgxxs,049kc,ACTIVE
2024-25,15,yn3jui7nm1whgxxs,06mk6,ACTIVE
2024-25,15,rr8dwgn0m1whgxxs,042n3,ACTIVE
2024-25,15,rr8dwgn0m1whgxxs,04ex6,ACTIVE
2024-25,15,rr8dwgn0m1whgxxs,01uyj,ACTIVE
2024-25,15,rr8dwgn0m1whgxxs,05qsq,ACTIVE
2024-25,15,rr8dwgn0m1whgxxs,0015e,ACTIVE
2024-25,15,rr8dwgn0m1whgxxs,01enh,ACTIVE
2024-25,15,rr8dwgn0m1whgxxs,042n4,ACTIVE
2024-25,15,rr8dwgn0m1whgxxs,027pg,ACTIVE
2024-25,15,rr8dwgn0m1whgxxs,02nfz,ACTIVE
2024-25,15,rr8dwgn0m1whgxxs,04qsd,ACTIVE
2024-25,15,rr8dwgn0m1whgxxs,031m0,ACTIVE
2024-25,15,rr8dwgn0m1whgxxs,03ams,ACTIVE
2024-25,15,rr8dwgn0m1whgxxs,02ng3,ACTIVE
2024-25,15,rr8dwgn0m1whgxxs,049ka,ACTIVE
2024-25,15,rr8dwgn0m1whgxxs,02ym0,ACTIVE
2024-25,15,rr8dwgn0m1whgxxs,04qrn,ACTIVE
2024-25,15,rr8dwgn0m1whgxxs,027ou,ACTIVE
2024-25,15,rr8dwgn0m1whgxxs,051pi,ACTIVE
2024-25,15,rr8dwgn0m1whgxxs,03el5,ACTIVE
2024-25,15,rr8dwgn0m1whgxxs,03al2,ACTIVE
2024-25,15,61xrt1smm1whgxxs,01eo6,ACTIVE
2024-25,15,61xrt1smm1whgxxs,03nwm,ACTIVE
2024-25,15,61xrt1smm1whgxxs,05qt4,ACTIVE
2024-25,15,61xrt1smm1whgxxs,05qug,ACTIVE
2024-25,15,61xrt1smm1whgxxs,04qse,ACTIVE
2024-25,15,61xrt1smm1whgxxs,031lv,ACTIVE
2024-25,15,61xrt1smm1whgxxs,05uig,ACTIVE
2024-25,15,61xrt1smm1whgxxs,06216,ACTIVE
2024-25,15,61xrt1smm1whgxxs,051ol,ACTIVE
2024-25,15,61xrt1smm1whgxxs,06mk1,ACTIVE
2024-25,15,61xrt1smm1whgxxs,03e6u,ACTIVE
2024-25,15,61xrt1smm1whgxxs,0527l,ACTIVE
2024-25,15,61xrt1smm1whgxxs,051on,ACTIVE
2024-25,15,61xrt1smm1whgxxs,05qtj,ACTIVE
2024-25,15,61xrt1smm1whgxxs,05qu1,ACTIVE
2024-25,15,61xrt1smm1whgxxs,027oz,ACTIVE
2024-25,15,61xrt1smm1whgxxs,027oo,ACTIVE
2024-25,15,61xrt1smm1whgxxs,0011e,ACTIVE
2024-25,15,61xrt1smm1whgxxs,06ccv,ACTIVE
2024-25,15,61xrt1smm1whgxxs,06cbx,ACTIVE
2024-25,15,7jwjf6hgm1whgxxs,06ca8,ACTIVE
2024-25,15,7jwjf6hgm1whgxxs,04qro,ACTIVE
2024-25,15,7jwjf6hgm1whgxxs,051ot,ACTIVE
2024-25,15,7jwjf6hgm1whgxxs,05uih,ACTIVE
2024-25,15,7jwjf6hgm1whgxxs,042n6,ACTIVE
2024-25,15,7jwjf6hgm1whgxxs,06cc0,ACTIVE
2024-25,15,7jwjf6hgm1whgxxs,05uj1,ACTIVE
2024-25,15,7jwjf6hgm1whgxxs,03r7z,ACTIVE
2024-25,15,7jwjf6hgm1whgxxs,051ps,ACTIVE
2024-25,15,7jwjf6hgm1whgxxs,06cdh,ACTIVE
2024-25,15,7jwjf6hgm1whgxxs,05uiu,ACTIVE
2024-25,15,7jwjf6hgm1whgxxs,06mk7,ACTIVE
2024-25,15,7jwjf6hgm1whgxxs,05uid,ACTIVE
2024-25,15,7jwjf6hgm1whgxxs,06210,ACTIVE
2024-25,15,7jwjf6hgm1whgxxs,0621g,ACTIVE
2024-25,15,7jwjf6hgm1whgxxs,05uie,ACTIVE
2024-25,15,7jwjf6hgm1whgxxs,06cc7,ACTIVE
2024-25,15,7jwjf6hgm1whgxxs,03nwl,ACTIVE
2024-25,15,7jwjf6hgm1whgxxs,0621c,ACTIVE
2024-25,15,7jwjf6hgm1whgxxs,06cby,ACTIVE
2024-25,15,c2198rgtm1whgxxs,05uip,ACTIVE
2024-25,15,c2198rgtm1whgxxs,051p8,ACTIVE
2024-25,15,c2198rgtm1whgxxs,06ccd,ACTIVE
2024-25,15,c2198rgtm1whgxxs,042nq,ACTIVE
2024-25,15,c2198rgtm1whgxxs,05qu9,ACTIVE
2024-25,15,c2198rgtm1whgxxs,02nf9,ACTIVE
2024-25,15,c2198rgtm1whgxxs,06mju,ACTIVE
2024-25,15,c2198rgtm1whgxxs,005kc,ACTIVE
2024-25,15,c2198rgtm1whgxxs,051oj,ACTIVE
2024-25,15,c2198rgtm1whgxxs,05ujc,ACTIVE
2024-25,15,c2198rgtm1whgxxs,06ccf,ACTIVE
2024-25,15,c2198rgtm1whgxxs,04ewf,ACTIVE
2024-25,15,c2198rgtm1whgxxs,06213,ACTIVE
2024-25,15,c2198rgtm1whgxxs,042nw,ACTIVE
2024-25,15,c2198rgtm1whgxxs,03al0,ACTIVE
2024-25,15,c2198rgtm1whgxxs,051p1,ACTIVE
2024-25,15,c2198rgtm1whgxxs,03e6n,ACTIVE
2024-25,15,c2198rgtm1whgxxs,027p0,ACTIVE
2024-25,15,c2198rgtm1whgxxs,031m2,ACTIVE
2024-25,15,c2198rgtm1whgxxs,04qrk,ACTIVE
2024-25,15,gxxp9rr0m1whgxxs,04ewt,ACTIVE
2024-25,15,gxxp9rr0m1whgxxs,04ewe,ACTIVE
2024-25,15,gxxp9rr0m1whgxxs,0527h,ACTIVE
2024-25,15,gxxp9rr0m1whgxxs,03ad0,ACTIVE
2024-25,15,gxxp9rr0m1whgxxs,03aq2,ACTIVE
2024-25,15,gxxp9rr0m1whgxxs,06cc1,ACTIVE
2024-25,15,gxxp9rr0m1whgxxs,06mk0,ACTIVE
2024-25,15,gxxp9rr0m1whgxxs,06cch,ACTIVE
2024-25,15,gxxp9rr0m1whgxxs,0621u,ACTIVE
2024-25,15,gxxp9rr0m1whgxxs,0621q,ACTIVE
2024-25,15,gxxp9rr0m1whgxxs,04qrr,ACTIVE
2024-25,15,gxxp9rr0m1whgxxs,05uif,ACTIVE
2024-25,15,gxxp9rr0m1whgxxs,05uic,ACTIVE
2024-25,15,gxxp9rr0m1whgxxs,06cc8,ACTIVE
2024-25,15,gxxp9rr0m1whgxxs,06cab,ACTIVE
2024-25,15,gxxp9rr0m1whgxxs,06ca7,ACTIVE
2024-25,15,gxxp9rr0m1whgxxs,06215,ACTIVE
2024-25,15,gxxp9rr0m1whgxxs,042nm,ACTIVE
2024-25,15,gxxp9rr0m1whgxxs,001aw,ACTIVE
2024-25,15,gxxp9rr0m1whgxxs,04qrj,ACTIVE
2024-25,16,f9yq112sm1whgxxs,02nf6,ACTIVE
2024-25,16,f9yq112sm1whgxxs,051op,ACTIVE
2024-25,16,f9yq112sm1whgxxs,06mk3,ACTIVE
2024-25,16,f9yq112sm1whgxxs,03nwn,ACTIVE
2024-25,16,f9yq112sm1whgxxs,01eon,ACTIVE
2024-25,16,f9yq112sm1whgxxs,04qrl,ACTIVE
2024-25,16,f9yq112sm1whgxxs,03lg1,ACTIVE
2024-25,16,f9yq112sm1whgxxs,04ewu,ACTIVE
2024-25,16,f9yq112sm1whgxxs,03e75,ACTIVE
2024-25,16,f9yq112sm1whgxxs,04ewr,ACTIVE
2024-25,16,f9yq112sm1whgxxs,042n1,ACTIVE
2024-25,16,f9yq112sm1whgxxs,04qrp,ACTIVE
2024-25,16,f9yq112sm1whgxxs,04848,ACTIVE
2024-25,16,f9yq112sm1whgxxs,05qtt,ACTIVE
2024-25,16,f9yq112sm1whgxxs,051or,ACTIVE
2024-25,16,f9yq112sm1whgxxs,03ad4,ACTIVE
2024-25,16,f9yq112sm1whgxxs,05uus,ACTIVE
2024-25,16,f9yq112sm1whgxxs,0017e,ACTIVE
2024-25,16,f9yq112sm1whgxxs,05uiq,ACTIVE
2024-25,16,f9yq112sm1whgxxs,04ex8,ACTIVE
2024-25,16,ogxmjjovm1whgxxs,03e6s,ACTIVE
2024-25,16,ogxmjjovm1whgxxs,04qru,ACTIVE
2024-25,16,ogxmjjovm1whgxxs,04ewc,ACTIVE
2024-25,16,ogxmjjovm1whgxxs,05qu0,ACTIVE
2024-25,16,ogxmjjovm1whgxxs,06cca,ACTIVE
2024-25,16,ogxmjjovm1whgxxs,04ewm,ACTIVE
2024-25,16,ogxmjjovm1whgxxs,06mjv,ACTIVE
2024-25,16,ogxmjjovm1whgxxs,0558t,ACTIVE
2024-25,16,ogxmjjovm1whgxxs,06218,ACTIVE
2024-25,16,ogxmjjovm1whgxxs,04qry,ACTIVE
2024-25,16,ogxmjjovm1whgxxs,06212,ACTIVE
2024-25,16,ogxmjjovm1whgxxs,04qs1,ACTIVE
2024-25,16,ogxmjjovm1whgxxs,03wr4,ACTIVE
2024-25,16,ogxmjjovm1whgxxs,05uii,ACTIVE
2024-25,16,ogxmjjovm1whgxxs,05uib,ACTIVE
2024-25,16,ogxmjjovm1whgxxs,0621l,ACTIVE
2024-25,16,ogxmjjovm1whgxxs,03ad3,ACTIVE
2024-25,16,ogxmjjovm1whgxxs,02nf1,ACTIVE
2024-25,16,ogxmjjovm1whgxxs,06mk9,ACTIVE
2024-25,16,ogxmjjovm1whgxxs,04qsa,ACTIVE
2024-25,16,xj5wwgasm1whgxxs,0621b,ACTIVE
2024-25,16,xj5wwgasm1whgxxs,05uj9,ACTIVE
2024-25,16,xj5wwgasm1whgxxs,05uiw,ACTIVE
2024-25,16,xj5wwgasm1whgxxs,03al1,ACTIVE
2024-25,16,xj5wwgasm1whgxxs,04ewb,ACTIVE
2024-25,16,xj5wwgasm1whgxxs,005ki,ACTIVE
2024-25,16,xj5wwgasm1whgxxs,03xmv,ACTIVE
2024-25,16,xj5wwgasm1whgxxs,06mjw,ACTIVE
2024-25,16,xj5wwgasm1whgxxs,06nz5,ACTIVE
2024-25,16,xj5wwgasm1whgxxs,06mm1,ACTIVE
2024-25,16,xj5wwgasm1whgxxs,051pb,ACTIVE
2024-25,16,xj5wwgasm1whgxxs,05qto,ACTIVE
2024-25,16,xj5wwgasm1whgxxs,06217,ACTIVE
2024-25,16,xj5wwgasm1whgxxs,06211,ACTIVE
2024-25,16,xj5wwgasm1whgxxs,05qt3,ACTIVE
2024-25,16,xj5wwgasm1whgxxs,031m4,ACTIVE
2024-25,16,xj5wwgasm1whgxxs,02nf3,ACTIVE
2024-25,16,xj5wwgasm1whgxxs,0496e,ACTIVE
2024-25,16,xj5wwgasm1whgxxs,04ewn,ACTIVE
2024-25,16,xj5wwgasm1whgxxs,03ad2,ACTIVE
2024-25,16,kom4opqfm1whgxxs,06mjt,ACTIVE
2024-25,16,kom4opqfm1whgxxs,06214,ACTIVE
2024-25,16,kom4opqfm1whgxxs,03ajv,ACTIVE
2024-25,16,kom4opqfm1whgxxs,000zv,ACTIVE
2024-25,16,kom4opqfm1whgxxs,049kd,ACTIVE
2024-25,16,kom4opqfm1whgxxs,05uir,ACTIVE
2024-25,16,kom4opqfm1whgxxs,03e74,ACTIVE
2024-25,16,kom4opqfm1whgxxs,049kb,ACTIVE
2024-25,16,kom4opqfm1whgxxs,051oh,ACTIVE
2024-25,16,kom4opqfm1whgxxs,06cdn,ACTIVE
2024-25,16,kom4opqfm1whgxxs,051p9,ACTIVE
2024-25,16,kom4opqfm1whgxxs,051pa,ACTIVE
2024-25,16,kom4opqfm1whgxxs,03byk,ACTIVE
2024-25,16,kom4opqfm1whgxxs,04kj6,ACTIVE
2024-25,16,kom4opqfm1whgxxs,03lls,ACTIVE
2024-25,16,kom4opqfm1whgxxs,03nwk,ACTIVE
2024-25,16,kom4opqfm1whgxxs,031lx,ACTIVE
2024-25,16,kom4opqfm1whgxxs,0622a,ACTIVE
2024-25,16,kom4opqfm1whgxxs,0621e,ACTIVE
2024-25,16,kom4opqfm1whgxxs,051oi,ACTIVE
2024-25,16,yn3jui7nm1whgxxs,027pe,ACTIVE
2024-25,16,yn3jui7nm1whgxxs,04azw,ACTIVE
2024-25,16,yn3jui7nm1whgxxs,02xg9,ACTIVE
2024-25,16,yn3jui7nm1whgxxs,027oj,ACTIVE
2024-25,16,yn3jui7nm1whgxxs,042nf,ACTIVE
2024-25,16,yn3jui7nm1whgxxs,042nt,ACTIVE
2024-25,16,yn3jui7nm1whgxxs,05qtr,ACTIVE
2024-25,16,yn3jui7nm1whgxxs,051os,ACTIVE
2024-25,16,yn3jui7nm1whgxxs,0621t,ACTIVE
2024-25,16,yn3jui7nm1whgxxs,04qrm,ACTIVE
2024-25,16,yn3jui7nm1whgxxs,042n7,ACTIVE
2024-25,16,yn3jui7nm1whgxxs,05qty,ACTIVE
2024-25,16,yn3jui7nm1whgxxs,01eo9,ACTIVE
2024-25,16,yn3jui7nm1whgxxs,05qtv,ACTIVE
2024-25,16,yn3jui7nm1whgxxs,06mjz,ACTIVE
2024-25,16,yn3jui7nm1whgxxs,027p4,ACTIVE
2024-25,16,yn3jui7nm1whgxxs,05qsl,ACTIVE
2024-25,16,yn3jui7nm1whgxxs,04ewk,ACTIVE
2024-25,16,yn3jui7nm1whgxxs,049kc,ACTIVE
2024-25,16,yn3jui7nm1whgxxs,06mk6,ACTIVE
2024-25,16,rr8dwgn0m1whgxxs,042n3,ACTIVE
2024-25,16,rr8dwgn0m1whgxxs,04ex6,ACTIVE
2024-25,16,rr8dwgn0m1whgxxs,01uyj,ACTIVE
2024-25,16,rr8dwgn0m1whgxxs,05qsq,ACTIVE
2024-25,16,rr8dwgn0m1whgxxs,0015e,ACTIVE
2024-25,16,rr8dwgn0m1whgxxs,01enh,ACTIVE
2024-25,16,rr8dwgn0m1whgxxs,042n4,ACTIVE
2024-25,16,rr8dwgn0m1whgxxs,027pg,ACTIVE
2024-25,16,rr8dwgn0m1whgxxs,02nfz,ACTIVE
2024-25,16,rr8dwgn0m1whgxxs,04qsd,ACTIVE
2024-25,16,rr8dwgn0m1whgxxs,031m0,ACTIVE
2024-25,16,rr8dwgn0m1whgxxs,03ams,ACTIVE
2024-25,16,rr8dwgn0m1whgxxs,02ng3,ACTIVE
2024-25,16,rr8dwgn0m1whgxxs,049ka,ACTIVE
2024-25,16,rr8dwgn0m1whgxxs,02ym0,ACTIVE
2024-25,16,rr8dwgn0m1whgxxs,04qrn,ACTIVE
2024-25,16,rr8dwgn0m1whgxxs,027ou,ACTIVE
2024-25,16,rr8dwgn0m1whgxxs,051pi,ACTIVE
2024-25,16,rr8dwgn0m1whgxxs,03el5,ACTIVE
2024-25,16,rr8dwgn0m1whgxxs,03al2,ACTIVE
2024-25,16,61xrt1smm1whgxxs,01eo6,ACTIVE
2024-25,16,61xrt1smm1whgxxs,03nwm,ACTIVE
2024-25,16,61xrt1smm1whgxxs,05qt4,ACTIVE
2024-25,16,61xrt1smm1whgxxs,05qug,ACTIVE
2024-25,16,61xrt1smm1whgxxs,04qse,ACTIVE
2024-25,16,61xrt1smm1whgxxs,031lv,ACTIVE
2024-25,16,61xrt1smm1whgxxs,05uig,ACTIVE
2024-25,16,61xrt1smm1whgxxs,06216,ACTIVE
2024-25,16,61xrt1smm1whgxxs,051ol,ACTIVE
2024-25,16,61xrt1smm1whgxxs,06mk1,ACTIVE
2024-25,16,61xrt1smm1whgxxs,03e6u,ACTIVE
2024-25,16,61xrt1smm1whgxxs,0527l,ACTIVE
2024-25,16,61xrt1smm1whgxxs,051on,ACTIVE
2024-25,16,61xrt1smm1whgxxs,05qtj,ACTIVE
2024-25,16,61xrt1smm1whgxxs,05qu1,ACTIVE
2024-25,16,61xrt1smm1whgxxs,027oz,ACTIVE
2024-25,16,61xrt1smm1whgxxs,027oo,ACTIVE
2024-25,16,61xrt1smm1whgxxs,0011e,ACTIVE
2024-25,16,61xrt1smm1whgxxs,06ccv,ACTIVE
2024-25,16,61xrt1smm1whgxxs,06cbx,ACTIVE
2024-25,16,7jwjf6hgm1whgxxs,06ca8,ACTIVE
2024-25,16,7jwjf6hgm1whgxxs,04qro,ACTIVE
2024-25,16,7jwjf6hgm1whgxxs,051ot,ACTIVE
2024-25,16,7jwjf6hgm1whgxxs,05uih,ACTIVE
2024-25,16,7jwjf6hgm1whgxxs,042n6,ACTIVE
2024-25,16,7jwjf6hgm1whgxxs,06cc0,ACTIVE
2024-25,16,7jwjf6hgm1whgxxs,05uj1,ACTIVE
2024-25,16,7jwjf6hgm1whgxxs,03r7z,ACTIVE
2024-25,16,7jwjf6hgm1whgxxs,051ps,ACTIVE
2024-25,16,7jwjf6hgm1whgxxs,06cdh,ACTIVE
2024-25,16,7jwjf6hgm1whgxxs,05uiu,ACTIVE
2024-25,16,7jwjf6hgm1whgxxs,06mk7,ACTIVE
2024-25,16,7jwjf6hgm1whgxxs,05uid,ACTIVE
2024-25,16,7jwjf6hgm1whgxxs,06210,ACTIVE
2024-25,16,7jwjf6hgm1whgxxs,0621g,ACTIVE
2024-25,16,7jwjf6hgm1whgxxs,05uie,ACTIVE
2024-25,16,7jwjf6hgm1whgxxs,06cc7,ACTIVE
2024-25,16,7jwjf6hgm1whgxxs,03nwl,ACTIVE
2024-25,16,7jwjf6hgm1whgxxs,0621c,ACTIVE
2024-25,16,7jwjf6hgm1whgxxs,06cby,ACTIVE
2024-25,16,c2198rgtm1whgxxs,05uip,ACTIVE
2024-25,16,c2198rgtm1whgxxs,051p8,ACTIVE
2024-25,16,c2198rgtm1whgxxs,06ccd,ACTIVE
2024-25,16,c2198rgtm1whgxxs,042nq,ACTIVE
2024-25,16,c2198rgtm1whgxxs,05qu9,ACTIVE
2024-25,16,c2198rgtm1whgxxs,02nf9,ACTIVE
2024-25,16,c2198rgtm1whgxxs,06mju,ACTIVE
2024-25,16,c2198rgtm1whgxxs,005kc,ACTIVE
2024-25,16,c2198rgtm1whgxxs,051oj,ACTIVE
2024-25,16,c2198rgtm1whgxxs,05ujc,ACTIVE
2024-25,16,c2198rgtm1whgxxs,06ccf,ACTIVE
2024-25,16,c2198rgtm1whgxxs,04ewf,ACTIVE
2024-25,16,c2198rgtm1whgxxs,06213,ACTIVE
2024-25,16,c2198rgtm1whgxxs,042nw,ACTIVE
2024-25,16,c2198rgtm1whgxxs,03al0,ACTIVE
2024-25,16,c2198rgtm1whgxxs,051p1,ACTIVE
2024-25,16,c2198rgtm1whgxxs,03e6n,ACTIVE
2024-25,16,c2198rgtm1whgxxs,027p0,ACTIVE
2024-25,16,c2198rgtm1whgxxs,031m2,ACTIVE
2024-25,16,c2198rgtm1whgxxs,04qrk,ACTIVE
2024-25,16,gxxp9rr0m1whgxxs,04ewt,ACTIVE
2024-25,16,gxxp9rr0m1whgxxs,04ewe,ACTIVE
2024-25,16,gxxp9rr0m1whgxxs,0527h,ACTIVE
2024-25,16,gxxp9rr0m1whgxxs,03ad0,ACTIVE
2024-25,16,gxxp9rr0m1whgxxs,03aq2,ACTIVE
2024-25,16,gxxp9rr0m1whgxxs,06cc1,ACTIVE
2024-25,16,gxxp9rr0m1whgxxs,06mk0,ACTIVE
2024-25,16,gxxp9rr0m1whgxxs,06cch,ACTIVE
2024-25,16,gxxp9rr0m1whgxxs,0621u,ACTIVE
2024-25,16,gxxp9rr0m1whgxxs,0621q,ACTIVE
2024-25,16,gxxp9rr0m1whgxxs,04qrr,ACTIVE
2024-25,16,gxxp9rr0m1whgxxs,05uif,ACTIVE
2024-25,16,gxxp9rr0m1whgxxs,05uic,ACTIVE
2024-25,16,gxxp9rr0m1whgxxs,06cc8,ACTIVE
2024-25,16,gxxp9rr0m1whgxxs,06cab,ACTIVE
2024-25,16,gxxp9rr0m1whgxxs,06ca7,ACTIVE
2024-25,16,gxxp9rr0m1whgxxs,06215,ACTIVE
2024-25,16,gxxp9rr0m1whgxxs,042nm,ACTIVE
2024-25,16,gxxp9rr0m1whgxxs,001aw,ACTIVE
2024-25,16,gxxp9rr0m1whgxxs,04qrj,ACTIVE
2024-25,17,f9yq112sm1whgxxs,02nf6,ACTIVE
2024-25,17,f9yq112sm1whgxxs,051op,ACTIVE
2024-25,17,f9yq112sm1whgxxs,06mk3,ACTIVE
2024-25,17,f9yq112sm1whgxxs,03nwn,ACTIVE
2024-25,17,f9yq112sm1whgxxs,01eon,ACTIVE
2024-25,17,f9yq112sm1whgxxs,04qrl,ACTIVE
2024-25,17,f9yq112sm1whgxxs,03lg1,ACTIVE
2024-25,17,f9yq112sm1whgxxs,04ewu,ACTIVE
2024-25,17,f9yq112sm1whgxxs,03e75,ACTIVE
2024-25,17,f9yq112sm1whgxxs,04ewr,ACTIVE
2024-25,17,f9yq112sm1whgxxs,042n1,ACTIVE
2024-25,17,f9yq112sm1whgxxs,04qrp,ACTIVE
2024-25,17,f9yq112sm1whgxxs,04848,ACTIVE
2024-25,17,f9yq112sm1whgxxs,05qtt,ACTIVE
2024-25,17,f9yq112sm1whgxxs,051or,ACTIVE
2024-25,17,f9yq112sm1whgxxs,03ad4,ACTIVE
2024-25,17,f9yq112sm1whgxxs,05uus,ACTIVE
2024-25,17,f9yq112sm1whgxxs,0017e,ACTIVE
2024-25,17,f9yq112sm1whgxxs,05uiq,ACTIVE
2024-25,17,f9yq112sm1whgxxs,04ex8,ACTIVE
2024-25,17,ogxmjjovm1whgxxs,03e6s,ACTIVE
2024-25,17,ogxmjjovm1whgxxs,04qru,ACTIVE
2024-25,17,ogxmjjovm1whgxxs,04ewc,ACTIVE
2024-25,17,ogxmjjovm1whgxxs,05qu0,ACTIVE
2024-25,17,ogxmjjovm1whgxxs,06cca,ACTIVE
2024-25,17,ogxmjjovm1whgxxs,04ewm,ACTIVE
2024-25,17,ogxmjjovm1whgxxs,06mjv,ACTIVE
2024-25,17,ogxmjjovm1whgxxs,0558t,ACTIVE
2024-25,17,ogxmjjovm1whgxxs,06218,ACTIVE
2024-25,17,ogxmjjovm1whgxxs,04qry,ACTIVE
2024-25,17,ogxmjjovm1whgxxs,06212,ACTIVE
2024-25,17,ogxmjjovm1whgxxs,04qs1,ACTIVE
2024-25,17,ogxmjjovm1whgxxs,03wr4,ACTIVE
2024-25,17,ogxmjjovm1whgxxs,05uii,ACTIVE
2024-25,17,ogxmjjovm1whgxxs,05uib,ACTIVE
2024-25,17,ogxmjjovm1whgxxs,0621l,ACTIVE
2024-25,17,ogxmjjovm1whgxxs,03ad3,ACTIVE
2024-25,17,ogxmjjovm1whgxxs,02nf1,ACTIVE
2024-25,17,ogxmjjovm1whgxxs,06mk9,ACTIVE
2024-25,17,ogxmjjovm1whgxxs,04qsa,ACTIVE
2024-25,17,xj5wwgasm1whgxxs,0621b,ACTIVE
2024-25,17,xj5wwgasm1whgxxs,05uj9,ACTIVE
2024-25,17,xj5wwgasm1whgxxs,05uiw,ACTIVE
2024-25,17,xj5wwgasm1whgxxs,03al1,ACTIVE
2024-25,17,xj5wwgasm1whgxxs,04ewb,ACTIVE
2024-25,17,xj5wwgasm1whgxxs,005ki,ACTIVE
2024-25,17,xj5wwgasm1whgxxs,03xmv,ACTIVE
2024-25,17,xj5wwgasm1whgxxs,06mjw,ACTIVE
2024-25,17,xj5wwgasm1whgxxs,06nz5,ACTIVE
2024-25,17,xj5wwgasm1whgxxs,06mm1,ACTIVE
2024-25,17,xj5wwgasm1whgxxs,051pb,ACTIVE
2024-25,17,xj5wwgasm1whgxxs,05qto,ACTIVE
2024-25,17,xj5wwgasm1whgxxs,06217,ACTIVE
2024-25,17,xj5wwgasm1whgxxs,06211,ACTIVE
2024-25,17,xj5wwgasm1whgxxs,05qt3,ACTIVE
2024-25,17,xj5wwgasm1whgxxs,031m4,ACTIVE
2024-25,17,xj5wwgasm1whgxxs,02nf3,ACTIVE
2024-25,17,xj5wwgasm1whgxxs,0496e,ACTIVE
2024-25,17,xj5wwgasm1whgxxs,04ewn,ACTIVE
2024-25,17,xj5wwgasm1whgxxs,03ad2,ACTIVE
2024-25,17,kom4opqfm1whgxxs,06mjt,ACTIVE
2024-25,17,kom4opqfm1whgxxs,06214,ACTIVE
2024-25,17,kom4opqfm1whgxxs,03ajv,ACTIVE
2024-25,17,kom4opqfm1whgxxs,000zv,ACTIVE
2024-25,17,kom4opqfm1whgxxs,049kd,ACTIVE
2024-25,17,kom4opqfm1whgxxs,05uir,ACTIVE
2024-25,17,kom4opqfm1whgxxs,03e74,ACTIVE
2024-25,17,kom4opqfm1whgxxs,049kb,ACTIVE
2024-25,17,kom4opqfm1whgxxs,051oh,ACTIVE
2024-25,17,kom4opqfm1whgxxs,06cdn,ACTIVE
2024-25,17,kom4opqfm1whgxxs,051p9,ACTIVE
2024-25,17,kom4opqfm1whgxxs,051pa,ACTIVE
2024-25,17,kom4opqfm1whgxxs,03byk,ACTIVE
2024-25,17,kom4opqfm1whgxxs,04kj6,ACTIVE
2024-25,17,kom4opqfm1whgxxs,03lls,ACTIVE
2024-25,17,kom4opqfm1whgxxs,03nwk,ACTIVE
2024-25,17,kom4opqfm1whgxxs,031lx,ACTIVE
2024-25,17,kom4opqfm1whgxxs,0622a,ACTIVE
2024-25,17,kom4opqfm1whgxxs,0621e,ACTIVE
2024-25,17,kom4opqfm1whgxxs,051oi,ACTIVE
2024-25,17,yn3jui7nm1whgxxs,027pe,ACTIVE
2024-25,17,yn3jui7nm1whgxxs,04azw,ACTIVE
2024-25,17,yn3jui7nm1whgxxs,02xg9,ACTIVE
2024-25,17,yn3jui7nm1whgxxs,027oj,ACTIVE
2024-25,17,yn3jui7nm1whgxxs,042nf,ACTIVE
2024-25,17,yn3jui7nm1whgxxs,042nt,ACTIVE
2024-25,17,yn3jui7nm1whgxxs,05qtr,ACTIVE
2024-25,17,yn3jui7nm1whgxxs,051os,ACTIVE
2024-25,17,yn3jui7nm1whgxxs,0621t,ACTIVE
2024-25,17,yn3jui7nm1whgxxs,04qrm,ACTIVE
2024-25,17,yn3jui7nm1whgxxs,042n7,ACTIVE
2024-25,17,yn3jui7nm1whgxxs,05qty,ACTIVE
2024-25,17,yn3jui7nm1whgxxs,01eo9,ACTIVE
2024-25,17,yn3jui7nm1whgxxs,05qtv,ACTIVE
2024-25,17,yn3jui7nm1whgxxs,06mjz,ACTIVE
2024-25,17,yn3jui7nm1whgxxs,027p4,ACTIVE
2024-25,17,yn3jui7nm1whgxxs,05qsl,ACTIVE
2024-25,17,yn3jui7nm1whgxxs,04ewk,ACTIVE
2024-25,17,yn3jui7nm1whgxxs,049kc,ACTIVE
2024-25,17,yn3jui7nm1whgxxs,06mk6,ACTIVE
2024-25,17,rr8dwgn0m1whgxxs,042n3,ACTIVE
2024-25,17,rr8dwgn0m1whgxxs,04ex6,ACTIVE
2024-25,17,rr8dwgn0m1whgxxs,01uyj,ACTIVE
2024-25,17,rr8dwgn0m1whgxxs,05qsq,ACTIVE
2024-25,17,rr8dwgn0m1whgxxs,0015e,ACTIVE
2024-25,17,rr8dwgn0m1whgxxs,01enh,ACTIVE
2024-25,17,rr8dwgn0m1whgxxs,042n4,ACTIVE
2024-25,17,rr8dwgn0m1whgxxs,027pg,ACTIVE
2024-25,17,rr8dwgn0m1whgxxs,02nfz,ACTIVE
2024-25,17,rr8dwgn0m1whgxxs,04qsd,ACTIVE
2024-25,17,rr8dwgn0m1whgxxs,031m0,ACTIVE
2024-25,17,rr8dwgn0m1whgxxs,03ams,ACTIVE
2024-25,17,rr8dwgn0m1whgxxs,02ng3,ACTIVE
2024-25,17,rr8dwgn0m1whgxxs,049ka,ACTIVE
2024-25,17,rr8dwgn0m1whgxxs,02ym0,ACTIVE
2024-25,17,rr8dwgn0m1whgxxs,04qrn,ACTIVE
2024-25,17,rr8dwgn0m1whgxxs,027ou,ACTIVE
2024-25,17,rr8dwgn0m1whgxxs,051pi,ACTIVE
2024-25,17,rr8dwgn0m1whgxxs,03el5,ACTIVE
2024-25,17,rr8dwgn0m1whgxxs,03al2,ACTIVE
2024-25,17,61xrt1smm1whgxxs,01eo6,ACTIVE
2024-25,17,61xrt1smm1whgxxs,03nwm,ACTIVE
2024-25,17,61xrt1smm1whgxxs,05qt4,ACTIVE
2024-25,17,61xrt1smm1whgxxs,05qug,ACTIVE
2024-25,17,61xrt1smm1whgxxs,04qse,ACTIVE
2024-25,17,61xrt1smm1whgxxs,031lv,ACTIVE
2024-25,17,61xrt1smm1whgxxs,05uig,ACTIVE
2024-25,17,61xrt1smm1whgxxs,06216,ACTIVE
2024-25,17,61xrt1smm1whgxxs,051ol,ACTIVE
2024-25,17,61xrt1smm1whgxxs,06mk1,ACTIVE
2024-25,17,61xrt1smm1whgxxs,03e6u,ACTIVE
2024-25,17,61xrt1smm1whgxxs,0527l,ACTIVE
2024-25,17,61xrt1smm1whgxxs,051on,ACTIVE
2024-25,17,61xrt1smm1whgxxs,05qtj,ACTIVE
2024-25,17,61xrt1smm1whgxxs,05qu1,ACTIVE
2024-25,17,61xrt1smm1whgxxs,027oz,ACTIVE
2024-25,17,61xrt1smm1whgxxs,027oo,ACTIVE
2024-25,17,61xrt1smm1whgxxs,0011e,ACTIVE
2024-25,17,61xrt1smm1whgxxs,06ccv,ACTIVE
2024-25,17,61xrt1smm1whgxxs,06cbx,ACTIVE
2024-25,17,7jwjf6hgm1whgxxs,06ca8,ACTIVE
2024-25,17,7jwjf6hgm1whgxxs,04qro,ACTIVE
2024-25,17,7jwjf6hgm1whgxxs,051ot,ACTIVE
2024-25,17,7jwjf6hgm1whgxxs,05uih,ACTIVE
2024-25,17,7jwjf6hgm1whgxxs,042n6,ACTIVE
2024-25,17,7jwjf6hgm1whgxxs,06cc0,ACTIVE
2024-25,17,7jwjf6hgm1whgxxs,05uj1,ACTIVE
2024-25,17,7jwjf6hgm1whgxxs,03r7z,ACTIVE
2024-25,17,7jwjf6hgm1whgxxs,051ps,ACTIVE
2024-25,17,7jwjf6hgm1whgxxs,06cdh,ACTIVE
2024-25,17,7jwjf6hgm1whgxxs,05uiu,ACTIVE
2024-25,17,7jwjf6hgm1whgxxs,06mk7,ACTIVE
2024-25,17,7jwjf6hgm1whgxxs,05uid,ACTIVE
2024-25,17,7jwjf6hgm1whgxxs,06210,ACTIVE
2024-25,17,7jwjf6hgm1whgxxs,0621g,ACTIVE
2024-25,17,7jwjf6hgm1whgxxs,05uie,ACTIVE
2024-25,17,7jwjf6hgm1whgxxs,06cc7,ACTIVE
2024-25,17,7jwjf6hgm1whgxxs,03nwl,ACTIVE
2024-25,17,7jwjf6hgm1whgxxs,0621c,ACTIVE
2024-25,17,7jwjf6hgm1whgxxs,06cby,ACTIVE
2024-25,17,c2198rgtm1whgxxs,05uip,ACTIVE
2024-25,17,c2198rgtm1whgxxs,051p8,ACTIVE
2024-25,17,c2198rgtm1whgxxs,06ccd,ACTIVE
2024-25,17,c2198rgtm1whgxxs,042nq,ACTIVE
2024-25,17,c2198rgtm1whgxxs,05qu9,ACTIVE
2024-25,17,c2198rgtm1whgxxs,02nf9,ACTIVE
2024-25,17,c2198rgtm1whgxxs,06mju,ACTIVE
2024-25,17,c2198rgtm1whgxxs,005kc,ACTIVE
2024-25,17,c2198rgtm1whgxxs,051oj,ACTIVE
2024-25,17,c2198rgtm1whgxxs,05ujc,ACTIVE
2024-25,17,c2198rgtm1whgxxs,06ccf,ACTIVE
2024-25,17,c2198rgtm1whgxxs,04ewf,ACTIVE
2024-25,17,c2198rgtm1whgxxs,06213,ACTIVE
2024-25,17,c2198rgtm1whgxxs,042nw,ACTIVE
2024-25,17,c2198rgtm1whgxxs,03al0,ACTIVE
2024-25,17,c2198rgtm1whgxxs,051p1,ACTIVE
2024-25,17,c2198rgtm1whgxxs,03e6n,ACTIVE
2024-25,17,c2198rgtm1whgxxs,027p0,ACTIVE
2024-25,17,c2198rgtm1whgxxs,031m2,ACTIVE
2024-25,17,c2198rgtm1whgxxs,04qrk,ACTIVE
2024-25,17,gxxp9rr0m1whgxxs,04ewt,ACTIVE
2024-25,17,gxxp9rr0m1whgxxs,04ewe,ACTIVE
2024-25,17,gxxp9rr0m1whgxxs,0527h,ACTIVE
2024-25,17,gxxp9rr0m1whgxxs,03ad0,ACTIVE
2024-25,17,gxxp9rr0m1whgxxs,03aq2,ACTIVE
2024-25,17,gxxp9rr0m1whgxxs,06cc1,ACTIVE
2024-25,17,gxxp9rr0m1whgxxs,06mk0,ACTIVE
2024-25,17,gxxp9rr0m1whgxxs,06cch,ACTIVE
2024-25,17,gxxp9rr0m1whgxxs,0621u,ACTIVE
2024-25,17,gxxp9rr0m1whgxxs,0621q,ACTIVE
2024-25,17,gxxp9rr0m1whgxxs,04qrr,ACTIVE
2024-25,17,gxxp9rr0m1whgxxs,05uif,ACTIVE
2024-25,17,gxxp9rr0m1whgxxs,05uic,ACTIVE
2024-25,17,gxxp9rr0m1whgxxs,06cc8,ACTIVE
2024-25,17,gxxp9rr0m1whgxxs,06cab,ACTIVE
2024-25,17,gxxp9rr0m1whgxxs,06ca7,ACTIVE
2024-25,17,gxxp9rr0m1whgxxs,06215,ACTIVE
2024-25,17,gxxp9rr0m1whgxxs,042nm,ACTIVE
2024-25,17,gxxp9rr0m1whgxxs,001aw,ACTIVE
2024-25,17,gxxp9rr0m1whgxxs,04qrj,ACTIVE
2024-25,18,f9yq112sm1whgxxs,02nf6,ACTIVE
2024-25,18,f9yq112sm1whgxxs,051op,ACTIVE
2024-25,18,f9yq112sm1whgxxs,06mk3,ACTIVE
2024-25,18,f9yq112sm1whgxxs,03nwn,ACTIVE
2024-25,18,f9yq112sm1whgxxs,01eon,ACTIVE
2024-25,18,f9yq112sm1whgxxs,04qrl,ACTIVE
2024-25,18,f9yq112sm1whgxxs,03lg1,ACTIVE
2024-25,18,f9yq112sm1whgxxs,04ewu,ACTIVE
2024-25,18,f9yq112sm1whgxxs,03e75,ACTIVE
2024-25,18,f9yq112sm1whgxxs,04ewr,ACTIVE
2024-25,18,f9yq112sm1whgxxs,042n1,ACTIVE
2024-25,18,f9yq112sm1whgxxs,04qrp,ACTIVE
2024-25,18,f9yq112sm1whgxxs,04848,ACTIVE
2024-25,18,f9yq112sm1whgxxs,05qtt,ACTIVE
2024-25,18,f9yq112sm1whgxxs,051or,ACTIVE
2024-25,18,f9yq112sm1whgxxs,03ad4,ACTIVE
2024-25,18,f9yq112sm1whgxxs,05uus,ACTIVE
2024-25,18,f9yq112sm1whgxxs,0017e,ACTIVE
2024-25,18,f9yq112sm1whgxxs,05uiq,ACTIVE
2024-25,18,f9yq112sm1whgxxs,04ex8,ACTIVE
2024-25,18,ogxmjjovm1whgxxs,03e6s,ACTIVE
2024-25,18,ogxmjjovm1whgxxs,04qru,ACTIVE
2024-25,18,ogxmjjovm1whgxxs,04ewc,ACTIVE
2024-25,18,ogxmjjovm1whgxxs,05qu0,ACTIVE
2024-25,18,ogxmjjovm1whgxxs,06cca,ACTIVE
2024-25,18,ogxmjjovm1whgxxs,04ewm,ACTIVE
2024-25,18,ogxmjjovm1whgxxs,06mjv,ACTIVE
2024-25,18,ogxmjjovm1whgxxs,0558t,ACTIVE
2024-25,18,ogxmjjovm1whgxxs,06218,ACTIVE
2024-25,18,ogxmjjovm1whgxxs,04qry,ACTIVE
2024-25,18,ogxmjjovm1whgxxs,06212,ACTIVE
2024-25,18,ogxmjjovm1whgxxs,04qs1,ACTIVE
2024-25,18,ogxmjjovm1whgxxs,03wr4,ACTIVE
2024-25,18,ogxmjjovm1whgxxs,05uii,ACTIVE
2024-25,18,ogxmjjovm1whgxxs,05uib,ACTIVE
2024-25,18,ogxmjjovm1whgxxs,0621l,ACTIVE
2024-25,18,ogxmjjovm1whgxxs,03ad3,ACTIVE
2024-25,18,ogxmjjovm1whgxxs,02nf1,ACTIVE
2024-25,18,ogxmjjovm1whgxxs,06mk9,ACTIVE
2024-25,18,ogxmjjovm1whgxxs,04qsa,ACTIVE
2024-25,18,xj5wwgasm1whgxxs,0621b,ACTIVE
2024-25,18,xj5wwgasm1whgxxs,05uj9,ACTIVE
2024-25,18,xj5wwgasm1whgxxs,05uiw,ACTIVE
2024-25,18,xj5wwgasm1whgxxs,03al1,ACTIVE
2024-25,18,xj5wwgasm1whgxxs,04ewb,ACTIVE
2024-25,18,xj5wwgasm1whgxxs,005ki,ACTIVE
2024-25,18,xj5wwgasm1whgxxs,03xmv,ACTIVE
2024-25,18,xj5wwgasm1whgxxs,06mjw,ACTIVE
2024-25,18,xj5wwgasm1whgxxs,06nz5,ACTIVE
2024-25,18,xj5wwgasm1whgxxs,06mm1,ACTIVE
2024-25,18,xj5wwgasm1whgxxs,051pb,ACTIVE
2024-25,18,xj5wwgasm1whgxxs,05qto,ACTIVE
2024-25,18,xj5wwgasm1whgxxs,06217,ACTIVE
2024-25,18,xj5wwgasm1whgxxs,06211,ACTIVE
2024-25,18,xj5wwgasm1whgxxs,05qt3,ACTIVE
2024-25,18,xj5wwgasm1whgxxs,031m4,ACTIVE
2024-25,18,xj5wwgasm1whgxxs,02nf3,ACTIVE
2024-25,18,xj5wwgasm1whgxxs,0496e,ACTIVE
2024-25,18,xj5wwgasm1whgxxs,04ewn,ACTIVE
2024-25,18,xj5wwgasm1whgxxs,03ad2,ACTIVE
2024-25,18,kom4opqfm1whgxxs,06mjt,ACTIVE
2024-25,18,kom4opqfm1whgxxs,06214,ACTIVE
2024-25,18,kom4opqfm1whgxxs,03ajv,ACTIVE
2024-25,18,kom4opqfm1whgxxs,000zv,ACTIVE
2024-25,18,kom4opqfm1whgxxs,049kd,ACTIVE
2024-25,18,kom4opqfm1whgxxs,05uir,ACTIVE
2024-25,18,kom4opqfm1whgxxs,03e74,ACTIVE
2024-25,18,kom4opqfm1whgxxs,049kb,ACTIVE
2024-25,18,kom4opqfm1whgxxs,051oh,ACTIVE
2024-25,18,kom4opqfm1whgxxs,06cdn,ACTIVE
2024-25,18,kom4opqfm1whgxxs,051p9,ACTIVE
2024-25,18,kom4opqfm1whgxxs,051pa,ACTIVE
2024-25,18,kom4opqfm1whgxxs,03byk,ACTIVE
2024-25,18,kom4opqfm1whgxxs,04kj6,ACTIVE
2024-25,18,kom4opqfm1whgxxs,03lls,ACTIVE
2024-25,18,kom4opqfm1whgxxs,03nwk,ACTIVE
2024-25,18,kom4opqfm1whgxxs,031lx,ACTIVE
2024-25,18,kom4opqfm1whgxxs,0622a,ACTIVE
2024-25,18,kom4opqfm1whgxxs,0621e,ACTIVE
2024-25,18,kom4opqfm1whgxxs,051oi,ACTIVE
2024-25,18,yn3jui7nm1whgxxs,027pe,ACTIVE
2024-25,18,yn3jui7nm1whgxxs,04azw,ACTIVE
2024-25,18,yn3jui7nm1whgxxs,02xg9,ACTIVE
2024-25,18,yn3jui7nm1whgxxs,027oj,ACTIVE
2024-25,18,yn3jui7nm1whgxxs,042nf,ACTIVE
2024-25,18,yn3jui7nm1whgxxs,042nt,ACTIVE
2024-25,18,yn3jui7nm1whgxxs,05qtr,ACTIVE
2024-25,18,yn3jui7nm1whgxxs,051os,ACTIVE
2024-25,18,yn3jui7nm1whgxxs,0621t,ACTIVE
2024-25,18,yn3jui7nm1whgxxs,04qrm,ACTIVE
2024-25,18,yn3jui7nm1whgxxs,042n7,ACTIVE
2024-25,18,yn3jui7nm1whgxxs,05qty,ACTIVE
2024-25,18,yn3jui7nm1whgxxs,01eo9,ACTIVE
2024-25,18,yn3jui7nm1whgxxs,05qtv,ACTIVE
2024-25,18,yn3jui7nm1whgxxs,06mjz,ACTIVE
2024-25,18,yn3jui7nm1whgxxs,027p4,ACTIVE
2024-25,18,yn3jui7nm1whgxxs,05qsl,ACTIVE
2024-25,18,yn3jui7nm1whgxxs,04ewk,ACTIVE
2024-25,18,yn3jui7nm1whgxxs,049kc,ACTIVE
2024-25,18,yn3jui7nm1whgxxs,06mk6,ACTIVE
2024-25,18,rr8dwgn0m1whgxxs,042n3,ACTIVE
2024-25,18,rr8dwgn0m1whgxxs,04ex6,ACTIVE
2024-25,18,rr8dwgn0m1whgxxs,01uyj,ACTIVE
2024-25,18,rr8dwgn0m1whgxxs,05qsq,ACTIVE
2024-25,18,rr8dwgn0m1whgxxs,0015e,ACTIVE
2024-25,18,rr8dwgn0m1whgxxs,01enh,ACTIVE
2024-25,18,rr8dwgn0m1whgxxs,042n4,ACTIVE
2024-25,18,rr8dwgn0m1whgxxs,027pg,ACTIVE
2024-25,18,rr8dwgn0m1whgxxs,02nfz,ACTIVE
2024-25,18,rr8dwgn0m1whgxxs,04qsd,ACTIVE
2024-25,18,rr8dwgn0m1whgxxs,031m0,ACTIVE
2024-25,18,rr8dwgn0m1whgxxs,03ams,ACTIVE
2024-25,18,rr8dwgn0m1whgxxs,02ng3,ACTIVE
2024-25,18,rr8dwgn0m1whgxxs,049ka,ACTIVE
2024-25,18,rr8dwgn0m1whgxxs,02ym0,ACTIVE
2024-25,18,rr8dwgn0m1whgxxs,04qrn,ACTIVE
2024-25,18,rr8dwgn0m1whgxxs,027ou,ACTIVE
2024-25,18,rr8dwgn0m1whgxxs,051pi,ACTIVE
2024-25,18,rr8dwgn0m1whgxxs,03el5,ACTIVE
2024-25,18,rr8dwgn0m1whgxxs,03al2,ACTIVE
2024-25,18,61xrt1smm1whgxxs,01eo6,ACTIVE
2024-25,18,61xrt1smm1whgxxs,03nwm,ACTIVE
2024-25,18,61xrt1smm1whgxxs,05qt4,ACTIVE
2024-25,18,61xrt1smm1whgxxs,05qug,ACTIVE
2024-25,18,61xrt1smm1whgxxs,04qse,ACTIVE
2024-25,18,61xrt1smm1whgxxs,031lv,ACTIVE
2024-25,18,61xrt1smm1whgxxs,05uig,ACTIVE
2024-25,18,61xrt1smm1whgxxs,06216,ACTIVE
2024-25,18,61xrt1smm1whgxxs,051ol,ACTIVE
2024-25,18,61xrt1smm1whgxxs,06mk1,ACTIVE
2024-25,18,61xrt1smm1whgxxs,03e6u,ACTIVE
2024-25,18,61xrt1smm1whgxxs,0527l,ACTIVE
2024-25,18,61xrt1smm1whgxxs,051on,ACTIVE
2024-25,18,61xrt1smm1whgxxs,05qtj,ACTIVE
2024-25,18,61xrt1smm1whgxxs,05qu1,ACTIVE
2024-25,18,61xrt1smm1whgxxs,027oz,ACTIVE
2024-25,18,61xrt1smm1whgxxs,027oo,ACTIVE
2024-25,18,61xrt1smm1whgxxs,0011e,ACTIVE
2024-25,18,61xrt1smm1whgxxs,06ccv,ACTIVE
2024-25,18,61xrt1smm1whgxxs,06cbx,ACTIVE
2024-25,18,7jwjf6hgm1whgxxs,06ca8,ACTIVE
2024-25,18,7jwjf6hgm1whgxxs,04qro,ACTIVE
2024-25,18,7jwjf6hgm1whgxxs,051ot,ACTIVE
2024-25,18,7jwjf6hgm1whgxxs,05uih,ACTIVE
2024-25,18,7jwjf6hgm1whgxxs,042n6,ACTIVE
2024-25,18,7jwjf6hgm1whgxxs,06cc0,ACTIVE
2024-25,18,7jwjf6hgm1whgxxs,05uj1,ACTIVE
2024-25,18,7jwjf6hgm1whgxxs,03r7z,ACTIVE
2024-25,18,7jwjf6hgm1whgxxs,051ps,ACTIVE
2024-25,18,7jwjf6hgm1whgxxs,06cdh,ACTIVE
2024-25,18,7jwjf6hgm1whgxxs,05uiu,ACTIVE
2024-25,18,7jwjf6hgm1whgxxs,06mk7,ACTIVE
2024-25,18,7jwjf6hgm1whgxxs,05uid,ACTIVE
2024-25,18,7jwjf6hgm1whgxxs,06210,ACTIVE
2024-25,18,7jwjf6hgm1whgxxs,0621g,ACTIVE
2024-25,18,7jwjf6hgm1whgxxs,05uie,ACTIVE
2024-25,18,7jwjf6hgm1whgxxs,06cc7,ACTIVE
2024-25,18,7jwjf6hgm1whgxxs,03nwl,ACTIVE
2024-25,18,7jwjf6hgm1whgxxs,0621c,ACTIVE
2024-25,18,7jwjf6hgm1whgxxs,06cby,ACTIVE
2024-25,18,c2198rgtm1whgxxs,05uip,ACTIVE
2024-25,18,c2198rgtm1whgxxs,051p8,ACTIVE
2024-25,18,c2198rgtm1whgxxs,06ccd,ACTIVE
2024-25,18,c2198rgtm1whgxxs,042nq,ACTIVE
2024-25,18,c2198rgtm1whgxxs,05qu9,ACTIVE
2024-25,18,c2198rgtm1whgxxs,02nf9,ACTIVE
2024-25,18,c2198rgtm1whgxxs,06mju,ACTIVE
2024-25,18,c2198rgtm1whgxxs,005kc,ACTIVE
2024-25,18,c2198rgtm1whgxxs,051oj,ACTIVE
2024-25,18,c2198rgtm1whgxxs,05ujc,ACTIVE
2024-25,18,c2198rgtm1whgxxs,06ccf,ACTIVE
2024-25,18,c2198rgtm1whgxxs,04ewf,ACTIVE
2024-25,18,c2198rgtm1whgxxs,06213,ACTIVE
2024-25,18,c2198rgtm1whgxxs,042nw,ACTIVE
2024-25,18,c2198rgtm1whgxxs,03al0,ACTIVE
2024-25,18,c2198rgtm1whgxxs,051p1,ACTIVE
2024-25,18,c2198rgtm1whgxxs,03e6n,ACTIVE
2024-25,18,c2198rgtm1whgxxs,027p0,ACTIVE
2024-25,18,c2198rgtm1whgxxs,031m2,ACTIVE
2024-25,18,c2198rgtm1whgxxs,04qrk,ACTIVE
2024-25,18,gxxp9rr0m1whgxxs,04ewt,ACTIVE
2024-25,18,gxxp9rr0m1whgxxs,04ewe,ACTIVE
2024-25,18,gxxp9rr0m1whgxxs,0527h,ACTIVE
2024-25,18,gxxp9rr0m1whgxxs,03ad0,ACTIVE
2024-25,18,gxxp9rr0m1whgxxs,03aq2,ACTIVE
2024-25,18,gxxp9rr0m1whgxxs,06cc1,ACTIVE
2024-25,18,gxxp9rr0m1whgxxs,06mk0,ACTIVE
2024-25,18,gxxp9rr0m1whgxxs,06cch,ACTIVE
2024-25,18,gxxp9rr0m1whgxxs,0621u,ACTIVE
2024-25,18,gxxp9rr0m1whgxxs,0621q,ACTIVE
2024-25,18,gxxp9rr0m1whgxxs,04qrr,ACTIVE
2024-25,18,gxxp9rr0m1whgxxs,05uif,ACTIVE
2024-25,18,gxxp9rr0m1whgxxs,05uic,ACTIVE
2024-25,18,gxxp9rr0m1whgxxs,06cc8,ACTIVE
2024-25,18,gxxp9rr0m1whgxxs,06cab,ACTIVE
2024-25,18,gxxp9rr0m1whgxxs,06ca7,ACTIVE
2024-25,18,gxxp9rr0m1whgxxs,06215,ACTIVE
2024-25,18,gxxp9rr0m1whgxxs,042nm,ACTIVE
2024-25,18,gxxp9rr0m1whgxxs,001aw,ACTIVE
2024-25,18,gxxp9rr0m1whgxxs,04qrj,ACTIVE
2024-25,19,f9yq112sm1whgxxs,02nf6,ACTIVE
2024-25,19,f9yq112sm1whgxxs,051op,ACTIVE
2024-25,19,f9yq112sm1whgxxs,06mk3,ACTIVE
2024-25,19,f9yq112sm1whgxxs,03nwn,ACTIVE
2024-25,19,f9yq112sm1whgxxs,01eon,ACTIVE
2024-25,19,f9yq112sm1whgxxs,04qrl,ACTIVE
2024-25,19,f9yq112sm1whgxxs,03lg1,ACTIVE
2024-25,19,f9yq112sm1whgxxs,04ewu,ACTIVE
2024-25,19,f9yq112sm1whgxxs,03e75,ACTIVE
2024-25,19,f9yq112sm1whgxxs,04ewr,ACTIVE
2024-25,19,f9yq112sm1whgxxs,042n1,ACTIVE
2024-25,19,f9yq112sm1whgxxs,04qrp,ACTIVE
2024-25,19,f9yq112sm1whgxxs,04848,ACTIVE
2024-25,19,f9yq112sm1whgxxs,05qtt,ACTIVE
2024-25,19,f9yq112sm1whgxxs,051or,ACTIVE
2024-25,19,f9yq112sm1whgxxs,03ad4,ACTIVE
2024-25,19,f9yq112sm1whgxxs,05uus,ACTIVE
2024-25,19,f9yq112sm1whgxxs,0017e,ACTIVE
2024-25,19,f9yq112sm1whgxxs,05uiq,ACTIVE
2024-25,19,f9yq112sm1whgxxs,04ex8,ACTIVE
2024-25,19,ogxmjjovm1whgxxs,03e6s,ACTIVE
2024-25,19,ogxmjjovm1whgxxs,04qru,ACTIVE
2024-25,19,ogxmjjovm1whgxxs,04ewc,ACTIVE
2024-25,19,ogxmjjovm1whgxxs,05qu0,ACTIVE
2024-25,19,ogxmjjovm1whgxxs,06cca,ACTIVE
2024-25,19,ogxmjjovm1whgxxs,04ewm,ACTIVE
2024-25,19,ogxmjjovm1whgxxs,06mjv,ACTIVE
2024-25,19,ogxmjjovm1whgxxs,0558t,ACTIVE
2024-25,19,ogxmjjovm1whgxxs,06218,ACTIVE
2024-25,19,ogxmjjovm1whgxxs,04qry,ACTIVE
2024-25,19,ogxmjjovm1whgxxs,06212,ACTIVE
2024-25,19,ogxmjjovm1whgxxs,04qs1,ACTIVE
2024-25,19,ogxmjjovm1whgxxs,03wr4,ACTIVE
2024-25,19,ogxmjjovm1whgxxs,05uii,ACTIVE
2024-25,19,ogxmjjovm1whgxxs,05uib,ACTIVE
2024-25,19,ogxmjjovm1whgxxs,0621l,ACTIVE
2024-25,19,ogxmjjovm1whgxxs,03ad3,ACTIVE
2024-25,19,ogxmjjovm1whgxxs,02nf1,ACTIVE
2024-25,19,ogxmjjovm1whgxxs,06mk9,ACTIVE
2024-25,19,ogxmjjovm1whgxxs,04qsa,ACTIVE
2024-25,19,xj5wwgasm1whgxxs,0621b,ACTIVE
2024-25,19,xj5wwgasm1whgxxs,05uj9,ACTIVE
2024-25,19,xj5wwgasm1whgxxs,05uiw,ACTIVE
2024-25,19,xj5wwgasm1whgxxs,03al1,ACTIVE
2024-25,19,xj5wwgasm1whgxxs,04ewb,ACTIVE
2024-25,19,xj5wwgasm1whgxxs,005ki,ACTIVE
2024-25,19,xj5wwgasm1whgxxs,03xmv,ACTIVE
2024-25,19,xj5wwgasm1whgxxs,06mjw,ACTIVE
2024-25,19,xj5wwgasm1whgxxs,06nz5,ACTIVE
2024-25,19,xj5wwgasm1whgxxs,06mm1,ACTIVE
2024-25,19,xj5wwgasm1whgxxs,051pb,ACTIVE
2024-25,19,xj5wwgasm1whgxxs,05qto,ACTIVE
2024-25,19,xj5wwgasm1whgxxs,06217,ACTIVE
2024-25,19,xj5wwgasm1whgxxs,06211,ACTIVE
2024-25,19,xj5wwgasm1whgxxs,05qt3,ACTIVE
2024-25,19,xj5wwgasm1whgxxs,031m4,ACTIVE
2024-25,19,xj5wwgasm1whgxxs,02nf3,ACTIVE
2024-25,19,xj5wwgasm1whgxxs,0496e,ACTIVE
2024-25,19,xj5wwgasm1whgxxs,04ewn,ACTIVE
2024-25,19,xj5wwgasm1whgxxs,03ad2,ACTIVE
2024-25,19,kom4opqfm1whgxxs,06mjt,ACTIVE
2024-25,19,kom4opqfm1whgxxs,06214,ACTIVE
2024-25,19,kom4opqfm1whgxxs,03ajv,ACTIVE
2024-25,19,kom4opqfm1whgxxs,000zv,ACTIVE
2024-25,19,kom4opqfm1whgxxs,049kd,ACTIVE
2024-25,19,kom4opqfm1whgxxs,05uir,ACTIVE
2024-25,19,kom4opqfm1whgxxs,03e74,ACTIVE
2024-25,19,kom4opqfm1whgxxs,049kb,ACTIVE
2024-25,19,kom4opqfm1whgxxs,051oh,ACTIVE
2024-25,19,kom4opqfm1whgxxs,06cdn,ACTIVE
2024-25,19,kom4opqfm1whgxxs,051p9,ACTIVE
2024-25,19,kom4opqfm1whgxxs,051pa,ACTIVE
2024-25,19,kom4opqfm1whgxxs,03byk,ACTIVE
2024-25,19,kom4opqfm1whgxxs,04kj6,ACTIVE
2024-25,19,kom4opqfm1whgxxs,03lls,ACTIVE
2024-25,19,kom4opqfm1whgxxs,03nwk,ACTIVE
2024-25,19,kom4opqfm1whgxxs,031lx,ACTIVE
2024-25,19,kom4opqfm1whgxxs,0622a,ACTIVE
2024-25,19,kom4opqfm1whgxxs,0621e,ACTIVE
2024-25,19,kom4opqfm1whgxxs,051oi,ACTIVE
2024-25,19,yn3jui7nm1whgxxs,027pe,ACTIVE
2024-25,19,yn3jui7nm1whgxxs,04azw,ACTIVE
2024-25,19,yn3jui7nm1whgxxs,02xg9,ACTIVE
2024-25,19,yn3jui7nm1whgxxs,027oj,ACTIVE
2024-25,19,yn3jui7nm1whgxxs,042nf,ACTIVE
2024-25,19,yn3jui7nm1whgxxs,042nt,ACTIVE
2024-25,19,yn3jui7nm1whgxxs,05qtr,ACTIVE
2024-25,19,yn3jui7nm1whgxxs,051os,ACTIVE
2024-25,19,yn3jui7nm1whgxxs,0621t,ACTIVE
2024-25,19,yn3jui7nm1whgxxs,04qrm,ACTIVE
2024-25,19,yn3jui7nm1whgxxs,042n7,ACTIVE
2024-25,19,yn3jui7nm1whgxxs,05qty,ACTIVE
2024-25,19,yn3jui7nm1whgxxs,01eo9,ACTIVE
2024-25,19,yn3jui7nm1whgxxs,05qtv,ACTIVE
2024-25,19,yn3jui7nm1whgxxs,06mjz,ACTIVE
2024-25,19,yn3jui7nm1whgxxs,027p4,ACTIVE
2024-25,19,yn3jui7nm1whgxxs,05qsl,ACTIVE
2024-25,19,yn3jui7nm1whgxxs,04ewk,ACTIVE
2024-25,19,yn3jui7nm1whgxxs,049kc,ACTIVE
2024-25,19,yn3jui7nm1whgxxs,06mk6,ACTIVE
2024-25,19,rr8dwgn0m1whgxxs,042n3,ACTIVE
2024-25,19,rr8dwgn0m1whgxxs,04ex6,ACTIVE
2024-25,19,rr8dwgn0m1whgxxs,01uyj,ACTIVE
2024-25,19,rr8dwgn0m1whgxxs,05qsq,ACTIVE
2024-25,19,rr8dwgn0m1whgxxs,0015e,ACTIVE
2024-25,19,rr8dwgn0m1whgxxs,01enh,ACTIVE
2024-25,19,rr8dwgn0m1whgxxs,042n4,ACTIVE
2024-25,19,rr8dwgn0m1whgxxs,027pg,ACTIVE
2024-25,19,rr8dwgn0m1whgxxs,02nfz,ACTIVE
2024-25,19,rr8dwgn0m1whgxxs,04qsd,ACTIVE
2024-25,19,rr8dwgn0m1whgxxs,031m0,ACTIVE
2024-25,19,rr8dwgn0m1whgxxs,03ams,ACTIVE
2024-25,19,rr8dwgn0m1whgxxs,02ng3,ACTIVE
2024-25,19,rr8dwgn0m1whgxxs,049ka,ACTIVE
2024-25,19,rr8dwgn0m1whgxxs,02ym0,ACTIVE
2024-25,19,rr8dwgn0m1whgxxs,04qrn,ACTIVE
2024-25,19,rr8dwgn0m1whgxxs,027ou,ACTIVE
2024-25,19,rr8dwgn0m1whgxxs,051pi,ACTIVE
2024-25,19,rr8dwgn0m1whgxxs,03el5,ACTIVE
2024-25,19,rr8dwgn0m1whgxxs,03al2,ACTIVE
2024-25,19,61xrt1smm1whgxxs,01eo6,ACTIVE
2024-25,19,61xrt1smm1whgxxs,03nwm,ACTIVE
2024-25,19,61xrt1smm1whgxxs,05qt4,ACTIVE
2024-25,19,61xrt1smm1whgxxs,05qug,ACTIVE
2024-25,19,61xrt1smm1whgxxs,04qse,ACTIVE
2024-25,19,61xrt1smm1whgxxs,031lv,ACTIVE
2024-25,19,61xrt1smm1whgxxs,05uig,ACTIVE
2024-25,19,61xrt1smm1whgxxs,06216,ACTIVE
2024-25,19,61xrt1smm1whgxxs,051ol,ACTIVE
2024-25,19,61xrt1smm1whgxxs,06mk1,ACTIVE
2024-25,19,61xrt1smm1whgxxs,03e6u,ACTIVE
2024-25,19,61xrt1smm1whgxxs,0527l,ACTIVE
2024-25,19,61xrt1smm1whgxxs,051on,ACTIVE
2024-25,19,61xrt1smm1whgxxs,05qtj,ACTIVE
2024-25,19,61xrt1smm1whgxxs,05qu1,ACTIVE
2024-25,19,61xrt1smm1whgxxs,027oz,ACTIVE
2024-25,19,61xrt1smm1whgxxs,027oo,ACTIVE
2024-25,19,61xrt1smm1whgxxs,0011e,ACTIVE
2024-25,19,61xrt1smm1whgxxs,06ccv,ACTIVE
2024-25,19,61xrt1smm1whgxxs,06cbx,ACTIVE
2024-25,19,7jwjf6hgm1whgxxs,06ca8,ACTIVE
2024-25,19,7jwjf6hgm1whgxxs,04qro,ACTIVE
2024-25,19,7jwjf6hgm1whgxxs,051ot,ACTIVE
2024-25,19,7jwjf6hgm1whgxxs,05uih,ACTIVE
2024-25,19,7jwjf6hgm1whgxxs,042n6,ACTIVE
2024-25,19,7jwjf6hgm1whgxxs,06cc0,ACTIVE
2024-25,19,7jwjf6hgm1whgxxs,05uj1,ACTIVE
2024-25,19,7jwjf6hgm1whgxxs,03r7z,ACTIVE
2024-25,19,7jwjf6hgm1whgxxs,051ps,ACTIVE
2024-25,19,7jwjf6hgm1whgxxs,06cdh,ACTIVE
2024-25,19,7jwjf6hgm1whgxxs,05uiu,ACTIVE
2024-25,19,7jwjf6hgm1whgxxs,06mk7,ACTIVE
2024-25,19,7jwjf6hgm1whgxxs,05uid,ACTIVE
2024-25,19,7jwjf6hgm1whgxxs,06210,ACTIVE
2024-25,19,7jwjf6hgm1whgxxs,0621g,ACTIVE
2024-25,19,7jwjf6hgm1whgxxs,05uie,ACTIVE
2024-25,19,7jwjf6hgm1whgxxs,06cc7,ACTIVE
2024-25,19,7jwjf6hgm1whgxxs,03nwl,ACTIVE
2024-25,19,7jwjf6hgm1whgxxs,0621c,ACTIVE
2024-25,19,7jwjf6hgm1whgxxs,06cby,ACTIVE
2024-25,19,c2198rgtm1whgxxs,05uip,ACTIVE
2024-25,19,c2198rgtm1whgxxs,051p8,ACTIVE
2024-25,19,c2198rgtm1whgxxs,06ccd,ACTIVE
2024-25,19,c2198rgtm1whgxxs,042nq,ACTIVE
2024-25,19,c2198rgtm1whgxxs,05qu9,ACTIVE
2024-25,19,c2198rgtm1whgxxs,02nf9,ACTIVE
2024-25,19,c2198rgtm1whgxxs,06mju,ACTIVE
2024-25,19,c2198rgtm1whgxxs,005kc,ACTIVE
2024-25,19,c2198rgtm1whgxxs,051oj,ACTIVE
2024-25,19,c2198rgtm1whgxxs,05ujc,ACTIVE
2024-25,19,c2198rgtm1whgxxs,06ccf,ACTIVE
2024-25,19,c2198rgtm1whgxxs,04ewf,ACTIVE
2024-25,19,c2198rgtm1whgxxs,06213,ACTIVE
2024-25,19,c2198rgtm1whgxxs,042nw,ACTIVE
2024-25,19,c2198rgtm1whgxxs,03al0,ACTIVE
2024-25,19,c2198rgtm1whgxxs,051p1,ACTIVE
2024-25,19,c2198rgtm1whgxxs,03e6n,ACTIVE
2024-25,19,c2198rgtm1whgxxs,027p0,ACTIVE
2024-25,19,c2198rgtm1whgxxs,031m2,ACTIVE
2024-25,19,c2198rgtm1whgxxs,04qrk,ACTIVE
2024-25,19,gxxp9rr0m1whgxxs,04ewt,ACTIVE
2024-25,19,gxxp9rr0m1whgxxs,04ewe,ACTIVE
2024-25,19,gxxp9rr0m1whgxxs,0527h,ACTIVE
2024-25,19,gxxp9rr0m1whgxxs,03ad0,ACTIVE
2024-25,19,gxxp9rr0m1whgxxs,03aq2,ACTIVE
2024-25,19,gxxp9rr0m1whgxxs,06cc1,ACTIVE
2024-25,19,gxxp9rr0m1whgxxs,06mk0,ACTIVE
2024-25,19,gxxp9rr0m1whgxxs,06cch,ACTIVE
2024-25,19,gxxp9rr0m1whgxxs,0621u,ACTIVE
2024-25,19,gxxp9rr0m1whgxxs,0621q,ACTIVE
2024-25,19,gxxp9rr0m1whgxxs,04qrr,ACTIVE
2024-25,19,gxxp9rr0m1whgxxs,05uif,ACTIVE
2024-25,19,gxxp9rr0m1whgxxs,05uic,ACTIVE
2024-25,19,gxxp9rr0m1whgxxs,06cc8,ACTIVE
2024-25,19,gxxp9rr0m1whgxxs,06cab,ACTIVE
2024-25,19,gxxp9rr0m1whgxxs,06ca7,ACTIVE
2024-25,19,gxxp9rr0m1whgxxs,06215,ACTIVE
2024-25,19,gxxp9rr0m1whgxxs,042nm,ACTIVE
2024-25,19,gxxp9rr0m1whgxxs,001aw,ACTIVE
2024-25,19,gxxp9rr0m1whgxxs,04qrj,ACTIVE
2024-25,20,f9yq112sm1whgxxs,02nf6,ACTIVE
2024-25,20,f9yq112sm1whgxxs,051op,ACTIVE
2024-25,20,f9yq112sm1whgxxs,06mk3,ACTIVE
2024-25,20,f9yq112sm1whgxxs,03nwn,ACTIVE
2024-25,20,f9yq112sm1whgxxs,01eon,ACTIVE
2024-25,20,f9yq112sm1whgxxs,04qrl,ACTIVE
2024-25,20,f9yq112sm1whgxxs,03lg1,ACTIVE
2024-25,20,f9yq112sm1whgxxs,04ewu,ACTIVE
2024-25,20,f9yq112sm1whgxxs,03e75,ACTIVE
2024-25,20,f9yq112sm1whgxxs,04ewr,ACTIVE
2024-25,20,f9yq112sm1whgxxs,042n1,ACTIVE
2024-25,20,f9yq112sm1whgxxs,04qrp,ACTIVE
2024-25,20,f9yq112sm1whgxxs,04848,ACTIVE
2024-25,20,f9yq112sm1whgxxs,05qtt,ACTIVE
2024-25,20,f9yq112sm1whgxxs,051or,ACTIVE
2024-25,20,f9yq112sm1whgxxs,03ad4,ACTIVE
2024-25,20,f9yq112sm1whgxxs,05uus,ACTIVE
2024-25,20,f9yq112sm1whgxxs,0017e,ACTIVE
2024-25,20,f9yq112sm1whgxxs,05uiq,ACTIVE
2024-25,20,f9yq112sm1whgxxs,04ex8,ACTIVE
2024-25,20,ogxmjjovm1whgxxs,03e6s,ACTIVE
2024-25,20,ogxmjjovm1whgxxs,04qru,ACTIVE
2024-25,20,ogxmjjovm1whgxxs,04ewc,ACTIVE
2024-25,20,ogxmjjovm1whgxxs,05qu0,ACTIVE
2024-25,20,ogxmjjovm1whgxxs,06cca,ACTIVE
2024-25,20,ogxmjjovm1whgxxs,04ewm,ACTIVE
2024-25,20,ogxmjjovm1whgxxs,06mjv,ACTIVE
2024-25,20,ogxmjjovm1whgxxs,0558t,ACTIVE
2024-25,20,ogxmjjovm1whgxxs,06218,ACTIVE
2024-25,20,ogxmjjovm1whgxxs,04qry,ACTIVE
2024-25,20,ogxmjjovm1whgxxs,06212,ACTIVE
2024-25,20,ogxmjjovm1whgxxs,04qs1,ACTIVE
2024-25,20,ogxmjjovm1whgxxs,03wr4,ACTIVE
2024-25,20,ogxmjjovm1whgxxs,05uii,ACTIVE
2024-25,20,ogxmjjovm1whgxxs,05uib,ACTIVE
2024-25,20,ogxmjjovm1whgxxs,0621l,ACTIVE
2024-25,20,ogxmjjovm1whgxxs,03ad3,ACTIVE
2024-25,20,ogxmjjovm1whgxxs,02nf1,ACTIVE
2024-25,20,ogxmjjovm1whgxxs,06mk9,ACTIVE
2024-25,20,ogxmjjovm1whgxxs,04qsa,ACTIVE
2024-25,20,xj5wwgasm1whgxxs,0621b,ACTIVE
2024-25,20,xj5wwgasm1whgxxs,05uj9,ACTIVE
2024-25,20,xj5wwgasm1whgxxs,05uiw,ACTIVE
2024-25,20,xj5wwgasm1whgxxs,03al1,ACTIVE
2024-25,20,xj5wwgasm1whgxxs,04ewb,ACTIVE
2024-25,20,xj5wwgasm1whgxxs,005ki,ACTIVE
2024-25,20,xj5wwgasm1whgxxs,03xmv,ACTIVE
2024-25,20,xj5wwgasm1whgxxs,06mjw,ACTIVE
2024-25,20,xj5wwgasm1whgxxs,06nz5,ACTIVE
2024-25,20,xj5wwgasm1whgxxs,06mm1,ACTIVE
2024-25,20,xj5wwgasm1whgxxs,051pb,ACTIVE
2024-25,20,xj5wwgasm1whgxxs,05qto,ACTIVE
2024-25,20,xj5wwgasm1whgxxs,06217,ACTIVE
2024-25,20,xj5wwgasm1whgxxs,06211,ACTIVE
2024-25,20,xj5wwgasm1whgxxs,05qt3,ACTIVE
2024-25,20,xj5wwgasm1whgxxs,031m4,ACTIVE
2024-25,20,xj5wwgasm1whgxxs,02nf3,ACTIVE
2024-25,20,xj5wwgasm1whgxxs,0496e,ACTIVE
2024-25,20,xj5wwgasm1whgxxs,04ewn,ACTIVE
2024-25,20,xj5wwgasm1whgxxs,03ad2,ACTIVE
2024-25,20,kom4opqfm1whgxxs,06mjt,ACTIVE
2024-25,20,kom4opqfm1whgxxs,06214,ACTIVE
2024-25,20,kom4opqfm1whgxxs,03ajv,ACTIVE
2024-25,20,kom4opqfm1whgxxs,000zv,ACTIVE
2024-25,20,kom4opqfm1whgxxs,049kd,ACTIVE
2024-25,20,kom4opqfm1whgxxs,05uir,ACTIVE
2024-25,20,kom4opqfm1whgxxs,03e74,ACTIVE
2024-25,20,kom4opqfm1whgxxs,049kb,ACTIVE
2024-25,20,kom4opqfm1whgxxs,051oh,ACTIVE
2024-25,20,kom4opqfm1whgxxs,06cdn,ACTIVE
2024-25,20,kom4opqfm1whgxxs,051p9,ACTIVE
2024-25,20,kom4opqfm1whgxxs,051pa,ACTIVE
2024-25,20,kom4opqfm1whgxxs,03byk,ACTIVE
2024-25,20,kom4opqfm1whgxxs,04kj6,ACTIVE
2024-25,20,kom4opqfm1whgxxs,03lls,ACTIVE
2024-25,20,kom4opqfm1whgxxs,03nwk,ACTIVE
2024-25,20,kom4opqfm1whgxxs,031lx,ACTIVE
2024-25,20,kom4opqfm1whgxxs,0622a,ACTIVE
2024-25,20,kom4opqfm1whgxxs,0621e,ACTIVE
2024-25,20,kom4opqfm1whgxxs,051oi,ACTIVE
2024-25,20,yn3jui7nm1whgxxs,027pe,ACTIVE
2024-25,20,yn3jui7nm1whgxxs,04azw,ACTIVE
2024-25,20,yn3jui7nm1whgxxs,02xg9,ACTIVE
2024-25,20,yn3jui7nm1whgxxs,027oj,ACTIVE
2024-25,20,yn3jui7nm1whgxxs,042nf,ACTIVE
2024-25,20,yn3jui7nm1whgxxs,042nt,ACTIVE
2024-25,20,yn3jui7nm1whgxxs,05qtr,ACTIVE
2024-25,20,yn3jui7nm1whgxxs,051os,ACTIVE
2024-25,20,yn3jui7nm1whgxxs,0621t,ACTIVE
2024-25,20,yn3jui7nm1whgxxs,04qrm,ACTIVE
2024-25,20,yn3jui7nm1whgxxs,042n7,ACTIVE
2024-25,20,yn3jui7nm1whgxxs,05qty,ACTIVE
2024-25,20,yn3jui7nm1whgxxs,01eo9,ACTIVE
2024-25,20,yn3jui7nm1whgxxs,05qtv,ACTIVE
2024-25,20,yn3jui7nm1whgxxs,06mjz,ACTIVE
2024-25,20,yn3jui7nm1whgxxs,027p4,ACTIVE
2024-25,20,yn3jui7nm1whgxxs,05qsl,ACTIVE
2024-25,20,yn3jui7nm1whgxxs,04ewk,ACTIVE
2024-25,20,yn3jui7nm1whgxxs,049kc,ACTIVE
2024-25,20,yn3jui7nm1whgxxs,06mk6,ACTIVE
2024-25,20,rr8dwgn0m1whgxxs,042n3,ACTIVE
2024-25,20,rr8dwgn0m1whgxxs,04ex6,ACTIVE
2024-25,20,rr8dwgn0m1whgxxs,01uyj,ACTIVE
2024-25,20,rr8dwgn0m1whgxxs,05qsq,ACTIVE
2024-25,20,rr8dwgn0m1whgxxs,0015e,ACTIVE
2024-25,20,rr8dwgn0m1whgxxs,01enh,ACTIVE
2024-25,20,rr8dwgn0m1whgxxs,042n4,ACTIVE
2024-25,20,rr8dwgn0m1whgxxs,027pg,ACTIVE
2024-25,20,rr8dwgn0m1whgxxs,02nfz,ACTIVE
2024-25,20,rr8dwgn0m1whgxxs,04qsd,ACTIVE
2024-25,20,rr8dwgn0m1whgxxs,031m0,ACTIVE
2024-25,20,rr8dwgn0m1whgxxs,03ams,ACTIVE
2024-25,20,rr8dwgn0m1whgxxs,02ng3,ACTIVE
2024-25,20,rr8dwgn0m1whgxxs,049ka,ACTIVE
2024-25,20,rr8dwgn0m1whgxxs,02ym0,ACTIVE
2024-25,20,rr8dwgn0m1whgxxs,04qrn,ACTIVE
2024-25,20,rr8dwgn0m1whgxxs,027ou,ACTIVE
2024-25,20,rr8dwgn0m1whgxxs,051pi,ACTIVE
2024-25,20,rr8dwgn0m1whgxxs,03el5,ACTIVE
2024-25,20,rr8dwgn0m1whgxxs,03al2,ACTIVE
2024-25,20,61xrt1smm1whgxxs,01eo6,ACTIVE
2024-25,20,61xrt1smm1whgxxs,03nwm,ACTIVE
2024-25,20,61xrt1smm1whgxxs,05qt4,ACTIVE
2024-25,20,61xrt1smm1whgxxs,05qug,ACTIVE
2024-25,20,61xrt1smm1whgxxs,04qse,ACTIVE
2024-25,20,61xrt1smm1whgxxs,031lv,ACTIVE
2024-25,20,61xrt1smm1whgxxs,05uig,ACTIVE
2024-25,20,61xrt1smm1whgxxs,06216,ACTIVE
2024-25,20,61xrt1smm1whgxxs,051ol,ACTIVE
2024-25,20,61xrt1smm1whgxxs,06mk1,ACTIVE
2024-25,20,61xrt1smm1whgxxs,03e6u,ACTIVE
2024-25,20,61xrt1smm1whgxxs,0527l,ACTIVE
2024-25,20,61xrt1smm1whgxxs,051on,ACTIVE
2024-25,20,61xrt1smm1whgxxs,05qtj,ACTIVE
2024-25,20,61xrt1smm1whgxxs,05qu1,ACTIVE
2024-25,20,61xrt1smm1whgxxs,027oz,ACTIVE
2024-25,20,61xrt1smm1whgxxs,027oo,ACTIVE
2024-25,20,61xrt1smm1whgxxs,0011e,ACTIVE
2024-25,20,61xrt1smm1whgxxs,06ccv,ACTIVE
2024-25,20,61xrt1smm1whgxxs,06cbx,ACTIVE
2024-25,20,7jwjf6hgm1whgxxs,06ca8,ACTIVE
2024-25,20,7jwjf6hgm1whgxxs,04qro,ACTIVE
2024-25,20,7jwjf6hgm1whgxxs,051ot,ACTIVE
2024-25,20,7jwjf6hgm1whgxxs,05uih,ACTIVE
2024-25,20,7jwjf6hgm1whgxxs,042n6,ACTIVE
2024-25,20,7jwjf6hgm1whgxxs,06cc0,ACTIVE
2024-25,20,7jwjf6hgm1whgxxs,05uj1,ACTIVE
2024-25,20,7jwjf6hgm1whgxxs,03r7z,ACTIVE
2024-25,20,7jwjf6hgm1whgxxs,051ps,ACTIVE
2024-25,20,7jwjf6hgm1whgxxs,06cdh,ACTIVE
2024-25,20,7jwjf6hgm1whgxxs,05uiu,ACTIVE
2024-25,20,7jwjf6hgm1whgxxs,06mk7,ACTIVE
2024-25,20,7jwjf6hgm1whgxxs,05uid,ACTIVE
2024-25,20,7jwjf6hgm1whgxxs,06210,ACTIVE
2024-25,20,7jwjf6hgm1whgxxs,0621g,ACTIVE
2024-25,20,7jwjf6hgm1whgxxs,05uie,ACTIVE
2024-25,20,7jwjf6hgm1whgxxs,06cc7,ACTIVE
2024-25,20,7jwjf6hgm1whgxxs,03nwl,ACTIVE
2024-25,20,7jwjf6hgm1whgxxs,0621c,ACTIVE
2024-25,20,7jwjf6hgm1whgxxs,06cby,ACTIVE
2024-25,20,c2198rgtm1whgxxs,05uip,ACTIVE
2024-25,20,c2198rgtm1whgxxs,051p8,ACTIVE
2024-25,20,c2198rgtm1whgxxs,06ccd,ACTIVE
2024-25,20,c2198rgtm1whgxxs,042nq,ACTIVE
2024-25,20,c2198rgtm1whgxxs,05qu9,ACTIVE
2024-25,20,c2198rgtm1whgxxs,02nf9,ACTIVE
2024-25,20,c2198rgtm1whgxxs,06mju,ACTIVE
2024-25,20,c2198rgtm1whgxxs,005kc,ACTIVE
2024-25,20,c2198rgtm1whgxxs,051oj,ACTIVE
2024-25,20,c2198rgtm1whgxxs,05ujc,ACTIVE
2024-25,20,c2198rgtm1whgxxs,06ccf,ACTIVE
2024-25,20,c2198rgtm1whgxxs,04ewf,ACTIVE
2024-25,20,c2198rgtm1whgxxs,06213,ACTIVE
2024-25,20,c2198rgtm1whgxxs,042nw,ACTIVE
2024-25,20,c2198rgtm1whgxxs,03al0,ACTIVE
2024-25,20,c2198rgtm1whgxxs,051p1,ACTIVE
2024-25,20,c2198rgtm1whgxxs,03e6n,ACTIVE
2024-25,20,c2198rgtm1whgxxs,027p0,ACTIVE
2024-25,20,c2198rgtm1whgxxs,031m2,ACTIVE
2024-25,20,c2198rgtm1whgxxs,04qrk,ACTIVE
2024-25,20,gxxp9rr0m1whgxxs,04ewt,ACTIVE
2024-25,20,gxxp9rr0m1whgxxs,04ewe,ACTIVE
2024-25,20,gxxp9rr0m1whgxxs,0527h,ACTIVE
2024-25,20,gxxp9rr0m1whgxxs,03ad0,ACTIVE
2024-25,20,gxxp9rr0m1whgxxs,03aq2,ACTIVE
2024-25,20,gxxp9rr0m1whgxxs,06cc1,ACTIVE
2024-25,20,gxxp9rr0m1whgxxs,06mk0,ACTIVE
2024-25,20,gxxp9rr0m1whgxxs,06cch,ACTIVE
2024-25,20,gxxp9rr0m1whgxxs,0621u,ACTIVE
2024-25,20,gxxp9rr0m1whgxxs,0621q,ACTIVE
2024-25,20,gxxp9rr0m1whgxxs,04qrr,ACTIVE
2024-25,20,gxxp9rr0m1whgxxs,05uif,ACTIVE
2024-25,20,gxxp9rr0m1whgxxs,05uic,ACTIVE
2024-25,20,gxxp9rr0m1whgxxs,06cc8,ACTIVE
2024-25,20,gxxp9rr0m1whgxxs,06cab,ACTIVE
2024-25,20,gxxp9rr0m1whgxxs,06ca7,ACTIVE
2024-25,20,gxxp9rr0m1whgxxs,06215,ACTIVE
2024-25,20,gxxp9rr0m1whgxxs,042nm,ACTIVE
2024-25,20,gxxp9rr0m1whgxxs,001aw,ACTIVE
2024-25,20,gxxp9rr0m1whgxxs,04qrj,ACTIVE
2024-25,21,f9yq112sm1whgxxs,02nf6,ACTIVE
2024-25,21,f9yq112sm1whgxxs,051op,ACTIVE
2024-25,21,f9yq112sm1whgxxs,06mk3,ACTIVE
2024-25,21,f9yq112sm1whgxxs,03nwn,ACTIVE
2024-25,21,f9yq112sm1whgxxs,01eon,ACTIVE
2024-25,21,f9yq112sm1whgxxs,04qrl,ACTIVE
2024-25,21,f9yq112sm1whgxxs,03lg1,ACTIVE
2024-25,21,f9yq112sm1whgxxs,04ewu,ACTIVE
2024-25,21,f9yq112sm1whgxxs,03e75,ACTIVE
2024-25,21,f9yq112sm1whgxxs,04ewr,ACTIVE
2024-25,21,f9yq112sm1whgxxs,042n1,ACTIVE
2024-25,21,f9yq112sm1whgxxs,04qrp,ACTIVE
2024-25,21,f9yq112sm1whgxxs,04848,ACTIVE
2024-25,21,f9yq112sm1whgxxs,05qtt,ACTIVE
2024-25,21,f9yq112sm1whgxxs,051or,ACTIVE
2024-25,21,f9yq112sm1whgxxs,03ad4,ACTIVE
2024-25,21,f9yq112sm1whgxxs,05uus,ACTIVE
2024-25,21,f9yq112sm1whgxxs,0017e,ACTIVE
2024-25,21,f9yq112sm1whgxxs,05uiq,ACTIVE
2024-25,21,f9yq112sm1whgxxs,04ex8,ACTIVE
2024-25,21,ogxmjjovm1whgxxs,03e6s,ACTIVE
2024-25,21,ogxmjjovm1whgxxs,04qru,ACTIVE
2024-25,21,ogxmjjovm1whgxxs,04ewc,ACTIVE
2024-25,21,ogxmjjovm1whgxxs,05qu0,ACTIVE
2024-25,21,ogxmjjovm1whgxxs,06cca,ACTIVE
2024-25,21,ogxmjjovm1whgxxs,04ewm,ACTIVE
2024-25,21,ogxmjjovm1whgxxs,06mjv,ACTIVE
2024-25,21,ogxmjjovm1whgxxs,0558t,ACTIVE
2024-25,21,ogxmjjovm1whgxxs,06218,ACTIVE
2024-25,21,ogxmjjovm1whgxxs,04qry,ACTIVE
2024-25,21,ogxmjjovm1whgxxs,06212,ACTIVE
2024-25,21,ogxmjjovm1whgxxs,04qs1,ACTIVE
2024-25,21,ogxmjjovm1whgxxs,03wr4,ACTIVE
2024-25,21,ogxmjjovm1whgxxs,05uii,ACTIVE
2024-25,21,ogxmjjovm1whgxxs,05uib,ACTIVE
2024-25,21,ogxmjjovm1whgxxs,0621l,ACTIVE
2024-25,21,ogxmjjovm1whgxxs,03ad3,ACTIVE
2024-25,21,ogxmjjovm1whgxxs,02nf1,ACTIVE
2024-25,21,ogxmjjovm1whgxxs,06mk9,ACTIVE
2024-25,21,ogxmjjovm1whgxxs,04qsa,ACTIVE
2024-25,21,xj5wwgasm1whgxxs,0621b,ACTIVE
2024-25,21,xj5wwgasm1whgxxs,05uj9,ACTIVE
2024-25,21,xj5wwgasm1whgxxs,05uiw,ACTIVE
2024-25,21,xj5wwgasm1whgxxs,03al1,ACTIVE
2024-25,21,xj5wwgasm1whgxxs,04ewb,ACTIVE
2024-25,21,xj5wwgasm1whgxxs,005ki,ACTIVE
2024-25,21,xj5wwgasm1whgxxs,03xmv,ACTIVE
2024-25,21,xj5wwgasm1whgxxs,06mjw,ACTIVE
2024-25,21,xj5wwgasm1whgxxs,06nz5,ACTIVE
2024-25,21,xj5wwgasm1whgxxs,06mm1,ACTIVE
2024-25,21,xj5wwgasm1whgxxs,051pb,ACTIVE
2024-25,21,xj5wwgasm1whgxxs,05qto,ACTIVE
2024-25,21,xj5wwgasm1whgxxs,06217,ACTIVE
2024-25,21,xj5wwgasm1whgxxs,06211,ACTIVE
2024-25,21,xj5wwgasm1whgxxs,05qt3,ACTIVE
2024-25,21,xj5wwgasm1whgxxs,031m4,ACTIVE
2024-25,21,xj5wwgasm1whgxxs,02nf3,ACTIVE
2024-25,21,xj5wwgasm1whgxxs,0496e,ACTIVE
2024-25,21,xj5wwgasm1whgxxs,04ewn,ACTIVE
2024-25,21,xj5wwgasm1whgxxs,03ad2,ACTIVE
2024-25,21,kom4opqfm1whgxxs,06mjt,ACTIVE
2024-25,21,kom4opqfm1whgxxs,06214,ACTIVE
2024-25,21,kom4opqfm1whgxxs,03ajv,ACTIVE
2024-25,21,kom4opqfm1whgxxs,000zv,ACTIVE
2024-25,21,kom4opqfm1whgxxs,049kd,ACTIVE
2024-25,21,kom4opqfm1whgxxs,05uir,ACTIVE
2024-25,21,kom4opqfm1whgxxs,03e74,ACTIVE
2024-25,21,kom4opqfm1whgxxs,049kb,ACTIVE
2024-25,21,kom4opqfm1whgxxs,051oh,ACTIVE
2024-25,21,kom4opqfm1whgxxs,06cdn,ACTIVE
2024-25,21,kom4opqfm1whgxxs,051p9,ACTIVE
2024-25,21,kom4opqfm1whgxxs,051pa,ACTIVE
2024-25,21,kom4opqfm1whgxxs,03byk,ACTIVE
2024-25,21,kom4opqfm1whgxxs,04kj6,ACTIVE
2024-25,21,kom4opqfm1whgxxs,03lls,ACTIVE
2024-25,21,kom4opqfm1whgxxs,03nwk,ACTIVE
2024-25,21,kom4opqfm1whgxxs,031lx,ACTIVE
2024-25,21,kom4opqfm1whgxxs,0622a,ACTIVE
2024-25,21,kom4opqfm1whgxxs,0621e,ACTIVE
2024-25,21,kom4opqfm1whgxxs,051oi,ACTIVE
2024-25,21,yn3jui7nm1whgxxs,027pe,ACTIVE
2024-25,21,yn3jui7nm1whgxxs,04azw,ACTIVE
2024-25,21,yn3jui7nm1whgxxs,02xg9,ACTIVE
2024-25,21,yn3jui7nm1whgxxs,027oj,ACTIVE
2024-25,21,yn3jui7nm1whgxxs,042nf,ACTIVE
2024-25,21,yn3jui7nm1whgxxs,042nt,ACTIVE
2024-25,21,yn3jui7nm1whgxxs,05qtr,ACTIVE
2024-25,21,yn3jui7nm1whgxxs,051os,ACTIVE
2024-25,21,yn3jui7nm1whgxxs,0621t,ACTIVE
2024-25,21,yn3jui7nm1whgxxs,04qrm,ACTIVE
2024-25,21,yn3jui7nm1whgxxs,042n7,ACTIVE
2024-25,21,yn3jui7nm1whgxxs,05qty,ACTIVE
2024-25,21,yn3jui7nm1whgxxs,01eo9,ACTIVE
2024-25,21,yn3jui7nm1whgxxs,05qtv,ACTIVE
2024-25,21,yn3jui7nm1whgxxs,06mjz,ACTIVE
2024-25,21,yn3jui7nm1whgxxs,027p4,ACTIVE
2024-25,21,yn3jui7nm1whgxxs,05qsl,ACTIVE
2024-25,21,yn3jui7nm1whgxxs,04ewk,ACTIVE
2024-25,21,yn3jui7nm1whgxxs,049kc,ACTIVE
2024-25,21,yn3jui7nm1whgxxs,06mk6,ACTIVE
2024-25,21,rr8dwgn0m1whgxxs,042n3,ACTIVE
2024-25,21,rr8dwgn0m1whgxxs,04ex6,ACTIVE
2024-25,21,rr8dwgn0m1whgxxs,01uyj,ACTIVE
2024-25,21,rr8dwgn0m1whgxxs,05qsq,ACTIVE
2024-25,21,rr8dwgn0m1whgxxs,0015e,ACTIVE
2024-25,21,rr8dwgn0m1whgxxs,01enh,ACTIVE
2024-25,21,rr8dwgn0m1whgxxs,042n4,ACTIVE
2024-25,21,rr8dwgn0m1whgxxs,027pg,ACTIVE
2024-25,21,rr8dwgn0m1whgxxs,02nfz,ACTIVE
2024-25,21,rr8dwgn0m1whgxxs,04qsd,ACTIVE
2024-25,21,rr8dwgn0m1whgxxs,031m0,ACTIVE
2024-25,21,rr8dwgn0m1whgxxs,03ams,ACTIVE
2024-25,21,rr8dwgn0m1whgxxs,02ng3,ACTIVE
2024-25,21,rr8dwgn0m1whgxxs,049ka,ACTIVE
2024-25,21,rr8dwgn0m1whgxxs,02ym0,ACTIVE
2024-25,21,rr8dwgn0m1whgxxs,04qrn,ACTIVE
2024-25,21,rr8dwgn0m1whgxxs,027ou,ACTIVE
2024-25,21,rr8dwgn0m1whgxxs,051pi,ACTIVE
2024-25,21,rr8dwgn0m1whgxxs,03el5,ACTIVE
2024-25,21,rr8dwgn0m1whgxxs,03al2,ACTIVE
2024-25,21,61xrt1smm1whgxxs,01eo6,ACTIVE
2024-25,21,61xrt1smm1whgxxs,03nwm,ACTIVE
2024-25,21,61xrt1smm1whgxxs,05qt4,ACTIVE
2024-25,21,61xrt1smm1whgxxs,05qug,ACTIVE
2024-25,21,61xrt1smm1whgxxs,04qse,ACTIVE
2024-25,21,61xrt1smm1whgxxs,031lv,ACTIVE
2024-25,21,61xrt1smm1whgxxs,05uig,ACTIVE
2024-25,21,61xrt1smm1whgxxs,06216,ACTIVE
2024-25,21,61xrt1smm1whgxxs,051ol,ACTIVE
2024-25,21,61xrt1smm1whgxxs,06mk1,ACTIVE
2024-25,21,61xrt1smm1whgxxs,03e6u,ACTIVE
2024-25,21,61xrt1smm1whgxxs,0527l,ACTIVE
2024-25,21,61xrt1smm1whgxxs,051on,ACTIVE
2024-25,21,61xrt1smm1whgxxs,05qtj,ACTIVE
2024-25,21,61xrt1smm1whgxxs,05qu1,ACTIVE
2024-25,21,61xrt1smm1whgxxs,027oz,ACTIVE
2024-25,21,61xrt1smm1whgxxs,027oo,ACTIVE
2024-25,21,61xrt1smm1whgxxs,0011e,ACTIVE
2024-25,21,61xrt1smm1whgxxs,06ccv,ACTIVE
2024-25,21,61xrt1smm1whgxxs,06cbx,ACTIVE
2024-25,21,7jwjf6hgm1whgxxs,06ca8,ACTIVE
2024-25,21,7jwjf6hgm1whgxxs,04qro,ACTIVE
2024-25,21,7jwjf6hgm1whgxxs,051ot,ACTIVE
2024-25,21,7jwjf6hgm1whgxxs,05uih,ACTIVE
2024-25,21,7jwjf6hgm1whgxxs,042n6,ACTIVE
2024-25,21,7jwjf6hgm1whgxxs,06cc0,ACTIVE
2024-25,21,7jwjf6hgm1whgxxs,05uj1,ACTIVE
2024-25,21,7jwjf6hgm1whgxxs,03r7z,ACTIVE
2024-25,21,7jwjf6hgm1whgxxs,051ps,ACTIVE
2024-25,21,7jwjf6hgm1whgxxs,06cdh,ACTIVE
2024-25,21,7jwjf6hgm1whgxxs,05uiu,ACTIVE
2024-25,21,7jwjf6hgm1whgxxs,06mk7,ACTIVE
2024-25,21,7jwjf6hgm1whgxxs,05uid,ACTIVE
2024-25,21,7jwjf6hgm1whgxxs,06210,ACTIVE
2024-25,21,7jwjf6hgm1whgxxs,0621g,ACTIVE
2024-25,21,7jwjf6hgm1whgxxs,05uie,ACTIVE
2024-25,21,7jwjf6hgm1whgxxs,06cc7,ACTIVE
2024-25,21,7jwjf6hgm1whgxxs,03nwl,ACTIVE
2024-25,21,7jwjf6hgm1whgxxs,0621c,ACTIVE
2024-25,21,7jwjf6hgm1whgxxs,06cby,ACTIVE
2024-25,21,c2198rgtm1whgxxs,05uip,ACTIVE
2024-25,21,c2198rgtm1whgxxs,051p8,ACTIVE
2024-25,21,c2198rgtm1whgxxs,06ccd,ACTIVE
2024-25,21,c2198rgtm1whgxxs,042nq,ACTIVE
2024-25,21,c2198rgtm1whgxxs,05qu9,ACTIVE
2024-25,21,c2198rgtm1whgxxs,02nf9,ACTIVE
2024-25,21,c2198rgtm1whgxxs,06mju,ACTIVE
2024-25,21,c2198rgtm1whgxxs,005kc,ACTIVE
2024-25,21,c2198rgtm1whgxxs,051oj,ACTIVE
2024-25,21,c2198rgtm1whgxxs,05ujc,ACTIVE
2024-25,21,c2198rgtm1whgxxs,06ccf,ACTIVE
2024-25,21,c2198rgtm1whgxxs,04ewf,ACTIVE
2024-25,21,c2198rgtm1whgxxs,06213,ACTIVE
2024-25,21,c2198rgtm1whgxxs,042nw,ACTIVE
2024-25,21,c2198rgtm1whgxxs,03al0,ACTIVE
2024-25,21,c2198rgtm1whgxxs,051p1,ACTIVE
2024-25,21,c2198rgtm1whgxxs,03e6n,ACTIVE
2024-25,21,c2198rgtm1whgxxs,027p0,ACTIVE
2024-25,21,c2198rgtm1whgxxs,031m2,ACTIVE
2024-25,21,c2198rgtm1whgxxs,04qrk,ACTIVE
2024-25,21,gxxp9rr0m1whgxxs,04ewt,ACTIVE
2024-25,21,gxxp9rr0m1whgxxs,04ewe,ACTIVE
2024-25,21,gxxp9rr0m1whgxxs,0527h,ACTIVE
2024-25,21,gxxp9rr0m1whgxxs,03ad0,ACTIVE
2024-25,21,gxxp9rr0m1whgxxs,03aq2,ACTIVE
2024-25,21,gxxp9rr0m1whgxxs,06cc1,ACTIVE
2024-25,21,gxxp9rr0m1whgxxs,06mk0,ACTIVE
2024-25,21,gxxp9rr0m1whgxxs,06cch,ACTIVE
2024-25,21,gxxp9rr0m1whgxxs,0621u,ACTIVE
2024-25,21,gxxp9rr0m1whgxxs,0621q,ACTIVE
2024-25,21,gxxp9rr0m1whgxxs,04qrr,ACTIVE
2024-25,21,gxxp9rr0m1whgxxs,05uif,ACTIVE
2024-25,21,gxxp9rr0m1whgxxs,05uic,ACTIVE
2024-25,21,gxxp9rr0m1whgxxs,06cc8,ACTIVE
2024-25,21,gxxp9rr0m1whgxxs,06cab,ACTIVE
2024-25,21,gxxp9rr0m1whgxxs,06ca7,ACTIVE
2024-25,21,gxxp9rr0m1whgxxs,06215,ACTIVE
2024-25,21,gxxp9rr0m1whgxxs,042nm,ACTIVE
2024-25,21,gxxp9rr0m1whgxxs,001aw,ACTIVE
2024-25,21,gxxp9rr0m1whgxxs,04qrj,ACTIVE
2024-25,22,f9yq112sm1whgxxs,02nf6,ACTIVE
2024-25,22,f9yq112sm1whgxxs,051op,ACTIVE
2024-25,22,f9yq112sm1whgxxs,06mk3,ACTIVE
2024-25,22,f9yq112sm1whgxxs,03nwn,ACTIVE
2024-25,22,f9yq112sm1whgxxs,01eon,ACTIVE
2024-25,22,f9yq112sm1whgxxs,04qrl,ACTIVE
2024-25,22,f9yq112sm1whgxxs,03lg1,ACTIVE
2024-25,22,f9yq112sm1whgxxs,04ewu,ACTIVE
2024-25,22,f9yq112sm1whgxxs,03e75,ACTIVE
2024-25,22,f9yq112sm1whgxxs,04ewr,ACTIVE
2024-25,22,f9yq112sm1whgxxs,042n1,ACTIVE
2024-25,22,f9yq112sm1whgxxs,04qrp,ACTIVE
2024-25,22,f9yq112sm1whgxxs,04848,ACTIVE
2024-25,22,f9yq112sm1whgxxs,05qtt,ACTIVE
2024-25,22,f9yq112sm1whgxxs,051or,ACTIVE
2024-25,22,f9yq112sm1whgxxs,03ad4,ACTIVE
2024-25,22,f9yq112sm1whgxxs,05uus,ACTIVE
2024-25,22,f9yq112sm1whgxxs,0017e,ACTIVE
2024-25,22,f9yq112sm1whgxxs,05uiq,ACTIVE
2024-25,22,f9yq112sm1whgxxs,04ex8,ACTIVE
2024-25,22,ogxmjjovm1whgxxs,03e6s,ACTIVE
2024-25,22,ogxmjjovm1whgxxs,04qru,ACTIVE
2024-25,22,ogxmjjovm1whgxxs,04ewc,ACTIVE
2024-25,22,ogxmjjovm1whgxxs,05qu0,ACTIVE
2024-25,22,ogxmjjovm1whgxxs,06cca,ACTIVE
2024-25,22,ogxmjjovm1whgxxs,04ewm,ACTIVE
2024-25,22,ogxmjjovm1whgxxs,06mjv,ACTIVE
2024-25,22,ogxmjjovm1whgxxs,0558t,ACTIVE
2024-25,22,ogxmjjovm1whgxxs,06218,ACTIVE
2024-25,22,ogxmjjovm1whgxxs,04qry,ACTIVE
2024-25,22,ogxmjjovm1whgxxs,06212,ACTIVE
2024-25,22,ogxmjjovm1whgxxs,04qs1,ACTIVE
2024-25,22,ogxmjjovm1whgxxs,03wr4,ACTIVE
2024-25,22,ogxmjjovm1whgxxs,05uii,ACTIVE
2024-25,22,ogxmjjovm1whgxxs,05uib,ACTIVE
2024-25,22,ogxmjjovm1whgxxs,0621l,ACTIVE
2024-25,22,ogxmjjovm1whgxxs,03ad3,ACTIVE
2024-25,22,ogxmjjovm1whgxxs,02nf1,ACTIVE
2024-25,22,ogxmjjovm1whgxxs,06mk9,ACTIVE
2024-25,22,ogxmjjovm1whgxxs,04qsa,ACTIVE
2024-25,22,xj5wwgasm1whgxxs,0621b,ACTIVE
2024-25,22,xj5wwgasm1whgxxs,05uj9,ACTIVE
2024-25,22,xj5wwgasm1whgxxs,05uiw,ACTIVE
2024-25,22,xj5wwgasm1whgxxs,03al1,ACTIVE
2024-25,22,xj5wwgasm1whgxxs,04ewb,ACTIVE
2024-25,22,xj5wwgasm1whgxxs,005ki,ACTIVE
2024-25,22,xj5wwgasm1whgxxs,03xmv,ACTIVE
2024-25,22,xj5wwgasm1whgxxs,06mjw,ACTIVE
2024-25,22,xj5wwgasm1whgxxs,06nz5,ACTIVE
2024-25,22,xj5wwgasm1whgxxs,06mm1,ACTIVE
2024-25,22,xj5wwgasm1whgxxs,051pb,ACTIVE
2024-25,22,xj5wwgasm1whgxxs,05qto,ACTIVE
2024-25,22,xj5wwgasm1whgxxs,06217,ACTIVE
2024-25,22,xj5wwgasm1whgxxs,06211,ACTIVE
2024-25,22,xj5wwgasm1whgxxs,05qt3,ACTIVE
2024-25,22,xj5wwgasm1whgxxs,031m4,ACTIVE
2024-25,22,xj5wwgasm1whgxxs,02nf3,ACTIVE
2024-25,22,xj5wwgasm1whgxxs,0496e,ACTIVE
2024-25,22,xj5wwgasm1whgxxs,04ewn,ACTIVE
2024-25,22,xj5wwgasm1whgxxs,03ad2,ACTIVE
2024-25,22,kom4opqfm1whgxxs,06mjt,ACTIVE
2024-25,22,kom4opqfm1whgxxs,06214,ACTIVE
2024-25,22,kom4opqfm1whgxxs,03ajv,ACTIVE
2024-25,22,kom4opqfm1whgxxs,000zv,ACTIVE
2024-25,22,kom4opqfm1whgxxs,049kd,ACTIVE
2024-25,22,kom4opqfm1whgxxs,05uir,ACTIVE
2024-25,22,kom4opqfm1whgxxs,03e74,ACTIVE
2024-25,22,kom4opqfm1whgxxs,049kb,ACTIVE
2024-25,22,kom4opqfm1whgxxs,051oh,ACTIVE
2024-25,22,kom4opqfm1whgxxs,06cdn,ACTIVE
2024-25,22,kom4opqfm1whgxxs,051p9,ACTIVE
2024-25,22,kom4opqfm1whgxxs,051pa,ACTIVE
2024-25,22,kom4opqfm1whgxxs,03byk,ACTIVE
2024-25,22,kom4opqfm1whgxxs,04kj6,ACTIVE
2024-25,22,kom4opqfm1whgxxs,03lls,ACTIVE
2024-25,22,kom4opqfm1whgxxs,03nwk,ACTIVE
2024-25,22,kom4opqfm1whgxxs,031lx,ACTIVE
2024-25,22,kom4opqfm1whgxxs,0622a,ACTIVE
2024-25,22,kom4opqfm1whgxxs,0621e,ACTIVE
2024-25,22,kom4opqfm1whgxxs,051oi,ACTIVE
2024-25,22,yn3jui7nm1whgxxs,027pe,ACTIVE
2024-25,22,yn3jui7nm1whgxxs,04azw,ACTIVE
2024-25,22,yn3jui7nm1whgxxs,02xg9,ACTIVE
2024-25,22,yn3jui7nm1whgxxs,027oj,ACTIVE
2024-25,22,yn3jui7nm1whgxxs,042nf,ACTIVE
2024-25,22,yn3jui7nm1whgxxs,042nt,ACTIVE
2024-25,22,yn3jui7nm1whgxxs,05qtr,ACTIVE
2024-25,22,yn3jui7nm1whgxxs,051os,ACTIVE
2024-25,22,yn3jui7nm1whgxxs,0621t,ACTIVE
2024-25,22,yn3jui7nm1whgxxs,04qrm,ACTIVE
2024-25,22,yn3jui7nm1whgxxs,042n7,ACTIVE
2024-25,22,yn3jui7nm1whgxxs,05qty,ACTIVE
2024-25,22,yn3jui7nm1whgxxs,01eo9,ACTIVE
2024-25,22,yn3jui7nm1whgxxs,05qtv,ACTIVE
2024-25,22,yn3jui7nm1whgxxs,06mjz,ACTIVE
2024-25,22,yn3jui7nm1whgxxs,027p4,ACTIVE
2024-25,22,yn3jui7nm1whgxxs,05qsl,ACTIVE
2024-25,22,yn3jui7nm1whgxxs,04ewk,ACTIVE
2024-25,22,yn3jui7nm1whgxxs,049kc,ACTIVE
2024-25,22,yn3jui7nm1whgxxs,06mk6,ACTIVE
2024-25,22,rr8dwgn0m1whgxxs,042n3,ACTIVE
2024-25,22,rr8dwgn0m1whgxxs,04ex6,ACTIVE
2024-25,22,rr8dwgn0m1whgxxs,01uyj,ACTIVE
2024-25,22,rr8dwgn0m1whgxxs,05qsq,ACTIVE
2024-25,22,rr8dwgn0m1whgxxs,0015e,ACTIVE
2024-25,22,rr8dwgn0m1whgxxs,01enh,ACTIVE
2024-25,22,rr8dwgn0m1whgxxs,042n4,ACTIVE
2024-25,22,rr8dwgn0m1whgxxs,027pg,ACTIVE
2024-25,22,rr8dwgn0m1whgxxs,02nfz,ACTIVE
2024-25,22,rr8dwgn0m1whgxxs,04qsd,ACTIVE
2024-25,22,rr8dwgn0m1whgxxs,031m0,ACTIVE
2024-25,22,rr8dwgn0m1whgxxs,03ams,ACTIVE
2024-25,22,rr8dwgn0m1whgxxs,02ng3,ACTIVE
2024-25,22,rr8dwgn0m1whgxxs,049ka,ACTIVE
2024-25,22,rr8dwgn0m1whgxxs,02ym0,ACTIVE
2024-25,22,rr8dwgn0m1whgxxs,04qrn,ACTIVE
2024-25,22,rr8dwgn0m1whgxxs,027ou,ACTIVE
2024-25,22,rr8dwgn0m1whgxxs,051pi,ACTIVE
2024-25,22,rr8dwgn0m1whgxxs,03el5,ACTIVE
2024-25,22,rr8dwgn0m1whgxxs,03al2,ACTIVE
2024-25,22,61xrt1smm1whgxxs,01eo6,ACTIVE
2024-25,22,61xrt1smm1whgxxs,03nwm,ACTIVE
2024-25,22,61xrt1smm1whgxxs,05qt4,ACTIVE
2024-25,22,61xrt1smm1whgxxs,05qug,ACTIVE
2024-25,22,61xrt1smm1whgxxs,04qse,ACTIVE
2024-25,22,61xrt1smm1whgxxs,031lv,ACTIVE
2024-25,22,61xrt1smm1whgxxs,05uig,ACTIVE
2024-25,22,61xrt1smm1whgxxs,06216,ACTIVE
2024-25,22,61xrt1smm1whgxxs,051ol,ACTIVE
2024-25,22,61xrt1smm1whgxxs,06mk1,ACTIVE
2024-25,22,61xrt1smm1whgxxs,03e6u,ACTIVE
2024-25,22,61xrt1smm1whgxxs,0527l,ACTIVE
2024-25,22,61xrt1smm1whgxxs,051on,ACTIVE
2024-25,22,61xrt1smm1whgxxs,05qtj,ACTIVE
2024-25,22,61xrt1smm1whgxxs,05qu1,ACTIVE
2024-25,22,61xrt1smm1whgxxs,027oz,ACTIVE
2024-25,22,61xrt1smm1whgxxs,027oo,ACTIVE
2024-25,22,61xrt1smm1whgxxs,0011e,ACTIVE
2024-25,22,61xrt1smm1whgxxs,06ccv,ACTIVE
2024-25,22,61xrt1smm1whgxxs,06cbx,ACTIVE
2024-25,22,7jwjf6hgm1whgxxs,06ca8,ACTIVE
2024-25,22,7jwjf6hgm1whgxxs,04qro,ACTIVE
2024-25,22,7jwjf6hgm1whgxxs,051ot,ACTIVE
2024-25,22,7jwjf6hgm1whgxxs,05uih,ACTIVE
2024-25,22,7jwjf6hgm1whgxxs,042n6,ACTIVE
2024-25,22,7jwjf6hgm1whgxxs,06cc0,ACTIVE
2024-25,22,7jwjf6hgm1whgxxs,05uj1,ACTIVE
2024-25,22,7jwjf6hgm1whgxxs,03r7z,ACTIVE
2024-25,22,7jwjf6hgm1whgxxs,051ps,ACTIVE
2024-25,22,7jwjf6hgm1whgxxs,06cdh,ACTIVE
2024-25,22,7jwjf6hgm1whgxxs,05uiu,ACTIVE
2024-25,22,7jwjf6hgm1whgxxs,06mk7,ACTIVE
2024-25,22,7jwjf6hgm1whgxxs,05uid,ACTIVE
2024-25,22,7jwjf6hgm1whgxxs,06210,ACTIVE
2024-25,22,7jwjf6hgm1whgxxs,0621g,ACTIVE
2024-25,22,7jwjf6hgm1whgxxs,05uie,ACTIVE
2024-25,22,7jwjf6hgm1whgxxs,06cc7,ACTIVE
2024-25,22,7jwjf6hgm1whgxxs,03nwl,ACTIVE
2024-25,22,7jwjf6hgm1whgxxs,0621c,ACTIVE
2024-25,22,7jwjf6hgm1whgxxs,06cby,ACTIVE
2024-25,22,c2198rgtm1whgxxs,05uip,ACTIVE
2024-25,22,c2198rgtm1whgxxs,051p8,ACTIVE
2024-25,22,c2198rgtm1whgxxs,06ccd,ACTIVE
2024-25,22,c2198rgtm1whgxxs,042nq,ACTIVE
2024-25,22,c2198rgtm1whgxxs,05qu9,ACTIVE
2024-25,22,c2198rgtm1whgxxs,02nf9,ACTIVE
2024-25,22,c2198rgtm1whgxxs,06mju,ACTIVE
2024-25,22,c2198rgtm1whgxxs,005kc,ACTIVE
2024-25,22,c2198rgtm1whgxxs,051oj,ACTIVE
2024-25,22,c2198rgtm1whgxxs,05ujc,ACTIVE
2024-25,22,c2198rgtm1whgxxs,06ccf,ACTIVE
2024-25,22,c2198rgtm1whgxxs,04ewf,ACTIVE
2024-25,22,c2198rgtm1whgxxs,06213,ACTIVE
2024-25,22,c2198rgtm1whgxxs,042nw,ACTIVE
2024-25,22,c2198rgtm1whgxxs,03al0,ACTIVE
2024-25,22,c2198rgtm1whgxxs,051p1,ACTIVE
2024-25,22,c2198rgtm1whgxxs,03e6n,ACTIVE
2024-25,22,c2198rgtm1whgxxs,027p0,ACTIVE
2024-25,22,c2198rgtm1whgxxs,031m2,ACTIVE
2024-25,22,c2198rgtm1whgxxs,04qrk,ACTIVE
2024-25,22,gxxp9rr0m1whgxxs,04ewt,ACTIVE
2024-25,22,gxxp9rr0m1whgxxs,04ewe,ACTIVE
2024-25,22,gxxp9rr0m1whgxxs,0527h,ACTIVE
2024-25,22,gxxp9rr0m1whgxxs,03ad0,ACTIVE
2024-25,22,gxxp9rr0m1whgxxs,03aq2,ACTIVE
2024-25,22,gxxp9rr0m1whgxxs,06cc1,ACTIVE
2024-25,22,gxxp9rr0m1whgxxs,06mk0,ACTIVE
2024-25,22,gxxp9rr0m1whgxxs,06cch,ACTIVE
2024-25,22,gxxp9rr0m1whgxxs,0621u,ACTIVE
2024-25,22,gxxp9rr0m1whgxxs,0621q,ACTIVE
2024-25,22,gxxp9rr0m1whgxxs,04qrr,ACTIVE
2024-25,22,gxxp9rr0m1whgxxs,05uif,ACTIVE
2024-25,22,gxxp9rr0m1whgxxs,05uic,ACTIVE
2024-25,22,gxxp9rr0m1whgxxs,06cc8,ACTIVE
2024-25,22,gxxp9rr0m1whgxxs,06cab,ACTIVE
2024-25,22,gxxp9rr0m1whgxxs,06ca7,ACTIVE
2024-25,22,gxxp9rr0m1whgxxs,06215,ACTIVE
2024-25,22,gxxp9rr0m1whgxxs,042nm,ACTIVE
2024-25,22,gxxp9rr0m1whgxxs,001aw,ACTIVE
2024-25,22,gxxp9rr0m1whgxxs,04qrj,ACTIVE
2024-25,23,f9yq112sm1whgxxs,02nf6,ACTIVE
2024-25,23,f9yq112sm1whgxxs,051op,ACTIVE
2024-25,23,f9yq112sm1whgxxs,06mk3,ACTIVE
2024-25,23,f9yq112sm1whgxxs,03nwn,ACTIVE
2024-25,23,f9yq112sm1whgxxs,01eon,ACTIVE
2024-25,23,f9yq112sm1whgxxs,04qrl,ACTIVE
2024-25,23,f9yq112sm1whgxxs,03lg1,ACTIVE
2024-25,23,f9yq112sm1whgxxs,04ewu,ACTIVE
2024-25,23,f9yq112sm1whgxxs,03e75,ACTIVE
2024-25,23,f9yq112sm1whgxxs,04ewr,ACTIVE
2024-25,23,f9yq112sm1whgxxs,042n1,ACTIVE
2024-25,23,f9yq112sm1whgxxs,04qrp,ACTIVE
2024-25,23,f9yq112sm1whgxxs,04848,ACTIVE
2024-25,23,f9yq112sm1whgxxs,05qtt,ACTIVE
2024-25,23,f9yq112sm1whgxxs,051or,ACTIVE
2024-25,23,f9yq112sm1whgxxs,03ad4,ACTIVE
2024-25,23,f9yq112sm1whgxxs,05uus,ACTIVE
2024-25,23,f9yq112sm1whgxxs,0017e,ACTIVE
2024-25,23,f9yq112sm1whgxxs,05uiq,ACTIVE
2024-25,23,f9yq112sm1whgxxs,04ex8,ACTIVE
2024-25,23,ogxmjjovm1whgxxs,03e6s,ACTIVE
2024-25,23,ogxmjjovm1whgxxs,04qru,ACTIVE
2024-25,23,ogxmjjovm1whgxxs,04ewc,ACTIVE
2024-25,23,ogxmjjovm1whgxxs,05qu0,ACTIVE
2024-25,23,ogxmjjovm1whgxxs,06cca,ACTIVE
2024-25,23,ogxmjjovm1whgxxs,04ewm,ACTIVE
2024-25,23,ogxmjjovm1whgxxs,06mjv,ACTIVE
2024-25,23,ogxmjjovm1whgxxs,0558t,ACTIVE
2024-25,23,ogxmjjovm1whgxxs,06218,ACTIVE
2024-25,23,ogxmjjovm1whgxxs,04qry,ACTIVE
2024-25,23,ogxmjjovm1whgxxs,06212,ACTIVE
2024-25,23,ogxmjjovm1whgxxs,04qs1,ACTIVE
2024-25,23,ogxmjjovm1whgxxs,03wr4,ACTIVE
2024-25,23,ogxmjjovm1whgxxs,05uii,ACTIVE
2024-25,23,ogxmjjovm1whgxxs,05uib,ACTIVE
2024-25,23,ogxmjjovm1whgxxs,0621l,ACTIVE
2024-25,23,ogxmjjovm1whgxxs,03ad3,ACTIVE
2024-25,23,ogxmjjovm1whgxxs,02nf1,ACTIVE
2024-25,23,ogxmjjovm1whgxxs,06mk9,ACTIVE
2024-25,23,ogxmjjovm1whgxxs,04qsa,ACTIVE
2024-25,23,xj5wwgasm1whgxxs,0621b,ACTIVE
2024-25,23,xj5wwgasm1whgxxs,05uj9,ACTIVE
2024-25,23,xj5wwgasm1whgxxs,05uiw,ACTIVE
2024-25,23,xj5wwgasm1whgxxs,03al1,ACTIVE
2024-25,23,xj5wwgasm1whgxxs,04ewb,ACTIVE
2024-25,23,xj5wwgasm1whgxxs,005ki,ACTIVE
2024-25,23,xj5wwgasm1whgxxs,03xmv,ACTIVE
2024-25,23,xj5wwgasm1whgxxs,06mjw,ACTIVE
2024-25,23,xj5wwgasm1whgxxs,06nz5,ACTIVE
2024-25,23,xj5wwgasm1whgxxs,06mm1,ACTIVE
2024-25,23,xj5wwgasm1whgxxs,051pb,ACTIVE
2024-25,23,xj5wwgasm1whgxxs,05qto,ACTIVE
2024-25,23,xj5wwgasm1whgxxs,06217,ACTIVE
2024-25,23,xj5wwgasm1whgxxs,06211,ACTIVE
2024-25,23,xj5wwgasm1whgxxs,05qt3,ACTIVE
2024-25,23,xj5wwgasm1whgxxs,031m4,ACTIVE
2024-25,23,xj5wwgasm1whgxxs,02nf3,ACTIVE
2024-25,23,xj5wwgasm1whgxxs,0496e,ACTIVE
2024-25,23,xj5wwgasm1whgxxs,04ewn,ACTIVE
2024-25,23,xj5wwgasm1whgxxs,03ad2,ACTIVE
2024-25,23,kom4opqfm1whgxxs,06mjt,ACTIVE
2024-25,23,kom4opqfm1whgxxs,06214,ACTIVE
2024-25,23,kom4opqfm1whgxxs,03ajv,ACTIVE
2024-25,23,kom4opqfm1whgxxs,000zv,ACTIVE
2024-25,23,kom4opqfm1whgxxs,049kd,ACTIVE
2024-25,23,kom4opqfm1whgxxs,05uir,ACTIVE
2024-25,23,kom4opqfm1whgxxs,03e74,ACTIVE
2024-25,23,kom4opqfm1whgxxs,049kb,ACTIVE
2024-25,23,kom4opqfm1whgxxs,051oh,ACTIVE
2024-25,23,kom4opqfm1whgxxs,06cdn,ACTIVE
2024-25,23,kom4opqfm1whgxxs,051p9,ACTIVE
2024-25,23,kom4opqfm1whgxxs,051pa,ACTIVE
2024-25,23,kom4opqfm1whgxxs,03byk,ACTIVE
2024-25,23,kom4opqfm1whgxxs,04kj6,ACTIVE
2024-25,23,kom4opqfm1whgxxs,03lls,ACTIVE
2024-25,23,kom4opqfm1whgxxs,03nwk,ACTIVE
2024-25,23,kom4opqfm1whgxxs,031lx,ACTIVE
2024-25,23,kom4opqfm1whgxxs,0622a,ACTIVE
2024-25,23,kom4opqfm1whgxxs,0621e,ACTIVE
2024-25,23,kom4opqfm1whgxxs,051oi,ACTIVE
2024-25,23,yn3jui7nm1whgxxs,027pe,ACTIVE
2024-25,23,yn3jui7nm1whgxxs,04azw,ACTIVE
2024-25,23,yn3jui7nm1whgxxs,02xg9,ACTIVE
2024-25,23,yn3jui7nm1whgxxs,027oj,ACTIVE
2024-25,23,yn3jui7nm1whgxxs,042nf,ACTIVE
2024-25,23,yn3jui7nm1whgxxs,042nt,ACTIVE
2024-25,23,yn3jui7nm1whgxxs,05qtr,ACTIVE
2024-25,23,yn3jui7nm1whgxxs,051os,ACTIVE
2024-25,23,yn3jui7nm1whgxxs,0621t,ACTIVE
2024-25,23,yn3jui7nm1whgxxs,04qrm,ACTIVE
2024-25,23,yn3jui7nm1whgxxs,042n7,ACTIVE
2024-25,23,yn3jui7nm1whgxxs,05qty,ACTIVE
2024-25,23,yn3jui7nm1whgxxs,01eo9,ACTIVE
2024-25,23,yn3jui7nm1whgxxs,05qtv,ACTIVE
2024-25,23,yn3jui7nm1whgxxs,06mjz,ACTIVE
2024-25,23,yn3jui7nm1whgxxs,027p4,ACTIVE
2024-25,23,yn3jui7nm1whgxxs,05qsl,ACTIVE
2024-25,23,yn3jui7nm1whgxxs,04ewk,ACTIVE
2024-25,23,yn3jui7nm1whgxxs,049kc,ACTIVE
2024-25,23,yn3jui7nm1whgxxs,06mk6,ACTIVE
2024-25,23,rr8dwgn0m1whgxxs,042n3,ACTIVE
2024-25,23,rr8dwgn0m1whgxxs,04ex6,ACTIVE
2024-25,23,rr8dwgn0m1whgxxs,01uyj,ACTIVE
2024-25,23,rr8dwgn0m1whgxxs,05qsq,ACTIVE
2024-25,23,rr8dwgn0m1whgxxs,0015e,ACTIVE
2024-25,23,rr8dwgn0m1whgxxs,01enh,ACTIVE
2024-25,23,rr8dwgn0m1whgxxs,042n4,ACTIVE
2024-25,23,rr8dwgn0m1whgxxs,027pg,ACTIVE
2024-25,23,rr8dwgn0m1whgxxs,02nfz,ACTIVE
2024-25,23,rr8dwgn0m1whgxxs,04qsd,ACTIVE
2024-25,23,rr8dwgn0m1whgxxs,031m0,ACTIVE
2024-25,23,rr8dwgn0m1whgxxs,03ams,ACTIVE
2024-25,23,rr8dwgn0m1whgxxs,02ng3,ACTIVE
2024-25,23,rr8dwgn0m1whgxxs,049ka,ACTIVE
2024-25,23,rr8dwgn0m1whgxxs,02ym0,ACTIVE
2024-25,23,rr8dwgn0m1whgxxs,04qrn,ACTIVE
2024-25,23,rr8dwgn0m1whgxxs,027ou,ACTIVE
2024-25,23,rr8dwgn0m1whgxxs,051pi,ACTIVE
2024-25,23,rr8dwgn0m1whgxxs,03el5,ACTIVE
2024-25,23,rr8dwgn0m1whgxxs,03al2,ACTIVE
2024-25,23,61xrt1smm1whgxxs,01eo6,ACTIVE
2024-25,23,61xrt1smm1whgxxs,03nwm,ACTIVE
2024-25,23,61xrt1smm1whgxxs,05qt4,ACTIVE
2024-25,23,61xrt1smm1whgxxs,05qug,ACTIVE
2024-25,23,61xrt1smm1whgxxs,04qse,ACTIVE
2024-25,23,61xrt1smm1whgxxs,031lv,ACTIVE
2024-25,23,61xrt1smm1whgxxs,05uig,ACTIVE
2024-25,23,61xrt1smm1whgxxs,06216,ACTIVE
2024-25,23,61xrt1smm1whgxxs,051ol,ACTIVE
2024-25,23,61xrt1smm1whgxxs,06mk1,ACTIVE
2024-25,23,61xrt1smm1whgxxs,03e6u,ACTIVE
2024-25,23,61xrt1smm1whgxxs,0527l,ACTIVE
2024-25,23,61xrt1smm1whgxxs,051on,ACTIVE
2024-25,23,61xrt1smm1whgxxs,05qtj,ACTIVE
2024-25,23,61xrt1smm1whgxxs,05qu1,ACTIVE
2024-25,23,61xrt1smm1whgxxs,027oz,ACTIVE
2024-25,23,61xrt1smm1whgxxs,027oo,ACTIVE
2024-25,23,61xrt1smm1whgxxs,0011e,ACTIVE
2024-25,23,61xrt1smm1whgxxs,06ccv,ACTIVE
2024-25,23,61xrt1smm1whgxxs,06cbx,ACTIVE
2024-25,23,7jwjf6hgm1whgxxs,06ca8,ACTIVE
2024-25,23,7jwjf6hgm1whgxxs,04qro,ACTIVE
2024-25,23,7jwjf6hgm1whgxxs,051ot,ACTIVE
2024-25,23,7jwjf6hgm1whgxxs,05uih,ACTIVE
2024-25,23,7jwjf6hgm1whgxxs,042n6,ACTIVE
2024-25,23,7jwjf6hgm1whgxxs,06cc0,ACTIVE
2024-25,23,7jwjf6hgm1whgxxs,05uj1,ACTIVE
2024-25,23,7jwjf6hgm1whgxxs,03r7z,ACTIVE
2024-25,23,7jwjf6hgm1whgxxs,051ps,ACTIVE
2024-25,23,7jwjf6hgm1whgxxs,06cdh,ACTIVE
2024-25,23,7jwjf6hgm1whgxxs,05uiu,ACTIVE
2024-25,23,7jwjf6hgm1whgxxs,06mk7,ACTIVE
2024-25,23,7jwjf6hgm1whgxxs,05uid,ACTIVE
2024-25,23,7jwjf6hgm1whgxxs,06210,ACTIVE
2024-25,23,7jwjf6hgm1whgxxs,0621g,ACTIVE
2024-25,23,7jwjf6hgm1whgxxs,05uie,ACTIVE
2024-25,23,7jwjf6hgm1whgxxs,06cc7,ACTIVE
2024-25,23,7jwjf6hgm1whgxxs,03nwl,ACTIVE
2024-25,23,7jwjf6hgm1whgxxs,0621c,ACTIVE
2024-25,23,7jwjf6hgm1whgxxs,06cby,ACTIVE
2024-25,23,c2198rgtm1whgxxs,05uip,ACTIVE
2024-25,23,c2198rgtm1whgxxs,051p8,ACTIVE
2024-25,23,c2198rgtm1whgxxs,06ccd,ACTIVE
2024-25,23,c2198rgtm1whgxxs,042nq,ACTIVE
2024-25,23,c2198rgtm1whgxxs,05qu9,ACTIVE
2024-25,23,c2198rgtm1whgxxs,02nf9,ACTIVE
2024-25,23,c2198rgtm1whgxxs,06mju,ACTIVE
2024-25,23,c2198rgtm1whgxxs,005kc,ACTIVE
2024-25,23,c2198rgtm1whgxxs,051oj,ACTIVE
2024-25,23,c2198rgtm1whgxxs,05ujc,ACTIVE
2024-25,23,c2198rgtm1whgxxs,06ccf,ACTIVE
2024-25,23,c2198rgtm1whgxxs,04ewf,ACTIVE
2024-25,23,c2198rgtm1whgxxs,06213,ACTIVE
2024-25,23,c2198rgtm1whgxxs,042nw,ACTIVE
2024-25,23,c2198rgtm1whgxxs,03al0,ACTIVE
2024-25,23,c2198rgtm1whgxxs,051p1,ACTIVE
2024-25,23,c2198rgtm1whgxxs,03e6n,ACTIVE
2024-25,23,c2198rgtm1whgxxs,027p0,ACTIVE
2024-25,23,c2198rgtm1whgxxs,031m2,ACTIVE
2024-25,23,c2198rgtm1whgxxs,04qrk,ACTIVE
2024-25,23,gxxp9rr0m1whgxxs,04ewt,ACTIVE
2024-25,23,gxxp9rr0m1whgxxs,04ewe,ACTIVE
2024-25,23,gxxp9rr0m1whgxxs,0527h,ACTIVE
2024-25,23,gxxp9rr0m1whgxxs,03ad0,ACTIVE
2024-25,23,gxxp9rr0m1whgxxs,03aq2,ACTIVE
2024-25,23,gxxp9rr0m1whgxxs,06cc1,ACTIVE
2024-25,23,gxxp9rr0m1whgxxs,06mk0,ACTIVE
2024-25,23,gxxp9rr0m1whgxxs,06cch,ACTIVE
2024-25,23,gxxp9rr0m1whgxxs,0621u,ACTIVE
2024-25,23,gxxp9rr0m1whgxxs,0621q,ACTIVE
2024-25,23,gxxp9rr0m1whgxxs,04qrr,ACTIVE
2024-25,23,gxxp9rr0m1whgxxs,05uif,ACTIVE
2024-25,23,gxxp9rr0m1whgxxs,05uic,ACTIVE
2024-25,23,gxxp9rr0m1whgxxs,06cc8,ACTIVE
2024-25,23,gxxp9rr0m1whgxxs,06cab,ACTIVE
2024-25,23,gxxp9rr0m1whgxxs,06ca7,ACTIVE
2024-25,23,gxxp9rr0m1whgxxs,06215,ACTIVE
2024-25,23,gxxp9rr0m1whgxxs,042nm,ACTIVE
2024-25,23,gxxp9rr0m1whgxxs,001aw,ACTIVE
2024-25,23,gxxp9rr0m1whgxxs,04qrj,ACTIVE
2024-25,24,f9yq112sm1whgxxs,02nf6,ACTIVE
2024-25,24,f9yq112sm1whgxxs,051op,ACTIVE
2024-25,24,f9yq112sm1whgxxs,06mk3,ACTIVE
2024-25,24,f9yq112sm1whgxxs,03nwn,ACTIVE
2024-25,24,f9yq112sm1whgxxs,01eon,ACTIVE
2024-25,24,f9yq112sm1whgxxs,04qrl,ACTIVE
2024-25,24,f9yq112sm1whgxxs,03lg1,ACTIVE
2024-25,24,f9yq112sm1whgxxs,04ewu,ACTIVE
2024-25,24,f9yq112sm1whgxxs,03e75,ACTIVE
2024-25,24,f9yq112sm1whgxxs,04ewr,ACTIVE
2024-25,24,f9yq112sm1whgxxs,042n1,ACTIVE
2024-25,24,f9yq112sm1whgxxs,04qrp,ACTIVE
2024-25,24,f9yq112sm1whgxxs,04848,ACTIVE
2024-25,24,f9yq112sm1whgxxs,05qtt,ACTIVE
2024-25,24,f9yq112sm1whgxxs,051or,ACTIVE
2024-25,24,f9yq112sm1whgxxs,03ad4,ACTIVE
2024-25,24,f9yq112sm1whgxxs,05uus,ACTIVE
2024-25,24,f9yq112sm1whgxxs,0017e,ACTIVE
2024-25,24,f9yq112sm1whgxxs,05uiq,ACTIVE
2024-25,24,f9yq112sm1whgxxs,04ex8,ACTIVE
2024-25,24,ogxmjjovm1whgxxs,03e6s,ACTIVE
2024-25,24,ogxmjjovm1whgxxs,04qru,ACTIVE
2024-25,24,ogxmjjovm1whgxxs,04ewc,ACTIVE
2024-25,24,ogxmjjovm1whgxxs,05qu0,ACTIVE
2024-25,24,ogxmjjovm1whgxxs,06cca,ACTIVE
2024-25,24,ogxmjjovm1whgxxs,04ewm,ACTIVE
2024-25,24,ogxmjjovm1whgxxs,06mjv,ACTIVE
2024-25,24,ogxmjjovm1whgxxs,0558t,ACTIVE
2024-25,24,ogxmjjovm1whgxxs,06218,ACTIVE
2024-25,24,ogxmjjovm1whgxxs,04qry,ACTIVE
2024-25,24,ogxmjjovm1whgxxs,06212,ACTIVE
2024-25,24,ogxmjjovm1whgxxs,04qs1,ACTIVE
2024-25,24,ogxmjjovm1whgxxs,03wr4,ACTIVE
2024-25,24,ogxmjjovm1whgxxs,05uii,ACTIVE
2024-25,24,ogxmjjovm1whgxxs,05uib,ACTIVE
2024-25,24,ogxmjjovm1whgxxs,0621l,ACTIVE
2024-25,24,ogxmjjovm1whgxxs,03ad3,ACTIVE
2024-25,24,ogxmjjovm1whgxxs,02nf1,ACTIVE
2024-25,24,ogxmjjovm1whgxxs,06mk9,ACTIVE
2024-25,24,ogxmjjovm1whgxxs,04qsa,ACTIVE
2024-25,24,xj5wwgasm1whgxxs,0621b,ACTIVE
2024-25,24,xj5wwgasm1whgxxs,05uj9,ACTIVE
2024-25,24,xj5wwgasm1whgxxs,05uiw,ACTIVE
2024-25,24,xj5wwgasm1whgxxs,03al1,ACTIVE
2024-25,24,xj5wwgasm1whgxxs,04ewb,ACTIVE
2024-25,24,xj5wwgasm1whgxxs,005ki,ACTIVE
2024-25,24,xj5wwgasm1whgxxs,03xmv,ACTIVE
2024-25,24,xj5wwgasm1whgxxs,06mjw,ACTIVE
2024-25,24,xj5wwgasm1whgxxs,06nz5,ACTIVE
2024-25,24,xj5wwgasm1whgxxs,06mm1,ACTIVE
2024-25,24,xj5wwgasm1whgxxs,051pb,ACTIVE
2024-25,24,xj5wwgasm1whgxxs,05qto,ACTIVE
2024-25,24,xj5wwgasm1whgxxs,06217,ACTIVE
2024-25,24,xj5wwgasm1whgxxs,06211,ACTIVE
2024-25,24,xj5wwgasm1whgxxs,05qt3,ACTIVE
2024-25,24,xj5wwgasm1whgxxs,031m4,ACTIVE
2024-25,24,xj5wwgasm1whgxxs,02nf3,ACTIVE
2024-25,24,xj5wwgasm1whgxxs,0496e,ACTIVE
2024-25,24,xj5wwgasm1whgxxs,04ewn,ACTIVE
2024-25,24,xj5wwgasm1whgxxs,03ad2,ACTIVE
2024-25,24,kom4opqfm1whgxxs,06mjt,ACTIVE
2024-25,24,kom4opqfm1whgxxs,06214,ACTIVE
2024-25,24,kom4opqfm1whgxxs,03ajv,ACTIVE
2024-25,24,kom4opqfm1whgxxs,000zv,ACTIVE
2024-25,24,kom4opqfm1whgxxs,049kd,ACTIVE
2024-25,24,kom4opqfm1whgxxs,05uir,ACTIVE
2024-25,24,kom4opqfm1whgxxs,03e74,ACTIVE
2024-25,24,kom4opqfm1whgxxs,049kb,ACTIVE
2024-25,24,kom4opqfm1whgxxs,051oh,ACTIVE
2024-25,24,kom4opqfm1whgxxs,06cdn,ACTIVE
2024-25,24,kom4opqfm1whgxxs,051p9,ACTIVE
2024-25,24,kom4opqfm1whgxxs,051pa,ACTIVE
2024-25,24,kom4opqfm1whgxxs,03byk,ACTIVE
2024-25,24,kom4opqfm1whgxxs,04kj6,ACTIVE
2024-25,24,kom4opqfm1whgxxs,03lls,ACTIVE
2024-25,24,kom4opqfm1whgxxs,03nwk,ACTIVE
2024-25,24,kom4opqfm1whgxxs,031lx,ACTIVE
2024-25,24,kom4opqfm1whgxxs,0622a,ACTIVE
2024-25,24,kom4opqfm1whgxxs,0621e,ACTIVE
2024-25,24,kom4opqfm1whgxxs,051oi,ACTIVE
2024-25,24,yn3jui7nm1whgxxs,027pe,ACTIVE
2024-25,24,yn3jui7nm1whgxxs,04azw,ACTIVE
2024-25,24,yn3jui7nm1whgxxs,02xg9,ACTIVE
2024-25,24,yn3jui7nm1whgxxs,027oj,ACTIVE
2024-25,24,yn3jui7nm1whgxxs,042nf,ACTIVE
2024-25,24,yn3jui7nm1whgxxs,042nt,ACTIVE
2024-25,24,yn3jui7nm1whgxxs,05qtr,ACTIVE
2024-25,24,yn3jui7nm1whgxxs,051os,ACTIVE
2024-25,24,yn3jui7nm1whgxxs,0621t,ACTIVE
2024-25,24,yn3jui7nm1whgxxs,04qrm,ACTIVE
2024-25,24,yn3jui7nm1whgxxs,042n7,ACTIVE
2024-25,24,yn3jui7nm1whgxxs,05qty,ACTIVE
2024-25,24,yn3jui7nm1whgxxs,01eo9,ACTIVE
2024-25,24,yn3jui7nm1whgxxs,05qtv,ACTIVE
2024-25,24,yn3jui7nm1whgxxs,06mjz,ACTIVE
2024-25,24,yn3jui7nm1whgxxs,027p4,ACTIVE
2024-25,24,yn3jui7nm1whgxxs,05qsl,ACTIVE
2024-25,24,yn3jui7nm1whgxxs,04ewk,ACTIVE
2024-25,24,yn3jui7nm1whgxxs,049kc,ACTIVE
2024-25,24,yn3jui7nm1whgxxs,06mk6,ACTIVE
2024-25,24,rr8dwgn0m1whgxxs,042n3,ACTIVE
2024-25,24,rr8dwgn0m1whgxxs,04ex6,ACTIVE
2024-25,24,rr8dwgn0m1whgxxs,01uyj,ACTIVE
2024-25,24,rr8dwgn0m1whgxxs,05qsq,ACTIVE
2024-25,24,rr8dwgn0m1whgxxs,0015e,ACTIVE
2024-25,24,rr8dwgn0m1whgxxs,01enh,ACTIVE
2024-25,24,rr8dwgn0m1whgxxs,042n4,ACTIVE
2024-25,24,rr8dwgn0m1whgxxs,027pg,ACTIVE
2024-25,24,rr8dwgn0m1whgxxs,02nfz,ACTIVE
2024-25,24,rr8dwgn0m1whgxxs,04qsd,ACTIVE
2024-25,24,rr8dwgn0m1whgxxs,031m0,ACTIVE
2024-25,24,rr8dwgn0m1whgxxs,03ams,ACTIVE
2024-25,24,rr8dwgn0m1whgxxs,02ng3,ACTIVE
2024-25,24,rr8dwgn0m1whgxxs,049ka,ACTIVE
2024-25,24,rr8dwgn0m1whgxxs,02ym0,ACTIVE
2024-25,24,rr8dwgn0m1whgxxs,04qrn,ACTIVE
2024-25,24,rr8dwgn0m1whgxxs,027ou,ACTIVE
2024-25,24,rr8dwgn0m1whgxxs,051pi,ACTIVE
2024-25,24,rr8dwgn0m1whgxxs,03el5,ACTIVE
2024-25,24,rr8dwgn0m1whgxxs,03al2,ACTIVE
2024-25,24,61xrt1smm1whgxxs,01eo6,ACTIVE
2024-25,24,61xrt1smm1whgxxs,03nwm,ACTIVE
2024-25,24,61xrt1smm1whgxxs,05qt4,ACTIVE
2024-25,24,61xrt1smm1whgxxs,05qug,ACTIVE
2024-25,24,61xrt1smm1whgxxs,04qse,ACTIVE
2024-25,24,61xrt1smm1whgxxs,031lv,ACTIVE
2024-25,24,61xrt1smm1whgxxs,05uig,ACTIVE
2024-25,24,61xrt1smm1whgxxs,06216,ACTIVE
2024-25,24,61xrt1smm1whgxxs,051ol,ACTIVE
2024-25,24,61xrt1smm1whgxxs,06mk1,ACTIVE
2024-25,24,61xrt1smm1whgxxs,03e6u,ACTIVE
2024-25,24,61xrt1smm1whgxxs,0527l,ACTIVE
2024-25,24,61xrt1smm1whgxxs,051on,ACTIVE
2024-25,24,61xrt1smm1whgxxs,05qtj,ACTIVE
2024-25,24,61xrt1smm1whgxxs,05qu1,ACTIVE
2024-25,24,61xrt1smm1whgxxs,027oz,ACTIVE
2024-25,24,61xrt1smm1whgxxs,027oo,ACTIVE
2024-25,24,61xrt1smm1whgxxs,0011e,ACTIVE
2024-25,24,61xrt1smm1whgxxs,06ccv,ACTIVE
2024-25,24,61xrt1smm1whgxxs,06cbx,ACTIVE
2024-25,24,7jwjf6hgm1whgxxs,06ca8,ACTIVE
2024-25,24,7jwjf6hgm1whgxxs,04qro,ACTIVE
2024-25,24,7jwjf6hgm1whgxxs,051ot,ACTIVE
2024-25,24,7jwjf6hgm1whgxxs,05uih,ACTIVE
2024-25,24,7jwjf6hgm1whgxxs,042n6,ACTIVE
2024-25,24,7jwjf6hgm1whgxxs,06cc0,ACTIVE
2024-25,24,7jwjf6hgm1whgxxs,05uj1,ACTIVE
2024-25,24,7jwjf6hgm1whgxxs,03r7z,ACTIVE
2024-25,24,7jwjf6hgm1whgxxs,051ps,ACTIVE
2024-25,24,7jwjf6hgm1whgxxs,06cdh,ACTIVE
2024-25,24,7jwjf6hgm1whgxxs,05uiu,ACTIVE
2024-25,24,7jwjf6hgm1whgxxs,06mk7,ACTIVE
2024-25,24,7jwjf6hgm1whgxxs,05uid,ACTIVE
2024-25,24,7jwjf6hgm1whgxxs,06210,ACTIVE
2024-25,24,7jwjf6hgm1whgxxs,0621g,ACTIVE
2024-25,24,7jwjf6hgm1whgxxs,05uie,ACTIVE
2024-25,24,7jwjf6hgm1whgxxs,06cc7,ACTIVE
2024-25,24,7jwjf6hgm1whgxxs,03nwl,ACTIVE
2024-25,24,7jwjf6hgm1whgxxs,0621c,ACTIVE
2024-25,24,7jwjf6hgm1whgxxs,06cby,ACTIVE
2024-25,24,c2198rgtm1whgxxs,05uip,ACTIVE
2024-25,24,c2198rgtm1whgxxs,051p8,ACTIVE
2024-25,24,c2198rgtm1whgxxs,06ccd,ACTIVE
2024-25,24,c2198rgtm1whgxxs,042nq,ACTIVE
2024-25,24,c2198rgtm1whgxxs,05qu9,ACTIVE
2024-25,24,c2198rgtm1whgxxs,02nf9,ACTIVE
2024-25,24,c2198rgtm1whgxxs,06mju,ACTIVE
2024-25,24,c2198rgtm1whgxxs,005kc,ACTIVE
2024-25,24,c2198rgtm1whgxxs,051oj,ACTIVE
2024-25,24,c2198rgtm1whgxxs,05ujc,ACTIVE
2024-25,24,c2198rgtm1whgxxs,06ccf,ACTIVE
2024-25,24,c2198rgtm1whgxxs,04ewf,ACTIVE
2024-25,24,c2198rgtm1whgxxs,06213,ACTIVE
2024-25,24,c2198rgtm1whgxxs,042nw,ACTIVE
2024-25,24,c2198rgtm1whgxxs,03al0,ACTIVE
2024-25,24,c2198rgtm1whgxxs,051p1,ACTIVE
2024-25,24,c2198rgtm1whgxxs,03e6n,ACTIVE
2024-25,24,c2198rgtm1whgxxs,027p0,ACTIVE
2024-25,24,c2198rgtm1whgxxs,031m2,ACTIVE
2024-25,24,c2198rgtm1whgxxs,04qrk,ACTIVE
2024-25,24,gxxp9rr0m1whgxxs,04ewt,ACTIVE
2024-25,24,gxxp9rr0m1whgxxs,04ewe,ACTIVE
2024-25,24,gxxp9rr0m1whgxxs,0527h,ACTIVE
2024-25,24,gxxp9rr0m1whgxxs,03ad0,ACTIVE
2024-25,24,gxxp9rr0m1whgxxs,03aq2,ACTIVE
2024-25,24,gxxp9rr0m1whgxxs,06cc1,ACTIVE
2024-25,24,gxxp9rr0m1whgxxs,06mk0,ACTIVE
2024-25,24,gxxp9rr0m1whgxxs,06cch,ACTIVE
2024-25,24,gxxp9rr0m1whgxxs,0621u,ACTIVE
2024-25,24,gxxp9rr0m1whgxxs,0621q,ACTIVE
2024-25,24,gxxp9rr0m1whgxxs,04qrr,ACTIVE
2024-25,24,gxxp9rr0m1whgxxs,05uif,ACTIVE
2024-25,24,gxxp9rr0m1whgxxs,05uic,ACTIVE
2024-25,24,gxxp9rr0m1whgxxs,06cc8,ACTIVE
2024-25,24,gxxp9rr0m1whgxxs,06cab,ACTIVE
2024-25,24,gxxp9rr0m1whgxxs,06ca7,ACTIVE
2024-25,24,gxxp9rr0m1whgxxs,06215,ACTIVE
2024-25,24,gxxp9rr0m1whgxxs,042nm,ACTIVE
2024-25,24,gxxp9rr0m1whgxxs,001aw,ACTIVE
2024-25,24,gxxp9rr0m1whgxxs,04qrj,ACTIVE
2024-25,25,f9yq112sm1whgxxs,02nf6,ACTIVE
2024-25,25,f9yq112sm1whgxxs,051op,ACTIVE
2024-25,25,f9yq112sm1whgxxs,06mk3,ACTIVE
2024-25,25,f9yq112sm1whgxxs,03nwn,ACTIVE
2024-25,25,f9yq112sm1whgxxs,01eon,ACTIVE
2024-25,25,f9yq112sm1whgxxs,04qrl,ACTIVE
2024-25,25,f9yq112sm1whgxxs,03lg1,ACTIVE
2024-25,25,f9yq112sm1whgxxs,04ewu,ACTIVE
2024-25,25,f9yq112sm1whgxxs,03e75,ACTIVE
2024-25,25,f9yq112sm1whgxxs,04ewr,ACTIVE
2024-25,25,f9yq112sm1whgxxs,042n1,ACTIVE
2024-25,25,f9yq112sm1whgxxs,04qrp,ACTIVE
2024-25,25,f9yq112sm1whgxxs,04848,ACTIVE
2024-25,25,f9yq112sm1whgxxs,05qtt,ACTIVE
2024-25,25,f9yq112sm1whgxxs,051or,ACTIVE
2024-25,25,f9yq112sm1whgxxs,03ad4,ACTIVE
2024-25,25,f9yq112sm1whgxxs,05uus,ACTIVE
2024-25,25,f9yq112sm1whgxxs,0017e,ACTIVE
2024-25,25,f9yq112sm1whgxxs,05uiq,ACTIVE
2024-25,25,f9yq112sm1whgxxs,04ex8,ACTIVE
2024-25,25,ogxmjjovm1whgxxs,03e6s,ACTIVE
2024-25,25,ogxmjjovm1whgxxs,04qru,ACTIVE
2024-25,25,ogxmjjovm1whgxxs,04ewc,ACTIVE
2024-25,25,ogxmjjovm1whgxxs,05qu0,ACTIVE
2024-25,25,ogxmjjovm1whgxxs,06cca,ACTIVE
2024-25,25,ogxmjjovm1whgxxs,04ewm,ACTIVE
2024-25,25,ogxmjjovm1whgxxs,06mjv,ACTIVE
2024-25,25,ogxmjjovm1whgxxs,0558t,ACTIVE
2024-25,25,ogxmjjovm1whgxxs,06218,ACTIVE
2024-25,25,ogxmjjovm1whgxxs,04qry,ACTIVE
2024-25,25,ogxmjjovm1whgxxs,06212,ACTIVE
2024-25,25,ogxmjjovm1whgxxs,04qs1,ACTIVE
2024-25,25,ogxmjjovm1whgxxs,03wr4,ACTIVE
2024-25,25,ogxmjjovm1whgxxs,05uii,ACTIVE
2024-25,25,ogxmjjovm1whgxxs,05uib,ACTIVE
2024-25,25,ogxmjjovm1whgxxs,0621l,ACTIVE
2024-25,25,ogxmjjovm1whgxxs,03ad3,ACTIVE
2024-25,25,ogxmjjovm1whgxxs,02nf1,ACTIVE
2024-25,25,ogxmjjovm1whgxxs,06mk9,ACTIVE
2024-25,25,ogxmjjovm1whgxxs,04qsa,ACTIVE
2024-25,25,xj5wwgasm1whgxxs,0621b,ACTIVE
2024-25,25,xj5wwgasm1whgxxs,05uj9,ACTIVE
2024-25,25,xj5wwgasm1whgxxs,05uiw,ACTIVE
2024-25,25,xj5wwgasm1whgxxs,03al1,ACTIVE
2024-25,25,xj5wwgasm1whgxxs,04ewb,ACTIVE
2024-25,25,xj5wwgasm1whgxxs,005ki,ACTIVE
2024-25,25,xj5wwgasm1whgxxs,03xmv,ACTIVE
2024-25,25,xj5wwgasm1whgxxs,06mjw,ACTIVE
2024-25,25,xj5wwgasm1whgxxs,06nz5,ACTIVE
2024-25,25,xj5wwgasm1whgxxs,06mm1,ACTIVE
2024-25,25,xj5wwgasm1whgxxs,051pb,ACTIVE
2024-25,25,xj5wwgasm1whgxxs,05qto,ACTIVE
2024-25,25,xj5wwgasm1whgxxs,06217,ACTIVE
2024-25,25,xj5wwgasm1whgxxs,06211,ACTIVE
2024-25,25,xj5wwgasm1whgxxs,05qt3,ACTIVE
2024-25,25,xj5wwgasm1whgxxs,031m4,ACTIVE
2024-25,25,xj5wwgasm1whgxxs,02nf3,ACTIVE
2024-25,25,xj5wwgasm1whgxxs,0496e,ACTIVE
2024-25,25,xj5wwgasm1whgxxs,04ewn,ACTIVE
2024-25,25,xj5wwgasm1whgxxs,03ad2,ACTIVE
2024-25,25,kom4opqfm1whgxxs,06mjt,ACTIVE
2024-25,25,kom4opqfm1whgxxs,06214,ACTIVE
2024-25,25,kom4opqfm1whgxxs,03ajv,ACTIVE
2024-25,25,kom4opqfm1whgxxs,000zv,ACTIVE
2024-25,25,kom4opqfm1whgxxs,049kd,ACTIVE
2024-25,25,kom4opqfm1whgxxs,05uir,ACTIVE
2024-25,25,kom4opqfm1whgxxs,03e74,ACTIVE
2024-25,25,kom4opqfm1whgxxs,049kb,ACTIVE
2024-25,25,kom4opqfm1whgxxs,051oh,ACTIVE
2024-25,25,kom4opqfm1whgxxs,06cdn,ACTIVE
2024-25,25,kom4opqfm1whgxxs,051p9,ACTIVE
2024-25,25,kom4opqfm1whgxxs,051pa,ACTIVE
2024-25,25,kom4opqfm1whgxxs,03byk,ACTIVE
2024-25,25,kom4opqfm1whgxxs,04kj6,ACTIVE
2024-25,25,kom4opqfm1whgxxs,03lls,ACTIVE
2024-25,25,kom4opqfm1whgxxs,03nwk,ACTIVE
2024-25,25,kom4opqfm1whgxxs,031lx,ACTIVE
2024-25,25,kom4opqfm1whgxxs,0622a,ACTIVE
2024-25,25,kom4opqfm1whgxxs,0621e,ACTIVE
2024-25,25,kom4opqfm1whgxxs,051oi,ACTIVE
2024-25,25,yn3jui7nm1whgxxs,027pe,ACTIVE
2024-25,25,yn3jui7nm1whgxxs,04azw,ACTIVE
2024-25,25,yn3jui7nm1whgxxs,02xg9,ACTIVE
2024-25,25,yn3jui7nm1whgxxs,027oj,ACTIVE
2024-25,25,yn3jui7nm1whgxxs,042nf,ACTIVE
2024-25,25,yn3jui7nm1whgxxs,042nt,ACTIVE
2024-25,25,yn3jui7nm1whgxxs,05qtr,ACTIVE
2024-25,25,yn3jui7nm1whgxxs,051os,ACTIVE
2024-25,25,yn3jui7nm1whgxxs,0621t,ACTIVE
2024-25,25,yn3jui7nm1whgxxs,04qrm,ACTIVE
2024-25,25,yn3jui7nm1whgxxs,042n7,ACTIVE
2024-25,25,yn3jui7nm1whgxxs,05qty,ACTIVE
2024-25,25,yn3jui7nm1whgxxs,01eo9,ACTIVE
2024-25,25,yn3jui7nm1whgxxs,05qtv,ACTIVE
2024-25,25,yn3jui7nm1whgxxs,06mjz,ACTIVE
2024-25,25,yn3jui7nm1whgxxs,027p4,ACTIVE
2024-25,25,yn3jui7nm1whgxxs,05qsl,ACTIVE
2024-25,25,yn3jui7nm1whgxxs,04ewk,ACTIVE
2024-25,25,yn3jui7nm1whgxxs,049kc,ACTIVE
2024-25,25,yn3jui7nm1whgxxs,06mk6,ACTIVE
2024-25,25,rr8dwgn0m1whgxxs,042n3,ACTIVE
2024-25,25,rr8dwgn0m1whgxxs,04ex6,ACTIVE
2024-25,25,rr8dwgn0m1whgxxs,01uyj,ACTIVE
2024-25,25,rr8dwgn0m1whgxxs,05qsq,ACTIVE
2024-25,25,rr8dwgn0m1whgxxs,0015e,ACTIVE
2024-25,25,rr8dwgn0m1whgxxs,01enh,ACTIVE
2024-25,25,rr8dwgn0m1whgxxs,042n4,ACTIVE
2024-25,25,rr8dwgn0m1whgxxs,027pg,ACTIVE
2024-25,25,rr8dwgn0m1whgxxs,02nfz,ACTIVE
2024-25,25,rr8dwgn0m1whgxxs,04qsd,ACTIVE
2024-25,25,rr8dwgn0m1whgxxs,031m0,ACTIVE
2024-25,25,rr8dwgn0m1whgxxs,03ams,ACTIVE
2024-25,25,rr8dwgn0m1whgxxs,02ng3,ACTIVE
2024-25,25,rr8dwgn0m1whgxxs,049ka,ACTIVE
2024-25,25,rr8dwgn0m1whgxxs,02ym0,ACTIVE
2024-25,25,rr8dwgn0m1whgxxs,04qrn,ACTIVE
2024-25,25,rr8dwgn0m1whgxxs,027ou,ACTIVE
2024-25,25,rr8dwgn0m1whgxxs,051pi,ACTIVE
2024-25,25,rr8dwgn0m1whgxxs,03el5,ACTIVE
2024-25,25,rr8dwgn0m1whgxxs,03al2,ACTIVE
2024-25,25,61xrt1smm1whgxxs,01eo6,ACTIVE
2024-25,25,61xrt1smm1whgxxs,03nwm,ACTIVE
2024-25,25,61xrt1smm1whgxxs,05qt4,ACTIVE
2024-25,25,61xrt1smm1whgxxs,05qug,ACTIVE
2024-25,25,61xrt1smm1whgxxs,04qse,ACTIVE
2024-25,25,61xrt1smm1whgxxs,031lv,ACTIVE
2024-25,25,61xrt1smm1whgxxs,05uig,ACTIVE
2024-25,25,61xrt1smm1whgxxs,06216,ACTIVE
2024-25,25,61xrt1smm1whgxxs,051ol,ACTIVE
2024-25,25,61xrt1smm1whgxxs,06mk1,ACTIVE
2024-25,25,61xrt1smm1whgxxs,03e6u,ACTIVE
2024-25,25,61xrt1smm1whgxxs,0527l,ACTIVE
2024-25,25,61xrt1smm1whgxxs,051on,ACTIVE
2024-25,25,61xrt1smm1whgxxs,05qtj,ACTIVE
2024-25,25,61xrt1smm1whgxxs,05qu1,ACTIVE
2024-25,25,61xrt1smm1whgxxs,027oz,ACTIVE
2024-25,25,61xrt1smm1whgxxs,027oo,ACTIVE
2024-25,25,61xrt1smm1whgxxs,0011e,ACTIVE
2024-25,25,61xrt1smm1whgxxs,06ccv,ACTIVE
2024-25,25,61xrt1smm1whgxxs,06cbx,ACTIVE
2024-25,25,7jwjf6hgm1whgxxs,06ca8,ACTIVE
2024-25,25,7jwjf6hgm1whgxxs,04qro,ACTIVE
2024-25,25,7jwjf6hgm1whgxxs,051ot,ACTIVE
2024-25,25,7jwjf6hgm1whgxxs,05uih,ACTIVE
2024-25,25,7jwjf6hgm1whgxxs,042n6,ACTIVE
2024-25,25,7jwjf6hgm1whgxxs,06cc0,ACTIVE
2024-25,25,7jwjf6hgm1whgxxs,05uj1,ACTIVE
2024-25,25,7jwjf6hgm1whgxxs,03r7z,ACTIVE
2024-25,25,7jwjf6hgm1whgxxs,051ps,ACTIVE
2024-25,25,7jwjf6hgm1whgxxs,06cdh,ACTIVE
2024-25,25,7jwjf6hgm1whgxxs,05uiu,ACTIVE
2024-25,25,7jwjf6hgm1whgxxs,06mk7,ACTIVE
2024-25,25,7jwjf6hgm1whgxxs,05uid,ACTIVE
2024-25,25,7jwjf6hgm1whgxxs,06210,ACTIVE
2024-25,25,7jwjf6hgm1whgxxs,0621g,ACTIVE
2024-25,25,7jwjf6hgm1whgxxs,05uie,ACTIVE
2024-25,25,7jwjf6hgm1whgxxs,06cc7,ACTIVE
2024-25,25,7jwjf6hgm1whgxxs,03nwl,ACTIVE
2024-25,25,7jwjf6hgm1whgxxs,0621c,ACTIVE
2024-25,25,7jwjf6hgm1whgxxs,06cby,ACTIVE
2024-25,25,c2198rgtm1whgxxs,05uip,ACTIVE
2024-25,25,c2198rgtm1whgxxs,051p8,ACTIVE
2024-25,25,c2198rgtm1whgxxs,06ccd,ACTIVE
2024-25,25,c2198rgtm1whgxxs,042nq,ACTIVE
2024-25,25,c2198rgtm1whgxxs,05qu9,ACTIVE
2024-25,25,c2198rgtm1whgxxs,02nf9,ACTIVE
2024-25,25,c2198rgtm1whgxxs,06mju,ACTIVE
2024-25,25,c2198rgtm1whgxxs,005kc,ACTIVE
2024-25,25,c2198rgtm1whgxxs,051oj,ACTIVE
2024-25,25,c2198rgtm1whgxxs,05ujc,ACTIVE
2024-25,25,c2198rgtm1whgxxs,06ccf,ACTIVE
2024-25,25,c2198rgtm1whgxxs,04ewf,ACTIVE
2024-25,25,c2198rgtm1whgxxs,06213,ACTIVE
2024-25,25,c2198rgtm1whgxxs,042nw,ACTIVE
2024-25,25,c2198rgtm1whgxxs,03al0,ACTIVE
2024-25,25,c2198rgtm1whgxxs,051p1,ACTIVE
2024-25,25,c2198rgtm1whgxxs,03e6n,ACTIVE
2024-25,25,c2198rgtm1whgxxs,027p0,ACTIVE
2024-25,25,c2198rgtm1whgxxs,031m2,ACTIVE
2024-25,25,c2198rgtm1whgxxs,04qrk,ACTIVE
2024-25,25,gxxp9rr0m1whgxxs,04ewt,ACTIVE
2024-25,25,gxxp9rr0m1whgxxs,04ewe,ACTIVE
2024-25,25,gxxp9rr0m1whgxxs,0527h,ACTIVE
2024-25,25,gxxp9rr0m1whgxxs,03ad0,ACTIVE
2024-25,25,gxxp9rr0m1whgxxs,03aq2,ACTIVE
2024-25,25,gxxp9rr0m1whgxxs,06cc1,ACTIVE
2024-25,25,gxxp9rr0m1whgxxs,06mk0,ACTIVE
2024-25,25,gxxp9rr0m1whgxxs,06cch,ACTIVE
2024-25,25,gxxp9rr0m1whgxxs,0621u,ACTIVE
2024-25,25,gxxp9rr0m1whgxxs,0621q,ACTIVE
2024-25,25,gxxp9rr0m1whgxxs,04qrr,ACTIVE
2024-25,25,gxxp9rr0m1whgxxs,05uif,ACTIVE
2024-25,25,gxxp9rr0m1whgxxs,05uic,ACTIVE
2024-25,25,gxxp9rr0m1whgxxs,06cc8,ACTIVE
2024-25,25,gxxp9rr0m1whgxxs,06cab,ACTIVE
2024-25,25,gxxp9rr0m1whgxxs,06ca7,ACTIVE
2024-25,25,gxxp9rr0m1whgxxs,06215,ACTIVE
2024-25,25,gxxp9rr0m1whgxxs,042nm,ACTIVE
2024-25,25,gxxp9rr0m1whgxxs,001aw,ACTIVE
2024-25,25,gxxp9rr0m1whgxxs,04qrj,ACTIVE
2025-26,1,qxb6cn3omd8zja6h,031m2,ACTIVE
2025-26,1,qxb6cn3omd8zja6h,05qsx,ACTIVE
2025-26,1,qxb6cn3omd8zja6h,06212,ACTIVE
2025-26,1,qxb6cn3omd8zja6h,02xg9,ACTIVE
2025-26,1,qxb6cn3omd8zja6h,051oj,ACTIVE
2025-26,1,qxb6cn3omd8zja6h,05qtl,ACTIVE
2025-26,1,qxb6cn3omd8zja6h,051ot,ACTIVE
2025-26,1,qxb6cn3omd8zja6h,04ex6,ACTIVE
2025-26,1,qxb6cn3omd8zja6h,05qt1,ACTIVE
2025-26,1,qxb6cn3omd8zja6h,051pi,ACTIVE
2025-26,1,qxb6cn3omd8zja6h,04ewr,ACTIVE
2025-26,1,qxb6cn3omd8zja6h,05ujc,ACTIVE
2025-26,1,qxb6cn3omd8zja6h,04qsa,ACTIVE
2025-26,1,qxb6cn3omd8zja6h,06214,ACTIVE
2025-26,1,qxb6cn3omd8zja6h,05qtr,ACTIVE
2025-26,1,qxb6cn3omd8zja6h,05ujq,ACTIVE
2025-26,1,qxb6cn3omd8zja6h,04qrj,ACTIVE
2025-26,1,qxb6cn3omd8zja6h,03aq2,ACTIVE
2025-26,1,qxb6cn3omd8zja6h,06mk8,ACTIVE
2025-26,1,qxb6cn3omd8zja6h,04qrr,ACTIVE
2025-26,1,mjm1574cmd8zja6n,05uiq,ACTIVE
2025-26,1,mjm1574cmd8zja6n,04ewn,ACTIVE
2025-26,1,mjm1574cmd8zja6n,05uig,ACTIVE
2025-26,1,mjm1574cmd8zja6n,05qtj,ACTIVE
2025-26,1,mjm1574cmd8zja6n,01uyj,ACTIVE
2025-26,1,mjm1574cmd8zja6n,042n1,ACTIVE
2025-26,1,mjm1574cmd8zja6n,05uii,ACTIVE
2025-26,1,mjm1574cmd8zja6n,02nfz,ACTIVE
2025-26,1,mjm1574cmd8zja6n,06cc7,ACTIVE
2025-26,1,mjm1574cmd8zja6n,01eo6,ACTIVE
2025-26,1,mjm1574cmd8zja6n,027oj,ACTIVE
2025-26,1,mjm1574cmd8zja6n,03el5,ACTIVE
2025-26,1,mjm1574cmd8zja6n,06217,ACTIVE
2025-26,1,mjm1574cmd8zja6n,06v5n,ACTIVE
2025-26,1,mjm1574cmd8zja6n,0621q,ACTIVE
2025-26,1,mjm1574cmd8zja6n,000zv,ACTIVE
2025-26,1,mjm1574cmd8zja6n,01eo9,ACTIVE
2025-26,1,mjm1574cmd8zja6n,02nf3,ACTIVE
2025-26,1,mjm1574cmd8zja6n,042n7,ACTIVE
2025-26,1,mjm1574cmd8zja6n,042nq,ACTIVE
2025-26,1,sha0v3f8md8zja6k,06v5r,ACTIVE
2025-26,1,sha0v3f8md8zja6k,04qrn,ACTIVE
2025-26,1,sha0v3f8md8zja6k,04ewm,ACTIVE
2025-26,1,sha0v3f8md8zja6k,06v5a,ACTIVE
2025-26,1,sha0v3f8md8zja6k,03xmv,ACTIVE
2025-26,1,sha0v3f8md8zja6k,06226,ACTIVE
2025-26,1,sha0v3f8md8zja6k,06mkd,ACTIVE
2025-26,1,sha0v3f8md8zja6k,05uj4,ACTIVE
2025-26,1,sha0v3f8md8zja6k,04qsd,ACTIVE
2025-26,1,sha0v3f8md8zja6k,06mk6,ACTIVE
2025-26,1,sha0v3f8md8zja6k,04qrm,ACTIVE
2025-26,1,sha0v3f8md8zja6k,04qrp,ACTIVE
2025-26,1,sha0v3f8md8zja6k,04qro,ACTIVE
2025-26,1,sha0v3f8md8zja6k,05uie,ACTIVE
2025-26,1,sha0v3f8md8zja6k,04ewf,ACTIVE
2025-26,1,sha0v3f8md8zja6k,06v58,ACTIVE
2025-26,1,sha0v3f8md8zja6k,06cd4,ACTIVE
2025-26,1,sha0v3f8md8zja6k,05ujd,ACTIVE
2025-26,1,sha0v3f8md8zja6k,042nf,ACTIVE
2025-26,1,sha0v3f8md8zja6k,051on,ACTIVE
2025-26,1,8htzhjs2md8zja6l,06211,ACTIVE
2025-26,1,8htzhjs2md8zja6l,06mjv,ACTIVE
2025-26,1,8htzhjs2md8zja6l,06mjw,ACTIVE
2025-26,1,8htzhjs2md8zja6l,05uup,ACTIVE
2025-26,1,8htzhjs2md8zja6l,05qug,ACTIVE
2025-26,1,8htzhjs2md8zja6l,03al2,ACTIVE
2025-26,1,8htzhjs2md8zja6l,05qsq,ACTIVE
2025-26,1,8htzhjs2md8zja6l,0621k,ACTIVE
2025-26,1,8htzhjs2md8zja6l,03xmt,ACTIVE
2025-26,1,8htzhjs2md8zja6l,005kc,ACTIVE
2025-26,1,8htzhjs2md8zja6l,06mkg,ACTIVE
2025-26,1,8htzhjs2md8zja6l,04ewu,ACTIVE
2025-26,1,8htzhjs2md8zja6l,03al0,ACTIVE
2025-26,1,8htzhjs2md8zja6l,03lls,ACTIVE
2025-26,1,8htzhjs2md8zja6l,06ccf,ACTIVE
2025-26,1,8htzhjs2md8zja6l,04azw,ACTIVE
2025-26,1,8htzhjs2md8zja6l,02ym0,ACTIVE
2025-26,1,8htzhjs2md8zja6l,0011e,ACTIVE
2025-26,1,8htzhjs2md8zja6l,06cc1,ACTIVE
2025-26,1,8htzhjs2md8zja6l,06218,ACTIVE
2025-26,1,7kj0njiwmd8zja6g,001aw,ACTIVE
2025-26,1,7kj0njiwmd8zja6g,0621l,ACTIVE
2025-26,1,7kj0njiwmd8zja6g,04ewt,ACTIVE
2025-26,1,7kj0njiwmd8zja6g,06v5h,ACTIVE
2025-26,1,7kj0njiwmd8zja6g,02nf1,ACTIVE
2025-26,1,7kj0njiwmd8zja6g,03ad4,ACTIVE
2025-26,1,7kj0njiwmd8zja6g,0621e,ACTIVE
2025-26,1,7kj0njiwmd8zja6g,02ng3,ACTIVE
2025-26,1,7kj0njiwmd8zja6g,051oi,ACTIVE
2025-26,1,7kj0njiwmd8zja6g,04qrk,ACTIVE
2025-26,1,7kj0njiwmd8zja6g,06cca,ACTIVE
2025-26,1,7kj0njiwmd8zja6g,049kd,ACTIVE
2025-26,1,7kj0njiwmd8zja6g,05uj9,ACTIVE
2025-26,1,7kj0njiwmd8zja6g,0496e,ACTIVE
2025-26,1,7kj0njiwmd8zja6g,0623a,ACTIVE
2025-26,1,7kj0njiwmd8zja6g,05uif,ACTIVE
2025-26,1,7kj0njiwmd8zja6g,05uiw,ACTIVE
2025-26,1,7kj0njiwmd8zja6g,051os,ACTIVE
2025-26,1,7kj0njiwmd8zja6g,049ka,ACTIVE
2025-26,1,7kj0njiwmd8zja6g,06cby,ACTIVE
2025-26,1,nmbx4rkzmd8zja6m,06cac,ACTIVE
2025-26,1,nmbx4rkzmd8zja6m,05qto,ACTIVE
2025-26,1,nmbx4rkzmd8zja6m,06cc8,ACTIVE
2025-26,1,nmbx4rkzmd8zja6m,06mkj,ACTIVE
2025-26,1,nmbx4rkzmd8zja6m,06ca8,ACTIVE
2025-26,1,nmbx4rkzmd8zja6m,05uih,ACTIVE
2025-26,1,nmbx4rkzmd8zja6m,03ad3,ACTIVE
2025-26,1,nmbx4rkzmd8zja6m,06mln,ACTIVE
2025-26,1,nmbx4rkzmd8zja6m,051oh,ACTIVE
2025-26,1,nmbx4rkzmd8zja6m,05qtt,ACTIVE
2025-26,1,nmbx4rkzmd8zja6m,05uir,ACTIVE
2025-26,1,nmbx4rkzmd8zja6m,05uiz,ACTIVE
2025-26,1,nmbx4rkzmd8zja6m,05qu0,ACTIVE
2025-26,1,nmbx4rkzmd8zja6m,06cbz,ACTIVE
2025-26,1,nmbx4rkzmd8zja6m,06mk3,ACTIVE
2025-26,1,nmbx4rkzmd8zja6m,027oz,ACTIVE
2025-26,1,nmbx4rkzmd8zja6m,03r7z,ACTIVE
2025-26,1,nmbx4rkzmd8zja6m,03nwm,ACTIVE
2025-26,1,nmbx4rkzmd8zja6m,06mju,ACTIVE
2025-26,1,nmbx4rkzmd8zja6m,051ol,ACTIVE
2025-26,1,mp3txfdsmd8zja6i,06v57,ACTIVE
2025-26,1,mp3txfdsmd8zja6i,042n4,ACTIVE
2025-26,1,mp3txfdsmd8zja6i,051p9,ACTIVE
2025-26,1,mp3txfdsmd8zja6i,03ad2,ACTIVE
2025-26,1,mp3txfdsmd8zja6i,03e75,ACTIVE
2025-26,1,mp3txfdsmd8zja6i,042nm,ACTIVE
2025-26,1,mp3txfdsmd8zja6i,04ewk,ACTIVE
2025-26,1,mp3txfdsmd8zja6i,027pe,ACTIVE
2025-26,1,mp3txfdsmd8zja6i,06mll,ACTIVE
2025-26,1,mp3txfdsmd8zja6i,05uic,ACTIVE
2025-26,1,mp3txfdsmd8zja6i,06mkl,ACTIVE
2025-26,1,mp3txfdsmd8zja6i,03nwk,ACTIVE
2025-26,1,mp3txfdsmd8zja6i,04qs1,ACTIVE
2025-26,1,mp3txfdsmd8zja6i,051op,ACTIVE
2025-26,1,mp3txfdsmd8zja6i,05ujt,ACTIVE
2025-26,1,mp3txfdsmd8zja6i,051pb,ACTIVE
2025-26,1,mp3txfdsmd8zja6i,06mk7,ACTIVE
2025-26,1,mp3txfdsmd8zja6i,04qse,ACTIVE
2025-26,1,mp3txfdsmd8zja6i,049kc,ACTIVE
2025-26,1,mp3txfdsmd8zja6i,06v56,ACTIVE
2025-26,1,q86f43pcmd8zja6k,027oo,ACTIVE
2025-26,1,q86f43pcmd8zja6k,0015e,ACTIVE
2025-26,1,q86f43pcmd8zja6k,049kb,ACTIVE
2025-26,1,q86f43pcmd8zja6k,027p4,ACTIVE
2025-26,1,q86f43pcmd8zja6k,0527h,ACTIVE
2025-26,1,q86f43pcmd8zja6k,051p8,ACTIVE
2025-26,1,q86f43pcmd8zja6k,04qru,ACTIVE
2025-26,1,q86f43pcmd8zja6k,03wr4,ACTIVE
2025-26,1,q86f43pcmd8zja6k,027ou,ACTIVE
2025-26,1,q86f43pcmd8zja6k,031lx,ACTIVE
2025-26,1,q86f43pcmd8zja6k,027p0,ACTIVE
2025-26,1,q86f43pcmd8zja6k,06mle,ACTIVE
2025-26,1,q86f43pcmd8zja6k,04kj6,ACTIVE
2025-26,1,q86f43pcmd8zja6k,01eon,ACTIVE
2025-26,1,q86f43pcmd8zja6k,06213,ACTIVE
2025-26,1,q86f43pcmd8zja6k,03ajv,ACTIVE
2025-26,1,q86f43pcmd8zja6k,042n3,ACTIVE
2025-26,1,q86f43pcmd8zja6k,03ams,ACTIVE
2025-26,1,q86f43pcmd8zja6k,04qrl,ACTIVE
2025-26,1,q86f43pcmd8zja6k,05uij,ACTIVE
2025-26,1,nmlbr2ppmd8zja6n,05qtv,ACTIVE
2025-26,1,nmlbr2ppmd8zja6n,06mjt,ACTIVE
2025-26,1,nmlbr2ppmd8zja6n,06v5e,ACTIVE
2025-26,1,nmlbr2ppmd8zja6n,06v5g,ACTIVE
2025-26,1,nmlbr2ppmd8zja6n,0621c,ACTIVE
2025-26,1,nmlbr2ppmd8zja6n,01enh,ACTIVE
2025-26,1,nmlbr2ppmd8zja6n,05uug,ACTIVE
2025-26,1,nmlbr2ppmd8zja6n,05uj1,ACTIVE
2025-26,1,nmlbr2ppmd8zja6n,06mjz,ACTIVE
2025-26,1,nmlbr2ppmd8zja6n,06215,ACTIVE
2025-26,1,nmlbr2ppmd8zja6n,06cdn,ACTIVE
2025-26,1,nmlbr2ppmd8zja6n,05uid,ACTIVE
2025-26,1,nmlbr2ppmd8zja6n,05uib,ACTIVE
2025-26,1,nmlbr2ppmd8zja6n,0621b,ACTIVE
2025-26,1,nmlbr2ppmd8zja6n,0621g,ACTIVE
2025-26,1,nmlbr2ppmd8zja6n,05qt4,ACTIVE
2025-26,1,nmlbr2ppmd8zja6n,042nt,ACTIVE
2025-26,1,nmlbr2ppmd8zja6n,05qt3,ACTIVE
2025-26,1,nmlbr2ppmd8zja6n,06v5k,ACTIVE
2025-26,1,nmlbr2ppmd8zja6n,0621u,ACTIVE
2025-26,1,mm10q3fvmd8zja6j,06v80,ACTIVE
2025-26,1,mm10q3fvmd8zja6j,05uus,ACTIVE
2025-26,1,mm10q3fvmd8zja6j,05uiu,ACTIVE
2025-26,1,mm10q3fvmd8zja6j,031m4,ACTIVE
2025-26,1,mm10q3fvmd8zja6j,06mk1,ACTIVE
2025-26,1,mm10q3fvmd8zja6j,051pa,ACTIVE
2025-26,1,mm10q3fvmd8zja6j,04ewe,ACTIVE
2025-26,1,mm10q3fvmd8zja6j,051or,ACTIVE
2025-26,1,mm10q3fvmd8zja6j,06v5y,ACTIVE
2025-26,1,mm10q3fvmd8zja6j,06ca7,ACTIVE
2025-26,1,mm10q3fvmd8zja6j,06cch,ACTIVE
2025-26,1,mm10q3fvmd8zja6j,03nwn,ACTIVE
2025-26,1,mm10q3fvmd8zja6j,06216,ACTIVE
2025-26,1,mm10q3fvmd8zja6j,06210,ACTIVE
2025-26,1,mm10q3fvmd8zja6j,042n6,ACTIVE
2025-26,1,mm10q3fvmd8zja6j,05qu9,ACTIVE
2025-26,1,mm10q3fvmd8zja6j,06v5l,ACTIVE
2025-26,1,mm10q3fvmd8zja6j,0017e,ACTIVE
2025-26,1,mm10q3fvmd8zja6j,051ok,ACTIVE
2025-26,1,mm10q3fvmd8zja6j,04ex8,ACTIVE
2025-26,2,qxb6cn3omd8zja6h,031m2,ACTIVE
2025-26,2,qxb6cn3omd8zja6h,05qsx,ACTIVE
2025-26,2,qxb6cn3omd8zja6h,06212,ACTIVE
2025-26,2,qxb6cn3omd8zja6h,02xg9,ACTIVE
2025-26,2,qxb6cn3omd8zja6h,051oj,ACTIVE
2025-26,2,qxb6cn3omd8zja6h,05qtl,ACTIVE
2025-26,2,qxb6cn3omd8zja6h,051ot,ACTIVE
2025-26,2,qxb6cn3omd8zja6h,04ex6,ACTIVE
2025-26,2,qxb6cn3omd8zja6h,05qt1,ACTIVE
2025-26,2,qxb6cn3omd8zja6h,051pi,ACTIVE
2025-26,2,qxb6cn3omd8zja6h,04ewr,ACTIVE
2025-26,2,qxb6cn3omd8zja6h,05ujc,ACTIVE
2025-26,2,qxb6cn3omd8zja6h,04qsa,ACTIVE
2025-26,2,qxb6cn3omd8zja6h,06214,ACTIVE
2025-26,2,qxb6cn3omd8zja6h,05qtr,ACTIVE
2025-26,2,qxb6cn3omd8zja6h,05ujq,ACTIVE
2025-26,2,qxb6cn3omd8zja6h,04qrj,ACTIVE
2025-26,2,qxb6cn3omd8zja6h,03aq2,ACTIVE
2025-26,2,qxb6cn3omd8zja6h,06mk8,ACTIVE
2025-26,2,qxb6cn3omd8zja6h,04qrr,ACTIVE
2025-26,2,mjm1574cmd8zja6n,05uiq,ACTIVE
2025-26,2,mjm1574cmd8zja6n,04ewn,ACTIVE
2025-26,2,mjm1574cmd8zja6n,05uig,ACTIVE
2025-26,2,mjm1574cmd8zja6n,05qtj,ACTIVE
2025-26,2,mjm1574cmd8zja6n,01uyj,ACTIVE
2025-26,2,mjm1574cmd8zja6n,042n1,ACTIVE
2025-26,2,mjm1574cmd8zja6n,05uii,ACTIVE
2025-26,2,mjm1574cmd8zja6n,02nfz,ACTIVE
2025-26,2,mjm1574cmd8zja6n,06cc7,ACTIVE
2025-26,2,mjm1574cmd8zja6n,01eo6,ACTIVE
2025-26,2,mjm1574cmd8zja6n,027oj,ACTIVE
2025-26,2,mjm1574cmd8zja6n,03el5,ACTIVE
2025-26,2,mjm1574cmd8zja6n,06217,ACTIVE
2025-26,2,mjm1574cmd8zja6n,06v5n,ACTIVE
2025-26,2,mjm1574cmd8zja6n,0621q,ACTIVE
2025-26,2,mjm1574cmd8zja6n,000zv,ACTIVE
2025-26,2,mjm1574cmd8zja6n,01eo9,ACTIVE
2025-26,2,mjm1574cmd8zja6n,02nf3,ACTIVE
2025-26,2,mjm1574cmd8zja6n,042n7,ACTIVE
2025-26,2,mjm1574cmd8zja6n,042nq,ACTIVE
2025-26,2,sha0v3f8md8zja6k,06v5r,ACTIVE
2025-26,2,sha0v3f8md8zja6k,04qrn,ACTIVE
2025-26,2,sha0v3f8md8zja6k,04ewm,ACTIVE
2025-26,2,sha0v3f8md8zja6k,06v5a,ACTIVE
2025-26,2,sha0v3f8md8zja6k,03xmv,ACTIVE
2025-26,2,sha0v3f8md8zja6k,06226,ACTIVE
2025-26,2,sha0v3f8md8zja6k,06mkd,ACTIVE
2025-26,2,sha0v3f8md8zja6k,05uj4,ACTIVE
2025-26,2,sha0v3f8md8zja6k,04qsd,ACTIVE
2025-26,2,sha0v3f8md8zja6k,06mk6,ACTIVE
2025-26,2,sha0v3f8md8zja6k,04qrm,ACTIVE
2025-26,2,sha0v3f8md8zja6k,04qrp,ACTIVE
2025-26,2,sha0v3f8md8zja6k,04qro,ACTIVE
2025-26,2,sha0v3f8md8zja6k,05uie,ACTIVE
2025-26,2,sha0v3f8md8zja6k,04ewf,ACTIVE
2025-26,2,sha0v3f8md8zja6k,06v58,ACTIVE
2025-26,2,sha0v3f8md8zja6k,06cd4,ACTIVE
2025-26,2,sha0v3f8md8zja6k,05ujd,ACTIVE
2025-26,2,sha0v3f8md8zja6k,042nf,ACTIVE
2025-26,2,sha0v3f8md8zja6k,051on,ACTIVE
2025-26,2,8htzhjs2md8zja6l,06211,ACTIVE
2025-26,2,8htzhjs2md8zja6l,06mjv,ACTIVE
2025-26,2,8htzhjs2md8zja6l,06mjw,ACTIVE
2025-26,2,8htzhjs2md8zja6l,05uup,ACTIVE
2025-26,2,8htzhjs2md8zja6l,05qug,ACTIVE
2025-26,2,8htzhjs2md8zja6l,03al2,ACTIVE
2025-26,2,8htzhjs2md8zja6l,05qsq,ACTIVE
2025-26,2,8htzhjs2md8zja6l,0621k,ACTIVE
2025-26,2,8htzhjs2md8zja6l,03xmt,ACTIVE
2025-26,2,8htzhjs2md8zja6l,005kc,ACTIVE
2025-26,2,8htzhjs2md8zja6l,06mkg,ACTIVE
2025-26,2,8htzhjs2md8zja6l,04ewu,ACTIVE
2025-26,2,8htzhjs2md8zja6l,03al0,ACTIVE
2025-26,2,8htzhjs2md8zja6l,03lls,ACTIVE
2025-26,2,8htzhjs2md8zja6l,06ccf,ACTIVE
2025-26,2,8htzhjs2md8zja6l,04azw,ACTIVE
2025-26,2,8htzhjs2md8zja6l,02ym0,ACTIVE
2025-26,2,8htzhjs2md8zja6l,0011e,ACTIVE
2025-26,2,8htzhjs2md8zja6l,06cc1,ACTIVE
2025-26,2,8htzhjs2md8zja6l,06218,ACTIVE
2025-26,2,7kj0njiwmd8zja6g,001aw,ACTIVE
2025-26,2,7kj0njiwmd8zja6g,0621l,ACTIVE
2025-26,2,7kj0njiwmd8zja6g,04ewt,ACTIVE
2025-26,2,7kj0njiwmd8zja6g,06v5h,ACTIVE
2025-26,2,7kj0njiwmd8zja6g,02nf1,ACTIVE
2025-26,2,7kj0njiwmd8zja6g,03ad4,ACTIVE
2025-26,2,7kj0njiwmd8zja6g,0621e,ACTIVE
2025-26,2,7kj0njiwmd8zja6g,02ng3,ACTIVE
2025-26,2,7kj0njiwmd8zja6g,051oi,ACTIVE
2025-26,2,7kj0njiwmd8zja6g,04qrk,ACTIVE
2025-26,2,7kj0njiwmd8zja6g,06cca,ACTIVE
2025-26,2,7kj0njiwmd8zja6g,049kd,ACTIVE
2025-26,2,7kj0njiwmd8zja6g,05uj9,ACTIVE
2025-26,2,7kj0njiwmd8zja6g,0496e,ACTIVE
2025-26,2,7kj0njiwmd8zja6g,0623a,ACTIVE
2025-26,2,7kj0njiwmd8zja6g,05uif,ACTIVE
2025-26,2,7kj0njiwmd8zja6g,05uiw,ACTIVE
2025-26,2,7kj0njiwmd8zja6g,051os,ACTIVE
2025-26,2,7kj0njiwmd8zja6g,049ka,ACTIVE
2025-26,2,7kj0njiwmd8zja6g,06cby,ACTIVE
2025-26,2,nmbx4rkzmd8zja6m,06cac,ACTIVE
2025-26,2,nmbx4rkzmd8zja6m,05qto,ACTIVE
2025-26,2,nmbx4rkzmd8zja6m,06cc8,ACTIVE
2025-26,2,nmbx4rkzmd8zja6m,06mkj,ACTIVE
2025-26,2,nmbx4rkzmd8zja6m,06ca8,ACTIVE
2025-26,2,nmbx4rkzmd8zja6m,05uih,ACTIVE
2025-26,2,nmbx4rkzmd8zja6m,03ad3,ACTIVE
2025-26,2,nmbx4rkzmd8zja6m,06mln,ACTIVE
2025-26,2,nmbx4rkzmd8zja6m,051oh,ACTIVE
2025-26,2,nmbx4rkzmd8zja6m,05qtt,ACTIVE
2025-26,2,nmbx4rkzmd8zja6m,05uir,ACTIVE
2025-26,2,nmbx4rkzmd8zja6m,05uiz,ACTIVE
2025-26,2,nmbx4rkzmd8zja6m,05qu0,ACTIVE
2025-26,2,nmbx4rkzmd8zja6m,06cbz,ACTIVE
2025-26,2,nmbx4rkzmd8zja6m,06mk3,ACTIVE
2025-26,2,nmbx4rkzmd8zja6m,027oz,ACTIVE
2025-26,2,nmbx4rkzmd8zja6m,03r7z,ACTIVE
2025-26,2,nmbx4rkzmd8zja6m,03nwm,ACTIVE
2025-26,2,nmbx4rkzmd8zja6m,06mju,ACTIVE
2025-26,2,nmbx4rkzmd8zja6m,051ol,ACTIVE
2025-26,2,mp3txfdsmd8zja6i,06v57,ACTIVE
2025-26,2,mp3txfdsmd8zja6i,042n4,ACTIVE
2025-26,2,mp3txfdsmd8zja6i,051p9,ACTIVE
2025-26,2,mp3txfdsmd8zja6i,03ad2,ACTIVE
2025-26,2,mp3txfdsmd8zja6i,03e75,ACTIVE
2025-26,2,mp3txfdsmd8zja6i,042nm,ACTIVE
2025-26,2,mp3txfdsmd8zja6i,04ewk,ACTIVE
2025-26,2,mp3txfdsmd8zja6i,027pe,ACTIVE
2025-26,2,mp3txfdsmd8zja6i,06mll,ACTIVE
2025-26,2,mp3txfdsmd8zja6i,05uic,ACTIVE
2025-26,2,mp3txfdsmd8zja6i,06mkl,ACTIVE
2025-26,2,mp3txfdsmd8zja6i,03nwk,ACTIVE
2025-26,2,mp3txfdsmd8zja6i,04qs1,ACTIVE
2025-26,2,mp3txfdsmd8zja6i,051op,ACTIVE
2025-26,2,mp3txfdsmd8zja6i,05ujt,ACTIVE
2025-26,2,mp3txfdsmd8zja6i,051pb,ACTIVE
2025-26,2,mp3txfdsmd8zja6i,06mk7,ACTIVE
2025-26,2,mp3txfdsmd8zja6i,04qse,ACTIVE
2025-26,2,mp3txfdsmd8zja6i,049kc,ACTIVE
2025-26,2,mp3txfdsmd8zja6i,06v56,ACTIVE
2025-26,2,q86f43pcmd8zja6k,027oo,ACTIVE
2025-26,2,q86f43pcmd8zja6k,0015e,ACTIVE
2025-26,2,q86f43pcmd8zja6k,049kb,ACTIVE
2025-26,2,q86f43pcmd8zja6k,027p4,ACTIVE
2025-26,2,q86f43pcmd8zja6k,0527h,ACTIVE
2025-26,2,q86f43pcmd8zja6k,051p8,ACTIVE
2025-26,2,q86f43pcmd8zja6k,04qru,ACTIVE
2025-26,2,q86f43pcmd8zja6k,03wr4,ACTIVE
2025-26,2,q86f43pcmd8zja6k,027ou,ACTIVE
2025-26,2,q86f43pcmd8zja6k,031lx,ACTIVE
2025-26,2,q86f43pcmd8zja6k,027p0,ACTIVE
2025-26,2,q86f43pcmd8zja6k,06mle,ACTIVE
2025-26,2,q86f43pcmd8zja6k,04kj6,ACTIVE
2025-26,2,q86f43pcmd8zja6k,01eon,ACTIVE
2025-26,2,q86f43pcmd8zja6k,06213,ACTIVE
2025-26,2,q86f43pcmd8zja6k,03ajv,ACTIVE
2025-26,2,q86f43pcmd8zja6k,042n3,ACTIVE
2025-26,2,q86f43pcmd8zja6k,03ams,ACTIVE
2025-26,2,q86f43pcmd8zja6k,04qrl,ACTIVE
2025-26,2,q86f43pcmd8zja6k,05uij,ACTIVE
2025-26,2,nmlbr2ppmd8zja6n,05qtv,ACTIVE
2025-26,2,nmlbr2ppmd8zja6n,06mjt,ACTIVE
2025-26,2,nmlbr2ppmd8zja6n,06v5e,ACTIVE
2025-26,2,nmlbr2ppmd8zja6n,06v5g,ACTIVE
2025-26,2,nmlbr2ppmd8zja6n,0621c,ACTIVE
2025-26,2,nmlbr2ppmd8zja6n,01enh,ACTIVE
2025-26,2,nmlbr2ppmd8zja6n,05uug,ACTIVE
2025-26,2,nmlbr2ppmd8zja6n,05uj1,ACTIVE
2025-26,2,nmlbr2ppmd8zja6n,06mjz,ACTIVE
2025-26,2,nmlbr2ppmd8zja6n,06215,ACTIVE
2025-26,2,nmlbr2ppmd8zja6n,06cdn,ACTIVE
2025-26,2,nmlbr2ppmd8zja6n,05uid,ACTIVE
2025-26,2,nmlbr2ppmd8zja6n,05uib,ACTIVE
2025-26,2,nmlbr2ppmd8zja6n,0621b,ACTIVE
2025-26,2,nmlbr2ppmd8zja6n,0621g,ACTIVE
2025-26,2,nmlbr2ppmd8zja6n,05qt4,ACTIVE
2025-26,2,nmlbr2ppmd8zja6n,042nt,ACTIVE
2025-26,2,nmlbr2ppmd8zja6n,05qt3,ACTIVE
2025-26,2,nmlbr2ppmd8zja6n,06v5k,ACTIVE
2025-26,2,nmlbr2ppmd8zja6n,0621u,ACTIVE
2025-26,2,mm10q3fvmd8zja6j,06v80,ACTIVE
2025-26,2,mm10q3fvmd8zja6j,05uus,ACTIVE
2025-26,2,mm10q3fvmd8zja6j,05uiu,ACTIVE
2025-26,2,mm10q3fvmd8zja6j,031m4,ACTIVE
2025-26,2,mm10q3fvmd8zja6j,06mk1,ACTIVE
2025-26,2,mm10q3fvmd8zja6j,051pa,ACTIVE
2025-26,2,mm10q3fvmd8zja6j,04ewe,ACTIVE
2025-26,2,mm10q3fvmd8zja6j,051or,ACTIVE
2025-26,2,mm10q3fvmd8zja6j,06v5y,ACTIVE
2025-26,2,mm10q3fvmd8zja6j,06ca7,ACTIVE
2025-26,2,mm10q3fvmd8zja6j,06cch,ACTIVE
2025-26,2,mm10q3fvmd8zja6j,03nwn,ACTIVE
2025-26,2,mm10q3fvmd8zja6j,06216,ACTIVE
2025-26,2,mm10q3fvmd8zja6j,06210,ACTIVE
2025-26,2,mm10q3fvmd8zja6j,042n6,ACTIVE
2025-26,2,mm10q3fvmd8zja6j,05qu9,ACTIVE
2025-26,2,mm10q3fvmd8zja6j,06v5l,ACTIVE
2025-26,2,mm10q3fvmd8zja6j,0017e,ACTIVE
2025-26,2,mm10q3fvmd8zja6j,051ok,ACTIVE
2025-26,2,mm10q3fvmd8zja6j,04ex8,ACTIVE
2025-26,3,qxb6cn3omd8zja6h,031m2,ACTIVE
2025-26,3,qxb6cn3omd8zja6h,05qsx,ACTIVE
2025-26,3,qxb6cn3omd8zja6h,06212,ACTIVE
2025-26,3,qxb6cn3omd8zja6h,02xg9,ACTIVE
2025-26,3,qxb6cn3omd8zja6h,051oj,ACTIVE
2025-26,3,qxb6cn3omd8zja6h,05qtl,ACTIVE
2025-26,3,qxb6cn3omd8zja6h,051ot,ACTIVE
2025-26,3,qxb6cn3omd8zja6h,04ex6,ACTIVE
2025-26,3,qxb6cn3omd8zja6h,05qt1,ACTIVE
2025-26,3,qxb6cn3omd8zja6h,051pi,ACTIVE
2025-26,3,qxb6cn3omd8zja6h,04ewr,ACTIVE
2025-26,3,qxb6cn3omd8zja6h,05ujc,ACTIVE
2025-26,3,qxb6cn3omd8zja6h,04qsa,ACTIVE
2025-26,3,qxb6cn3omd8zja6h,06214,ACTIVE
2025-26,3,qxb6cn3omd8zja6h,05qtr,ACTIVE
2025-26,3,qxb6cn3omd8zja6h,05ujq,ACTIVE
2025-26,3,qxb6cn3omd8zja6h,04qrj,ACTIVE
2025-26,3,qxb6cn3omd8zja6h,03aq2,ACTIVE
2025-26,3,qxb6cn3omd8zja6h,06mk8,ACTIVE
2025-26,3,qxb6cn3omd8zja6h,04qrr,ACTIVE
2025-26,3,mjm1574cmd8zja6n,05uiq,ACTIVE
2025-26,3,mjm1574cmd8zja6n,04ewn,ACTIVE
2025-26,3,mjm1574cmd8zja6n,05uig,ACTIVE
2025-26,3,mjm1574cmd8zja6n,05qtj,ACTIVE
2025-26,3,mjm1574cmd8zja6n,01uyj,ACTIVE
2025-26,3,mjm1574cmd8zja6n,042n1,ACTIVE
2025-26,3,mjm1574cmd8zja6n,05uii,ACTIVE
2025-26,3,mjm1574cmd8zja6n,02nfz,ACTIVE
2025-26,3,mjm1574cmd8zja6n,06cc7,ACTIVE
2025-26,3,mjm1574cmd8zja6n,01eo6,ACTIVE
2025-26,3,mjm1574cmd8zja6n,027oj,ACTIVE
2025-26,3,mjm1574cmd8zja6n,03el5,ACTIVE
2025-26,3,mjm1574cmd8zja6n,06217,ACTIVE
2025-26,3,mjm1574cmd8zja6n,06v5n,ACTIVE
2025-26,3,mjm1574cmd8zja6n,0621q,ACTIVE
2025-26,3,mjm1574cmd8zja6n,000zv,ACTIVE
2025-26,3,mjm1574cmd8zja6n,01eo9,ACTIVE
2025-26,3,mjm1574cmd8zja6n,02nf3,ACTIVE
2025-26,3,mjm1574cmd8zja6n,042n7,ACTIVE
2025-26,3,mjm1574cmd8zja6n,042nq,ACTIVE
2025-26,3,sha0v3f8md8zja6k,06v5r,ACTIVE
2025-26,3,sha0v3f8md8zja6k,04qrn,ACTIVE
2025-26,3,sha0v3f8md8zja6k,04ewm,ACTIVE
2025-26,3,sha0v3f8md8zja6k,06v5a,ACTIVE
2025-26,3,sha0v3f8md8zja6k,03xmv,ACTIVE
2025-26,3,sha0v3f8md8zja6k,06226,ACTIVE
2025-26,3,sha0v3f8md8zja6k,06mkd,ACTIVE
2025-26,3,sha0v3f8md8zja6k,05uj4,ACTIVE
2025-26,3,sha0v3f8md8zja6k,04qsd,ACTIVE
2025-26,3,sha0v3f8md8zja6k,06mk6,ACTIVE
2025-26,3,sha0v3f8md8zja6k,04qrm,ACTIVE
2025-26,3,sha0v3f8md8zja6k,04qrp,ACTIVE
2025-26,3,sha0v3f8md8zja6k,04qro,ACTIVE
2025-26,3,sha0v3f8md8zja6k,05uie,ACTIVE
2025-26,3,sha0v3f8md8zja6k,04ewf,ACTIVE
2025-26,3,sha0v3f8md8zja6k,06v58,ACTIVE
2025-26,3,sha0v3f8md8zja6k,06cd4,ACTIVE
2025-26,3,sha0v3f8md8zja6k,05ujd,ACTIVE
2025-26,3,sha0v3f8md8zja6k,042nf,ACTIVE
2025-26,3,sha0v3f8md8zja6k,051on,ACTIVE
2025-26,3,8htzhjs2md8zja6l,06211,ACTIVE
2025-26,3,8htzhjs2md8zja6l,06mjv,ACTIVE
2025-26,3,8htzhjs2md8zja6l,06mjw,ACTIVE
2025-26,3,8htzhjs2md8zja6l,05uup,ACTIVE
2025-26,3,8htzhjs2md8zja6l,05qug,ACTIVE
2025-26,3,8htzhjs2md8zja6l,03al2,ACTIVE
2025-26,3,8htzhjs2md8zja6l,05qsq,ACTIVE
2025-26,3,8htzhjs2md8zja6l,0621k,ACTIVE
2025-26,3,8htzhjs2md8zja6l,03xmt,ACTIVE
2025-26,3,8htzhjs2md8zja6l,005kc,ACTIVE
2025-26,3,8htzhjs2md8zja6l,06mkg,ACTIVE
2025-26,3,8htzhjs2md8zja6l,04ewu,ACTIVE
2025-26,3,8htzhjs2md8zja6l,03al0,ACTIVE
2025-26,3,8htzhjs2md8zja6l,03lls,ACTIVE
2025-26,3,8htzhjs2md8zja6l,06ccf,ACTIVE
2025-26,3,8htzhjs2md8zja6l,04azw,ACTIVE
2025-26,3,8htzhjs2md8zja6l,02ym0,ACTIVE
2025-26,3,8htzhjs2md8zja6l,0011e,ACTIVE
2025-26,3,8htzhjs2md8zja6l,06cc1,ACTIVE
2025-26,3,8htzhjs2md8zja6l,06218,ACTIVE
2025-26,3,7kj0njiwmd8zja6g,001aw,ACTIVE
2025-26,3,7kj0njiwmd8zja6g,0621l,ACTIVE
2025-26,3,7kj0njiwmd8zja6g,04ewt,ACTIVE
2025-26,3,7kj0njiwmd8zja6g,06v5h,ACTIVE
2025-26,3,7kj0njiwmd8zja6g,02nf1,ACTIVE
2025-26,3,7kj0njiwmd8zja6g,03ad4,ACTIVE
2025-26,3,7kj0njiwmd8zja6g,0621e,ACTIVE
2025-26,3,7kj0njiwmd8zja6g,02ng3,ACTIVE
2025-26,3,7kj0njiwmd8zja6g,051oi,ACTIVE
2025-26,3,7kj0njiwmd8zja6g,04qrk,ACTIVE
2025-26,3,7kj0njiwmd8zja6g,06cca,ACTIVE
2025-26,3,7kj0njiwmd8zja6g,049kd,ACTIVE
2025-26,3,7kj0njiwmd8zja6g,05uj9,ACTIVE
2025-26,3,7kj0njiwmd8zja6g,0496e,ACTIVE
2025-26,3,7kj0njiwmd8zja6g,0623a,ACTIVE
2025-26,3,7kj0njiwmd8zja6g,05uif,ACTIVE
2025-26,3,7kj0njiwmd8zja6g,05uiw,ACTIVE
2025-26,3,7kj0njiwmd8zja6g,051os,ACTIVE
2025-26,3,7kj0njiwmd8zja6g,049ka,ACTIVE
2025-26,3,7kj0njiwmd8zja6g,06cby,ACTIVE
2025-26,3,nmbx4rkzmd8zja6m,06cac,ACTIVE
2025-26,3,nmbx4rkzmd8zja6m,05qto,ACTIVE
2025-26,3,nmbx4rkzmd8zja6m,06cc8,ACTIVE
2025-26,3,nmbx4rkzmd8zja6m,06mkj,ACTIVE
2025-26,3,nmbx4rkzmd8zja6m,06ca8,ACTIVE
2025-26,3,nmbx4rkzmd8zja6m,05uih,ACTIVE
2025-26,3,nmbx4rkzmd8zja6m,03ad3,ACTIVE
2025-26,3,nmbx4rkzmd8zja6m,06mln,ACTIVE
2025-26,3,nmbx4rkzmd8zja6m,051oh,ACTIVE
2025-26,3,nmbx4rkzmd8zja6m,05qtt,ACTIVE
2025-26,3,nmbx4rkzmd8zja6m,05uir,ACTIVE
2025-26,3,nmbx4rkzmd8zja6m,05uiz,ACTIVE
2025-26,3,nmbx4rkzmd8zja6m,05qu0,ACTIVE
2025-26,3,nmbx4rkzmd8zja6m,06cbz,ACTIVE
2025-26,3,nmbx4rkzmd8zja6m,06mk3,ACTIVE
2025-26,3,nmbx4rkzmd8zja6m,027oz,ACTIVE
2025-26,3,nmbx4rkzmd8zja6m,03r7z,ACTIVE
2025-26,3,nmbx4rkzmd8zja6m,03nwm,ACTIVE
2025-26,3,nmbx4rkzmd8zja6m,06mju,ACTIVE
2025-26,3,nmbx4rkzmd8zja6m,051ol,ACTIVE
2025-26,3,mp3txfdsmd8zja6i,06v57,ACTIVE
2025-26,3,mp3txfdsmd8zja6i,042n4,ACTIVE
2025-26,3,mp3txfdsmd8zja6i,051p9,ACTIVE
2025-26,3,mp3txfdsmd8zja6i,03ad2,ACTIVE
2025-26,3,mp3txfdsmd8zja6i,03e75,ACTIVE
2025-26,3,mp3txfdsmd8zja6i,042nm,ACTIVE
2025-26,3,mp3txfdsmd8zja6i,04ewk,ACTIVE
2025-26,3,mp3txfdsmd8zja6i,027pe,ACTIVE
2025-26,3,mp3txfdsmd8zja6i,06mll,ACTIVE
2025-26,3,mp3txfdsmd8zja6i,05uic,ACTIVE
2025-26,3,mp3txfdsmd8zja6i,06mkl,ACTIVE
2025-26,3,mp3txfdsmd8zja6i,03nwk,ACTIVE
2025-26,3,mp3txfdsmd8zja6i,04qs1,ACTIVE
2025-26,3,mp3txfdsmd8zja6i,051op,ACTIVE
2025-26,3,mp3txfdsmd8zja6i,05ujt,ACTIVE
2025-26,3,mp3txfdsmd8zja6i,051pb,ACTIVE
2025-26,3,mp3txfdsmd8zja6i,06mk7,ACTIVE
2025-26,3,mp3txfdsmd8zja6i,04qse,ACTIVE
2025-26,3,mp3txfdsmd8zja6i,049kc,ACTIVE
2025-26,3,mp3txfdsmd8zja6i,06v56,ACTIVE
2025-26,3,q86f43pcmd8zja6k,027oo,ACTIVE
2025-26,3,q86f43pcmd8zja6k,0015e,ACTIVE
2025-26,3,q86f43pcmd8zja6k,049kb,ACTIVE
2025-26,3,q86f43pcmd8zja6k,027p4,ACTIVE
2025-26,3,q86f43pcmd8zja6k,0527h,ACTIVE
2025-26,3,q86f43pcmd8zja6k,051p8,ACTIVE
2025-26,3,q86f43pcmd8zja6k,04qru,ACTIVE
2025-26,3,q86f43pcmd8zja6k,03wr4,ACTIVE
2025-26,3,q86f43pcmd8zja6k,027ou,ACTIVE
2025-26,3,q86f43pcmd8zja6k,031lx,ACTIVE
2025-26,3,q86f43pcmd8zja6k,027p0,ACTIVE
2025-26,3,q86f43pcmd8zja6k,06mle,ACTIVE
2025-26,3,q86f43pcmd8zja6k,04kj6,ACTIVE
2025-26,3,q86f43pcmd8zja6k,01eon,ACTIVE
2025-26,3,q86f43pcmd8zja6k,06213,ACTIVE
2025-26,3,q86f43pcmd8zja6k,03ajv,ACTIVE
2025-26,3,q86f43pcmd8zja6k,042n3,ACTIVE
2025-26,3,q86f43pcmd8zja6k,03ams,ACTIVE
2025-26,3,q86f43pcmd8zja6k,04qrl,ACTIVE
2025-26,3,q86f43pcmd8zja6k,05uij,ACTIVE
2025-26,3,nmlbr2ppmd8zja6n,05qtv,ACTIVE
2025-26,3,nmlbr2ppmd8zja6n,06mjt,ACTIVE
2025-26,3,nmlbr2ppmd8zja6n,06v5e,ACTIVE
2025-26,3,nmlbr2ppmd8zja6n,06v5g,ACTIVE
2025-26,3,nmlbr2ppmd8zja6n,0621c,ACTIVE
2025-26,3,nmlbr2ppmd8zja6n,01enh,ACTIVE
2025-26,3,nmlbr2ppmd8zja6n,05uug,ACTIVE
2025-26,3,nmlbr2ppmd8zja6n,05uj1,ACTIVE
2025-26,3,nmlbr2ppmd8zja6n,06mjz,ACTIVE
2025-26,3,nmlbr2ppmd8zja6n,06215,ACTIVE
2025-26,3,nmlbr2ppmd8zja6n,06cdn,ACTIVE
2025-26,3,nmlbr2ppmd8zja6n,05uid,ACTIVE
2025-26,3,nmlbr2ppmd8zja6n,05uib,ACTIVE
2025-26,3,nmlbr2ppmd8zja6n,0621b,ACTIVE
2025-26,3,nmlbr2ppmd8zja6n,0621g,ACTIVE
2025-26,3,nmlbr2ppmd8zja6n,05qt4,ACTIVE
2025-26,3,nmlbr2ppmd8zja6n,042nt,ACTIVE
2025-26,3,nmlbr2ppmd8zja6n,05qt3,ACTIVE
2025-26,3,nmlbr2ppmd8zja6n,06v5k,ACTIVE
2025-26,3,nmlbr2ppmd8zja6n,0621u,ACTIVE
2025-26,3,mm10q3fvmd8zja6j,06v80,ACTIVE
2025-26,3,mm10q3fvmd8zja6j,05uus,ACTIVE
2025-26,3,mm10q3fvmd8zja6j,05uiu,ACTIVE
2025-26,3,mm10q3fvmd8zja6j,031m4,ACTIVE
2025-26,3,mm10q3fvmd8zja6j,06mk1,ACTIVE
2025-26,3,mm10q3fvmd8zja6j,051pa,ACTIVE
2025-26,3,mm10q3fvmd8zja6j,04ewe,ACTIVE
2025-26,3,mm10q3fvmd8zja6j,051or,ACTIVE
2025-26,3,mm10q3fvmd8zja6j,06v5y,ACTIVE
2025-26,3,mm10q3fvmd8zja6j,06ca7,ACTIVE
2025-26,3,mm10q3fvmd8zja6j,06cch,ACTIVE
2025-26,3,mm10q3fvmd8zja6j,03nwn,ACTIVE
2025-26,3,mm10q3fvmd8zja6j,06216,ACTIVE
2025-26,3,mm10q3fvmd8zja6j,06210,ACTIVE
2025-26,3,mm10q3fvmd8zja6j,042n6,ACTIVE
2025-26,3,mm10q3fvmd8zja6j,05qu9,ACTIVE
2025-26,3,mm10q3fvmd8zja6j,06v5l,ACTIVE
2025-26,3,mm10q3fvmd8zja6j,0017e,ACTIVE
2025-26,3,mm10q3fvmd8zja6j,051ok,ACTIVE
2025-26,3,mm10q3fvmd8zja6j,04ex8,ACTIVE
2025-26,4,qxb6cn3omd8zja6h,031m2,ACTIVE
2025-26,4,qxb6cn3omd8zja6h,05qsx,ACTIVE
2025-26,4,qxb6cn3omd8zja6h,06212,ACTIVE
2025-26,4,qxb6cn3omd8zja6h,02xg9,ACTIVE
2025-26,4,qxb6cn3omd8zja6h,051oj,ACTIVE
2025-26,4,qxb6cn3omd8zja6h,05qtl,ACTIVE
2025-26,4,qxb6cn3omd8zja6h,051ot,ACTIVE
2025-26,4,qxb6cn3omd8zja6h,04ex6,ACTIVE
2025-26,4,qxb6cn3omd8zja6h,05qt1,ACTIVE
2025-26,4,qxb6cn3omd8zja6h,051pi,ACTIVE
2025-26,4,qxb6cn3omd8zja6h,04ewr,ACTIVE
2025-26,4,qxb6cn3omd8zja6h,05ujc,ACTIVE
2025-26,4,qxb6cn3omd8zja6h,04qsa,ACTIVE
2025-26,4,qxb6cn3omd8zja6h,06214,ACTIVE
2025-26,4,qxb6cn3omd8zja6h,05qtr,ACTIVE
2025-26,4,qxb6cn3omd8zja6h,05ujq,ACTIVE
2025-26,4,qxb6cn3omd8zja6h,04qrj,ACTIVE
2025-26,4,qxb6cn3omd8zja6h,03aq2,ACTIVE
2025-26,4,qxb6cn3omd8zja6h,06mk8,ACTIVE
2025-26,4,qxb6cn3omd8zja6h,04qrr,ACTIVE
2025-26,4,mjm1574cmd8zja6n,05uiq,ACTIVE
2025-26,4,mjm1574cmd8zja6n,04ewn,ACTIVE
2025-26,4,mjm1574cmd8zja6n,05uig,ACTIVE
2025-26,4,mjm1574cmd8zja6n,05qtj,ACTIVE
2025-26,4,mjm1574cmd8zja6n,01uyj,ACTIVE
2025-26,4,mjm1574cmd8zja6n,042n1,ACTIVE
2025-26,4,mjm1574cmd8zja6n,05uii,ACTIVE
2025-26,4,mjm1574cmd8zja6n,02nfz,ACTIVE
2025-26,4,mjm1574cmd8zja6n,06cc7,ACTIVE
2025-26,4,mjm1574cmd8zja6n,01eo6,ACTIVE
2025-26,4,mjm1574cmd8zja6n,027oj,ACTIVE
2025-26,4,mjm1574cmd8zja6n,03el5,ACTIVE
2025-26,4,mjm1574cmd8zja6n,06217,ACTIVE
2025-26,4,mjm1574cmd8zja6n,06v5n,ACTIVE
2025-26,4,mjm1574cmd8zja6n,0621q,ACTIVE
2025-26,4,mjm1574cmd8zja6n,000zv,ACTIVE
2025-26,4,mjm1574cmd8zja6n,01eo9,ACTIVE
2025-26,4,mjm1574cmd8zja6n,02nf3,ACTIVE
2025-26,4,mjm1574cmd8zja6n,042n7,ACTIVE
2025-26,4,mjm1574cmd8zja6n,042nq,ACTIVE
2025-26,4,sha0v3f8md8zja6k,06v5r,ACTIVE
2025-26,4,sha0v3f8md8zja6k,04qrn,ACTIVE
2025-26,4,sha0v3f8md8zja6k,04ewm,ACTIVE
2025-26,4,sha0v3f8md8zja6k,06v5a,ACTIVE
2025-26,4,sha0v3f8md8zja6k,03xmv,ACTIVE
2025-26,4,sha0v3f8md8zja6k,06226,ACTIVE
2025-26,4,sha0v3f8md8zja6k,06mkd,ACTIVE
2025-26,4,sha0v3f8md8zja6k,05uj4,ACTIVE
2025-26,4,sha0v3f8md8zja6k,04qsd,ACTIVE
2025-26,4,sha0v3f8md8zja6k,06mk6,ACTIVE
2025-26,4,sha0v3f8md8zja6k,04qrm,ACTIVE
2025-26,4,sha0v3f8md8zja6k,04qrp,ACTIVE
2025-26,4,sha0v3f8md8zja6k,04qro,ACTIVE
2025-26,4,sha0v3f8md8zja6k,05uie,ACTIVE
2025-26,4,sha0v3f8md8zja6k,04ewf,ACTIVE
2025-26,4,sha0v3f8md8zja6k,06v58,ACTIVE
2025-26,4,sha0v3f8md8zja6k,06cd4,ACTIVE
2025-26,4,sha0v3f8md8zja6k,05ujd,ACTIVE
2025-26,4,sha0v3f8md8zja6k,042nf,ACTIVE
2025-26,4,sha0v3f8md8zja6k,051on,ACTIVE
2025-26,4,8htzhjs2md8zja6l,06211,ACTIVE
2025-26,4,8htzhjs2md8zja6l,06mjv,ACTIVE
2025-26,4,8htzhjs2md8zja6l,06mjw,ACTIVE
2025-26,4,8htzhjs2md8zja6l,05uup,ACTIVE
2025-26,4,8htzhjs2md8zja6l,05qug,ACTIVE
2025-26,4,8htzhjs2md8zja6l,03al2,ACTIVE
2025-26,4,8htzhjs2md8zja6l,05qsq,ACTIVE
2025-26,4,8htzhjs2md8zja6l,0621k,ACTIVE
2025-26,4,8htzhjs2md8zja6l,03xmt,ACTIVE
2025-26,4,8htzhjs2md8zja6l,005kc,ACTIVE
2025-26,4,8htzhjs2md8zja6l,06mkg,ACTIVE
2025-26,4,8htzhjs2md8zja6l,04ewu,ACTIVE
2025-26,4,8htzhjs2md8zja6l,03al0,ACTIVE
2025-26,4,8htzhjs2md8zja6l,03lls,ACTIVE
2025-26,4,8htzhjs2md8zja6l,06ccf,ACTIVE
2025-26,4,8htzhjs2md8zja6l,04azw,ACTIVE
2025-26,4,8htzhjs2md8zja6l,02ym0,ACTIVE
2025-26,4,8htzhjs2md8zja6l,0011e,ACTIVE
2025-26,4,8htzhjs2md8zja6l,06cc1,ACTIVE
2025-26,4,8htzhjs2md8zja6l,06218,ACTIVE
2025-26,4,7kj0njiwmd8zja6g,001aw,ACTIVE
2025-26,4,7kj0njiwmd8zja6g,0621l,ACTIVE
2025-26,4,7kj0njiwmd8zja6g,04ewt,ACTIVE
2025-26,4,7kj0njiwmd8zja6g,06v5h,ACTIVE
2025-26,4,7kj0njiwmd8zja6g,02nf1,ACTIVE
2025-26,4,7kj0njiwmd8zja6g,03ad4,ACTIVE
2025-26,4,7kj0njiwmd8zja6g,0621e,ACTIVE
2025-26,4,7kj0njiwmd8zja6g,02ng3,ACTIVE
2025-26,4,7kj0njiwmd8zja6g,051oi,ACTIVE
2025-26,4,7kj0njiwmd8zja6g,04qrk,ACTIVE
2025-26,4,7kj0njiwmd8zja6g,06cca,ACTIVE
2025-26,4,7kj0njiwmd8zja6g,049kd,ACTIVE
2025-26,4,7kj0njiwmd8zja6g,05uj9,ACTIVE
2025-26,4,7kj0njiwmd8zja6g,0496e,ACTIVE
2025-26,4,7kj0njiwmd8zja6g,0623a,ACTIVE
2025-26,4,7kj0njiwmd8zja6g,05uif,ACTIVE
2025-26,4,7kj0njiwmd8zja6g,05uiw,ACTIVE
2025-26,4,7kj0njiwmd8zja6g,051os,ACTIVE
2025-26,4,7kj0njiwmd8zja6g,049ka,ACTIVE
2025-26,4,7kj0njiwmd8zja6g,06cby,ACTIVE
2025-26,4,nmbx4rkzmd8zja6m,06cac,ACTIVE
2025-26,4,nmbx4rkzmd8zja6m,05qto,ACTIVE
2025-26,4,nmbx4rkzmd8zja6m,06cc8,ACTIVE
2025-26,4,nmbx4rkzmd8zja6m,06mkj,ACTIVE
2025-26,4,nmbx4rkzmd8zja6m,06ca8,ACTIVE
2025-26,4,nmbx4rkzmd8zja6m,05uih,ACTIVE
2025-26,4,nmbx4rkzmd8zja6m,03ad3,ACTIVE
2025-26,4,nmbx4rkzmd8zja6m,06mln,ACTIVE
2025-26,4,nmbx4rkzmd8zja6m,051oh,ACTIVE
2025-26,4,nmbx4rkzmd8zja6m,05qtt,ACTIVE
2025-26,4,nmbx4rkzmd8zja6m,05uir,ACTIVE
2025-26,4,nmbx4rkzmd8zja6m,05uiz,ACTIVE
2025-26,4,nmbx4rkzmd8zja6m,05qu0,ACTIVE
2025-26,4,nmbx4rkzmd8zja6m,06cbz,ACTIVE
2025-26,4,nmbx4rkzmd8zja6m,06mk3,ACTIVE
2025-26,4,nmbx4rkzmd8zja6m,027oz,ACTIVE
2025-26,4,nmbx4rkzmd8zja6m,03r7z,ACTIVE
2025-26,4,nmbx4rkzmd8zja6m,03nwm,ACTIVE
2025-26,4,nmbx4rkzmd8zja6m,06mju,ACTIVE
2025-26,4,nmbx4rkzmd8zja6m,051ol,ACTIVE
2025-26,4,mp3txfdsmd8zja6i,06v57,ACTIVE
2025-26,4,mp3txfdsmd8zja6i,042n4,ACTIVE
2025-26,4,mp3txfdsmd8zja6i,051p9,ACTIVE
2025-26,4,mp3txfdsmd8zja6i,03ad2,ACTIVE
2025-26,4,mp3txfdsmd8zja6i,03e75,ACTIVE
2025-26,4,mp3txfdsmd8zja6i,042nm,ACTIVE
2025-26,4,mp3txfdsmd8zja6i,04ewk,ACTIVE
2025-26,4,mp3txfdsmd8zja6i,027pe,ACTIVE
2025-26,4,mp3txfdsmd8zja6i,06mll,ACTIVE
2025-26,4,mp3txfdsmd8zja6i,05uic,ACTIVE
2025-26,4,mp3txfdsmd8zja6i,06mkl,ACTIVE
2025-26,4,mp3txfdsmd8zja6i,03nwk,ACTIVE
2025-26,4,mp3txfdsmd8zja6i,04qs1,ACTIVE
2025-26,4,mp3txfdsmd8zja6i,051op,ACTIVE
2025-26,4,mp3txfdsmd8zja6i,05ujt,ACTIVE
2025-26,4,mp3txfdsmd8zja6i,051pb,ACTIVE
2025-26,4,mp3txfdsmd8zja6i,06mk7,ACTIVE
2025-26,4,mp3txfdsmd8zja6i,04qse,ACTIVE
2025-26,4,mp3txfdsmd8zja6i,049kc,ACTIVE
2025-26,4,mp3txfdsmd8zja6i,06v56,ACTIVE
2025-26,4,q86f43pcmd8zja6k,027oo,ACTIVE
2025-26,4,q86f43pcmd8zja6k,0015e,ACTIVE
2025-26,4,q86f43pcmd8zja6k,049kb,ACTIVE
2025-26,4,q86f43pcmd8zja6k,027p4,ACTIVE
2025-26,4,q86f43pcmd8zja6k,0527h,ACTIVE
2025-26,4,q86f43pcmd8zja6k,051p8,ACTIVE
2025-26,4,q86f43pcmd8zja6k,04qru,ACTIVE
2025-26,4,q86f43pcmd8zja6k,03wr4,ACTIVE
2025-26,4,q86f43pcmd8zja6k,027ou,ACTIVE
2025-26,4,q86f43pcmd8zja6k,031lx,ACTIVE
2025-26,4,q86f43pcmd8zja6k,027p0,ACTIVE
2025-26,4,q86f43pcmd8zja6k,06mle,ACTIVE
2025-26,4,q86f43pcmd8zja6k,04kj6,ACTIVE
2025-26,4,q86f43pcmd8zja6k,01eon,ACTIVE
2025-26,4,q86f43pcmd8zja6k,06213,ACTIVE
2025-26,4,q86f43pcmd8zja6k,03ajv,ACTIVE
2025-26,4,q86f43pcmd8zja6k,042n3,ACTIVE
2025-26,4,q86f43pcmd8zja6k,03ams,ACTIVE
2025-26,4,q86f43pcmd8zja6k,04qrl,ACTIVE
2025-26,4,q86f43pcmd8zja6k,05uij,ACTIVE
2025-26,4,nmlbr2ppmd8zja6n,05qtv,ACTIVE
2025-26,4,nmlbr2ppmd8zja6n,06mjt,ACTIVE
2025-26,4,nmlbr2ppmd8zja6n,06v5e,ACTIVE
2025-26,4,nmlbr2ppmd8zja6n,06v5g,ACTIVE
2025-26,4,nmlbr2ppmd8zja6n,0621c,ACTIVE
2025-26,4,nmlbr2ppmd8zja6n,01enh,ACTIVE
2025-26,4,nmlbr2ppmd8zja6n,05uug,ACTIVE
2025-26,4,nmlbr2ppmd8zja6n,05uj1,ACTIVE
2025-26,4,nmlbr2ppmd8zja6n,06mjz,ACTIVE
2025-26,4,nmlbr2ppmd8zja6n,06215,ACTIVE
2025-26,4,nmlbr2ppmd8zja6n,06cdn,ACTIVE
2025-26,4,nmlbr2ppmd8zja6n,05uid,ACTIVE
2025-26,4,nmlbr2ppmd8zja6n,05uib,ACTIVE
2025-26,4,nmlbr2ppmd8zja6n,0621b,ACTIVE
2025-26,4,nmlbr2ppmd8zja6n,0621g,ACTIVE
2025-26,4,nmlbr2ppmd8zja6n,05qt4,ACTIVE
2025-26,4,nmlbr2ppmd8zja6n,042nt,ACTIVE
2025-26,4,nmlbr2ppmd8zja6n,05qt3,ACTIVE
2025-26,4,nmlbr2ppmd8zja6n,06v5k,ACTIVE
2025-26,4,nmlbr2ppmd8zja6n,0621u,ACTIVE
2025-26,4,mm10q3fvmd8zja6j,06v80,ACTIVE
2025-26,4,mm10q3fvmd8zja6j,05uus,ACTIVE
2025-26,4,mm10q3fvmd8zja6j,05uiu,ACTIVE
2025-26,4,mm10q3fvmd8zja6j,031m4,ACTIVE
2025-26,4,mm10q3fvmd8zja6j,06mk1,ACTIVE
2025-26,4,mm10q3fvmd8zja6j,051pa,ACTIVE
2025-26,4,mm10q3fvmd8zja6j,04ewe,ACTIVE
2025-26,4,mm10q3fvmd8zja6j,051or,ACTIVE
2025-26,4,mm10q3fvmd8zja6j,06v5y,ACTIVE
2025-26,4,mm10q3fvmd8zja6j,06ca7,ACTIVE
2025-26,4,mm10q3fvmd8zja6j,06cch,ACTIVE
2025-26,4,mm10q3fvmd8zja6j,03nwn,ACTIVE
2025-26,4,mm10q3fvmd8zja6j,06216,ACTIVE
2025-26,4,mm10q3fvmd8zja6j,06210,ACTIVE
2025-26,4,mm10q3fvmd8zja6j,042n6,ACTIVE
2025-26,4,mm10q3fvmd8zja6j,05qu9,ACTIVE
2025-26,4,mm10q3fvmd8zja6j,06v5l,ACTIVE
2025-26,4,mm10q3fvmd8zja6j,0017e,ACTIVE
2025-26,4,mm10q3fvmd8zja6j,051ok,ACTIVE
2025-26,4,mm10q3fvmd8zja6j,04ex8,ACTIVE
2025-26,5,qxb6cn3omd8zja6h,031m2,ACTIVE
2025-26,5,qxb6cn3omd8zja6h,05qsx,ACTIVE
2025-26,5,qxb6cn3omd8zja6h,06212,ACTIVE
2025-26,5,qxb6cn3omd8zja6h,02xg9,ACTIVE
2025-26,5,qxb6cn3omd8zja6h,051oj,ACTIVE
2025-26,5,qxb6cn3omd8zja6h,05qtl,ACTIVE
2025-26,5,qxb6cn3omd8zja6h,051ot,ACTIVE
2025-26,5,qxb6cn3omd8zja6h,04ex6,ACTIVE
2025-26,5,qxb6cn3omd8zja6h,05qt1,ACTIVE
2025-26,5,qxb6cn3omd8zja6h,051pi,ACTIVE
2025-26,5,qxb6cn3omd8zja6h,04ewr,ACTIVE
2025-26,5,qxb6cn3omd8zja6h,05ujc,ACTIVE
2025-26,5,qxb6cn3omd8zja6h,04qsa,ACTIVE
2025-26,5,qxb6cn3omd8zja6h,06214,ACTIVE
2025-26,5,qxb6cn3omd8zja6h,05qtr,ACTIVE
2025-26,5,qxb6cn3omd8zja6h,05ujq,ACTIVE
2025-26,5,qxb6cn3omd8zja6h,04qrj,ACTIVE
2025-26,5,qxb6cn3omd8zja6h,03aq2,ACTIVE
2025-26,5,qxb6cn3omd8zja6h,06mk8,ACTIVE
2025-26,5,qxb6cn3omd8zja6h,04qrr,ACTIVE
2025-26,5,mjm1574cmd8zja6n,05uiq,ACTIVE
2025-26,5,mjm1574cmd8zja6n,04ewn,ACTIVE
2025-26,5,mjm1574cmd8zja6n,05uig,ACTIVE
2025-26,5,mjm1574cmd8zja6n,05qtj,ACTIVE
2025-26,5,mjm1574cmd8zja6n,01uyj,ACTIVE
2025-26,5,mjm1574cmd8zja6n,042n1,ACTIVE
2025-26,5,mjm1574cmd8zja6n,05uii,ACTIVE
2025-26,5,mjm1574cmd8zja6n,02nfz,ACTIVE
2025-26,5,mjm1574cmd8zja6n,06cc7,ACTIVE
2025-26,5,mjm1574cmd8zja6n,01eo6,ACTIVE
2025-26,5,mjm1574cmd8zja6n,027oj,ACTIVE
2025-26,5,mjm1574cmd8zja6n,03el5,ACTIVE
2025-26,5,mjm1574cmd8zja6n,06217,ACTIVE
2025-26,5,mjm1574cmd8zja6n,06v5n,ACTIVE
2025-26,5,mjm1574cmd8zja6n,0621q,ACTIVE
2025-26,5,mjm1574cmd8zja6n,000zv,ACTIVE
2025-26,5,mjm1574cmd8zja6n,01eo9,ACTIVE
2025-26,5,mjm1574cmd8zja6n,02nf3,ACTIVE
2025-26,5,mjm1574cmd8zja6n,042n7,ACTIVE
2025-26,5,mjm1574cmd8zja6n,042nq,ACTIVE
2025-26,5,sha0v3f8md8zja6k,06v5r,ACTIVE
2025-26,5,sha0v3f8md8zja6k,04qrn,ACTIVE
2025-26,5,sha0v3f8md8zja6k,04ewm,ACTIVE
2025-26,5,sha0v3f8md8zja6k,06v5a,ACTIVE
2025-26,5,sha0v3f8md8zja6k,03xmv,ACTIVE
2025-26,5,sha0v3f8md8zja6k,06226,ACTIVE
2025-26,5,sha0v3f8md8zja6k,06mkd,ACTIVE
2025-26,5,sha0v3f8md8zja6k,05uj4,ACTIVE
2025-26,5,sha0v3f8md8zja6k,04qsd,ACTIVE
2025-26,5,sha0v3f8md8zja6k,06mk6,ACTIVE
2025-26,5,sha0v3f8md8zja6k,04qrm,ACTIVE
2025-26,5,sha0v3f8md8zja6k,04qrp,ACTIVE
2025-26,5,sha0v3f8md8zja6k,04qro,ACTIVE
2025-26,5,sha0v3f8md8zja6k,05uie,ACTIVE
2025-26,5,sha0v3f8md8zja6k,04ewf,ACTIVE
2025-26,5,sha0v3f8md8zja6k,06v58,ACTIVE
2025-26,5,sha0v3f8md8zja6k,06cd4,ACTIVE
2025-26,5,sha0v3f8md8zja6k,05ujd,ACTIVE
2025-26,5,sha0v3f8md8zja6k,042nf,ACTIVE
2025-26,5,sha0v3f8md8zja6k,051on,ACTIVE
2025-26,5,8htzhjs2md8zja6l,06211,ACTIVE
2025-26,5,8htzhjs2md8zja6l,06mjv,ACTIVE
2025-26,5,8htzhjs2md8zja6l,06mjw,ACTIVE
2025-26,5,8htzhjs2md8zja6l,05uup,ACTIVE
2025-26,5,8htzhjs2md8zja6l,05qug,ACTIVE
2025-26,5,8htzhjs2md8zja6l,03al2,ACTIVE
2025-26,5,8htzhjs2md8zja6l,05qsq,ACTIVE
2025-26,5,8htzhjs2md8zja6l,0621k,ACTIVE
2025-26,5,8htzhjs2md8zja6l,03xmt,ACTIVE
2025-26,5,8htzhjs2md8zja6l,005kc,ACTIVE
2025-26,5,8htzhjs2md8zja6l,06mkg,ACTIVE
2025-26,5,8htzhjs2md8zja6l,04ewu,ACTIVE
2025-26,5,8htzhjs2md8zja6l,03al0,ACTIVE
2025-26,5,8htzhjs2md8zja6l,03lls,ACTIVE
2025-26,5,8htzhjs2md8zja6l,06ccf,ACTIVE
2025-26,5,8htzhjs2md8zja6l,04azw,ACTIVE
2025-26,5,8htzhjs2md8zja6l,02ym0,ACTIVE
2025-26,5,8htzhjs2md8zja6l,0011e,ACTIVE
2025-26,5,8htzhjs2md8zja6l,06cc1,ACTIVE
2025-26,5,8htzhjs2md8zja6l,06218,ACTIVE
2025-26,5,7kj0njiwmd8zja6g,001aw,ACTIVE
2025-26,5,7kj0njiwmd8zja6g,0621l,ACTIVE
2025-26,5,7kj0njiwmd8zja6g,04ewt,ACTIVE
2025-26,5,7kj0njiwmd8zja6g,06v5h,ACTIVE
2025-26,5,7kj0njiwmd8zja6g,02nf1,ACTIVE
2025-26,5,7kj0njiwmd8zja6g,03ad4,ACTIVE
2025-26,5,7kj0njiwmd8zja6g,0621e,ACTIVE
2025-26,5,7kj0njiwmd8zja6g,02ng3,ACTIVE
2025-26,5,7kj0njiwmd8zja6g,051oi,ACTIVE
2025-26,5,7kj0njiwmd8zja6g,04qrk,ACTIVE
2025-26,5,7kj0njiwmd8zja6g,06cca,ACTIVE
2025-26,5,7kj0njiwmd8zja6g,049kd,ACTIVE
2025-26,5,7kj0njiwmd8zja6g,05uj9,ACTIVE
2025-26,5,7kj0njiwmd8zja6g,0496e,ACTIVE
2025-26,5,7kj0njiwmd8zja6g,0623a,ACTIVE
2025-26,5,7kj0njiwmd8zja6g,05uif,ACTIVE
2025-26,5,7kj0njiwmd8zja6g,05uiw,ACTIVE
2025-26,5,7kj0njiwmd8zja6g,051os,ACTIVE
2025-26,5,7kj0njiwmd8zja6g,049ka,ACTIVE
2025-26,5,7kj0njiwmd8zja6g,06cby,ACTIVE
2025-26,5,nmbx4rkzmd8zja6m,06cac,ACTIVE
2025-26,5,nmbx4rkzmd8zja6m,05qto,ACTIVE
2025-26,5,nmbx4rkzmd8zja6m,06cc8,ACTIVE
2025-26,5,nmbx4rkzmd8zja6m,06mkj,ACTIVE
2025-26,5,nmbx4rkzmd8zja6m,06ca8,ACTIVE
2025-26,5,nmbx4rkzmd8zja6m,05uih,ACTIVE
2025-26,5,nmbx4rkzmd8zja6m,03ad3,ACTIVE
2025-26,5,nmbx4rkzmd8zja6m,06mln,ACTIVE
2025-26,5,nmbx4rkzmd8zja6m,051oh,ACTIVE
2025-26,5,nmbx4rkzmd8zja6m,05qtt,ACTIVE
2025-26,5,nmbx4rkzmd8zja6m,05uir,ACTIVE
2025-26,5,nmbx4rkzmd8zja6m,05uiz,ACTIVE
2025-26,5,nmbx4rkzmd8zja6m,05qu0,ACTIVE
2025-26,5,nmbx4rkzmd8zja6m,06cbz,ACTIVE
2025-26,5,nmbx4rkzmd8zja6m,06mk3,ACTIVE
2025-26,5,nmbx4rkzmd8zja6m,027oz,ACTIVE
2025-26,5,nmbx4rkzmd8zja6m,03r7z,ACTIVE
2025-26,5,nmbx4rkzmd8zja6m,03nwm,ACTIVE
2025-26,5,nmbx4rkzmd8zja6m,06mju,ACTIVE
2025-26,5,nmbx4rkzmd8zja6m,051ol,ACTIVE
2025-26,5,mp3txfdsmd8zja6i,06v57,ACTIVE
2025-26,5,mp3txfdsmd8zja6i,042n4,ACTIVE
2025-26,5,mp3txfdsmd8zja6i,051p9,ACTIVE
2025-26,5,mp3txfdsmd8zja6i,03ad2,ACTIVE
2025-26,5,mp3txfdsmd8zja6i,03e75,ACTIVE
2025-26,5,mp3txfdsmd8zja6i,042nm,ACTIVE
2025-26,5,mp3txfdsmd8zja6i,04ewk,ACTIVE
2025-26,5,mp3txfdsmd8zja6i,027pe,ACTIVE
2025-26,5,mp3txfdsmd8zja6i,06mll,ACTIVE
2025-26,5,mp3txfdsmd8zja6i,05uic,ACTIVE
2025-26,5,mp3txfdsmd8zja6i,06mkl,ACTIVE
2025-26,5,mp3txfdsmd8zja6i,03nwk,ACTIVE
2025-26,5,mp3txfdsmd8zja6i,04qs1,ACTIVE
2025-26,5,mp3txfdsmd8zja6i,051op,ACTIVE
2025-26,5,mp3txfdsmd8zja6i,05ujt,ACTIVE
2025-26,5,mp3txfdsmd8zja6i,051pb,ACTIVE
2025-26,5,mp3txfdsmd8zja6i,06mk7,ACTIVE
2025-26,5,mp3txfdsmd8zja6i,04qse,ACTIVE
2025-26,5,mp3txfdsmd8zja6i,049kc,ACTIVE
2025-26,5,mp3txfdsmd8zja6i,06v56,ACTIVE
2025-26,5,q86f43pcmd8zja6k,027oo,ACTIVE
2025-26,5,q86f43pcmd8zja6k,0015e,ACTIVE
2025-26,5,q86f43pcmd8zja6k,049kb,ACTIVE
2025-26,5,q86f43pcmd8zja6k,027p4,ACTIVE
2025-26,5,q86f43pcmd8zja6k,0527h,ACTIVE
2025-26,5,q86f43pcmd8zja6k,051p8,ACTIVE
2025-26,5,q86f43pcmd8zja6k,04qru,ACTIVE
2025-26,5,q86f43pcmd8zja6k,03wr4,ACTIVE
2025-26,5,q86f43pcmd8zja6k,027ou,ACTIVE
2025-26,5,q86f43pcmd8zja6k,031lx,ACTIVE
2025-26,5,q86f43pcmd8zja6k,027p0,ACTIVE
2025-26,5,q86f43pcmd8zja6k,06mle,ACTIVE
2025-26,5,q86f43pcmd8zja6k,04kj6,ACTIVE
2025-26,5,q86f43pcmd8zja6k,01eon,ACTIVE
2025-26,5,q86f43pcmd8zja6k,06213,ACTIVE
2025-26,5,q86f43pcmd8zja6k,03ajv,ACTIVE
2025-26,5,q86f43pcmd8zja6k,042n3,ACTIVE
2025-26,5,q86f43pcmd8zja6k,03ams,ACTIVE
2025-26,5,q86f43pcmd8zja6k,04qrl,ACTIVE
2025-26,5,q86f43pcmd8zja6k,05uij,ACTIVE
2025-26,5,nmlbr2ppmd8zja6n,05qtv,ACTIVE
2025-26,5,nmlbr2ppmd8zja6n,06mjt,ACTIVE
2025-26,5,nmlbr2ppmd8zja6n,06v5e,ACTIVE
2025-26,5,nmlbr2ppmd8zja6n,06v5g,ACTIVE
2025-26,5,nmlbr2ppmd8zja6n,0621c,ACTIVE
2025-26,5,nmlbr2ppmd8zja6n,01enh,ACTIVE
2025-26,5,nmlbr2ppmd8zja6n,05uug,ACTIVE
2025-26,5,nmlbr2ppmd8zja6n,05uj1,ACTIVE
2025-26,5,nmlbr2ppmd8zja6n,06mjz,ACTIVE
2025-26,5,nmlbr2ppmd8zja6n,06215,ACTIVE
2025-26,5,nmlbr2ppmd8zja6n,06cdn,ACTIVE
2025-26,5,nmlbr2ppmd8zja6n,05uid,ACTIVE
2025-26,5,nmlbr2ppmd8zja6n,05uib,ACTIVE
2025-26,5,nmlbr2ppmd8zja6n,0621b,ACTIVE
2025-26,5,nmlbr2ppmd8zja6n,0621g,ACTIVE
2025-26,5,nmlbr2ppmd8zja6n,05qt4,ACTIVE
2025-26,5,nmlbr2ppmd8zja6n,042nt,ACTIVE
2025-26,5,nmlbr2ppmd8zja6n,05qt3,ACTIVE
2025-26,5,nmlbr2ppmd8zja6n,06v5k,ACTIVE
2025-26,5,nmlbr2ppmd8zja6n,0621u,ACTIVE
2025-26,5,mm10q3fvmd8zja6j,06v80,ACTIVE
2025-26,5,mm10q3fvmd8zja6j,05uus,ACTIVE
2025-26,5,mm10q3fvmd8zja6j,05uiu,ACTIVE
2025-26,5,mm10q3fvmd8zja6j,031m4,ACTIVE
2025-26,5,mm10q3fvmd8zja6j,06mk1,ACTIVE
2025-26,5,mm10q3fvmd8zja6j,051pa,ACTIVE
2025-26,5,mm10q3fvmd8zja6j,04ewe,ACTIVE
2025-26,5,mm10q3fvmd8zja6j,051or,ACTIVE
2025-26,5,mm10q3fvmd8zja6j,06v5y,ACTIVE
2025-26,5,mm10q3fvmd8zja6j,06ca7,ACTIVE
2025-26,5,mm10q3fvmd8zja6j,06cch,ACTIVE
2025-26,5,mm10q3fvmd8zja6j,03nwn,ACTIVE
2025-26,5,mm10q3fvmd8zja6j,06216,ACTIVE
2025-26,5,mm10q3fvmd8zja6j,06210,ACTIVE
2025-26,5,mm10q3fvmd8zja6j,042n6,ACTIVE
2025-26,5,mm10q3fvmd8zja6j,05qu9,ACTIVE
2025-26,5,mm10q3fvmd8zja6j,06v5l,ACTIVE
2025-26,5,mm10q3fvmd8zja6j,0017e,ACTIVE
2025-26,5,mm10q3fvmd8zja6j,051ok,ACTIVE
2025-26,5,mm10q3fvmd8zja6j,04ex8,ACTIVE
2025-26,6,qxb6cn3omd8zja6h,031m2,ACTIVE
2025-26,6,qxb6cn3omd8zja6h,05qsx,ACTIVE
2025-26,6,qxb6cn3omd8zja6h,06212,ACTIVE
2025-26,6,qxb6cn3omd8zja6h,02xg9,ACTIVE
2025-26,6,qxb6cn3omd8zja6h,051oj,ACTIVE
2025-26,6,qxb6cn3omd8zja6h,05qtl,ACTIVE
2025-26,6,qxb6cn3omd8zja6h,051ot,ACTIVE
2025-26,6,qxb6cn3omd8zja6h,04ex6,ACTIVE
2025-26,6,qxb6cn3omd8zja6h,05qt1,ACTIVE
2025-26,6,qxb6cn3omd8zja6h,051pi,ACTIVE
2025-26,6,qxb6cn3omd8zja6h,04ewr,ACTIVE
2025-26,6,qxb6cn3omd8zja6h,05ujc,ACTIVE
2025-26,6,qxb6cn3omd8zja6h,04qsa,ACTIVE
2025-26,6,qxb6cn3omd8zja6h,06214,ACTIVE
2025-26,6,qxb6cn3omd8zja6h,05qtr,ACTIVE
2025-26,6,qxb6cn3omd8zja6h,05ujq,ACTIVE
2025-26,6,qxb6cn3omd8zja6h,04qrj,ACTIVE
2025-26,6,qxb6cn3omd8zja6h,03aq2,ACTIVE
2025-26,6,qxb6cn3omd8zja6h,06mk8,ACTIVE
2025-26,6,qxb6cn3omd8zja6h,04qrr,ACTIVE
2025-26,6,mjm1574cmd8zja6n,05uiq,ACTIVE
2025-26,6,mjm1574cmd8zja6n,04ewn,ACTIVE
2025-26,6,mjm1574cmd8zja6n,05uig,ACTIVE
2025-26,6,mjm1574cmd8zja6n,05qtj,ACTIVE
2025-26,6,mjm1574cmd8zja6n,01uyj,ACTIVE
2025-26,6,mjm1574cmd8zja6n,042n1,ACTIVE
2025-26,6,mjm1574cmd8zja6n,05uii,ACTIVE
2025-26,6,mjm1574cmd8zja6n,02nfz,ACTIVE
2025-26,6,mjm1574cmd8zja6n,06cc7,ACTIVE
2025-26,6,mjm1574cmd8zja6n,01eo6,ACTIVE
2025-26,6,mjm1574cmd8zja6n,027oj,ACTIVE
2025-26,6,mjm1574cmd8zja6n,03el5,ACTIVE
2025-26,6,mjm1574cmd8zja6n,06217,ACTIVE
2025-26,6,mjm1574cmd8zja6n,06v5n,ACTIVE
2025-26,6,mjm1574cmd8zja6n,0621q,ACTIVE
2025-26,6,mjm1574cmd8zja6n,000zv,ACTIVE
2025-26,6,mjm1574cmd8zja6n,01eo9,ACTIVE
2025-26,6,mjm1574cmd8zja6n,02nf3,ACTIVE
2025-26,6,mjm1574cmd8zja6n,042n7,ACTIVE
2025-26,6,mjm1574cmd8zja6n,042nq,ACTIVE
2025-26,6,sha0v3f8md8zja6k,06v5r,ACTIVE
2025-26,6,sha0v3f8md8zja6k,04qrn,ACTIVE
2025-26,6,sha0v3f8md8zja6k,04ewm,ACTIVE
2025-26,6,sha0v3f8md8zja6k,06v5a,ACTIVE
2025-26,6,sha0v3f8md8zja6k,03xmv,ACTIVE
2025-26,6,sha0v3f8md8zja6k,06226,ACTIVE
2025-26,6,sha0v3f8md8zja6k,06mkd,ACTIVE
2025-26,6,sha0v3f8md8zja6k,05uj4,ACTIVE
2025-26,6,sha0v3f8md8zja6k,04qsd,ACTIVE
2025-26,6,sha0v3f8md8zja6k,06mk6,ACTIVE
2025-26,6,sha0v3f8md8zja6k,04qrm,ACTIVE
2025-26,6,sha0v3f8md8zja6k,04qrp,ACTIVE
2025-26,6,sha0v3f8md8zja6k,04qro,ACTIVE
2025-26,6,sha0v3f8md8zja6k,05uie,ACTIVE
2025-26,6,sha0v3f8md8zja6k,04ewf,ACTIVE
2025-26,6,sha0v3f8md8zja6k,06v58,ACTIVE
2025-26,6,sha0v3f8md8zja6k,06cd4,ACTIVE
2025-26,6,sha0v3f8md8zja6k,05ujd,ACTIVE
2025-26,6,sha0v3f8md8zja6k,042nf,ACTIVE
2025-26,6,sha0v3f8md8zja6k,051on,ACTIVE
2025-26,6,8htzhjs2md8zja6l,06211,ACTIVE
2025-26,6,8htzhjs2md8zja6l,06mjv,ACTIVE
2025-26,6,8htzhjs2md8zja6l,06mjw,ACTIVE
2025-26,6,8htzhjs2md8zja6l,05uup,ACTIVE
2025-26,6,8htzhjs2md8zja6l,05qug,ACTIVE
2025-26,6,8htzhjs2md8zja6l,03al2,ACTIVE
2025-26,6,8htzhjs2md8zja6l,05qsq,ACTIVE
2025-26,6,8htzhjs2md8zja6l,0621k,ACTIVE
2025-26,6,8htzhjs2md8zja6l,03xmt,ACTIVE
2025-26,6,8htzhjs2md8zja6l,005kc,ACTIVE
2025-26,6,8htzhjs2md8zja6l,06mkg,ACTIVE
2025-26,6,8htzhjs2md8zja6l,04ewu,ACTIVE
2025-26,6,8htzhjs2md8zja6l,03al0,ACTIVE
2025-26,6,8htzhjs2md8zja6l,03lls,ACTIVE
2025-26,6,8htzhjs2md8zja6l,06ccf,ACTIVE
2025-26,6,8htzhjs2md8zja6l,04azw,ACTIVE
2025-26,6,8htzhjs2md8zja6l,02ym0,ACTIVE
2025-26,6,8htzhjs2md8zja6l,0011e,ACTIVE
2025-26,6,8htzhjs2md8zja6l,06cc1,ACTIVE
2025-26,6,8htzhjs2md8zja6l,06218,ACTIVE
2025-26,6,7kj0njiwmd8zja6g,001aw,ACTIVE
2025-26,6,7kj0njiwmd8zja6g,0621l,ACTIVE
2025-26,6,7kj0njiwmd8zja6g,04ewt,ACTIVE
2025-26,6,7kj0njiwmd8zja6g,06v5h,ACTIVE
2025-26,6,7kj0njiwmd8zja6g,02nf1,ACTIVE
2025-26,6,7kj0njiwmd8zja6g,03ad4,ACTIVE
2025-26,6,7kj0njiwmd8zja6g,0621e,ACTIVE
2025-26,6,7kj0njiwmd8zja6g,02ng3,ACTIVE
2025-26,6,7kj0njiwmd8zja6g,051oi,ACTIVE
2025-26,6,7kj0njiwmd8zja6g,04qrk,ACTIVE
2025-26,6,7kj0njiwmd8zja6g,06cca,ACTIVE
2025-26,6,7kj0njiwmd8zja6g,049kd,ACTIVE
2025-26,6,7kj0njiwmd8zja6g,05uj9,ACTIVE
2025-26,6,7kj0njiwmd8zja6g,0496e,ACTIVE
2025-26,6,7kj0njiwmd8zja6g,0623a,ACTIVE
2025-26,6,7kj0njiwmd8zja6g,05uif,ACTIVE
2025-26,6,7kj0njiwmd8zja6g,05uiw,ACTIVE
2025-26,6,7kj0njiwmd8zja6g,051os,ACTIVE
2025-26,6,7kj0njiwmd8zja6g,049ka,ACTIVE
2025-26,6,7kj0njiwmd8zja6g,06cby,ACTIVE
2025-26,6,nmbx4rkzmd8zja6m,06cac,ACTIVE
2025-26,6,nmbx4rkzmd8zja6m,05qto,ACTIVE
2025-26,6,nmbx4rkzmd8zja6m,06cc8,ACTIVE
2025-26,6,nmbx4rkzmd8zja6m,06mkj,ACTIVE
2025-26,6,nmbx4rkzmd8zja6m,06ca8,ACTIVE
2025-26,6,nmbx4rkzmd8zja6m,05uih,ACTIVE
2025-26,6,nmbx4rkzmd8zja6m,03ad3,ACTIVE
2025-26,6,nmbx4rkzmd8zja6m,06mln,ACTIVE
2025-26,6,nmbx4rkzmd8zja6m,051oh,ACTIVE
2025-26,6,nmbx4rkzmd8zja6m,05qtt,ACTIVE
2025-26,6,nmbx4rkzmd8zja6m,05uir,ACTIVE
2025-26,6,nmbx4rkzmd8zja6m,05uiz,ACTIVE
2025-26,6,nmbx4rkzmd8zja6m,05qu0,ACTIVE
2025-26,6,nmbx4rkzmd8zja6m,06cbz,ACTIVE
2025-26,6,nmbx4rkzmd8zja6m,06mk3,ACTIVE
2025-26,6,nmbx4rkzmd8zja6m,027oz,ACTIVE
2025-26,6,nmbx4rkzmd8zja6m,03r7z,ACTIVE
2025-26,6,nmbx4rkzmd8zja6m,03nwm,ACTIVE
2025-26,6,nmbx4rkzmd8zja6m,06mju,ACTIVE
2025-26,6,nmbx4rkzmd8zja6m,051ol,ACTIVE
2025-26,6,mp3txfdsmd8zja6i,06v57,ACTIVE
2025-26,6,mp3txfdsmd8zja6i,042n4,ACTIVE
2025-26,6,mp3txfdsmd8zja6i,051p9,ACTIVE
2025-26,6,mp3txfdsmd8zja6i,03ad2,ACTIVE
2025-26,6,mp3txfdsmd8zja6i,03e75,ACTIVE
2025-26,6,mp3txfdsmd8zja6i,042nm,ACTIVE
2025-26,6,mp3txfdsmd8zja6i,04ewk,ACTIVE
2025-26,6,mp3txfdsmd8zja6i,027pe,ACTIVE
2025-26,6,mp3txfdsmd8zja6i,06mll,ACTIVE
2025-26,6,mp3txfdsmd8zja6i,05uic,ACTIVE
2025-26,6,mp3txfdsmd8zja6i,06mkl,ACTIVE
2025-26,6,mp3txfdsmd8zja6i,03nwk,ACTIVE
2025-26,6,mp3txfdsmd8zja6i,04qs1,ACTIVE
2025-26,6,mp3txfdsmd8zja6i,051op,ACTIVE
2025-26,6,mp3txfdsmd8zja6i,05ujt,ACTIVE
2025-26,6,mp3txfdsmd8zja6i,051pb,ACTIVE
2025-26,6,mp3txfdsmd8zja6i,06mk7,ACTIVE
2025-26,6,mp3txfdsmd8zja6i,04qse,ACTIVE
2025-26,6,mp3txfdsmd8zja6i,049kc,ACTIVE
2025-26,6,mp3txfdsmd8zja6i,06v56,ACTIVE
2025-26,6,q86f43pcmd8zja6k,027oo,ACTIVE
2025-26,6,q86f43pcmd8zja6k,0015e,ACTIVE
2025-26,6,q86f43pcmd8zja6k,049kb,ACTIVE
2025-26,6,q86f43pcmd8zja6k,027p4,ACTIVE
2025-26,6,q86f43pcmd8zja6k,0527h,ACTIVE
2025-26,6,q86f43pcmd8zja6k,051p8,ACTIVE
2025-26,6,q86f43pcmd8zja6k,04qru,ACTIVE
2025-26,6,q86f43pcmd8zja6k,03wr4,ACTIVE
2025-26,6,q86f43pcmd8zja6k,027ou,ACTIVE
2025-26,6,q86f43pcmd8zja6k,031lx,ACTIVE
2025-26,6,q86f43pcmd8zja6k,027p0,ACTIVE
2025-26,6,q86f43pcmd8zja6k,06mle,ACTIVE
2025-26,6,q86f43pcmd8zja6k,04kj6,ACTIVE
2025-26,6,q86f43pcmd8zja6k,01eon,ACTIVE
2025-26,6,q86f43pcmd8zja6k,06213,ACTIVE
2025-26,6,q86f43pcmd8zja6k,03ajv,ACTIVE
2025-26,6,q86f43pcmd8zja6k,042n3,ACTIVE
2025-26,6,q86f43pcmd8zja6k,03ams,ACTIVE
2025-26,6,q86f43pcmd8zja6k,04qrl,ACTIVE
2025-26,6,q86f43pcmd8zja6k,05uij,ACTIVE
2025-26,6,nmlbr2ppmd8zja6n,05qtv,ACTIVE
2025-26,6,nmlbr2ppmd8zja6n,06mjt,ACTIVE
2025-26,6,nmlbr2ppmd8zja6n,06v5e,ACTIVE
2025-26,6,nmlbr2ppmd8zja6n,06v5g,ACTIVE
2025-26,6,nmlbr2ppmd8zja6n,0621c,ACTIVE
2025-26,6,nmlbr2ppmd8zja6n,01enh,ACTIVE
2025-26,6,nmlbr2ppmd8zja6n,05uug,ACTIVE
2025-26,6,nmlbr2ppmd8zja6n,05uj1,ACTIVE
2025-26,6,nmlbr2ppmd8zja6n,06mjz,ACTIVE
2025-26,6,nmlbr2ppmd8zja6n,06215,ACTIVE
2025-26,6,nmlbr2ppmd8zja6n,06cdn,ACTIVE
2025-26,6,nmlbr2ppmd8zja6n,05uid,ACTIVE
2025-26,6,nmlbr2ppmd8zja6n,05uib,ACTIVE
2025-26,6,nmlbr2ppmd8zja6n,0621b,ACTIVE
2025-26,6,nmlbr2ppmd8zja6n,0621g,ACTIVE
2025-26,6,nmlbr2ppmd8zja6n,05qt4,ACTIVE
2025-26,6,nmlbr2ppmd8zja6n,042nt,ACTIVE
2025-26,6,nmlbr2ppmd8zja6n,05qt3,ACTIVE
2025-26,6,nmlbr2ppmd8zja6n,06v5k,ACTIVE
2025-26,6,nmlbr2ppmd8zja6n,0621u,ACTIVE
2025-26,6,mm10q3fvmd8zja6j,06v80,ACTIVE
2025-26,6,mm10q3fvmd8zja6j,05uus,ACTIVE
2025-26,6,mm10q3fvmd8zja6j,05uiu,ACTIVE
2025-26,6,mm10q3fvmd8zja6j,031m4,ACTIVE
2025-26,6,mm10q3fvmd8zja6j,06mk1,ACTIVE
2025-26,6,mm10q3fvmd8zja6j,051pa,ACTIVE
2025-26,6,mm10q3fvmd8zja6j,04ewe,ACTIVE
2025-26,6,mm10q3fvmd8zja6j,051or,ACTIVE
2025-26,6,mm10q3fvmd8zja6j,06v5y,ACTIVE
2025-26,6,mm10q3fvmd8zja6j,06ca7,ACTIVE
2025-26,6,mm10q3fvmd8zja6j,06cch,ACTIVE
2025-26,6,mm10q3fvmd8zja6j,03nwn,ACTIVE
2025-26,6,mm10q3fvmd8zja6j,06216,ACTIVE
2025-26,6,mm10q3fvmd8zja6j,06210,ACTIVE
2025-26,6,mm10q3fvmd8zja6j,042n6,ACTIVE
2025-26,6,mm10q3fvmd8zja6j,05qu9,ACTIVE
2025-26,6,mm10q3fvmd8zja6j,06v5l,ACTIVE
2025-26,6,mm10q3fvmd8zja6j,0017e,ACTIVE
2025-26,6,mm10q3fvmd8zja6j,051ok,ACTIVE
2025-26,6,mm10q3fvmd8zja6j,04ex8,ACTIVE
2025-26,7,qxb6cn3omd8zja6h,031m2,ACTIVE
2025-26,7,qxb6cn3omd8zja6h,05qsx,ACTIVE
2025-26,7,qxb6cn3omd8zja6h,06212,ACTIVE
2025-26,7,qxb6cn3omd8zja6h,02xg9,ACTIVE
2025-26,7,qxb6cn3omd8zja6h,051oj,ACTIVE
2025-26,7,qxb6cn3omd8zja6h,05qtl,ACTIVE
2025-26,7,qxb6cn3omd8zja6h,051ot,ACTIVE
2025-26,7,qxb6cn3omd8zja6h,04ex6,ACTIVE
2025-26,7,qxb6cn3omd8zja6h,05qt1,ACTIVE
2025-26,7,qxb6cn3omd8zja6h,051pi,ACTIVE
2025-26,7,qxb6cn3omd8zja6h,04ewr,ACTIVE
2025-26,7,qxb6cn3omd8zja6h,05ujc,ACTIVE
2025-26,7,qxb6cn3omd8zja6h,04qsa,ACTIVE
2025-26,7,qxb6cn3omd8zja6h,06214,ACTIVE
2025-26,7,qxb6cn3omd8zja6h,05qtr,ACTIVE
2025-26,7,qxb6cn3omd8zja6h,05ujq,ACTIVE
2025-26,7,qxb6cn3omd8zja6h,04qrj,ACTIVE
2025-26,7,qxb6cn3omd8zja6h,03aq2,ACTIVE
2025-26,7,qxb6cn3omd8zja6h,06mk8,ACTIVE
2025-26,7,qxb6cn3omd8zja6h,04qrr,ACTIVE
2025-26,7,mjm1574cmd8zja6n,05uiq,ACTIVE
2025-26,7,mjm1574cmd8zja6n,04ewn,ACTIVE
2025-26,7,mjm1574cmd8zja6n,05uig,ACTIVE
2025-26,7,mjm1574cmd8zja6n,05qtj,ACTIVE
2025-26,7,mjm1574cmd8zja6n,01uyj,ACTIVE
2025-26,7,mjm1574cmd8zja6n,042n1,ACTIVE
2025-26,7,mjm1574cmd8zja6n,05uii,ACTIVE
2025-26,7,mjm1574cmd8zja6n,02nfz,ACTIVE
2025-26,7,mjm1574cmd8zja6n,06cc7,ACTIVE
2025-26,7,mjm1574cmd8zja6n,01eo6,ACTIVE
2025-26,7,mjm1574cmd8zja6n,027oj,ACTIVE
2025-26,7,mjm1574cmd8zja6n,03el5,ACTIVE
2025-26,7,mjm1574cmd8zja6n,06217,ACTIVE
2025-26,7,mjm1574cmd8zja6n,06v5n,ACTIVE
2025-26,7,mjm1574cmd8zja6n,0621q,ACTIVE
2025-26,7,mjm1574cmd8zja6n,000zv,ACTIVE
2025-26,7,mjm1574cmd8zja6n,01eo9,ACTIVE
2025-26,7,mjm1574cmd8zja6n,02nf3,ACTIVE
2025-26,7,mjm1574cmd8zja6n,042n7,ACTIVE
2025-26,7,mjm1574cmd8zja6n,042nq,ACTIVE
2025-26,7,sha0v3f8md8zja6k,06v5r,ACTIVE
2025-26,7,sha0v3f8md8zja6k,04qrn,ACTIVE
2025-26,7,sha0v3f8md8zja6k,04ewm,ACTIVE
2025-26,7,sha0v3f8md8zja6k,06v5a,ACTIVE
2025-26,7,sha0v3f8md8zja6k,03xmv,ACTIVE
2025-26,7,sha0v3f8md8zja6k,06226,ACTIVE
2025-26,7,sha0v3f8md8zja6k,06mkd,ACTIVE
2025-26,7,sha0v3f8md8zja6k,05uj4,ACTIVE
2025-26,7,sha0v3f8md8zja6k,04qsd,ACTIVE
2025-26,7,sha0v3f8md8zja6k,06mk6,ACTIVE
2025-26,7,sha0v3f8md8zja6k,04qrm,ACTIVE
2025-26,7,sha0v3f8md8zja6k,04qrp,ACTIVE
2025-26,7,sha0v3f8md8zja6k,04qro,ACTIVE
2025-26,7,sha0v3f8md8zja6k,05uie,ACTIVE
2025-26,7,sha0v3f8md8zja6k,04ewf,ACTIVE
2025-26,7,sha0v3f8md8zja6k,06v58,ACTIVE
2025-26,7,sha0v3f8md8zja6k,06cd4,ACTIVE
2025-26,7,sha0v3f8md8zja6k,05ujd,ACTIVE
2025-26,7,sha0v3f8md8zja6k,042nf,ACTIVE
2025-26,7,sha0v3f8md8zja6k,051on,ACTIVE
2025-26,7,8htzhjs2md8zja6l,06211,ACTIVE
2025-26,7,8htzhjs2md8zja6l,06mjv,ACTIVE
2025-26,7,8htzhjs2md8zja6l,06mjw,ACTIVE
2025-26,7,8htzhjs2md8zja6l,05uup,ACTIVE
2025-26,7,8htzhjs2md8zja6l,05qug,ACTIVE
2025-26,7,8htzhjs2md8zja6l,03al2,ACTIVE
2025-26,7,8htzhjs2md8zja6l,05qsq,ACTIVE
2025-26,7,8htzhjs2md8zja6l,0621k,ACTIVE
2025-26,7,8htzhjs2md8zja6l,03xmt,ACTIVE
2025-26,7,8htzhjs2md8zja6l,005kc,ACTIVE
2025-26,7,8htzhjs2md8zja6l,06mkg,ACTIVE
2025-26,7,8htzhjs2md8zja6l,04ewu,ACTIVE
2025-26,7,8htzhjs2md8zja6l,03al0,ACTIVE
2025-26,7,8htzhjs2md8zja6l,03lls,ACTIVE
2025-26,7,8htzhjs2md8zja6l,06ccf,ACTIVE
2025-26,7,8htzhjs2md8zja6l,04azw,ACTIVE
2025-26,7,8htzhjs2md8zja6l,02ym0,ACTIVE
2025-26,7,8htzhjs2md8zja6l,0011e,ACTIVE
2025-26,7,8htzhjs2md8zja6l,06cc1,ACTIVE
2025-26,7,8htzhjs2md8zja6l,06218,ACTIVE
2025-26,7,7kj0njiwmd8zja6g,001aw,ACTIVE
2025-26,7,7kj0njiwmd8zja6g,0621l,ACTIVE
2025-26,7,7kj0njiwmd8zja6g,04ewt,ACTIVE
2025-26,7,7kj0njiwmd8zja6g,06v5h,ACTIVE
2025-26,7,7kj0njiwmd8zja6g,02nf1,ACTIVE
2025-26,7,7kj0njiwmd8zja6g,03ad4,ACTIVE
2025-26,7,7kj0njiwmd8zja6g,0621e,ACTIVE
2025-26,7,7kj0njiwmd8zja6g,02ng3,ACTIVE
2025-26,7,7kj0njiwmd8zja6g,051oi,ACTIVE
2025-26,7,7kj0njiwmd8zja6g,04qrk,ACTIVE
2025-26,7,7kj0njiwmd8zja6g,06cca,ACTIVE
2025-26,7,7kj0njiwmd8zja6g,049kd,ACTIVE
2025-26,7,7kj0njiwmd8zja6g,05uj9,ACTIVE
2025-26,7,7kj0njiwmd8zja6g,0496e,ACTIVE
2025-26,7,7kj0njiwmd8zja6g,0623a,ACTIVE
2025-26,7,7kj0njiwmd8zja6g,05uif,ACTIVE
2025-26,7,7kj0njiwmd8zja6g,05uiw,ACTIVE
2025-26,7,7kj0njiwmd8zja6g,051os,ACTIVE
2025-26,7,7kj0njiwmd8zja6g,049ka,ACTIVE
2025-26,7,7kj0njiwmd8zja6g,06cby,ACTIVE
2025-26,7,nmbx4rkzmd8zja6m,06cac,ACTIVE
2025-26,7,nmbx4rkzmd8zja6m,05qto,ACTIVE
2025-26,7,nmbx4rkzmd8zja6m,06cc8,ACTIVE
2025-26,7,nmbx4rkzmd8zja6m,06mkj,ACTIVE
2025-26,7,nmbx4rkzmd8zja6m,06ca8,ACTIVE
2025-26,7,nmbx4rkzmd8zja6m,05uih,ACTIVE
2025-26,7,nmbx4rkzmd8zja6m,03ad3,ACTIVE
2025-26,7,nmbx4rkzmd8zja6m,06mln,ACTIVE
2025-26,7,nmbx4rkzmd8zja6m,051oh,ACTIVE
2025-26,7,nmbx4rkzmd8zja6m,05qtt,ACTIVE
2025-26,7,nmbx4rkzmd8zja6m,05uir,ACTIVE
2025-26,7,nmbx4rkzmd8zja6m,05uiz,ACTIVE
2025-26,7,nmbx4rkzmd8zja6m,05qu0,ACTIVE
2025-26,7,nmbx4rkzmd8zja6m,06cbz,ACTIVE
2025-26,7,nmbx4rkzmd8zja6m,06mk3,ACTIVE
2025-26,7,nmbx4rkzmd8zja6m,027oz,ACTIVE
2025-26,7,nmbx4rkzmd8zja6m,03r7z,ACTIVE
2025-26,7,nmbx4rkzmd8zja6m,03nwm,ACTIVE
2025-26,7,nmbx4rkzmd8zja6m,06mju,ACTIVE
2025-26,7,nmbx4rkzmd8zja6m,051ol,ACTIVE
2025-26,7,mp3txfdsmd8zja6i,06v57,ACTIVE
2025-26,7,mp3txfdsmd8zja6i,042n4,ACTIVE
2025-26,7,mp3txfdsmd8zja6i,051p9,ACTIVE
2025-26,7,mp3txfdsmd8zja6i,03ad2,ACTIVE
2025-26,7,mp3txfdsmd8zja6i,03e75,ACTIVE
2025-26,7,mp3txfdsmd8zja6i,042nm,ACTIVE
2025-26,7,mp3txfdsmd8zja6i,04ewk,ACTIVE
2025-26,7,mp3txfdsmd8zja6i,027pe,ACTIVE
2025-26,7,mp3txfdsmd8zja6i,06mll,ACTIVE
2025-26,7,mp3txfdsmd8zja6i,05uic,ACTIVE
2025-26,7,mp3txfdsmd8zja6i,06mkl,ACTIVE
2025-26,7,mp3txfdsmd8zja6i,03nwk,ACTIVE
2025-26,7,mp3txfdsmd8zja6i,04qs1,ACTIVE
2025-26,7,mp3txfdsmd8zja6i,051op,ACTIVE
2025-26,7,mp3txfdsmd8zja6i,05ujt,ACTIVE
2025-26,7,mp3txfdsmd8zja6i,051pb,ACTIVE
2025-26,7,mp3txfdsmd8zja6i,06mk7,ACTIVE
2025-26,7,mp3txfdsmd8zja6i,04qse,ACTIVE
2025-26,7,mp3txfdsmd8zja6i,049kc,ACTIVE
2025-26,7,mp3txfdsmd8zja6i,06v56,ACTIVE
2025-26,7,q86f43pcmd8zja6k,027oo,ACTIVE
2025-26,7,q86f43pcmd8zja6k,0015e,ACTIVE
2025-26,7,q86f43pcmd8zja6k,049kb,ACTIVE
2025-26,7,q86f43pcmd8zja6k,027p4,ACTIVE
2025-26,7,q86f43pcmd8zja6k,0527h,ACTIVE
2025-26,7,q86f43pcmd8zja6k,051p8,ACTIVE
2025-26,7,q86f43pcmd8zja6k,04qru,ACTIVE
2025-26,7,q86f43pcmd8zja6k,03wr4,ACTIVE
2025-26,7,q86f43pcmd8zja6k,027ou,ACTIVE
2025-26,7,q86f43pcmd8zja6k,031lx,ACTIVE
2025-26,7,q86f43pcmd8zja6k,027p0,ACTIVE
2025-26,7,q86f43pcmd8zja6k,06mle,ACTIVE
2025-26,7,q86f43pcmd8zja6k,04kj6,ACTIVE
2025-26,7,q86f43pcmd8zja6k,01eon,ACTIVE
2025-26,7,q86f43pcmd8zja6k,06213,ACTIVE
2025-26,7,q86f43pcmd8zja6k,03ajv,ACTIVE
2025-26,7,q86f43pcmd8zja6k,042n3,ACTIVE
2025-26,7,q86f43pcmd8zja6k,03ams,ACTIVE
2025-26,7,q86f43pcmd8zja6k,04qrl,ACTIVE
2025-26,7,q86f43pcmd8zja6k,05uij,ACTIVE
2025-26,7,nmlbr2ppmd8zja6n,05qtv,ACTIVE
2025-26,7,nmlbr2ppmd8zja6n,06mjt,ACTIVE
2025-26,7,nmlbr2ppmd8zja6n,06v5e,ACTIVE
2025-26,7,nmlbr2ppmd8zja6n,06v5g,ACTIVE
2025-26,7,nmlbr2ppmd8zja6n,0621c,ACTIVE
2025-26,7,nmlbr2ppmd8zja6n,01enh,ACTIVE
2025-26,7,nmlbr2ppmd8zja6n,05uug,ACTIVE
2025-26,7,nmlbr2ppmd8zja6n,05uj1,ACTIVE
2025-26,7,nmlbr2ppmd8zja6n,06mjz,ACTIVE
2025-26,7,nmlbr2ppmd8zja6n,06215,ACTIVE
2025-26,7,nmlbr2ppmd8zja6n,06cdn,ACTIVE
2025-26,7,nmlbr2ppmd8zja6n,05uid,ACTIVE
2025-26,7,nmlbr2ppmd8zja6n,05uib,ACTIVE
2025-26,7,nmlbr2ppmd8zja6n,0621b,ACTIVE
2025-26,7,nmlbr2ppmd8zja6n,0621g,ACTIVE
2025-26,7,nmlbr2ppmd8zja6n,05qt4,ACTIVE
2025-26,7,nmlbr2ppmd8zja6n,042nt,ACTIVE
2025-26,7,nmlbr2ppmd8zja6n,05qt3,ACTIVE
2025-26,7,nmlbr2ppmd8zja6n,06v5k,ACTIVE
2025-26,7,nmlbr2ppmd8zja6n,0621u,ACTIVE
2025-26,7,mm10q3fvmd8zja6j,06v80,ACTIVE
2025-26,7,mm10q3fvmd8zja6j,05uus,ACTIVE
2025-26,7,mm10q3fvmd8zja6j,05uiu,ACTIVE
2025-26,7,mm10q3fvmd8zja6j,031m4,ACTIVE
2025-26,7,mm10q3fvmd8zja6j,06mk1,ACTIVE
2025-26,7,mm10q3fvmd8zja6j,051pa,ACTIVE
2025-26,7,mm10q3fvmd8zja6j,04ewe,ACTIVE
2025-26,7,mm10q3fvmd8zja6j,051or,ACTIVE
2025-26,7,mm10q3fvmd8zja6j,06v5y,ACTIVE
2025-26,7,mm10q3fvmd8zja6j,06ca7,ACTIVE
2025-26,7,mm10q3fvmd8zja6j,06cch,ACTIVE
2025-26,7,mm10q3fvmd8zja6j,03nwn,ACTIVE
2025-26,7,mm10q3fvmd8zja6j,06216,ACTIVE
2025-26,7,mm10q3fvmd8zja6j,06210,ACTIVE
2025-26,7,mm10q3fvmd8zja6j,042n6,ACTIVE
2025-26,7,mm10q3fvmd8zja6j,05qu9,ACTIVE
2025-26,7,mm10q3fvmd8zja6j,06v5l,ACTIVE
2025-26,7,mm10q3fvmd8zja6j,0017e,ACTIVE
2025-26,7,mm10q3fvmd8zja6j,051ok,ACTIVE
2025-26,7,mm10q3fvmd8zja6j,04ex8,ACTIVE
2025-26,8,qxb6cn3omd8zja6h,031m2,ACTIVE
2025-26,8,qxb6cn3omd8zja6h,05qsx,ACTIVE
2025-26,8,qxb6cn3omd8zja6h,06212,ACTIVE
2025-26,8,qxb6cn3omd8zja6h,02xg9,ACTIVE
2025-26,8,qxb6cn3omd8zja6h,051oj,ACTIVE
2025-26,8,qxb6cn3omd8zja6h,05qtl,ACTIVE
2025-26,8,qxb6cn3omd8zja6h,051ot,ACTIVE
2025-26,8,qxb6cn3omd8zja6h,04ex6,ACTIVE
2025-26,8,qxb6cn3omd8zja6h,05qt1,ACTIVE
2025-26,8,qxb6cn3omd8zja6h,051pi,ACTIVE
2025-26,8,qxb6cn3omd8zja6h,04ewr,ACTIVE
2025-26,8,qxb6cn3omd8zja6h,05ujc,ACTIVE
2025-26,8,qxb6cn3omd8zja6h,04qsa,ACTIVE
2025-26,8,qxb6cn3omd8zja6h,06214,ACTIVE
2025-26,8,qxb6cn3omd8zja6h,05qtr,ACTIVE
2025-26,8,qxb6cn3omd8zja6h,05ujq,ACTIVE
2025-26,8,qxb6cn3omd8zja6h,04qrj,ACTIVE
2025-26,8,qxb6cn3omd8zja6h,03aq2,ACTIVE
2025-26,8,qxb6cn3omd8zja6h,06mk8,ACTIVE
2025-26,8,qxb6cn3omd8zja6h,04qrr,ACTIVE
2025-26,8,mjm1574cmd8zja6n,05uiq,ACTIVE
2025-26,8,mjm1574cmd8zja6n,04ewn,ACTIVE
2025-26,8,mjm1574cmd8zja6n,05uig,ACTIVE
2025-26,8,mjm1574cmd8zja6n,05qtj,ACTIVE
2025-26,8,mjm1574cmd8zja6n,01uyj,ACTIVE
2025-26,8,mjm1574cmd8zja6n,042n1,ACTIVE
2025-26,8,mjm1574cmd8zja6n,05uii,ACTIVE
2025-26,8,mjm1574cmd8zja6n,02nfz,ACTIVE
2025-26,8,mjm1574cmd8zja6n,06cc7,ACTIVE
2025-26,8,mjm1574cmd8zja6n,01eo6,ACTIVE
2025-26,8,mjm1574cmd8zja6n,027oj,ACTIVE
2025-26,8,mjm1574cmd8zja6n,03el5,ACTIVE
2025-26,8,mjm1574cmd8zja6n,06217,ACTIVE
2025-26,8,mjm1574cmd8zja6n,06v5n,ACTIVE
2025-26,8,mjm1574cmd8zja6n,0621q,ACTIVE
2025-26,8,mjm1574cmd8zja6n,000zv,ACTIVE
2025-26,8,mjm1574cmd8zja6n,01eo9,ACTIVE
2025-26,8,mjm1574cmd8zja6n,02nf3,ACTIVE
2025-26,8,mjm1574cmd8zja6n,042n7,ACTIVE
2025-26,8,mjm1574cmd8zja6n,042nq,ACTIVE
2025-26,8,sha0v3f8md8zja6k,06v5r,ACTIVE
2025-26,8,sha0v3f8md8zja6k,04qrn,ACTIVE
2025-26,8,sha0v3f8md8zja6k,04ewm,ACTIVE
2025-26,8,sha0v3f8md8zja6k,06v5a,ACTIVE
2025-26,8,sha0v3f8md8zja6k,03xmv,ACTIVE
2025-26,8,sha0v3f8md8zja6k,06226,ACTIVE
2025-26,8,sha0v3f8md8zja6k,06mkd,ACTIVE
2025-26,8,sha0v3f8md8zja6k,05uj4,ACTIVE
2025-26,8,sha0v3f8md8zja6k,04qsd,ACTIVE
2025-26,8,sha0v3f8md8zja6k,06mk6,ACTIVE
2025-26,8,sha0v3f8md8zja6k,04qrm,ACTIVE
2025-26,8,sha0v3f8md8zja6k,04qrp,ACTIVE
2025-26,8,sha0v3f8md8zja6k,04qro,ACTIVE
2025-26,8,sha0v3f8md8zja6k,05uie,ACTIVE
2025-26,8,sha0v3f8md8zja6k,04ewf,ACTIVE
2025-26,8,sha0v3f8md8zja6k,06v58,ACTIVE
2025-26,8,sha0v3f8md8zja6k,06cd4,ACTIVE
2025-26,8,sha0v3f8md8zja6k,05ujd,ACTIVE
2025-26,8,sha0v3f8md8zja6k,042nf,ACTIVE
2025-26,8,sha0v3f8md8zja6k,051on,ACTIVE
2025-26,8,8htzhjs2md8zja6l,06211,ACTIVE
2025-26,8,8htzhjs2md8zja6l,06mjv,ACTIVE
2025-26,8,8htzhjs2md8zja6l,06mjw,ACTIVE
2025-26,8,8htzhjs2md8zja6l,05uup,ACTIVE
2025-26,8,8htzhjs2md8zja6l,05qug,ACTIVE
2025-26,8,8htzhjs2md8zja6l,03al2,ACTIVE
2025-26,8,8htzhjs2md8zja6l,05qsq,ACTIVE
2025-26,8,8htzhjs2md8zja6l,0621k,ACTIVE
2025-26,8,8htzhjs2md8zja6l,03xmt,ACTIVE
2025-26,8,8htzhjs2md8zja6l,005kc,ACTIVE
2025-26,8,8htzhjs2md8zja6l,06mkg,ACTIVE
2025-26,8,8htzhjs2md8zja6l,04ewu,ACTIVE
2025-26,8,8htzhjs2md8zja6l,03al0,ACTIVE
2025-26,8,8htzhjs2md8zja6l,03lls,ACTIVE
2025-26,8,8htzhjs2md8zja6l,06ccf,ACTIVE
2025-26,8,8htzhjs2md8zja6l,04azw,ACTIVE
2025-26,8,8htzhjs2md8zja6l,02ym0,ACTIVE
2025-26,8,8htzhjs2md8zja6l,0011e,ACTIVE
2025-26,8,8htzhjs2md8zja6l,06cc1,ACTIVE
2025-26,8,8htzhjs2md8zja6l,06218,ACTIVE
2025-26,8,7kj0njiwmd8zja6g,001aw,ACTIVE
2025-26,8,7kj0njiwmd8zja6g,0621l,ACTIVE
2025-26,8,7kj0njiwmd8zja6g,04ewt,ACTIVE
2025-26,8,7kj0njiwmd8zja6g,06v5h,ACTIVE
2025-26,8,7kj0njiwmd8zja6g,02nf1,ACTIVE
2025-26,8,7kj0njiwmd8zja6g,03ad4,ACTIVE
2025-26,8,7kj0njiwmd8zja6g,0621e,ACTIVE
2025-26,8,7kj0njiwmd8zja6g,02ng3,ACTIVE
2025-26,8,7kj0njiwmd8zja6g,051oi,ACTIVE
2025-26,8,7kj0njiwmd8zja6g,04qrk,ACTIVE
2025-26,8,7kj0njiwmd8zja6g,06cca,ACTIVE
2025-26,8,7kj0njiwmd8zja6g,049kd,ACTIVE
2025-26,8,7kj0njiwmd8zja6g,05uj9,ACTIVE
2025-26,8,7kj0njiwmd8zja6g,0496e,ACTIVE
2025-26,8,7kj0njiwmd8zja6g,0623a,ACTIVE
2025-26,8,7kj0njiwmd8zja6g,05uif,ACTIVE
2025-26,8,7kj0njiwmd8zja6g,05uiw,ACTIVE
2025-26,8,7kj0njiwmd8zja6g,051os,ACTIVE
2025-26,8,7kj0njiwmd8zja6g,049ka,ACTIVE
2025-26,8,7kj0njiwmd8zja6g,06cby,ACTIVE
2025-26,8,nmbx4rkzmd8zja6m,06cac,ACTIVE
2025-26,8,nmbx4rkzmd8zja6m,05qto,ACTIVE
2025-26,8,nmbx4rkzmd8zja6m,06cc8,ACTIVE
2025-26,8,nmbx4rkzmd8zja6m,06mkj,ACTIVE
2025-26,8,nmbx4rkzmd8zja6m,06ca8,ACTIVE
2025-26,8,nmbx4rkzmd8zja6m,05uih,ACTIVE
2025-26,8,nmbx4rkzmd8zja6m,03ad3,ACTIVE
2025-26,8,nmbx4rkzmd8zja6m,06mln,ACTIVE
2025-26,8,nmbx4rkzmd8zja6m,051oh,ACTIVE
2025-26,8,nmbx4rkzmd8zja6m,05qtt,ACTIVE
2025-26,8,nmbx4rkzmd8zja6m,05uir,ACTIVE
2025-26,8,nmbx4rkzmd8zja6m,05uiz,ACTIVE
2025-26,8,nmbx4rkzmd8zja6m,05qu0,ACTIVE
2025-26,8,nmbx4rkzmd8zja6m,06cbz,ACTIVE
2025-26,8,nmbx4rkzmd8zja6m,06mk3,ACTIVE
2025-26,8,nmbx4rkzmd8zja6m,027oz,ACTIVE
2025-26,8,nmbx4rkzmd8zja6m,03r7z,ACTIVE
2025-26,8,nmbx4rkzmd8zja6m,03nwm,ACTIVE
2025-26,8,nmbx4rkzmd8zja6m,06mju,ACTIVE
2025-26,8,nmbx4rkzmd8zja6m,051ol,ACTIVE
2025-26,8,mp3txfdsmd8zja6i,06v57,ACTIVE
2025-26,8,mp3txfdsmd8zja6i,042n4,ACTIVE
2025-26,8,mp3txfdsmd8zja6i,051p9,ACTIVE
2025-26,8,mp3txfdsmd8zja6i,03ad2,ACTIVE
2025-26,8,mp3txfdsmd8zja6i,03e75,ACTIVE
2025-26,8,mp3txfdsmd8zja6i,042nm,ACTIVE
2025-26,8,mp3txfdsmd8zja6i,04ewk,ACTIVE
2025-26,8,mp3txfdsmd8zja6i,027pe,ACTIVE
2025-26,8,mp3txfdsmd8zja6i,06mll,ACTIVE
2025-26,8,mp3txfdsmd8zja6i,05uic,ACTIVE
2025-26,8,mp3txfdsmd8zja6i,06mkl,ACTIVE
2025-26,8,mp3txfdsmd8zja6i,03nwk,ACTIVE
2025-26,8,mp3txfdsmd8zja6i,04qs1,ACTIVE
2025-26,8,mp3txfdsmd8zja6i,051op,ACTIVE
2025-26,8,mp3txfdsmd8zja6i,05ujt,ACTIVE
2025-26,8,mp3txfdsmd8zja6i,051pb,ACTIVE
2025-26,8,mp3txfdsmd8zja6i,06mk7,ACTIVE
2025-26,8,mp3txfdsmd8zja6i,04qse,ACTIVE
2025-26,8,mp3txfdsmd8zja6i,049kc,ACTIVE
2025-26,8,mp3txfdsmd8zja6i,06v56,ACTIVE
2025-26,8,q86f43pcmd8zja6k,027oo,ACTIVE
2025-26,8,q86f43pcmd8zja6k,0015e,ACTIVE
2025-26,8,q86f43pcmd8zja6k,049kb,ACTIVE
2025-26,8,q86f43pcmd8zja6k,027p4,ACTIVE
2025-26,8,q86f43pcmd8zja6k,0527h,ACTIVE
2025-26,8,q86f43pcmd8zja6k,051p8,ACTIVE
2025-26,8,q86f43pcmd8zja6k,04qru,ACTIVE
2025-26,8,q86f43pcmd8zja6k,03wr4,ACTIVE
2025-26,8,q86f43pcmd8zja6k,027ou,ACTIVE
2025-26,8,q86f43pcmd8zja6k,031lx,ACTIVE
2025-26,8,q86f43pcmd8zja6k,027p0,ACTIVE
2025-26,8,q86f43pcmd8zja6k,06mle,ACTIVE
2025-26,8,q86f43pcmd8zja6k,04kj6,ACTIVE
2025-26,8,q86f43pcmd8zja6k,01eon,ACTIVE
2025-26,8,q86f43pcmd8zja6k,06213,ACTIVE
2025-26,8,q86f43pcmd8zja6k,03ajv,ACTIVE
2025-26,8,q86f43pcmd8zja6k,042n3,ACTIVE
2025-26,8,q86f43pcmd8zja6k,03ams,ACTIVE
2025-26,8,q86f43pcmd8zja6k,04qrl,ACTIVE
2025-26,8,q86f43pcmd8zja6k,05uij,ACTIVE
2025-26,8,nmlbr2ppmd8zja6n,05qtv,ACTIVE
2025-26,8,nmlbr2ppmd8zja6n,06mjt,ACTIVE
2025-26,8,nmlbr2ppmd8zja6n,06v5e,ACTIVE
2025-26,8,nmlbr2ppmd8zja6n,06v5g,ACTIVE
2025-26,8,nmlbr2ppmd8zja6n,0621c,ACTIVE
2025-26,8,nmlbr2ppmd8zja6n,01enh,ACTIVE
2025-26,8,nmlbr2ppmd8zja6n,05uug,ACTIVE
2025-26,8,nmlbr2ppmd8zja6n,05uj1,ACTIVE
2025-26,8,nmlbr2ppmd8zja6n,06mjz,ACTIVE
2025-26,8,nmlbr2ppmd8zja6n,06215,ACTIVE
2025-26,8,nmlbr2ppmd8zja6n,06cdn,ACTIVE
2025-26,8,nmlbr2ppmd8zja6n,05uid,ACTIVE
2025-26,8,nmlbr2ppmd8zja6n,05uib,ACTIVE
2025-26,8,nmlbr2ppmd8zja6n,0621b,ACTIVE
2025-26,8,nmlbr2ppmd8zja6n,0621g,ACTIVE
2025-26,8,nmlbr2ppmd8zja6n,05qt4,ACTIVE
2025-26,8,nmlbr2ppmd8zja6n,042nt,ACTIVE
2025-26,8,nmlbr2ppmd8zja6n,05qt3,ACTIVE
2025-26,8,nmlbr2ppmd8zja6n,06v5k,ACTIVE
2025-26,8,nmlbr2ppmd8zja6n,0621u,ACTIVE
2025-26,8,mm10q3fvmd8zja6j,06v80,ACTIVE
2025-26,8,mm10q3fvmd8zja6j,05uus,ACTIVE
2025-26,8,mm10q3fvmd8zja6j,05uiu,ACTIVE
2025-26,8,mm10q3fvmd8zja6j,031m4,ACTIVE
2025-26,8,mm10q3fvmd8zja6j,06mk1,ACTIVE
2025-26,8,mm10q3fvmd8zja6j,051pa,ACTIVE
2025-26,8,mm10q3fvmd8zja6j,04ewe,ACTIVE
2025-26,8,mm10q3fvmd8zja6j,051or,ACTIVE
2025-26,8,mm10q3fvmd8zja6j,06v5y,ACTIVE
2025-26,8,mm10q3fvmd8zja6j,06ca7,ACTIVE
2025-26,8,mm10q3fvmd8zja6j,06cch,ACTIVE
2025-26,8,mm10q3fvmd8zja6j,03nwn,ACTIVE
2025-26,8,mm10q3fvmd8zja6j,06216,ACTIVE
2025-26,8,mm10q3fvmd8zja6j,06210,ACTIVE
2025-26,8,mm10q3fvmd8zja6j,042n6,ACTIVE
2025-26,8,mm10q3fvmd8zja6j,05qu9,ACTIVE
2025-26,8,mm10q3fvmd8zja6j,06v5l,ACTIVE
2025-26,8,mm10q3fvmd8zja6j,0017e,ACTIVE
2025-26,8,mm10q3fvmd8zja6j,051ok,ACTIVE
2025-26,8,mm10q3fvmd8zja6j,04ex8,ACTIVE
2025-26,9,qxb6cn3omd8zja6h,031m2,ACTIVE
2025-26,9,qxb6cn3omd8zja6h,05qsx,ACTIVE
2025-26,9,qxb6cn3omd8zja6h,06212,ACTIVE
2025-26,9,qxb6cn3omd8zja6h,02xg9,ACTIVE
2025-26,9,qxb6cn3omd8zja6h,051oj,ACTIVE
2025-26,9,qxb6cn3omd8zja6h,05qtl,ACTIVE
2025-26,9,qxb6cn3omd8zja6h,051ot,ACTIVE
2025-26,9,qxb6cn3omd8zja6h,04ex6,ACTIVE
2025-26,9,qxb6cn3omd8zja6h,05qt1,ACTIVE
2025-26,9,qxb6cn3omd8zja6h,051pi,ACTIVE
2025-26,9,qxb6cn3omd8zja6h,04ewr,ACTIVE
2025-26,9,qxb6cn3omd8zja6h,05ujc,ACTIVE
2025-26,9,qxb6cn3omd8zja6h,04qsa,ACTIVE
2025-26,9,qxb6cn3omd8zja6h,06214,ACTIVE
2025-26,9,qxb6cn3omd8zja6h,05qtr,ACTIVE
2025-26,9,qxb6cn3omd8zja6h,05ujq,ACTIVE
2025-26,9,qxb6cn3omd8zja6h,04qrj,ACTIVE
2025-26,9,qxb6cn3omd8zja6h,03aq2,ACTIVE
2025-26,9,qxb6cn3omd8zja6h,06mk8,ACTIVE
2025-26,9,qxb6cn3omd8zja6h,04qrr,ACTIVE
2025-26,9,mjm1574cmd8zja6n,05uiq,ACTIVE
2025-26,9,mjm1574cmd8zja6n,04ewn,ACTIVE
2025-26,9,mjm1574cmd8zja6n,05uig,ACTIVE
2025-26,9,mjm1574cmd8zja6n,05qtj,ACTIVE
2025-26,9,mjm1574cmd8zja6n,01uyj,ACTIVE
2025-26,9,mjm1574cmd8zja6n,042n1,ACTIVE
2025-26,9,mjm1574cmd8zja6n,05uii,ACTIVE
2025-26,9,mjm1574cmd8zja6n,02nfz,ACTIVE
2025-26,9,mjm1574cmd8zja6n,06cc7,ACTIVE
2025-26,9,mjm1574cmd8zja6n,01eo6,ACTIVE
2025-26,9,mjm1574cmd8zja6n,027oj,ACTIVE
2025-26,9,mjm1574cmd8zja6n,03el5,ACTIVE
2025-26,9,mjm1574cmd8zja6n,06217,ACTIVE
2025-26,9,mjm1574cmd8zja6n,06v5n,ACTIVE
2025-26,9,mjm1574cmd8zja6n,0621q,ACTIVE
2025-26,9,mjm1574cmd8zja6n,000zv,ACTIVE
2025-26,9,mjm1574cmd8zja6n,01eo9,ACTIVE
2025-26,9,mjm1574cmd8zja6n,02nf3,ACTIVE
2025-26,9,mjm1574cmd8zja6n,042n7,ACTIVE
2025-26,9,mjm1574cmd8zja6n,042nq,ACTIVE
2025-26,9,sha0v3f8md8zja6k,06v5r,ACTIVE
2025-26,9,sha0v3f8md8zja6k,04qrn,ACTIVE
2025-26,9,sha0v3f8md8zja6k,04ewm,ACTIVE
2025-26,9,sha0v3f8md8zja6k,06v5a,ACTIVE
2025-26,9,sha0v3f8md8zja6k,03xmv,ACTIVE
2025-26,9,sha0v3f8md8zja6k,06226,ACTIVE
2025-26,9,sha0v3f8md8zja6k,06mkd,ACTIVE
2025-26,9,sha0v3f8md8zja6k,05uj4,ACTIVE
2025-26,9,sha0v3f8md8zja6k,04qsd,ACTIVE
2025-26,9,sha0v3f8md8zja6k,06mk6,ACTIVE
2025-26,9,sha0v3f8md8zja6k,04qrm,ACTIVE
2025-26,9,sha0v3f8md8zja6k,04qrp,ACTIVE
2025-26,9,sha0v3f8md8zja6k,04qro,ACTIVE
2025-26,9,sha0v3f8md8zja6k,05uie,ACTIVE
2025-26,9,sha0v3f8md8zja6k,04ewf,ACTIVE
2025-26,9,sha0v3f8md8zja6k,06v58,ACTIVE
2025-26,9,sha0v3f8md8zja6k,06cd4,ACTIVE
2025-26,9,sha0v3f8md8zja6k,05ujd,ACTIVE
2025-26,9,sha0v3f8md8zja6k,042nf,ACTIVE
2025-26,9,sha0v3f8md8zja6k,051on,ACTIVE
2025-26,9,8htzhjs2md8zja6l,06211,ACTIVE
2025-26,9,8htzhjs2md8zja6l,06mjv,ACTIVE
2025-26,9,8htzhjs2md8zja6l,06mjw,ACTIVE
2025-26,9,8htzhjs2md8zja6l,05uup,ACTIVE
2025-26,9,8htzhjs2md8zja6l,05qug,ACTIVE
2025-26,9,8htzhjs2md8zja6l,03al2,ACTIVE
2025-26,9,8htzhjs2md8zja6l,05qsq,ACTIVE
2025-26,9,8htzhjs2md8zja6l,0621k,ACTIVE
2025-26,9,8htzhjs2md8zja6l,03xmt,ACTIVE
2025-26,9,8htzhjs2md8zja6l,005kc,ACTIVE
2025-26,9,8htzhjs2md8zja6l,06mkg,ACTIVE
2025-26,9,8htzhjs2md8zja6l,04ewu,ACTIVE
2025-26,9,8htzhjs2md8zja6l,03al0,ACTIVE
2025-26,9,8htzhjs2md8zja6l,03lls,ACTIVE
2025-26,9,8htzhjs2md8zja6l,06ccf,ACTIVE
2025-26,9,8htzhjs2md8zja6l,04azw,ACTIVE
2025-26,9,8htzhjs2md8zja6l,02ym0,ACTIVE
2025-26,9,8htzhjs2md8zja6l,0011e,ACTIVE
2025-26,9,8htzhjs2md8zja6l,06cc1,ACTIVE
2025-26,9,8htzhjs2md8zja6l,06218,ACTIVE
2025-26,9,7kj0njiwmd8zja6g,001aw,ACTIVE
2025-26,9,7kj0njiwmd8zja6g,0621l,ACTIVE
2025-26,9,7kj0njiwmd8zja6g,04ewt,ACTIVE
2025-26,9,7kj0njiwmd8zja6g,06v5h,ACTIVE
2025-26,9,7kj0njiwmd8zja6g,02nf1,ACTIVE
2025-26,9,7kj0njiwmd8zja6g,03ad4,ACTIVE
2025-26,9,7kj0njiwmd8zja6g,0621e,ACTIVE
2025-26,9,7kj0njiwmd8zja6g,02ng3,ACTIVE
2025-26,9,7kj0njiwmd8zja6g,051oi,ACTIVE
2025-26,9,7kj0njiwmd8zja6g,04qrk,ACTIVE
2025-26,9,7kj0njiwmd8zja6g,06cca,ACTIVE
2025-26,9,7kj0njiwmd8zja6g,049kd,ACTIVE
2025-26,9,7kj0njiwmd8zja6g,05uj9,ACTIVE
2025-26,9,7kj0njiwmd8zja6g,0496e,ACTIVE
2025-26,9,7kj0njiwmd8zja6g,0623a,ACTIVE
2025-26,9,7kj0njiwmd8zja6g,05uif,ACTIVE
2025-26,9,7kj0njiwmd8zja6g,05uiw,ACTIVE
2025-26,9,7kj0njiwmd8zja6g,051os,ACTIVE
2025-26,9,7kj0njiwmd8zja6g,049ka,ACTIVE
2025-26,9,7kj0njiwmd8zja6g,06cby,ACTIVE
2025-26,9,nmbx4rkzmd8zja6m,06cac,ACTIVE
2025-26,9,nmbx4rkzmd8zja6m,05qto,ACTIVE
2025-26,9,nmbx4rkzmd8zja6m,06cc8,ACTIVE
2025-26,9,nmbx4rkzmd8zja6m,06mkj,ACTIVE
2025-26,9,nmbx4rkzmd8zja6m,06ca8,ACTIVE
2025-26,9,nmbx4rkzmd8zja6m,05uih,ACTIVE
2025-26,9,nmbx4rkzmd8zja6m,03ad3,ACTIVE
2025-26,9,nmbx4rkzmd8zja6m,06mln,ACTIVE
2025-26,9,nmbx4rkzmd8zja6m,051oh,ACTIVE
2025-26,9,nmbx4rkzmd8zja6m,05qtt,ACTIVE
2025-26,9,nmbx4rkzmd8zja6m,05uir,ACTIVE
2025-26,9,nmbx4rkzmd8zja6m,05uiz,ACTIVE
2025-26,9,nmbx4rkzmd8zja6m,05qu0,ACTIVE
2025-26,9,nmbx4rkzmd8zja6m,06cbz,ACTIVE
2025-26,9,nmbx4rkzmd8zja6m,06mk3,ACTIVE
2025-26,9,nmbx4rkzmd8zja6m,027oz,ACTIVE
2025-26,9,nmbx4rkzmd8zja6m,03r7z,ACTIVE
2025-26,9,nmbx4rkzmd8zja6m,03nwm,ACTIVE
2025-26,9,nmbx4rkzmd8zja6m,06mju,ACTIVE
2025-26,9,nmbx4rkzmd8zja6m,051ol,ACTIVE
2025-26,9,mp3txfdsmd8zja6i,06v57,ACTIVE
2025-26,9,mp3txfdsmd8zja6i,042n4,ACTIVE
2025-26,9,mp3txfdsmd8zja6i,051p9,ACTIVE
2025-26,9,mp3txfdsmd8zja6i,03ad2,ACTIVE
2025-26,9,mp3txfdsmd8zja6i,03e75,ACTIVE
2025-26,9,mp3txfdsmd8zja6i,042nm,ACTIVE
2025-26,9,mp3txfdsmd8zja6i,04ewk,ACTIVE
2025-26,9,mp3txfdsmd8zja6i,027pe,ACTIVE
2025-26,9,mp3txfdsmd8zja6i,06mll,ACTIVE
2025-26,9,mp3txfdsmd8zja6i,05uic,ACTIVE
2025-26,9,mp3txfdsmd8zja6i,06mkl,ACTIVE
2025-26,9,mp3txfdsmd8zja6i,03nwk,ACTIVE
2025-26,9,mp3txfdsmd8zja6i,04qs1,ACTIVE
2025-26,9,mp3txfdsmd8zja6i,051op,ACTIVE
2025-26,9,mp3txfdsmd8zja6i,05ujt,ACTIVE
2025-26,9,mp3txfdsmd8zja6i,051pb,ACTIVE
2025-26,9,mp3txfdsmd8zja6i,06mk7,ACTIVE
2025-26,9,mp3txfdsmd8zja6i,04qse,ACTIVE
2025-26,9,mp3txfdsmd8zja6i,049kc,ACTIVE
2025-26,9,mp3txfdsmd8zja6i,06v56,ACTIVE
2025-26,9,q86f43pcmd8zja6k,027oo,ACTIVE
2025-26,9,q86f43pcmd8zja6k,0015e,ACTIVE
2025-26,9,q86f43pcmd8zja6k,049kb,ACTIVE
2025-26,9,q86f43pcmd8zja6k,027p4,ACTIVE
2025-26,9,q86f43pcmd8zja6k,0527h,ACTIVE
2025-26,9,q86f43pcmd8zja6k,051p8,ACTIVE
2025-26,9,q86f43pcmd8zja6k,04qru,ACTIVE
2025-26,9,q86f43pcmd8zja6k,03wr4,ACTIVE
2025-26,9,q86f43pcmd8zja6k,027ou,ACTIVE
2025-26,9,q86f43pcmd8zja6k,031lx,ACTIVE
2025-26,9,q86f43pcmd8zja6k,027p0,ACTIVE
2025-26,9,q86f43pcmd8zja6k,06mle,ACTIVE
2025-26,9,q86f43pcmd8zja6k,04kj6,ACTIVE
2025-26,9,q86f43pcmd8zja6k,01eon,ACTIVE
2025-26,9,q86f43pcmd8zja6k,06213,ACTIVE
2025-26,9,q86f43pcmd8zja6k,03ajv,ACTIVE
2025-26,9,q86f43pcmd8zja6k,042n3,ACTIVE
2025-26,9,q86f43pcmd8zja6k,03ams,ACTIVE
2025-26,9,q86f43pcmd8zja6k,04qrl,ACTIVE
2025-26,9,q86f43pcmd8zja6k,05uij,ACTIVE
2025-26,9,nmlbr2ppmd8zja6n,05qtv,ACTIVE
2025-26,9,nmlbr2ppmd8zja6n,06mjt,ACTIVE
2025-26,9,nmlbr2ppmd8zja6n,06v5e,ACTIVE
2025-26,9,nmlbr2ppmd8zja6n,06v5g,ACTIVE
2025-26,9,nmlbr2ppmd8zja6n,0621c,ACTIVE
2025-26,9,nmlbr2ppmd8zja6n,01enh,ACTIVE
2025-26,9,nmlbr2ppmd8zja6n,05uug,ACTIVE
2025-26,9,nmlbr2ppmd8zja6n,05uj1,ACTIVE
2025-26,9,nmlbr2ppmd8zja6n,06mjz,ACTIVE
2025-26,9,nmlbr2ppmd8zja6n,06215,ACTIVE
2025-26,9,nmlbr2ppmd8zja6n,06cdn,ACTIVE
2025-26,9,nmlbr2ppmd8zja6n,05uid,ACTIVE
2025-26,9,nmlbr2ppmd8zja6n,05uib,ACTIVE
2025-26,9,nmlbr2ppmd8zja6n,0621b,ACTIVE
2025-26,9,nmlbr2ppmd8zja6n,0621g,ACTIVE
2025-26,9,nmlbr2ppmd8zja6n,05qt4,ACTIVE
2025-26,9,nmlbr2ppmd8zja6n,042nt,ACTIVE
2025-26,9,nmlbr2ppmd8zja6n,05qt3,ACTIVE
2025-26,9,nmlbr2ppmd8zja6n,06v5k,ACTIVE
2025-26,9,nmlbr2ppmd8zja6n,0621u,ACTIVE
2025-26,9,mm10q3fvmd8zja6j,06v80,ACTIVE
2025-26,9,mm10q3fvmd8zja6j,05uus,ACTIVE
2025-26,9,mm10q3fvmd8zja6j,05uiu,ACTIVE
2025-26,9,mm10q3fvmd8zja6j,031m4,ACTIVE
2025-26,9,mm10q3fvmd8zja6j,06mk1,ACTIVE
2025-26,9,mm10q3fvmd8zja6j,051pa,ACTIVE
2025-26,9,mm10q3fvmd8zja6j,04ewe,ACTIVE
2025-26,9,mm10q3fvmd8zja6j,051or,ACTIVE
2025-26,9,mm10q3fvmd8zja6j,06v5y,ACTIVE
2025-26,9,mm10q3fvmd8zja6j,06ca7,ACTIVE
2025-26,9,mm10q3fvmd8zja6j,06cch,ACTIVE
2025-26,9,mm10q3fvmd8zja6j,03nwn,ACTIVE
2025-26,9,mm10q3fvmd8zja6j,06216,ACTIVE
2025-26,9,mm10q3fvmd8zja6j,06210,ACTIVE
2025-26,9,mm10q3fvmd8zja6j,042n6,ACTIVE
2025-26,9,mm10q3fvmd8zja6j,05qu9,ACTIVE
2025-26,9,mm10q3fvmd8zja6j,06v5l,ACTIVE
2025-26,9,mm10q3fvmd8zja6j,0017e,ACTIVE
2025-26,9,mm10q3fvmd8zja6j,051ok,ACTIVE
2025-26,9,mm10q3fvmd8zja6j,04ex8,ACTIVE
2025-26,10,qxb6cn3omd8zja6h,031m2,ACTIVE
2025-26,10,qxb6cn3omd8zja6h,05qsx,ACTIVE
2025-26,10,qxb6cn3omd8zja6h,06212,ACTIVE
2025-26,10,qxb6cn3omd8zja6h,02xg9,ACTIVE
2025-26,10,qxb6cn3omd8zja6h,051oj,ACTIVE
2025-26,10,qxb6cn3omd8zja6h,05qtl,ACTIVE
2025-26,10,qxb6cn3omd8zja6h,051ot,ACTIVE
2025-26,10,qxb6cn3omd8zja6h,04ex6,ACTIVE
2025-26,10,qxb6cn3omd8zja6h,05qt1,ACTIVE
2025-26,10,qxb6cn3omd8zja6h,051pi,ACTIVE
2025-26,10,qxb6cn3omd8zja6h,04ewr,ACTIVE
2025-26,10,qxb6cn3omd8zja6h,05ujc,ACTIVE
2025-26,10,qxb6cn3omd8zja6h,04qsa,ACTIVE
2025-26,10,qxb6cn3omd8zja6h,06214,ACTIVE
2025-26,10,qxb6cn3omd8zja6h,05qtr,ACTIVE
2025-26,10,qxb6cn3omd8zja6h,05ujq,ACTIVE
2025-26,10,qxb6cn3omd8zja6h,04qrj,ACTIVE
2025-26,10,qxb6cn3omd8zja6h,03aq2,ACTIVE
2025-26,10,qxb6cn3omd8zja6h,06mk8,ACTIVE
2025-26,10,qxb6cn3omd8zja6h,04qrr,ACTIVE
2025-26,10,mjm1574cmd8zja6n,05uiq,ACTIVE
2025-26,10,mjm1574cmd8zja6n,04ewn,ACTIVE
2025-26,10,mjm1574cmd8zja6n,05uig,ACTIVE
2025-26,10,mjm1574cmd8zja6n,05qtj,ACTIVE
2025-26,10,mjm1574cmd8zja6n,01uyj,ACTIVE
2025-26,10,mjm1574cmd8zja6n,042n1,ACTIVE
2025-26,10,mjm1574cmd8zja6n,05uii,ACTIVE
2025-26,10,mjm1574cmd8zja6n,02nfz,ACTIVE
2025-26,10,mjm1574cmd8zja6n,06cc7,ACTIVE
2025-26,10,mjm1574cmd8zja6n,01eo6,ACTIVE
2025-26,10,mjm1574cmd8zja6n,027oj,ACTIVE
2025-26,10,mjm1574cmd8zja6n,03el5,ACTIVE
2025-26,10,mjm1574cmd8zja6n,06217,ACTIVE
2025-26,10,mjm1574cmd8zja6n,06v5n,ACTIVE
2025-26,10,mjm1574cmd8zja6n,0621q,ACTIVE
2025-26,10,mjm1574cmd8zja6n,000zv,ACTIVE
2025-26,10,mjm1574cmd8zja6n,01eo9,ACTIVE
2025-26,10,mjm1574cmd8zja6n,02nf3,ACTIVE
2025-26,10,mjm1574cmd8zja6n,042n7,ACTIVE
2025-26,10,mjm1574cmd8zja6n,042nq,ACTIVE
2025-26,10,sha0v3f8md8zja6k,06v5r,ACTIVE
2025-26,10,sha0v3f8md8zja6k,04qrn,ACTIVE
2025-26,10,sha0v3f8md8zja6k,04ewm,ACTIVE
2025-26,10,sha0v3f8md8zja6k,06v5a,ACTIVE
2025-26,10,sha0v3f8md8zja6k,03xmv,ACTIVE
2025-26,10,sha0v3f8md8zja6k,06226,ACTIVE
2025-26,10,sha0v3f8md8zja6k,06mkd,ACTIVE
2025-26,10,sha0v3f8md8zja6k,05uj4,ACTIVE
2025-26,10,sha0v3f8md8zja6k,04qsd,ACTIVE
2025-26,10,sha0v3f8md8zja6k,06mk6,ACTIVE
2025-26,10,sha0v3f8md8zja6k,04qrm,ACTIVE
2025-26,10,sha0v3f8md8zja6k,04qrp,ACTIVE
2025-26,10,sha0v3f8md8zja6k,04qro,ACTIVE
2025-26,10,sha0v3f8md8zja6k,05uie,ACTIVE
2025-26,10,sha0v3f8md8zja6k,04ewf,ACTIVE
2025-26,10,sha0v3f8md8zja6k,06v58,ACTIVE
2025-26,10,sha0v3f8md8zja6k,06cd4,ACTIVE
2025-26,10,sha0v3f8md8zja6k,05ujd,ACTIVE
2025-26,10,sha0v3f8md8zja6k,042nf,ACTIVE
2025-26,10,sha0v3f8md8zja6k,051on,ACTIVE
2025-26,10,8htzhjs2md8zja6l,06211,ACTIVE
2025-26,10,8htzhjs2md8zja6l,06mjv,ACTIVE
2025-26,10,8htzhjs2md8zja6l,06mjw,ACTIVE
2025-26,10,8htzhjs2md8zja6l,05uup,ACTIVE
2025-26,10,8htzhjs2md8zja6l,05qug,ACTIVE
2025-26,10,8htzhjs2md8zja6l,03al2,ACTIVE
2025-26,10,8htzhjs2md8zja6l,05qsq,ACTIVE
2025-26,10,8htzhjs2md8zja6l,0621k,ACTIVE
2025-26,10,8htzhjs2md8zja6l,03xmt,ACTIVE
2025-26,10,8htzhjs2md8zja6l,005kc,ACTIVE
2025-26,10,8htzhjs2md8zja6l,06mkg,ACTIVE
2025-26,10,8htzhjs2md8zja6l,04ewu,ACTIVE
2025-26,10,8htzhjs2md8zja6l,03al0,ACTIVE
2025-26,10,8htzhjs2md8zja6l,03lls,ACTIVE
2025-26,10,8htzhjs2md8zja6l,06ccf,ACTIVE
2025-26,10,8htzhjs2md8zja6l,04azw,ACTIVE
2025-26,10,8htzhjs2md8zja6l,02ym0,ACTIVE
2025-26,10,8htzhjs2md8zja6l,0011e,ACTIVE
2025-26,10,8htzhjs2md8zja6l,06cc1,ACTIVE
2025-26,10,8htzhjs2md8zja6l,06218,ACTIVE
2025-26,10,7kj0njiwmd8zja6g,001aw,ACTIVE
2025-26,10,7kj0njiwmd8zja6g,0621l,ACTIVE
2025-26,10,7kj0njiwmd8zja6g,04ewt,ACTIVE
2025-26,10,7kj0njiwmd8zja6g,06v5h,ACTIVE
2025-26,10,7kj0njiwmd8zja6g,02nf1,ACTIVE
2025-26,10,7kj0njiwmd8zja6g,03ad4,ACTIVE
2025-26,10,7kj0njiwmd8zja6g,0621e,ACTIVE
2025-26,10,7kj0njiwmd8zja6g,02ng3,ACTIVE
2025-26,10,7kj0njiwmd8zja6g,051oi,ACTIVE
2025-26,10,7kj0njiwmd8zja6g,04qrk,ACTIVE
2025-26,10,7kj0njiwmd8zja6g,06cca,ACTIVE
2025-26,10,7kj0njiwmd8zja6g,049kd,ACTIVE
2025-26,10,7kj0njiwmd8zja6g,05uj9,ACTIVE
2025-26,10,7kj0njiwmd8zja6g,0496e,ACTIVE
2025-26,10,7kj0njiwmd8zja6g,0623a,ACTIVE
2025-26,10,7kj0njiwmd8zja6g,05uif,ACTIVE
2025-26,10,7kj0njiwmd8zja6g,05uiw,ACTIVE
2025-26,10,7kj0njiwmd8zja6g,051os,ACTIVE
2025-26,10,7kj0njiwmd8zja6g,049ka,ACTIVE
2025-26,10,7kj0njiwmd8zja6g,06cby,ACTIVE
2025-26,10,nmbx4rkzmd8zja6m,06cac,ACTIVE
2025-26,10,nmbx4rkzmd8zja6m,05qto,ACTIVE
2025-26,10,nmbx4rkzmd8zja6m,06cc8,ACTIVE
2025-26,10,nmbx4rkzmd8zja6m,06mkj,ACTIVE
2025-26,10,nmbx4rkzmd8zja6m,06ca8,ACTIVE
2025-26,10,nmbx4rkzmd8zja6m,05uih,ACTIVE
2025-26,10,nmbx4rkzmd8zja6m,03ad3,ACTIVE
2025-26,10,nmbx4rkzmd8zja6m,06mln,ACTIVE
2025-26,10,nmbx4rkzmd8zja6m,051oh,ACTIVE
2025-26,10,nmbx4rkzmd8zja6m,05qtt,ACTIVE
2025-26,10,nmbx4rkzmd8zja6m,05uir,ACTIVE
2025-26,10,nmbx4rkzmd8zja6m,05uiz,ACTIVE
2025-26,10,nmbx4rkzmd8zja6m,05qu0,ACTIVE
2025-26,10,nmbx4rkzmd8zja6m,06cbz,ACTIVE
2025-26,10,nmbx4rkzmd8zja6m,06mk3,ACTIVE
2025-26,10,nmbx4rkzmd8zja6m,027oz,ACTIVE
2025-26,10,nmbx4rkzmd8zja6m,03r7z,ACTIVE
2025-26,10,nmbx4rkzmd8zja6m,03nwm,ACTIVE
2025-26,10,nmbx4rkzmd8zja6m,06mju,ACTIVE
2025-26,10,nmbx4rkzmd8zja6m,051ol,ACTIVE
2025-26,10,mp3txfdsmd8zja6i,06v57,ACTIVE
2025-26,10,mp3txfdsmd8zja6i,042n4,ACTIVE
2025-26,10,mp3txfdsmd8zja6i,051p9,ACTIVE
2025-26,10,mp3txfdsmd8zja6i,03ad2,ACTIVE
2025-26,10,mp3txfdsmd8zja6i,03e75,ACTIVE
2025-26,10,mp3txfdsmd8zja6i,042nm,ACTIVE
2025-26,10,mp3txfdsmd8zja6i,04ewk,ACTIVE
2025-26,10,mp3txfdsmd8zja6i,027pe,ACTIVE
2025-26,10,mp3txfdsmd8zja6i,06mll,ACTIVE
2025-26,10,mp3txfdsmd8zja6i,05uic,ACTIVE
2025-26,10,mp3txfdsmd8zja6i,06mkl,ACTIVE
2025-26,10,mp3txfdsmd8zja6i,03nwk,ACTIVE
2025-26,10,mp3txfdsmd8zja6i,04qs1,ACTIVE
2025-26,10,mp3txfdsmd8zja6i,051op,ACTIVE
2025-26,10,mp3txfdsmd8zja6i,05ujt,ACTIVE
2025-26,10,mp3txfdsmd8zja6i,051pb,ACTIVE
2025-26,10,mp3txfdsmd8zja6i,06mk7,ACTIVE
2025-26,10,mp3txfdsmd8zja6i,04qse,ACTIVE
2025-26,10,mp3txfdsmd8zja6i,049kc,ACTIVE
2025-26,10,mp3txfdsmd8zja6i,06v56,ACTIVE
2025-26,10,q86f43pcmd8zja6k,027oo,ACTIVE
2025-26,10,q86f43pcmd8zja6k,0015e,ACTIVE
2025-26,10,q86f43pcmd8zja6k,049kb,ACTIVE
2025-26,10,q86f43pcmd8zja6k,027p4,ACTIVE
2025-26,10,q86f43pcmd8zja6k,0527h,ACTIVE
2025-26,10,q86f43pcmd8zja6k,051p8,ACTIVE
2025-26,10,q86f43pcmd8zja6k,04qru,ACTIVE
2025-26,10,q86f43pcmd8zja6k,03wr4,ACTIVE
2025-26,10,q86f43pcmd8zja6k,027ou,ACTIVE
2025-26,10,q86f43pcmd8zja6k,031lx,ACTIVE
2025-26,10,q86f43pcmd8zja6k,027p0,ACTIVE
2025-26,10,q86f43pcmd8zja6k,06mle,ACTIVE
2025-26,10,q86f43pcmd8zja6k,04kj6,ACTIVE
2025-26,10,q86f43pcmd8zja6k,01eon,ACTIVE
2025-26,10,q86f43pcmd8zja6k,06213,ACTIVE
2025-26,10,q86f43pcmd8zja6k,03ajv,ACTIVE
2025-26,10,q86f43pcmd8zja6k,042n3,ACTIVE
2025-26,10,q86f43pcmd8zja6k,03ams,ACTIVE
2025-26,10,q86f43pcmd8zja6k,04qrl,ACTIVE
2025-26,10,q86f43pcmd8zja6k,05uij,ACTIVE
2025-26,10,nmlbr2ppmd8zja6n,05qtv,ACTIVE
2025-26,10,nmlbr2ppmd8zja6n,06mjt,ACTIVE
2025-26,10,nmlbr2ppmd8zja6n,06v5e,ACTIVE
2025-26,10,nmlbr2ppmd8zja6n,06v5g,ACTIVE
2025-26,10,nmlbr2ppmd8zja6n,0621c,ACTIVE
2025-26,10,nmlbr2ppmd8zja6n,01enh,ACTIVE
2025-26,10,nmlbr2ppmd8zja6n,05uug,ACTIVE
2025-26,10,nmlbr2ppmd8zja6n,05uj1,ACTIVE
2025-26,10,nmlbr2ppmd8zja6n,06mjz,ACTIVE
2025-26,10,nmlbr2ppmd8zja6n,06215,ACTIVE
2025-26,10,nmlbr2ppmd8zja6n,06cdn,ACTIVE
2025-26,10,nmlbr2ppmd8zja6n,05uid,ACTIVE
2025-26,10,nmlbr2ppmd8zja6n,05uib,ACTIVE
2025-26,10,nmlbr2ppmd8zja6n,0621b,ACTIVE
2025-26,10,nmlbr2ppmd8zja6n,0621g,ACTIVE
2025-26,10,nmlbr2ppmd8zja6n,05qt4,ACTIVE
2025-26,10,nmlbr2ppmd8zja6n,042nt,ACTIVE
2025-26,10,nmlbr2ppmd8zja6n,05qt3,ACTIVE
2025-26,10,nmlbr2ppmd8zja6n,06v5k,ACTIVE
2025-26,10,nmlbr2ppmd8zja6n,0621u,ACTIVE
2025-26,10,mm10q3fvmd8zja6j,06v80,ACTIVE
2025-26,10,mm10q3fvmd8zja6j,05uus,ACTIVE
2025-26,10,mm10q3fvmd8zja6j,05uiu,ACTIVE
2025-26,10,mm10q3fvmd8zja6j,031m4,ACTIVE
2025-26,10,mm10q3fvmd8zja6j,06mk1,ACTIVE
2025-26,10,mm10q3fvmd8zja6j,051pa,ACTIVE
2025-26,10,mm10q3fvmd8zja6j,04ewe,ACTIVE
2025-26,10,mm10q3fvmd8zja6j,051or,ACTIVE
2025-26,10,mm10q3fvmd8zja6j,06v5y,ACTIVE
2025-26,10,mm10q3fvmd8zja6j,06ca7,ACTIVE
2025-26,10,mm10q3fvmd8zja6j,06cch,ACTIVE
2025-26,10,mm10q3fvmd8zja6j,03nwn,ACTIVE
2025-26,10,mm10q3fvmd8zja6j,06216,ACTIVE
2025-26,10,mm10q3fvmd8zja6j,06210,ACTIVE
2025-26,10,mm10q3fvmd8zja6j,042n6,ACTIVE
2025-26,10,mm10q3fvmd8zja6j,05qu9,ACTIVE
2025-26,10,mm10q3fvmd8zja6j,06v5l,ACTIVE
2025-26,10,mm10q3fvmd8zja6j,0017e,ACTIVE
2025-26,10,mm10q3fvmd8zja6j,051ok,ACTIVE
2025-26,10,mm10q3fvmd8zja6j,04ex8,ACTIVE
2025-26,11,qxb6cn3omd8zja6h,031m2,ACTIVE
2025-26,11,qxb6cn3omd8zja6h,05qsx,ACTIVE
2025-26,11,qxb6cn3omd8zja6h,06212,ACTIVE
2025-26,11,qxb6cn3omd8zja6h,02xg9,ACTIVE
2025-26,11,qxb6cn3omd8zja6h,051oj,ACTIVE
2025-26,11,qxb6cn3omd8zja6h,05qtl,ACTIVE
2025-26,11,qxb6cn3omd8zja6h,051ot,ACTIVE
2025-26,11,qxb6cn3omd8zja6h,04ex6,ACTIVE
2025-26,11,qxb6cn3omd8zja6h,05qt1,ACTIVE
2025-26,11,qxb6cn3omd8zja6h,051pi,ACTIVE
2025-26,11,qxb6cn3omd8zja6h,04ewr,ACTIVE
2025-26,11,qxb6cn3omd8zja6h,05ujc,ACTIVE
2025-26,11,qxb6cn3omd8zja6h,04qsa,ACTIVE
2025-26,11,qxb6cn3omd8zja6h,06214,ACTIVE
2025-26,11,qxb6cn3omd8zja6h,05qtr,ACTIVE
2025-26,11,qxb6cn3omd8zja6h,05ujq,ACTIVE
2025-26,11,qxb6cn3omd8zja6h,04qrj,ACTIVE
2025-26,11,qxb6cn3omd8zja6h,03aq2,ACTIVE
2025-26,11,qxb6cn3omd8zja6h,06mk8,ACTIVE
2025-26,11,qxb6cn3omd8zja6h,04qrr,ACTIVE
2025-26,11,mjm1574cmd8zja6n,05uiq,ACTIVE
2025-26,11,mjm1574cmd8zja6n,04ewn,ACTIVE
2025-26,11,mjm1574cmd8zja6n,05uig,ACTIVE
2025-26,11,mjm1574cmd8zja6n,05qtj,ACTIVE
2025-26,11,mjm1574cmd8zja6n,01uyj,ACTIVE
2025-26,11,mjm1574cmd8zja6n,042n1,ACTIVE
2025-26,11,mjm1574cmd8zja6n,05uii,ACTIVE
2025-26,11,mjm1574cmd8zja6n,02nfz,ACTIVE
2025-26,11,mjm1574cmd8zja6n,06cc7,ACTIVE
2025-26,11,mjm1574cmd8zja6n,01eo6,ACTIVE
2025-26,11,mjm1574cmd8zja6n,027oj,ACTIVE
2025-26,11,mjm1574cmd8zja6n,03el5,ACTIVE
2025-26,11,mjm1574cmd8zja6n,06217,ACTIVE
2025-26,11,mjm1574cmd8zja6n,06v5n,ACTIVE
2025-26,11,mjm1574cmd8zja6n,0621q,ACTIVE
2025-26,11,mjm1574cmd8zja6n,000zv,ACTIVE
2025-26,11,mjm1574cmd8zja6n,01eo9,ACTIVE
2025-26,11,mjm1574cmd8zja6n,02nf3,ACTIVE
2025-26,11,mjm1574cmd8zja6n,042n7,ACTIVE
2025-26,11,mjm1574cmd8zja6n,042nq,ACTIVE
2025-26,11,sha0v3f8md8zja6k,06v5r,ACTIVE
2025-26,11,sha0v3f8md8zja6k,04qrn,ACTIVE
2025-26,11,sha0v3f8md8zja6k,04ewm,ACTIVE
2025-26,11,sha0v3f8md8zja6k,06v5a,ACTIVE
2025-26,11,sha0v3f8md8zja6k,03xmv,ACTIVE
2025-26,11,sha0v3f8md8zja6k,06226,ACTIVE
2025-26,11,sha0v3f8md8zja6k,06mkd,ACTIVE
2025-26,11,sha0v3f8md8zja6k,05uj4,ACTIVE
2025-26,11,sha0v3f8md8zja6k,04qsd,ACTIVE
2025-26,11,sha0v3f8md8zja6k,06mk6,ACTIVE
2025-26,11,sha0v3f8md8zja6k,04qrm,ACTIVE
2025-26,11,sha0v3f8md8zja6k,04qrp,ACTIVE
2025-26,11,sha0v3f8md8zja6k,04qro,ACTIVE
2025-26,11,sha0v3f8md8zja6k,05uie,ACTIVE
2025-26,11,sha0v3f8md8zja6k,04ewf,ACTIVE
2025-26,11,sha0v3f8md8zja6k,06v58,ACTIVE
2025-26,11,sha0v3f8md8zja6k,06cd4,ACTIVE
2025-26,11,sha0v3f8md8zja6k,05ujd,ACTIVE
2025-26,11,sha0v3f8md8zja6k,042nf,ACTIVE
2025-26,11,sha0v3f8md8zja6k,051on,ACTIVE
2025-26,11,8htzhjs2md8zja6l,06211,ACTIVE
2025-26,11,8htzhjs2md8zja6l,06mjv,ACTIVE
2025-26,11,8htzhjs2md8zja6l,06mjw,ACTIVE
2025-26,11,8htzhjs2md8zja6l,05uup,ACTIVE
2025-26,11,8htzhjs2md8zja6l,05qug,ACTIVE
2025-26,11,8htzhjs2md8zja6l,03al2,ACTIVE
2025-26,11,8htzhjs2md8zja6l,05qsq,ACTIVE
2025-26,11,8htzhjs2md8zja6l,0621k,ACTIVE
2025-26,11,8htzhjs2md8zja6l,03xmt,ACTIVE
2025-26,11,8htzhjs2md8zja6l,005kc,ACTIVE
2025-26,11,8htzhjs2md8zja6l,06mkg,ACTIVE
2025-26,11,8htzhjs2md8zja6l,04ewu,ACTIVE
2025-26,11,8htzhjs2md8zja6l,03al0,ACTIVE
2025-26,11,8htzhjs2md8zja6l,03lls,ACTIVE
2025-26,11,8htzhjs2md8zja6l,06ccf,ACTIVE
2025-26,11,8htzhjs2md8zja6l,04azw,ACTIVE
2025-26,11,8htzhjs2md8zja6l,02ym0,ACTIVE
2025-26,11,8htzhjs2md8zja6l,0011e,ACTIVE
2025-26,11,8htzhjs2md8zja6l,06cc1,ACTIVE
2025-26,11,8htzhjs2md8zja6l,06218,ACTIVE
2025-26,11,7kj0njiwmd8zja6g,001aw,ACTIVE
2025-26,11,7kj0njiwmd8zja6g,0621l,ACTIVE
2025-26,11,7kj0njiwmd8zja6g,04ewt,ACTIVE
2025-26,11,7kj0njiwmd8zja6g,06v5h,ACTIVE
2025-26,11,7kj0njiwmd8zja6g,02nf1,ACTIVE
2025-26,11,7kj0njiwmd8zja6g,03ad4,ACTIVE
2025-26,11,7kj0njiwmd8zja6g,0621e,ACTIVE
2025-26,11,7kj0njiwmd8zja6g,02ng3,ACTIVE
2025-26,11,7kj0njiwmd8zja6g,051oi,ACTIVE
2025-26,11,7kj0njiwmd8zja6g,04qrk,ACTIVE
2025-26,11,7kj0njiwmd8zja6g,06cca,ACTIVE
2025-26,11,7kj0njiwmd8zja6g,049kd,ACTIVE
2025-26,11,7kj0njiwmd8zja6g,05uj9,ACTIVE
2025-26,11,7kj0njiwmd8zja6g,0496e,ACTIVE
2025-26,11,7kj0njiwmd8zja6g,0623a,ACTIVE
2025-26,11,7kj0njiwmd8zja6g,05uif,ACTIVE
2025-26,11,7kj0njiwmd8zja6g,05uiw,ACTIVE
2025-26,11,7kj0njiwmd8zja6g,051os,ACTIVE
2025-26,11,7kj0njiwmd8zja6g,049ka,ACTIVE
2025-26,11,7kj0njiwmd8zja6g,06cby,ACTIVE
2025-26,11,nmbx4rkzmd8zja6m,06cac,ACTIVE
2025-26,11,nmbx4rkzmd8zja6m,05qto,ACTIVE
2025-26,11,nmbx4rkzmd8zja6m,06cc8,ACTIVE
2025-26,11,nmbx4rkzmd8zja6m,06mkj,ACTIVE
2025-26,11,nmbx4rkzmd8zja6m,06ca8,ACTIVE
2025-26,11,nmbx4rkzmd8zja6m,05uih,ACTIVE
2025-26,11,nmbx4rkzmd8zja6m,03ad3,ACTIVE
2025-26,11,nmbx4rkzmd8zja6m,06mln,ACTIVE
2025-26,11,nmbx4rkzmd8zja6m,051oh,ACTIVE
2025-26,11,nmbx4rkzmd8zja6m,05qtt,ACTIVE
2025-26,11,nmbx4rkzmd8zja6m,05uir,ACTIVE
2025-26,11,nmbx4rkzmd8zja6m,05uiz,ACTIVE
2025-26,11,nmbx4rkzmd8zja6m,05qu0,ACTIVE
2025-26,11,nmbx4rkzmd8zja6m,06cbz,ACTIVE
2025-26,11,nmbx4rkzmd8zja6m,06mk3,ACTIVE
2025-26,11,nmbx4rkzmd8zja6m,027oz,ACTIVE
2025-26,11,nmbx4rkzmd8zja6m,03r7z,ACTIVE
2025-26,11,nmbx4rkzmd8zja6m,03nwm,ACTIVE
2025-26,11,nmbx4rkzmd8zja6m,06mju,ACTIVE
2025-26,11,nmbx4rkzmd8zja6m,051ol,ACTIVE
2025-26,11,mp3txfdsmd8zja6i,06v57,ACTIVE
2025-26,11,mp3txfdsmd8zja6i,042n4,ACTIVE
2025-26,11,mp3txfdsmd8zja6i,051p9,ACTIVE
2025-26,11,mp3txfdsmd8zja6i,03ad2,ACTIVE
2025-26,11,mp3txfdsmd8zja6i,03e75,ACTIVE
2025-26,11,mp3txfdsmd8zja6i,042nm,ACTIVE
2025-26,11,mp3txfdsmd8zja6i,04ewk,ACTIVE
2025-26,11,mp3txfdsmd8zja6i,027pe,ACTIVE
2025-26,11,mp3txfdsmd8zja6i,06mll,ACTIVE
2025-26,11,mp3txfdsmd8zja6i,05uic,ACTIVE
2025-26,11,mp3txfdsmd8zja6i,06mkl,ACTIVE
2025-26,11,mp3txfdsmd8zja6i,03nwk,ACTIVE
2025-26,11,mp3txfdsmd8zja6i,04qs1,ACTIVE
2025-26,11,mp3txfdsmd8zja6i,051op,ACTIVE
2025-26,11,mp3txfdsmd8zja6i,05ujt,ACTIVE
2025-26,11,mp3txfdsmd8zja6i,051pb,ACTIVE
2025-26,11,mp3txfdsmd8zja6i,06mk7,ACTIVE
2025-26,11,mp3txfdsmd8zja6i,04qse,ACTIVE
2025-26,11,mp3txfdsmd8zja6i,049kc,ACTIVE
2025-26,11,mp3txfdsmd8zja6i,06v56,ACTIVE
2025-26,11,q86f43pcmd8zja6k,027oo,ACTIVE
2025-26,11,q86f43pcmd8zja6k,0015e,ACTIVE
2025-26,11,q86f43pcmd8zja6k,049kb,ACTIVE
2025-26,11,q86f43pcmd8zja6k,027p4,ACTIVE
2025-26,11,q86f43pcmd8zja6k,0527h,ACTIVE
2025-26,11,q86f43pcmd8zja6k,051p8,ACTIVE
2025-26,11,q86f43pcmd8zja6k,04qru,ACTIVE
2025-26,11,q86f43pcmd8zja6k,03wr4,ACTIVE
2025-26,11,q86f43pcmd8zja6k,027ou,ACTIVE
2025-26,11,q86f43pcmd8zja6k,031lx,ACTIVE
2025-26,11,q86f43pcmd8zja6k,027p0,ACTIVE
2025-26,11,q86f43pcmd8zja6k,06mle,ACTIVE
2025-26,11,q86f43pcmd8zja6k,04kj6,ACTIVE
2025-26,11,q86f43pcmd8zja6k,01eon,ACTIVE
2025-26,11,q86f43pcmd8zja6k,06213,ACTIVE
2025-26,11,q86f43pcmd8zja6k,03ajv,ACTIVE
2025-26,11,q86f43pcmd8zja6k,042n3,ACTIVE
2025-26,11,q86f43pcmd8zja6k,03ams,ACTIVE
2025-26,11,q86f43pcmd8zja6k,04qrl,ACTIVE
2025-26,11,q86f43pcmd8zja6k,05uij,ACTIVE
2025-26,11,nmlbr2ppmd8zja6n,05qtv,ACTIVE
2025-26,11,nmlbr2ppmd8zja6n,06mjt,ACTIVE
2025-26,11,nmlbr2ppmd8zja6n,06v5e,ACTIVE
2025-26,11,nmlbr2ppmd8zja6n,06v5g,ACTIVE
2025-26,11,nmlbr2ppmd8zja6n,0621c,ACTIVE
2025-26,11,nmlbr2ppmd8zja6n,01enh,ACTIVE
2025-26,11,nmlbr2ppmd8zja6n,05uug,ACTIVE
2025-26,11,nmlbr2ppmd8zja6n,05uj1,ACTIVE
2025-26,11,nmlbr2ppmd8zja6n,06mjz,ACTIVE
2025-26,11,nmlbr2ppmd8zja6n,06215,ACTIVE
2025-26,11,nmlbr2ppmd8zja6n,06cdn,ACTIVE
2025-26,11,nmlbr2ppmd8zja6n,05uid,ACTIVE
2025-26,11,nmlbr2ppmd8zja6n,05uib,ACTIVE
2025-26,11,nmlbr2ppmd8zja6n,0621b,ACTIVE
2025-26,11,nmlbr2ppmd8zja6n,0621g,ACTIVE
2025-26,11,nmlbr2ppmd8zja6n,05qt4,ACTIVE
2025-26,11,nmlbr2ppmd8zja6n,042nt,ACTIVE
2025-26,11,nmlbr2ppmd8zja6n,05qt3,ACTIVE
2025-26,11,nmlbr2ppmd8zja6n,06v5k,ACTIVE
2025-26,11,nmlbr2ppmd8zja6n,0621u,ACTIVE
2025-26,11,mm10q3fvmd8zja6j,06v80,ACTIVE
2025-26,11,mm10q3fvmd8zja6j,05uus,ACTIVE
2025-26,11,mm10q3fvmd8zja6j,05uiu,ACTIVE
2025-26,11,mm10q3fvmd8zja6j,031m4,ACTIVE
2025-26,11,mm10q3fvmd8zja6j,06mk1,ACTIVE
2025-26,11,mm10q3fvmd8zja6j,051pa,ACTIVE
2025-26,11,mm10q3fvmd8zja6j,04ewe,ACTIVE
2025-26,11,mm10q3fvmd8zja6j,051or,ACTIVE
2025-26,11,mm10q3fvmd8zja6j,06v5y,ACTIVE
2025-26,11,mm10q3fvmd8zja6j,06ca7,ACTIVE
2025-26,11,mm10q3fvmd8zja6j,06cch,ACTIVE
2025-26,11,mm10q3fvmd8zja6j,03nwn,ACTIVE
2025-26,11,mm10q3fvmd8zja6j,06216,ACTIVE
2025-26,11,mm10q3fvmd8zja6j,06210,ACTIVE
2025-26,11,mm10q3fvmd8zja6j,042n6,ACTIVE
2025-26,11,mm10q3fvmd8zja6j,05qu9,ACTIVE
2025-26,11,mm10q3fvmd8zja6j,06v5l,ACTIVE
2025-26,11,mm10q3fvmd8zja6j,0017e,ACTIVE
2025-26,11,mm10q3fvmd8zja6j,051ok,ACTIVE
2025-26,11,mm10q3fvmd8zja6j,04ex8,ACTIVE
2025-26,12,qxb6cn3omd8zja6h,031m2,ACTIVE
2025-26,12,qxb6cn3omd8zja6h,05qsx,ACTIVE
2025-26,12,qxb6cn3omd8zja6h,06212,ACTIVE
2025-26,12,qxb6cn3omd8zja6h,02xg9,ACTIVE
2025-26,12,qxb6cn3omd8zja6h,051oj,ACTIVE
2025-26,12,qxb6cn3omd8zja6h,05qtl,ACTIVE
2025-26,12,qxb6cn3omd8zja6h,051ot,ACTIVE
2025-26,12,qxb6cn3omd8zja6h,04ex6,ACTIVE
2025-26,12,qxb6cn3omd8zja6h,05qt1,ACTIVE
2025-26,12,qxb6cn3omd8zja6h,051pi,ACTIVE
2025-26,12,qxb6cn3omd8zja6h,04ewr,ACTIVE
2025-26,12,qxb6cn3omd8zja6h,05ujc,ACTIVE
2025-26,12,qxb6cn3omd8zja6h,04qsa,ACTIVE
2025-26,12,qxb6cn3omd8zja6h,06214,ACTIVE
2025-26,12,qxb6cn3omd8zja6h,05qtr,ACTIVE
2025-26,12,qxb6cn3omd8zja6h,05ujq,ACTIVE
2025-26,12,qxb6cn3omd8zja6h,04qrj,ACTIVE
2025-26,12,qxb6cn3omd8zja6h,03aq2,ACTIVE
2025-26,12,qxb6cn3omd8zja6h,06mk8,ACTIVE
2025-26,12,qxb6cn3omd8zja6h,04qrr,ACTIVE
2025-26,12,mjm1574cmd8zja6n,05uiq,ACTIVE
2025-26,12,mjm1574cmd8zja6n,04ewn,ACTIVE
2025-26,12,mjm1574cmd8zja6n,05uig,ACTIVE
2025-26,12,mjm1574cmd8zja6n,05qtj,ACTIVE
2025-26,12,mjm1574cmd8zja6n,01uyj,ACTIVE
2025-26,12,mjm1574cmd8zja6n,042n1,ACTIVE
2025-26,12,mjm1574cmd8zja6n,05uii,ACTIVE
2025-26,12,mjm1574cmd8zja6n,02nfz,ACTIVE
2025-26,12,mjm1574cmd8zja6n,06cc7,ACTIVE
2025-26,12,mjm1574cmd8zja6n,01eo6,ACTIVE
2025-26,12,mjm1574cmd8zja6n,027oj,ACTIVE
2025-26,12,mjm1574cmd8zja6n,03el5,ACTIVE
2025-26,12,mjm1574cmd8zja6n,06217,ACTIVE
2025-26,12,mjm1574cmd8zja6n,06v5n,ACTIVE
2025-26,12,mjm1574cmd8zja6n,0621q,ACTIVE
2025-26,12,mjm1574cmd8zja6n,000zv,ACTIVE
2025-26,12,mjm1574cmd8zja6n,01eo9,ACTIVE
2025-26,12,mjm1574cmd8zja6n,02nf3,ACTIVE
2025-26,12,mjm1574cmd8zja6n,042n7,ACTIVE
2025-26,12,mjm1574cmd8zja6n,042nq,ACTIVE
2025-26,12,sha0v3f8md8zja6k,06v5r,ACTIVE
2025-26,12,sha0v3f8md8zja6k,04qrn,ACTIVE
2025-26,12,sha0v3f8md8zja6k,04ewm,ACTIVE
2025-26,12,sha0v3f8md8zja6k,06v5a,ACTIVE
2025-26,12,sha0v3f8md8zja6k,03xmv,ACTIVE
2025-26,12,sha0v3f8md8zja6k,06226,ACTIVE
2025-26,12,sha0v3f8md8zja6k,06mkd,ACTIVE
2025-26,12,sha0v3f8md8zja6k,05uj4,ACTIVE
2025-26,12,sha0v3f8md8zja6k,04qsd,ACTIVE
2025-26,12,sha0v3f8md8zja6k,06mk6,ACTIVE
2025-26,12,sha0v3f8md8zja6k,04qrm,ACTIVE
2025-26,12,sha0v3f8md8zja6k,04qrp,ACTIVE
2025-26,12,sha0v3f8md8zja6k,04qro,ACTIVE
2025-26,12,sha0v3f8md8zja6k,05uie,ACTIVE
2025-26,12,sha0v3f8md8zja6k,04ewf,ACTIVE
2025-26,12,sha0v3f8md8zja6k,06v58,ACTIVE
2025-26,12,sha0v3f8md8zja6k,06cd4,ACTIVE
2025-26,12,sha0v3f8md8zja6k,05ujd,ACTIVE
2025-26,12,sha0v3f8md8zja6k,042nf,ACTIVE
2025-26,12,sha0v3f8md8zja6k,051on,ACTIVE
2025-26,12,8htzhjs2md8zja6l,06211,ACTIVE
2025-26,12,8htzhjs2md8zja6l,06mjv,ACTIVE
2025-26,12,8htzhjs2md8zja6l,06mjw,ACTIVE
2025-26,12,8htzhjs2md8zja6l,05uup,ACTIVE
2025-26,12,8htzhjs2md8zja6l,05qug,ACTIVE
2025-26,12,8htzhjs2md8zja6l,03al2,ACTIVE
2025-26,12,8htzhjs2md8zja6l,05qsq,ACTIVE
2025-26,12,8htzhjs2md8zja6l,0621k,ACTIVE
2025-26,12,8htzhjs2md8zja6l,03xmt,ACTIVE
2025-26,12,8htzhjs2md8zja6l,005kc,ACTIVE
2025-26,12,8htzhjs2md8zja6l,06mkg,ACTIVE
2025-26,12,8htzhjs2md8zja6l,04ewu,ACTIVE
2025-26,12,8htzhjs2md8zja6l,03al0,ACTIVE
2025-26,12,8htzhjs2md8zja6l,03lls,ACTIVE
2025-26,12,8htzhjs2md8zja6l,06ccf,ACTIVE
2025-26,12,8htzhjs2md8zja6l,04azw,ACTIVE
2025-26,12,8htzhjs2md8zja6l,02ym0,ACTIVE
2025-26,12,8htzhjs2md8zja6l,0011e,ACTIVE
2025-26,12,8htzhjs2md8zja6l,06cc1,ACTIVE
2025-26,12,8htzhjs2md8zja6l,06218,ACTIVE
2025-26,12,7kj0njiwmd8zja6g,001aw,ACTIVE
2025-26,12,7kj0njiwmd8zja6g,0621l,ACTIVE
2025-26,12,7kj0njiwmd8zja6g,04ewt,ACTIVE
2025-26,12,7kj0njiwmd8zja6g,06v5h,ACTIVE
2025-26,12,7kj0njiwmd8zja6g,02nf1,ACTIVE
2025-26,12,7kj0njiwmd8zja6g,03ad4,ACTIVE
2025-26,12,7kj0njiwmd8zja6g,0621e,ACTIVE
2025-26,12,7kj0njiwmd8zja6g,02ng3,ACTIVE
2025-26,12,7kj0njiwmd8zja6g,051oi,ACTIVE
2025-26,12,7kj0njiwmd8zja6g,04qrk,ACTIVE
2025-26,12,7kj0njiwmd8zja6g,06cca,ACTIVE
2025-26,12,7kj0njiwmd8zja6g,049kd,ACTIVE
2025-26,12,7kj0njiwmd8zja6g,05uj9,ACTIVE
2025-26,12,7kj0njiwmd8zja6g,0496e,ACTIVE
2025-26,12,7kj0njiwmd8zja6g,0623a,ACTIVE
2025-26,12,7kj0njiwmd8zja6g,05uif,ACTIVE
2025-26,12,7kj0njiwmd8zja6g,05uiw,ACTIVE
2025-26,12,7kj0njiwmd8zja6g,051os,ACTIVE
2025-26,12,7kj0njiwmd8zja6g,049ka,ACTIVE
2025-26,12,7kj0njiwmd8zja6g,06cby,ACTIVE
2025-26,12,nmbx4rkzmd8zja6m,06cac,ACTIVE
2025-26,12,nmbx4rkzmd8zja6m,05qto,ACTIVE
2025-26,12,nmbx4rkzmd8zja6m,06cc8,ACTIVE
2025-26,12,nmbx4rkzmd8zja6m,06mkj,ACTIVE
2025-26,12,nmbx4rkzmd8zja6m,06ca8,ACTIVE
2025-26,12,nmbx4rkzmd8zja6m,05uih,ACTIVE
2025-26,12,nmbx4rkzmd8zja6m,03ad3,ACTIVE
2025-26,12,nmbx4rkzmd8zja6m,06mln,ACTIVE
2025-26,12,nmbx4rkzmd8zja6m,051oh,ACTIVE
2025-26,12,nmbx4rkzmd8zja6m,05qtt,ACTIVE
2025-26,12,nmbx4rkzmd8zja6m,05uir,ACTIVE
2025-26,12,nmbx4rkzmd8zja6m,05uiz,ACTIVE
2025-26,12,nmbx4rkzmd8zja6m,05qu0,ACTIVE
2025-26,12,nmbx4rkzmd8zja6m,06cbz,ACTIVE
2025-26,12,nmbx4rkzmd8zja6m,06mk3,ACTIVE
2025-26,12,nmbx4rkzmd8zja6m,027oz,ACTIVE
2025-26,12,nmbx4rkzmd8zja6m,03r7z,ACTIVE
2025-26,12,nmbx4rkzmd8zja6m,03nwm,ACTIVE
2025-26,12,nmbx4rkzmd8zja6m,06mju,ACTIVE
2025-26,12,nmbx4rkzmd8zja6m,051ol,ACTIVE
2025-26,12,mp3txfdsmd8zja6i,06v57,ACTIVE
2025-26,12,mp3txfdsmd8zja6i,042n4,ACTIVE
2025-26,12,mp3txfdsmd8zja6i,051p9,ACTIVE
2025-26,12,mp3txfdsmd8zja6i,03ad2,ACTIVE
2025-26,12,mp3txfdsmd8zja6i,03e75,ACTIVE
2025-26,12,mp3txfdsmd8zja6i,042nm,ACTIVE
2025-26,12,mp3txfdsmd8zja6i,04ewk,ACTIVE
2025-26,12,mp3txfdsmd8zja6i,027pe,ACTIVE
2025-26,12,mp3txfdsmd8zja6i,06mll,ACTIVE
2025-26,12,mp3txfdsmd8zja6i,05uic,ACTIVE
2025-26,12,mp3txfdsmd8zja6i,06mkl,ACTIVE
2025-26,12,mp3txfdsmd8zja6i,03nwk,ACTIVE
2025-26,12,mp3txfdsmd8zja6i,04qs1,ACTIVE
2025-26,12,mp3txfdsmd8zja6i,051op,ACTIVE
2025-26,12,mp3txfdsmd8zja6i,05ujt,ACTIVE
2025-26,12,mp3txfdsmd8zja6i,051pb,ACTIVE
2025-26,12,mp3txfdsmd8zja6i,06mk7,ACTIVE
2025-26,12,mp3txfdsmd8zja6i,04qse,ACTIVE
2025-26,12,mp3txfdsmd8zja6i,049kc,ACTIVE
2025-26,12,mp3txfdsmd8zja6i,06v56,ACTIVE
2025-26,12,q86f43pcmd8zja6k,027oo,ACTIVE
2025-26,12,q86f43pcmd8zja6k,0015e,ACTIVE
2025-26,12,q86f43pcmd8zja6k,049kb,ACTIVE
2025-26,12,q86f43pcmd8zja6k,027p4,ACTIVE
2025-26,12,q86f43pcmd8zja6k,0527h,ACTIVE
2025-26,12,q86f43pcmd8zja6k,051p8,ACTIVE
2025-26,12,q86f43pcmd8zja6k,04qru,ACTIVE
2025-26,12,q86f43pcmd8zja6k,03wr4,ACTIVE
2025-26,12,q86f43pcmd8zja6k,027ou,ACTIVE
2025-26,12,q86f43pcmd8zja6k,031lx,ACTIVE
2025-26,12,q86f43pcmd8zja6k,027p0,ACTIVE
2025-26,12,q86f43pcmd8zja6k,06mle,ACTIVE
2025-26,12,q86f43pcmd8zja6k,04kj6,ACTIVE
2025-26,12,q86f43pcmd8zja6k,01eon,ACTIVE
2025-26,12,q86f43pcmd8zja6k,06213,ACTIVE
2025-26,12,q86f43pcmd8zja6k,03ajv,ACTIVE
2025-26,12,q86f43pcmd8zja6k,042n3,ACTIVE
2025-26,12,q86f43pcmd8zja6k,03ams,ACTIVE
2025-26,12,q86f43pcmd8zja6k,04qrl,ACTIVE
2025-26,12,q86f43pcmd8zja6k,05uij,ACTIVE
2025-26,12,nmlbr2ppmd8zja6n,05qtv,ACTIVE
2025-26,12,nmlbr2ppmd8zja6n,06mjt,ACTIVE
2025-26,12,nmlbr2ppmd8zja6n,06v5e,ACTIVE
2025-26,12,nmlbr2ppmd8zja6n,06v5g,ACTIVE
2025-26,12,nmlbr2ppmd8zja6n,0621c,ACTIVE
2025-26,12,nmlbr2ppmd8zja6n,01enh,ACTIVE
2025-26,12,nmlbr2ppmd8zja6n,05uug,ACTIVE
2025-26,12,nmlbr2ppmd8zja6n,05uj1,ACTIVE
2025-26,12,nmlbr2ppmd8zja6n,06mjz,ACTIVE
2025-26,12,nmlbr2ppmd8zja6n,06215,ACTIVE
2025-26,12,nmlbr2ppmd8zja6n,06cdn,ACTIVE
2025-26,12,nmlbr2ppmd8zja6n,05uid,ACTIVE
2025-26,12,nmlbr2ppmd8zja6n,05uib,ACTIVE
2025-26,12,nmlbr2ppmd8zja6n,0621b,ACTIVE
2025-26,12,nmlbr2ppmd8zja6n,0621g,ACTIVE
2025-26,12,nmlbr2ppmd8zja6n,05qt4,ACTIVE
2025-26,12,nmlbr2ppmd8zja6n,042nt,ACTIVE
2025-26,12,nmlbr2ppmd8zja6n,05qt3,ACTIVE
2025-26,12,nmlbr2ppmd8zja6n,06v5k,ACTIVE
2025-26,12,nmlbr2ppmd8zja6n,0621u,ACTIVE
2025-26,12,mm10q3fvmd8zja6j,06v80,ACTIVE
2025-26,12,mm10q3fvmd8zja6j,05uus,ACTIVE
2025-26,12,mm10q3fvmd8zja6j,05uiu,ACTIVE
2025-26,12,mm10q3fvmd8zja6j,031m4,ACTIVE
2025-26,12,mm10q3fvmd8zja6j,06mk1,ACTIVE
2025-26,12,mm10q3fvmd8zja6j,051pa,ACTIVE
2025-26,12,mm10q3fvmd8zja6j,04ewe,ACTIVE
2025-26,12,mm10q3fvmd8zja6j,051or,ACTIVE
2025-26,12,mm10q3fvmd8zja6j,06v5y,ACTIVE
2025-26,12,mm10q3fvmd8zja6j,06ca7,ACTIVE
2025-26,12,mm10q3fvmd8zja6j,06cch,ACTIVE
2025-26,12,mm10q3fvmd8zja6j,03nwn,ACTIVE
2025-26,12,mm10q3fvmd8zja6j,06216,ACTIVE
2025-26,12,mm10q3fvmd8zja6j,06210,ACTIVE
2025-26,12,mm10q3fvmd8zja6j,042n6,ACTIVE
2025-26,12,mm10q3fvmd8zja6j,05qu9,ACTIVE
2025-26,12,mm10q3fvmd8zja6j,06v5l,ACTIVE
2025-26,12,mm10q3fvmd8zja6j,0017e,ACTIVE
2025-26,12,mm10q3fvmd8zja6j,051ok,ACTIVE
2025-26,12,mm10q3fvmd8zja6j,04ex8,ACTIVE
2025-26,13,qxb6cn3omd8zja6h,031m2,ACTIVE
2025-26,13,qxb6cn3omd8zja6h,05qsx,ACTIVE
2025-26,13,qxb6cn3omd8zja6h,06212,ACTIVE
2025-26,13,qxb6cn3omd8zja6h,02xg9,ACTIVE
2025-26,13,qxb6cn3omd8zja6h,051oj,ACTIVE
2025-26,13,qxb6cn3omd8zja6h,05qtl,ACTIVE
2025-26,13,qxb6cn3omd8zja6h,051ot,ACTIVE
2025-26,13,qxb6cn3omd8zja6h,04ex6,ACTIVE
2025-26,13,qxb6cn3omd8zja6h,05qt1,ACTIVE
2025-26,13,qxb6cn3omd8zja6h,051pi,ACTIVE
2025-26,13,qxb6cn3omd8zja6h,04ewr,ACTIVE
2025-26,13,qxb6cn3omd8zja6h,05ujc,ACTIVE
2025-26,13,qxb6cn3omd8zja6h,04qsa,ACTIVE
2025-26,13,qxb6cn3omd8zja6h,06214,ACTIVE
2025-26,13,qxb6cn3omd8zja6h,05qtr,ACTIVE
2025-26,13,qxb6cn3omd8zja6h,05ujq,ACTIVE
2025-26,13,qxb6cn3omd8zja6h,04qrj,ACTIVE
2025-26,13,qxb6cn3omd8zja6h,03aq2,ACTIVE
2025-26,13,qxb6cn3omd8zja6h,06mk8,ACTIVE
2025-26,13,qxb6cn3omd8zja6h,04qrr,ACTIVE
2025-26,13,mjm1574cmd8zja6n,05uiq,ACTIVE
2025-26,13,mjm1574cmd8zja6n,04ewn,ACTIVE
2025-26,13,mjm1574cmd8zja6n,05uig,ACTIVE
2025-26,13,mjm1574cmd8zja6n,05qtj,ACTIVE
2025-26,13,mjm1574cmd8zja6n,01uyj,ACTIVE
2025-26,13,mjm1574cmd8zja6n,042n1,ACTIVE
2025-26,13,mjm1574cmd8zja6n,05uii,ACTIVE
2025-26,13,mjm1574cmd8zja6n,02nfz,ACTIVE
2025-26,13,mjm1574cmd8zja6n,06cc7,ACTIVE
2025-26,13,mjm1574cmd8zja6n,01eo6,ACTIVE
2025-26,13,mjm1574cmd8zja6n,027oj,ACTIVE
2025-26,13,mjm1574cmd8zja6n,03el5,ACTIVE
2025-26,13,mjm1574cmd8zja6n,06217,ACTIVE
2025-26,13,mjm1574cmd8zja6n,06v5n,ACTIVE
2025-26,13,mjm1574cmd8zja6n,0621q,ACTIVE
2025-26,13,mjm1574cmd8zja6n,000zv,ACTIVE
2025-26,13,mjm1574cmd8zja6n,01eo9,ACTIVE
2025-26,13,mjm1574cmd8zja6n,02nf3,ACTIVE
2025-26,13,mjm1574cmd8zja6n,042n7,ACTIVE
2025-26,13,mjm1574cmd8zja6n,042nq,ACTIVE
2025-26,13,sha0v3f8md8zja6k,06v5r,ACTIVE
2025-26,13,sha0v3f8md8zja6k,04qrn,ACTIVE
2025-26,13,sha0v3f8md8zja6k,04ewm,ACTIVE
2025-26,13,sha0v3f8md8zja6k,06v5a,ACTIVE
2025-26,13,sha0v3f8md8zja6k,03xmv,ACTIVE
2025-26,13,sha0v3f8md8zja6k,06226,ACTIVE
2025-26,13,sha0v3f8md8zja6k,06mkd,ACTIVE
2025-26,13,sha0v3f8md8zja6k,05uj4,ACTIVE
2025-26,13,sha0v3f8md8zja6k,04qsd,ACTIVE
2025-26,13,sha0v3f8md8zja6k,06mk6,ACTIVE
2025-26,13,sha0v3f8md8zja6k,04qrm,ACTIVE
2025-26,13,sha0v3f8md8zja6k,04qrp,ACTIVE
2025-26,13,sha0v3f8md8zja6k,04qro,ACTIVE
2025-26,13,sha0v3f8md8zja6k,05uie,ACTIVE
2025-26,13,sha0v3f8md8zja6k,04ewf,ACTIVE
2025-26,13,sha0v3f8md8zja6k,06v58,ACTIVE
2025-26,13,sha0v3f8md8zja6k,06cd4,ACTIVE
2025-26,13,sha0v3f8md8zja6k,05ujd,ACTIVE
2025-26,13,sha0v3f8md8zja6k,042nf,ACTIVE
2025-26,13,sha0v3f8md8zja6k,051on,ACTIVE
2025-26,13,8htzhjs2md8zja6l,06211,ACTIVE
2025-26,13,8htzhjs2md8zja6l,06mjv,ACTIVE
2025-26,13,8htzhjs2md8zja6l,06mjw,ACTIVE
2025-26,13,8htzhjs2md8zja6l,05uup,ACTIVE
2025-26,13,8htzhjs2md8zja6l,05qug,ACTIVE
2025-26,13,8htzhjs2md8zja6l,03al2,ACTIVE
2025-26,13,8htzhjs2md8zja6l,05qsq,ACTIVE
2025-26,13,8htzhjs2md8zja6l,0621k,ACTIVE
2025-26,13,8htzhjs2md8zja6l,03xmt,ACTIVE
2025-26,13,8htzhjs2md8zja6l,005kc,ACTIVE
2025-26,13,8htzhjs2md8zja6l,06mkg,ACTIVE
2025-26,13,8htzhjs2md8zja6l,04ewu,ACTIVE
2025-26,13,8htzhjs2md8zja6l,03al0,ACTIVE
2025-26,13,8htzhjs2md8zja6l,03lls,ACTIVE
2025-26,13,8htzhjs2md8zja6l,06ccf,ACTIVE
2025-26,13,8htzhjs2md8zja6l,04azw,ACTIVE
2025-26,13,8htzhjs2md8zja6l,02ym0,ACTIVE
2025-26,13,8htzhjs2md8zja6l,0011e,ACTIVE
2025-26,13,8htzhjs2md8zja6l,06cc1,ACTIVE
2025-26,13,8htzhjs2md8zja6l,06218,ACTIVE
2025-26,13,7kj0njiwmd8zja6g,001aw,ACTIVE
2025-26,13,7kj0njiwmd8zja6g,0621l,ACTIVE
2025-26,13,7kj0njiwmd8zja6g,04ewt,ACTIVE
2025-26,13,7kj0njiwmd8zja6g,06v5h,ACTIVE
2025-26,13,7kj0njiwmd8zja6g,02nf1,ACTIVE
2025-26,13,7kj0njiwmd8zja6g,03ad4,ACTIVE
2025-26,13,7kj0njiwmd8zja6g,0621e,ACTIVE
2025-26,13,7kj0njiwmd8zja6g,02ng3,ACTIVE
2025-26,13,7kj0njiwmd8zja6g,051oi,ACTIVE
2025-26,13,7kj0njiwmd8zja6g,04qrk,ACTIVE
2025-26,13,7kj0njiwmd8zja6g,06cca,ACTIVE
2025-26,13,7kj0njiwmd8zja6g,049kd,ACTIVE
2025-26,13,7kj0njiwmd8zja6g,05uj9,ACTIVE
2025-26,13,7kj0njiwmd8zja6g,0496e,ACTIVE
2025-26,13,7kj0njiwmd8zja6g,0623a,ACTIVE
2025-26,13,7kj0njiwmd8zja6g,05uif,ACTIVE
2025-26,13,7kj0njiwmd8zja6g,05uiw,ACTIVE
2025-26,13,7kj0njiwmd8zja6g,051os,ACTIVE
2025-26,13,7kj0njiwmd8zja6g,049ka,ACTIVE
2025-26,13,7kj0njiwmd8zja6g,06cby,ACTIVE
2025-26,13,nmbx4rkzmd8zja6m,06cac,ACTIVE
2025-26,13,nmbx4rkzmd8zja6m,05qto,ACTIVE
2025-26,13,nmbx4rkzmd8zja6m,06cc8,ACTIVE
2025-26,13,nmbx4rkzmd8zja6m,06mkj,ACTIVE
2025-26,13,nmbx4rkzmd8zja6m,06ca8,ACTIVE
2025-26,13,nmbx4rkzmd8zja6m,05uih,ACTIVE
2025-26,13,nmbx4rkzmd8zja6m,03ad3,ACTIVE
2025-26,13,nmbx4rkzmd8zja6m,06mln,ACTIVE
2025-26,13,nmbx4rkzmd8zja6m,051oh,ACTIVE
2025-26,13,nmbx4rkzmd8zja6m,05qtt,ACTIVE
2025-26,13,nmbx4rkzmd8zja6m,05uir,ACTIVE
2025-26,13,nmbx4rkzmd8zja6m,05uiz,ACTIVE
2025-26,13,nmbx4rkzmd8zja6m,05qu0,ACTIVE
2025-26,13,nmbx4rkzmd8zja6m,06cbz,ACTIVE
2025-26,13,nmbx4rkzmd8zja6m,06mk3,ACTIVE
2025-26,13,nmbx4rkzmd8zja6m,027oz,ACTIVE
2025-26,13,nmbx4rkzmd8zja6m,03r7z,ACTIVE
2025-26,13,nmbx4rkzmd8zja6m,03nwm,ACTIVE
2025-26,13,nmbx4rkzmd8zja6m,06mju,ACTIVE
2025-26,13,nmbx4rkzmd8zja6m,051ol,ACTIVE
2025-26,13,mp3txfdsmd8zja6i,06v57,ACTIVE
2025-26,13,mp3txfdsmd8zja6i,042n4,ACTIVE
2025-26,13,mp3txfdsmd8zja6i,051p9,ACTIVE
2025-26,13,mp3txfdsmd8zja6i,03ad2,ACTIVE
2025-26,13,mp3txfdsmd8zja6i,03e75,ACTIVE
2025-26,13,mp3txfdsmd8zja6i,042nm,ACTIVE
2025-26,13,mp3txfdsmd8zja6i,04ewk,ACTIVE
2025-26,13,mp3txfdsmd8zja6i,027pe,ACTIVE
2025-26,13,mp3txfdsmd8zja6i,06mll,ACTIVE
2025-26,13,mp3txfdsmd8zja6i,05uic,ACTIVE
2025-26,13,mp3txfdsmd8zja6i,06mkl,ACTIVE
2025-26,13,mp3txfdsmd8zja6i,03nwk,ACTIVE
2025-26,13,mp3txfdsmd8zja6i,04qs1,ACTIVE
2025-26,13,mp3txfdsmd8zja6i,051op,ACTIVE
2025-26,13,mp3txfdsmd8zja6i,05ujt,ACTIVE
2025-26,13,mp3txfdsmd8zja6i,051pb,ACTIVE
2025-26,13,mp3txfdsmd8zja6i,06mk7,ACTIVE
2025-26,13,mp3txfdsmd8zja6i,04qse,ACTIVE
2025-26,13,mp3txfdsmd8zja6i,049kc,ACTIVE
2025-26,13,mp3txfdsmd8zja6i,06v56,ACTIVE
2025-26,13,q86f43pcmd8zja6k,027oo,ACTIVE
2025-26,13,q86f43pcmd8zja6k,0015e,ACTIVE
2025-26,13,q86f43pcmd8zja6k,049kb,ACTIVE
2025-26,13,q86f43pcmd8zja6k,027p4,ACTIVE
2025-26,13,q86f43pcmd8zja6k,0527h,ACTIVE
2025-26,13,q86f43pcmd8zja6k,051p8,ACTIVE
2025-26,13,q86f43pcmd8zja6k,04qru,ACTIVE
2025-26,13,q86f43pcmd8zja6k,03wr4,ACTIVE
2025-26,13,q86f43pcmd8zja6k,027ou,ACTIVE
2025-26,13,q86f43pcmd8zja6k,031lx,ACTIVE
2025-26,13,q86f43pcmd8zja6k,027p0,ACTIVE
2025-26,13,q86f43pcmd8zja6k,06mle,ACTIVE
2025-26,13,q86f43pcmd8zja6k,04kj6,ACTIVE
2025-26,13,q86f43pcmd8zja6k,01eon,ACTIVE
2025-26,13,q86f43pcmd8zja6k,06213,ACTIVE
2025-26,13,q86f43pcmd8zja6k,03ajv,ACTIVE
2025-26,13,q86f43pcmd8zja6k,042n3,ACTIVE
2025-26,13,q86f43pcmd8zja6k,03ams,ACTIVE
2025-26,13,q86f43pcmd8zja6k,04qrl,ACTIVE
2025-26,13,q86f43pcmd8zja6k,05uij,ACTIVE
2025-26,13,nmlbr2ppmd8zja6n,05qtv,ACTIVE
2025-26,13,nmlbr2ppmd8zja6n,06mjt,ACTIVE
2025-26,13,nmlbr2ppmd8zja6n,06v5e,ACTIVE
2025-26,13,nmlbr2ppmd8zja6n,06v5g,ACTIVE
2025-26,13,nmlbr2ppmd8zja6n,0621c,ACTIVE
2025-26,13,nmlbr2ppmd8zja6n,01enh,ACTIVE
2025-26,13,nmlbr2ppmd8zja6n,05uug,ACTIVE
2025-26,13,nmlbr2ppmd8zja6n,05uj1,ACTIVE
2025-26,13,nmlbr2ppmd8zja6n,06mjz,ACTIVE
2025-26,13,nmlbr2ppmd8zja6n,06215,ACTIVE
2025-26,13,nmlbr2ppmd8zja6n,06cdn,ACTIVE
2025-26,13,nmlbr2ppmd8zja6n,05uid,ACTIVE
2025-26,13,nmlbr2ppmd8zja6n,05uib,ACTIVE
2025-26,13,nmlbr2ppmd8zja6n,0621b,ACTIVE
2025-26,13,nmlbr2ppmd8zja6n,0621g,ACTIVE
2025-26,13,nmlbr2ppmd8zja6n,05qt4,ACTIVE
2025-26,13,nmlbr2ppmd8zja6n,042nt,ACTIVE
2025-26,13,nmlbr2ppmd8zja6n,05qt3,ACTIVE
2025-26,13,nmlbr2ppmd8zja6n,06v5k,ACTIVE
2025-26,13,nmlbr2ppmd8zja6n,0621u,ACTIVE
2025-26,13,mm10q3fvmd8zja6j,06v80,ACTIVE
2025-26,13,mm10q3fvmd8zja6j,05uus,ACTIVE
2025-26,13,mm10q3fvmd8zja6j,05uiu,ACTIVE
2025-26,13,mm10q3fvmd8zja6j,031m4,ACTIVE
2025-26,13,mm10q3fvmd8zja6j,06mk1,ACTIVE
2025-26,13,mm10q3fvmd8zja6j,051pa,ACTIVE
2025-26,13,mm10q3fvmd8zja6j,04ewe,ACTIVE
2025-26,13,mm10q3fvmd8zja6j,051or,ACTIVE
2025-26,13,mm10q3fvmd8zja6j,06v5y,ACTIVE
2025-26,13,mm10q3fvmd8zja6j,06ca7,ACTIVE
2025-26,13,mm10q3fvmd8zja6j,06cch,ACTIVE
2025-26,13,mm10q3fvmd8zja6j,03nwn,ACTIVE
2025-26,13,mm10q3fvmd8zja6j,06216,ACTIVE
2025-26,13,mm10q3fvmd8zja6j,06210,ACTIVE
2025-26,13,mm10q3fvmd8zja6j,042n6,ACTIVE
2025-26,13,mm10q3fvmd8zja6j,05qu9,ACTIVE
2025-26,13,mm10q3fvmd8zja6j,06v5l,ACTIVE
2025-26,13,mm10q3fvmd8zja6j,0017e,ACTIVE
2025-26,13,mm10q3fvmd8zja6j,051ok,ACTIVE
2025-26,13,mm10q3fvmd8zja6j,04ex8,ACTIVE
2025-26,14,qxb6cn3omd8zja6h,031m2,ACTIVE
2025-26,14,qxb6cn3omd8zja6h,05qsx,ACTIVE
2025-26,14,qxb6cn3omd8zja6h,06212,ACTIVE
2025-26,14,qxb6cn3omd8zja6h,02xg9,ACTIVE
2025-26,14,qxb6cn3omd8zja6h,051oj,ACTIVE
2025-26,14,qxb6cn3omd8zja6h,05qtl,ACTIVE
2025-26,14,qxb6cn3omd8zja6h,051ot,ACTIVE
2025-26,14,qxb6cn3omd8zja6h,04ex6,ACTIVE
2025-26,14,qxb6cn3omd8zja6h,05qt1,ACTIVE
2025-26,14,qxb6cn3omd8zja6h,051pi,ACTIVE
2025-26,14,qxb6cn3omd8zja6h,04ewr,ACTIVE
2025-26,14,qxb6cn3omd8zja6h,05ujc,ACTIVE
2025-26,14,qxb6cn3omd8zja6h,04qsa,ACTIVE
2025-26,14,qxb6cn3omd8zja6h,06214,ACTIVE
2025-26,14,qxb6cn3omd8zja6h,05qtr,ACTIVE
2025-26,14,qxb6cn3omd8zja6h,05ujq,ACTIVE
2025-26,14,qxb6cn3omd8zja6h,04qrj,ACTIVE
2025-26,14,qxb6cn3omd8zja6h,03aq2,ACTIVE
2025-26,14,qxb6cn3omd8zja6h,06mk8,ACTIVE
2025-26,14,qxb6cn3omd8zja6h,04qrr,ACTIVE
2025-26,14,mjm1574cmd8zja6n,05uiq,ACTIVE
2025-26,14,mjm1574cmd8zja6n,04ewn,ACTIVE
2025-26,14,mjm1574cmd8zja6n,05uig,ACTIVE
2025-26,14,mjm1574cmd8zja6n,05qtj,ACTIVE
2025-26,14,mjm1574cmd8zja6n,01uyj,ACTIVE
2025-26,14,mjm1574cmd8zja6n,042n1,ACTIVE
2025-26,14,mjm1574cmd8zja6n,05uii,ACTIVE
2025-26,14,mjm1574cmd8zja6n,02nfz,ACTIVE
2025-26,14,mjm1574cmd8zja6n,06cc7,ACTIVE
2025-26,14,mjm1574cmd8zja6n,01eo6,ACTIVE
2025-26,14,mjm1574cmd8zja6n,027oj,ACTIVE
2025-26,14,mjm1574cmd8zja6n,03el5,ACTIVE
2025-26,14,mjm1574cmd8zja6n,06217,ACTIVE
2025-26,14,mjm1574cmd8zja6n,06v5n,ACTIVE
2025-26,14,mjm1574cmd8zja6n,0621q,ACTIVE
2025-26,14,mjm1574cmd8zja6n,000zv,ACTIVE
2025-26,14,mjm1574cmd8zja6n,01eo9,ACTIVE
2025-26,14,mjm1574cmd8zja6n,02nf3,ACTIVE
2025-26,14,mjm1574cmd8zja6n,042n7,ACTIVE
2025-26,14,mjm1574cmd8zja6n,042nq,ACTIVE
2025-26,14,sha0v3f8md8zja6k,06v5r,ACTIVE
2025-26,14,sha0v3f8md8zja6k,04qrn,ACTIVE
2025-26,14,sha0v3f8md8zja6k,04ewm,ACTIVE
2025-26,14,sha0v3f8md8zja6k,06v5a,ACTIVE
2025-26,14,sha0v3f8md8zja6k,03xmv,ACTIVE
2025-26,14,sha0v3f8md8zja6k,06226,ACTIVE
2025-26,14,sha0v3f8md8zja6k,06mkd,ACTIVE
2025-26,14,sha0v3f8md8zja6k,05uj4,ACTIVE
2025-26,14,sha0v3f8md8zja6k,04qsd,ACTIVE
2025-26,14,sha0v3f8md8zja6k,06mk6,ACTIVE
2025-26,14,sha0v3f8md8zja6k,04qrm,ACTIVE
2025-26,14,sha0v3f8md8zja6k,04qrp,ACTIVE
2025-26,14,sha0v3f8md8zja6k,04qro,ACTIVE
2025-26,14,sha0v3f8md8zja6k,05uie,ACTIVE
2025-26,14,sha0v3f8md8zja6k,04ewf,ACTIVE
2025-26,14,sha0v3f8md8zja6k,06v58,ACTIVE
2025-26,14,sha0v3f8md8zja6k,06cd4,ACTIVE
2025-26,14,sha0v3f8md8zja6k,05ujd,ACTIVE
2025-26,14,sha0v3f8md8zja6k,042nf,ACTIVE
2025-26,14,sha0v3f8md8zja6k,051on,ACTIVE
2025-26,14,8htzhjs2md8zja6l,06211,ACTIVE
2025-26,14,8htzhjs2md8zja6l,06mjv,ACTIVE
2025-26,14,8htzhjs2md8zja6l,06mjw,ACTIVE
2025-26,14,8htzhjs2md8zja6l,05uup,ACTIVE
2025-26,14,8htzhjs2md8zja6l,05qug,ACTIVE
2025-26,14,8htzhjs2md8zja6l,03al2,ACTIVE
2025-26,14,8htzhjs2md8zja6l,05qsq,ACTIVE
2025-26,14,8htzhjs2md8zja6l,0621k,ACTIVE
2025-26,14,8htzhjs2md8zja6l,03xmt,ACTIVE
2025-26,14,8htzhjs2md8zja6l,005kc,ACTIVE
2025-26,14,8htzhjs2md8zja6l,06mkg,ACTIVE
2025-26,14,8htzhjs2md8zja6l,04ewu,ACTIVE
2025-26,14,8htzhjs2md8zja6l,03al0,ACTIVE
2025-26,14,8htzhjs2md8zja6l,03lls,ACTIVE
2025-26,14,8htzhjs2md8zja6l,06ccf,ACTIVE
2025-26,14,8htzhjs2md8zja6l,04azw,ACTIVE
2025-26,14,8htzhjs2md8zja6l,02ym0,ACTIVE
2025-26,14,8htzhjs2md8zja6l,0011e,ACTIVE
2025-26,14,8htzhjs2md8zja6l,06cc1,ACTIVE
2025-26,14,8htzhjs2md8zja6l,06218,ACTIVE
2025-26,14,7kj0njiwmd8zja6g,001aw,ACTIVE
2025-26,14,7kj0njiwmd8zja6g,0621l,ACTIVE
2025-26,14,7kj0njiwmd8zja6g,04ewt,ACTIVE
2025-26,14,7kj0njiwmd8zja6g,06v5h,ACTIVE
2025-26,14,7kj0njiwmd8zja6g,02nf1,ACTIVE
2025-26,14,7kj0njiwmd8zja6g,03ad4,ACTIVE
2025-26,14,7kj0njiwmd8zja6g,0621e,ACTIVE
2025-26,14,7kj0njiwmd8zja6g,02ng3,ACTIVE
2025-26,14,7kj0njiwmd8zja6g,051oi,ACTIVE
2025-26,14,7kj0njiwmd8zja6g,04qrk,ACTIVE
2025-26,14,7kj0njiwmd8zja6g,06cca,ACTIVE
2025-26,14,7kj0njiwmd8zja6g,049kd,ACTIVE
2025-26,14,7kj0njiwmd8zja6g,05uj9,ACTIVE
2025-26,14,7kj0njiwmd8zja6g,0496e,ACTIVE
2025-26,14,7kj0njiwmd8zja6g,0623a,ACTIVE
2025-26,14,7kj0njiwmd8zja6g,05uif,ACTIVE
2025-26,14,7kj0njiwmd8zja6g,05uiw,ACTIVE
2025-26,14,7kj0njiwmd8zja6g,051os,ACTIVE
2025-26,14,7kj0njiwmd8zja6g,049ka,ACTIVE
2025-26,14,7kj0njiwmd8zja6g,06cby,ACTIVE
2025-26,14,nmbx4rkzmd8zja6m,06cac,ACTIVE
2025-26,14,nmbx4rkzmd8zja6m,05qto,ACTIVE
2025-26,14,nmbx4rkzmd8zja6m,06cc8,ACTIVE
2025-26,14,nmbx4rkzmd8zja6m,06mkj,ACTIVE
2025-26,14,nmbx4rkzmd8zja6m,06ca8,ACTIVE
2025-26,14,nmbx4rkzmd8zja6m,05uih,ACTIVE
2025-26,14,nmbx4rkzmd8zja6m,03ad3,ACTIVE
2025-26,14,nmbx4rkzmd8zja6m,06mln,ACTIVE
2025-26,14,nmbx4rkzmd8zja6m,051oh,ACTIVE
2025-26,14,nmbx4rkzmd8zja6m,05qtt,ACTIVE
2025-26,14,nmbx4rkzmd8zja6m,05uir,ACTIVE
2025-26,14,nmbx4rkzmd8zja6m,05uiz,ACTIVE
2025-26,14,nmbx4rkzmd8zja6m,05qu0,ACTIVE
2025-26,14,nmbx4rkzmd8zja6m,06cbz,ACTIVE
2025-26,14,nmbx4rkzmd8zja6m,06mk3,ACTIVE
2025-26,14,nmbx4rkzmd8zja6m,027oz,ACTIVE
2025-26,14,nmbx4rkzmd8zja6m,03r7z,ACTIVE
2025-26,14,nmbx4rkzmd8zja6m,03nwm,ACTIVE
2025-26,14,nmbx4rkzmd8zja6m,06mju,ACTIVE
2025-26,14,nmbx4rkzmd8zja6m,051ol,ACTIVE
2025-26,14,mp3txfdsmd8zja6i,06v57,ACTIVE
2025-26,14,mp3txfdsmd8zja6i,042n4,ACTIVE
2025-26,14,mp3txfdsmd8zja6i,051p9,ACTIVE
2025-26,14,mp3txfdsmd8zja6i,03ad2,ACTIVE
2025-26,14,mp3txfdsmd8zja6i,03e75,ACTIVE
2025-26,14,mp3txfdsmd8zja6i,042nm,ACTIVE
2025-26,14,mp3txfdsmd8zja6i,04ewk,ACTIVE
2025-26,14,mp3txfdsmd8zja6i,027pe,ACTIVE
2025-26,14,mp3txfdsmd8zja6i,06mll,ACTIVE
2025-26,14,mp3txfdsmd8zja6i,05uic,ACTIVE
2025-26,14,mp3txfdsmd8zja6i,06mkl,ACTIVE
2025-26,14,mp3txfdsmd8zja6i,03nwk,ACTIVE
2025-26,14,mp3txfdsmd8zja6i,04qs1,ACTIVE
2025-26,14,mp3txfdsmd8zja6i,051op,ACTIVE
2025-26,14,mp3txfdsmd8zja6i,05ujt,ACTIVE
2025-26,14,mp3txfdsmd8zja6i,051pb,ACTIVE
2025-26,14,mp3txfdsmd8zja6i,06mk7,ACTIVE
2025-26,14,mp3txfdsmd8zja6i,04qse,ACTIVE
2025-26,14,mp3txfdsmd8zja6i,049kc,ACTIVE
2025-26,14,mp3txfdsmd8zja6i,06v56,ACTIVE
2025-26,14,q86f43pcmd8zja6k,027oo,ACTIVE
2025-26,14,q86f43pcmd8zja6k,0015e,ACTIVE
2025-26,14,q86f43pcmd8zja6k,049kb,ACTIVE
2025-26,14,q86f43pcmd8zja6k,027p4,ACTIVE
2025-26,14,q86f43pcmd8zja6k,0527h,ACTIVE
2025-26,14,q86f43pcmd8zja6k,051p8,ACTIVE
2025-26,14,q86f43pcmd8zja6k,04qru,ACTIVE
2025-26,14,q86f43pcmd8zja6k,03wr4,ACTIVE
2025-26,14,q86f43pcmd8zja6k,027ou,ACTIVE
2025-26,14,q86f43pcmd8zja6k,031lx,ACTIVE
2025-26,14,q86f43pcmd8zja6k,027p0,ACTIVE
2025-26,14,q86f43pcmd8zja6k,06mle,ACTIVE
2025-26,14,q86f43pcmd8zja6k,04kj6,ACTIVE
2025-26,14,q86f43pcmd8zja6k,01eon,ACTIVE
2025-26,14,q86f43pcmd8zja6k,06213,ACTIVE
2025-26,14,q86f43pcmd8zja6k,03ajv,ACTIVE
2025-26,14,q86f43pcmd8zja6k,042n3,ACTIVE
2025-26,14,q86f43pcmd8zja6k,03ams,ACTIVE
2025-26,14,q86f43pcmd8zja6k,04qrl,ACTIVE
2025-26,14,q86f43pcmd8zja6k,05uij,ACTIVE
2025-26,14,nmlbr2ppmd8zja6n,05qtv,ACTIVE
2025-26,14,nmlbr2ppmd8zja6n,06mjt,ACTIVE
2025-26,14,nmlbr2ppmd8zja6n,06v5e,ACTIVE
2025-26,14,nmlbr2ppmd8zja6n,06v5g,ACTIVE
2025-26,14,nmlbr2ppmd8zja6n,0621c,ACTIVE
2025-26,14,nmlbr2ppmd8zja6n,01enh,ACTIVE
2025-26,14,nmlbr2ppmd8zja6n,05uug,ACTIVE
2025-26,14,nmlbr2ppmd8zja6n,05uj1,ACTIVE
2025-26,14,nmlbr2ppmd8zja6n,06mjz,ACTIVE
2025-26,14,nmlbr2ppmd8zja6n,06215,ACTIVE
2025-26,14,nmlbr2ppmd8zja6n,06cdn,ACTIVE
2025-26,14,nmlbr2ppmd8zja6n,05uid,ACTIVE
2025-26,14,nmlbr2ppmd8zja6n,05uib,ACTIVE
2025-26,14,nmlbr2ppmd8zja6n,0621b,ACTIVE
2025-26,14,nmlbr2ppmd8zja6n,0621g,ACTIVE
2025-26,14,nmlbr2ppmd8zja6n,05qt4,ACTIVE
2025-26,14,nmlbr2ppmd8zja6n,042nt,ACTIVE
2025-26,14,nmlbr2ppmd8zja6n,05qt3,ACTIVE
2025-26,14,nmlbr2ppmd8zja6n,06v5k,ACTIVE
2025-26,14,nmlbr2ppmd8zja6n,0621u,ACTIVE
2025-26,14,mm10q3fvmd8zja6j,06v80,ACTIVE
2025-26,14,mm10q3fvmd8zja6j,05uus,ACTIVE
2025-26,14,mm10q3fvmd8zja6j,05uiu,ACTIVE
2025-26,14,mm10q3fvmd8zja6j,031m4,ACTIVE
2025-26,14,mm10q3fvmd8zja6j,06mk1,ACTIVE
2025-26,14,mm10q3fvmd8zja6j,051pa,ACTIVE
2025-26,14,mm10q3fvmd8zja6j,04ewe,ACTIVE
2025-26,14,mm10q3fvmd8zja6j,051or,ACTIVE
2025-26,14,mm10q3fvmd8zja6j,06v5y,ACTIVE
2025-26,14,mm10q3fvmd8zja6j,06ca7,ACTIVE
2025-26,14,mm10q3fvmd8zja6j,06cch,ACTIVE
2025-26,14,mm10q3fvmd8zja6j,03nwn,ACTIVE
2025-26,14,mm10q3fvmd8zja6j,06216,ACTIVE
2025-26,14,mm10q3fvmd8zja6j,06210,ACTIVE
2025-26,14,mm10q3fvmd8zja6j,042n6,ACTIVE
2025-26,14,mm10q3fvmd8zja6j,05qu9,ACTIVE
2025-26,14,mm10q3fvmd8zja6j,06v5l,ACTIVE
2025-26,14,mm10q3fvmd8zja6j,0017e,ACTIVE
2025-26,14,mm10q3fvmd8zja6j,051ok,ACTIVE
2025-26,14,mm10q3fvmd8zja6j,04ex8,ACTIVE
2025-26,15,qxb6cn3omd8zja6h,031m2,ACTIVE
2025-26,15,qxb6cn3omd8zja6h,05qsx,ACTIVE
2025-26,15,qxb6cn3omd8zja6h,06212,ACTIVE
2025-26,15,qxb6cn3omd8zja6h,02xg9,ACTIVE
2025-26,15,qxb6cn3omd8zja6h,051oj,ACTIVE
2025-26,15,qxb6cn3omd8zja6h,05qtl,ACTIVE
2025-26,15,qxb6cn3omd8zja6h,051ot,ACTIVE
2025-26,15,qxb6cn3omd8zja6h,04ex6,ACTIVE
2025-26,15,qxb6cn3omd8zja6h,05qt1,ACTIVE
2025-26,15,qxb6cn3omd8zja6h,051pi,ACTIVE
2025-26,15,qxb6cn3omd8zja6h,04ewr,ACTIVE
2025-26,15,qxb6cn3omd8zja6h,05ujc,ACTIVE
2025-26,15,qxb6cn3omd8zja6h,04qsa,ACTIVE
2025-26,15,qxb6cn3omd8zja6h,06214,ACTIVE
2025-26,15,qxb6cn3omd8zja6h,05qtr,ACTIVE
2025-26,15,qxb6cn3omd8zja6h,05ujq,ACTIVE
2025-26,15,qxb6cn3omd8zja6h,04qrj,ACTIVE
2025-26,15,qxb6cn3omd8zja6h,03aq2,ACTIVE
2025-26,15,qxb6cn3omd8zja6h,06mk8,ACTIVE
2025-26,15,qxb6cn3omd8zja6h,04qrr,ACTIVE
2025-26,15,mjm1574cmd8zja6n,05uiq,ACTIVE
2025-26,15,mjm1574cmd8zja6n,04ewn,ACTIVE
2025-26,15,mjm1574cmd8zja6n,05uig,ACTIVE
2025-26,15,mjm1574cmd8zja6n,05qtj,ACTIVE
2025-26,15,mjm1574cmd8zja6n,01uyj,ACTIVE
2025-26,15,mjm1574cmd8zja6n,042n1,ACTIVE
2025-26,15,mjm1574cmd8zja6n,05uii,ACTIVE
2025-26,15,mjm1574cmd8zja6n,02nfz,ACTIVE
2025-26,15,mjm1574cmd8zja6n,06cc7,ACTIVE
2025-26,15,mjm1574cmd8zja6n,01eo6,ACTIVE
2025-26,15,mjm1574cmd8zja6n,027oj,ACTIVE
2025-26,15,mjm1574cmd8zja6n,03el5,ACTIVE
2025-26,15,mjm1574cmd8zja6n,06217,ACTIVE
2025-26,15,mjm1574cmd8zja6n,06v5n,ACTIVE
2025-26,15,mjm1574cmd8zja6n,0621q,ACTIVE
2025-26,15,mjm1574cmd8zja6n,000zv,ACTIVE
2025-26,15,mjm1574cmd8zja6n,01eo9,ACTIVE
2025-26,15,mjm1574cmd8zja6n,02nf3,ACTIVE
2025-26,15,mjm1574cmd8zja6n,042n7,ACTIVE
2025-26,15,mjm1574cmd8zja6n,042nq,ACTIVE
2025-26,15,sha0v3f8md8zja6k,06v5r,ACTIVE
2025-26,15,sha0v3f8md8zja6k,04qrn,ACTIVE
2025-26,15,sha0v3f8md8zja6k,04ewm,ACTIVE
2025-26,15,sha0v3f8md8zja6k,06v5a,ACTIVE
2025-26,15,sha0v3f8md8zja6k,03xmv,ACTIVE
2025-26,15,sha0v3f8md8zja6k,06226,ACTIVE
2025-26,15,sha0v3f8md8zja6k,06mkd,ACTIVE
2025-26,15,sha0v3f8md8zja6k,05uj4,ACTIVE
2025-26,15,sha0v3f8md8zja6k,04qsd,ACTIVE
2025-26,15,sha0v3f8md8zja6k,06mk6,ACTIVE
2025-26,15,sha0v3f8md8zja6k,04qrm,ACTIVE
2025-26,15,sha0v3f8md8zja6k,04qrp,ACTIVE
2025-26,15,sha0v3f8md8zja6k,04qro,ACTIVE
2025-26,15,sha0v3f8md8zja6k,05uie,ACTIVE
2025-26,15,sha0v3f8md8zja6k,04ewf,ACTIVE
2025-26,15,sha0v3f8md8zja6k,06v58,ACTIVE
2025-26,15,sha0v3f8md8zja6k,06cd4,ACTIVE
2025-26,15,sha0v3f8md8zja6k,05ujd,ACTIVE
2025-26,15,sha0v3f8md8zja6k,042nf,ACTIVE
2025-26,15,sha0v3f8md8zja6k,051on,ACTIVE
2025-26,15,8htzhjs2md8zja6l,06211,ACTIVE
2025-26,15,8htzhjs2md8zja6l,06mjv,ACTIVE
2025-26,15,8htzhjs2md8zja6l,06mjw,ACTIVE
2025-26,15,8htzhjs2md8zja6l,05uup,ACTIVE
2025-26,15,8htzhjs2md8zja6l,05qug,ACTIVE
2025-26,15,8htzhjs2md8zja6l,03al2,ACTIVE
2025-26,15,8htzhjs2md8zja6l,05qsq,ACTIVE
2025-26,15,8htzhjs2md8zja6l,0621k,ACTIVE
2025-26,15,8htzhjs2md8zja6l,03xmt,ACTIVE
2025-26,15,8htzhjs2md8zja6l,005kc,ACTIVE
2025-26,15,8htzhjs2md8zja6l,06mkg,ACTIVE
2025-26,15,8htzhjs2md8zja6l,04ewu,ACTIVE
2025-26,15,8htzhjs2md8zja6l,03al0,ACTIVE
2025-26,15,8htzhjs2md8zja6l,03lls,ACTIVE
2025-26,15,8htzhjs2md8zja6l,06ccf,ACTIVE
2025-26,15,8htzhjs2md8zja6l,04azw,ACTIVE
2025-26,15,8htzhjs2md8zja6l,02ym0,ACTIVE
2025-26,15,8htzhjs2md8zja6l,0011e,ACTIVE
2025-26,15,8htzhjs2md8zja6l,06cc1,ACTIVE
2025-26,15,8htzhjs2md8zja6l,06218,ACTIVE
2025-26,15,7kj0njiwmd8zja6g,001aw,ACTIVE
2025-26,15,7kj0njiwmd8zja6g,0621l,ACTIVE
2025-26,15,7kj0njiwmd8zja6g,04ewt,ACTIVE
2025-26,15,7kj0njiwmd8zja6g,06v5h,ACTIVE
2025-26,15,7kj0njiwmd8zja6g,02nf1,ACTIVE
2025-26,15,7kj0njiwmd8zja6g,03ad4,ACTIVE
2025-26,15,7kj0njiwmd8zja6g,0621e,ACTIVE
2025-26,15,7kj0njiwmd8zja6g,02ng3,ACTIVE
2025-26,15,7kj0njiwmd8zja6g,051oi,ACTIVE
2025-26,15,7kj0njiwmd8zja6g,04qrk,ACTIVE
2025-26,15,7kj0njiwmd8zja6g,06cca,ACTIVE
2025-26,15,7kj0njiwmd8zja6g,049kd,ACTIVE
2025-26,15,7kj0njiwmd8zja6g,05uj9,ACTIVE
2025-26,15,7kj0njiwmd8zja6g,0496e,ACTIVE
2025-26,15,7kj0njiwmd8zja6g,0623a,ACTIVE
2025-26,15,7kj0njiwmd8zja6g,05uif,ACTIVE
2025-26,15,7kj0njiwmd8zja6g,05uiw,ACTIVE
2025-26,15,7kj0njiwmd8zja6g,051os,ACTIVE
2025-26,15,7kj0njiwmd8zja6g,049ka,ACTIVE
2025-26,15,7kj0njiwmd8zja6g,06cby,ACTIVE
2025-26,15,nmbx4rkzmd8zja6m,06cac,ACTIVE
2025-26,15,nmbx4rkzmd8zja6m,05qto,ACTIVE
2025-26,15,nmbx4rkzmd8zja6m,06cc8,ACTIVE
2025-26,15,nmbx4rkzmd8zja6m,06mkj,ACTIVE
2025-26,15,nmbx4rkzmd8zja6m,06ca8,ACTIVE
2025-26,15,nmbx4rkzmd8zja6m,05uih,ACTIVE
2025-26,15,nmbx4rkzmd8zja6m,03ad3,ACTIVE
2025-26,15,nmbx4rkzmd8zja6m,06mln,ACTIVE
2025-26,15,nmbx4rkzmd8zja6m,051oh,ACTIVE
2025-26,15,nmbx4rkzmd8zja6m,05qtt,ACTIVE
2025-26,15,nmbx4rkzmd8zja6m,05uir,ACTIVE
2025-26,15,nmbx4rkzmd8zja6m,05uiz,ACTIVE
2025-26,15,nmbx4rkzmd8zja6m,05qu0,ACTIVE
2025-26,15,nmbx4rkzmd8zja6m,06cbz,ACTIVE
2025-26,15,nmbx4rkzmd8zja6m,06mk3,ACTIVE
2025-26,15,nmbx4rkzmd8zja6m,027oz,ACTIVE
2025-26,15,nmbx4rkzmd8zja6m,03r7z,ACTIVE
2025-26,15,nmbx4rkzmd8zja6m,03nwm,ACTIVE
2025-26,15,nmbx4rkzmd8zja6m,06mju,ACTIVE
2025-26,15,nmbx4rkzmd8zja6m,051ol,ACTIVE
2025-26,15,mp3txfdsmd8zja6i,06v57,ACTIVE
2025-26,15,mp3txfdsmd8zja6i,042n4,ACTIVE
2025-26,15,mp3txfdsmd8zja6i,051p9,ACTIVE
2025-26,15,mp3txfdsmd8zja6i,03ad2,ACTIVE
2025-26,15,mp3txfdsmd8zja6i,03e75,ACTIVE
2025-26,15,mp3txfdsmd8zja6i,042nm,ACTIVE
2025-26,15,mp3txfdsmd8zja6i,04ewk,ACTIVE
2025-26,15,mp3txfdsmd8zja6i,027pe,ACTIVE
2025-26,15,mp3txfdsmd8zja6i,06mll,ACTIVE
2025-26,15,mp3txfdsmd8zja6i,05uic,ACTIVE
2025-26,15,mp3txfdsmd8zja6i,06mkl,ACTIVE
2025-26,15,mp3txfdsmd8zja6i,03nwk,ACTIVE
2025-26,15,mp3txfdsmd8zja6i,04qs1,ACTIVE
2025-26,15,mp3txfdsmd8zja6i,051op,ACTIVE
2025-26,15,mp3txfdsmd8zja6i,05ujt,ACTIVE
2025-26,15,mp3txfdsmd8zja6i,051pb,ACTIVE
2025-26,15,mp3txfdsmd8zja6i,06mk7,ACTIVE
2025-26,15,mp3txfdsmd8zja6i,04qse,ACTIVE
2025-26,15,mp3txfdsmd8zja6i,049kc,ACTIVE
2025-26,15,mp3txfdsmd8zja6i,06v56,ACTIVE
2025-26,15,q86f43pcmd8zja6k,027oo,ACTIVE
2025-26,15,q86f43pcmd8zja6k,0015e,ACTIVE
2025-26,15,q86f43pcmd8zja6k,049kb,ACTIVE
2025-26,15,q86f43pcmd8zja6k,027p4,ACTIVE
2025-26,15,q86f43pcmd8zja6k,0527h,ACTIVE
2025-26,15,q86f43pcmd8zja6k,051p8,ACTIVE
2025-26,15,q86f43pcmd8zja6k,04qru,ACTIVE
2025-26,15,q86f43pcmd8zja6k,03wr4,ACTIVE
2025-26,15,q86f43pcmd8zja6k,027ou,ACTIVE
2025-26,15,q86f43pcmd8zja6k,031lx,ACTIVE
2025-26,15,q86f43pcmd8zja6k,027p0,ACTIVE
2025-26,15,q86f43pcmd8zja6k,06mle,ACTIVE
2025-26,15,q86f43pcmd8zja6k,04kj6,ACTIVE
2025-26,15,q86f43pcmd8zja6k,01eon,ACTIVE
2025-26,15,q86f43pcmd8zja6k,06213,ACTIVE
2025-26,15,q86f43pcmd8zja6k,03ajv,ACTIVE
2025-26,15,q86f43pcmd8zja6k,042n3,ACTIVE
2025-26,15,q86f43pcmd8zja6k,03ams,ACTIVE
2025-26,15,q86f43pcmd8zja6k,04qrl,ACTIVE
2025-26,15,q86f43pcmd8zja6k,05uij,ACTIVE
2025-26,15,nmlbr2ppmd8zja6n,05qtv,ACTIVE
2025-26,15,nmlbr2ppmd8zja6n,06mjt,ACTIVE
2025-26,15,nmlbr2ppmd8zja6n,06v5e,ACTIVE
2025-26,15,nmlbr2ppmd8zja6n,06v5g,ACTIVE
2025-26,15,nmlbr2ppmd8zja6n,0621c,ACTIVE
2025-26,15,nmlbr2ppmd8zja6n,01enh,ACTIVE
2025-26,15,nmlbr2ppmd8zja6n,05uug,ACTIVE
2025-26,15,nmlbr2ppmd8zja6n,05uj1,ACTIVE
2025-26,15,nmlbr2ppmd8zja6n,06mjz,ACTIVE
2025-26,15,nmlbr2ppmd8zja6n,06215,ACTIVE
2025-26,15,nmlbr2ppmd8zja6n,06cdn,ACTIVE
2025-26,15,nmlbr2ppmd8zja6n,05uid,ACTIVE
2025-26,15,nmlbr2ppmd8zja6n,05uib,ACTIVE
2025-26,15,nmlbr2ppmd8zja6n,0621b,ACTIVE
2025-26,15,nmlbr2ppmd8zja6n,0621g,ACTIVE
2025-26,15,nmlbr2ppmd8zja6n,05qt4,ACTIVE
2025-26,15,nmlbr2ppmd8zja6n,042nt,ACTIVE
2025-26,15,nmlbr2ppmd8zja6n,05qt3,ACTIVE
2025-26,15,nmlbr2ppmd8zja6n,06v5k,ACTIVE
2025-26,15,nmlbr2ppmd8zja6n,0621u,ACTIVE
2025-26,15,mm10q3fvmd8zja6j,06v80,ACTIVE
2025-26,15,mm10q3fvmd8zja6j,05uus,ACTIVE
2025-26,15,mm10q3fvmd8zja6j,05uiu,ACTIVE
2025-26,15,mm10q3fvmd8zja6j,031m4,ACTIVE
2025-26,15,mm10q3fvmd8zja6j,06mk1,ACTIVE
2025-26,15,mm10q3fvmd8zja6j,051pa,ACTIVE
2025-26,15,mm10q3fvmd8zja6j,04ewe,ACTIVE
2025-26,15,mm10q3fvmd8zja6j,051or,ACTIVE
2025-26,15,mm10q3fvmd8zja6j,06v5y,ACTIVE
2025-26,15,mm10q3fvmd8zja6j,06ca7,ACTIVE
2025-26,15,mm10q3fvmd8zja6j,06cch,ACTIVE
2025-26,15,mm10q3fvmd8zja6j,03nwn,ACTIVE
2025-26,15,mm10q3fvmd8zja6j,06216,ACTIVE
2025-26,15,mm10q3fvmd8zja6j,06210,ACTIVE
2025-26,15,mm10q3fvmd8zja6j,042n6,ACTIVE
2025-26,15,mm10q3fvmd8zja6j,05qu9,ACTIVE
2025-26,15,mm10q3fvmd8zja6j,06v5l,ACTIVE
2025-26,15,mm10q3fvmd8zja6j,0017e,ACTIVE
2025-26,15,mm10q3fvmd8zja6j,051ok,ACTIVE
2025-26,15,mm10q3fvmd8zja6j,04ex8,ACTIVE
2025-26,16,qxb6cn3omd8zja6h,031m2,ACTIVE
2025-26,16,qxb6cn3omd8zja6h,05qsx,ACTIVE
2025-26,16,qxb6cn3omd8zja6h,06212,ACTIVE
2025-26,16,qxb6cn3omd8zja6h,02xg9,ACTIVE
2025-26,16,qxb6cn3omd8zja6h,051oj,ACTIVE
2025-26,16,qxb6cn3omd8zja6h,05qtl,ACTIVE
2025-26,16,qxb6cn3omd8zja6h,051ot,ACTIVE
2025-26,16,qxb6cn3omd8zja6h,04ex6,ACTIVE
2025-26,16,qxb6cn3omd8zja6h,05qt1,ACTIVE
2025-26,16,qxb6cn3omd8zja6h,051pi,ACTIVE
2025-26,16,qxb6cn3omd8zja6h,04ewr,ACTIVE
2025-26,16,qxb6cn3omd8zja6h,05ujc,ACTIVE
2025-26,16,qxb6cn3omd8zja6h,04qsa,ACTIVE
2025-26,16,qxb6cn3omd8zja6h,06214,ACTIVE
2025-26,16,qxb6cn3omd8zja6h,05qtr,ACTIVE
2025-26,16,qxb6cn3omd8zja6h,05ujq,ACTIVE
2025-26,16,qxb6cn3omd8zja6h,04qrj,ACTIVE
2025-26,16,qxb6cn3omd8zja6h,03aq2,ACTIVE
2025-26,16,qxb6cn3omd8zja6h,06mk8,ACTIVE
2025-26,16,qxb6cn3omd8zja6h,04qrr,ACTIVE
2025-26,16,mjm1574cmd8zja6n,05uiq,ACTIVE
2025-26,16,mjm1574cmd8zja6n,04ewn,ACTIVE
2025-26,16,mjm1574cmd8zja6n,05uig,ACTIVE
2025-26,16,mjm1574cmd8zja6n,05qtj,ACTIVE
2025-26,16,mjm1574cmd8zja6n,01uyj,ACTIVE
2025-26,16,mjm1574cmd8zja6n,042n1,ACTIVE
2025-26,16,mjm1574cmd8zja6n,05uii,ACTIVE
2025-26,16,mjm1574cmd8zja6n,02nfz,ACTIVE
2025-26,16,mjm1574cmd8zja6n,06cc7,ACTIVE
2025-26,16,mjm1574cmd8zja6n,01eo6,ACTIVE
2025-26,16,mjm1574cmd8zja6n,027oj,ACTIVE
2025-26,16,mjm1574cmd8zja6n,03el5,ACTIVE
2025-26,16,mjm1574cmd8zja6n,06217,ACTIVE
2025-26,16,mjm1574cmd8zja6n,06v5n,ACTIVE
2025-26,16,mjm1574cmd8zja6n,0621q,ACTIVE
2025-26,16,mjm1574cmd8zja6n,000zv,ACTIVE
2025-26,16,mjm1574cmd8zja6n,01eo9,ACTIVE
2025-26,16,mjm1574cmd8zja6n,02nf3,ACTIVE
2025-26,16,mjm1574cmd8zja6n,042n7,ACTIVE
2025-26,16,mjm1574cmd8zja6n,042nq,ACTIVE
2025-26,16,sha0v3f8md8zja6k,06v5r,ACTIVE
2025-26,16,sha0v3f8md8zja6k,04qrn,ACTIVE
2025-26,16,sha0v3f8md8zja6k,04ewm,ACTIVE
2025-26,16,sha0v3f8md8zja6k,06v5a,ACTIVE
2025-26,16,sha0v3f8md8zja6k,03xmv,ACTIVE
2025-26,16,sha0v3f8md8zja6k,06226,ACTIVE
2025-26,16,sha0v3f8md8zja6k,06mkd,ACTIVE
2025-26,16,sha0v3f8md8zja6k,05uj4,ACTIVE
2025-26,16,sha0v3f8md8zja6k,04qsd,ACTIVE
2025-26,16,sha0v3f8md8zja6k,06mk6,ACTIVE
2025-26,16,sha0v3f8md8zja6k,04qrm,ACTIVE
2025-26,16,sha0v3f8md8zja6k,04qrp,ACTIVE
2025-26,16,sha0v3f8md8zja6k,04qro,ACTIVE
2025-26,16,sha0v3f8md8zja6k,05uie,ACTIVE
2025-26,16,sha0v3f8md8zja6k,04ewf,ACTIVE
2025-26,16,sha0v3f8md8zja6k,06v58,ACTIVE
2025-26,16,sha0v3f8md8zja6k,06cd4,ACTIVE
2025-26,16,sha0v3f8md8zja6k,05ujd,ACTIVE
2025-26,16,sha0v3f8md8zja6k,042nf,ACTIVE
2025-26,16,sha0v3f8md8zja6k,051on,ACTIVE
2025-26,16,8htzhjs2md8zja6l,06211,ACTIVE
2025-26,16,8htzhjs2md8zja6l,06mjv,ACTIVE
2025-26,16,8htzhjs2md8zja6l,06mjw,ACTIVE
2025-26,16,8htzhjs2md8zja6l,05uup,ACTIVE
2025-26,16,8htzhjs2md8zja6l,05qug,ACTIVE
2025-26,16,8htzhjs2md8zja6l,03al2,ACTIVE
2025-26,16,8htzhjs2md8zja6l,05qsq,ACTIVE
2025-26,16,8htzhjs2md8zja6l,0621k,ACTIVE
2025-26,16,8htzhjs2md8zja6l,03xmt,ACTIVE
2025-26,16,8htzhjs2md8zja6l,005kc,ACTIVE
2025-26,16,8htzhjs2md8zja6l,06mkg,ACTIVE
2025-26,16,8htzhjs2md8zja6l,04ewu,ACTIVE
2025-26,16,8htzhjs2md8zja6l,03al0,ACTIVE
2025-26,16,8htzhjs2md8zja6l,03lls,ACTIVE
2025-26,16,8htzhjs2md8zja6l,06ccf,ACTIVE
2025-26,16,8htzhjs2md8zja6l,04azw,ACTIVE
2025-26,16,8htzhjs2md8zja6l,02ym0,ACTIVE
2025-26,16,8htzhjs2md8zja6l,0011e,ACTIVE
2025-26,16,8htzhjs2md8zja6l,06cc1,ACTIVE
2025-26,16,8htzhjs2md8zja6l,06218,ACTIVE
2025-26,16,7kj0njiwmd8zja6g,001aw,ACTIVE
2025-26,16,7kj0njiwmd8zja6g,0621l,ACTIVE
2025-26,16,7kj0njiwmd8zja6g,04ewt,ACTIVE
2025-26,16,7kj0njiwmd8zja6g,06v5h,ACTIVE
2025-26,16,7kj0njiwmd8zja6g,02nf1,ACTIVE
2025-26,16,7kj0njiwmd8zja6g,03ad4,ACTIVE
2025-26,16,7kj0njiwmd8zja6g,0621e,ACTIVE
2025-26,16,7kj0njiwmd8zja6g,02ng3,ACTIVE
2025-26,16,7kj0njiwmd8zja6g,051oi,ACTIVE
2025-26,16,7kj0njiwmd8zja6g,04qrk,ACTIVE
2025-26,16,7kj0njiwmd8zja6g,06cca,ACTIVE
2025-26,16,7kj0njiwmd8zja6g,049kd,ACTIVE
2025-26,16,7kj0njiwmd8zja6g,05uj9,ACTIVE
2025-26,16,7kj0njiwmd8zja6g,0496e,ACTIVE
2025-26,16,7kj0njiwmd8zja6g,0623a,ACTIVE
2025-26,16,7kj0njiwmd8zja6g,05uif,ACTIVE
2025-26,16,7kj0njiwmd8zja6g,05uiw,ACTIVE
2025-26,16,7kj0njiwmd8zja6g,051os,ACTIVE
2025-26,16,7kj0njiwmd8zja6g,049ka,ACTIVE
2025-26,16,7kj0njiwmd8zja6g,06cby,ACTIVE
2025-26,16,nmbx4rkzmd8zja6m,06cac,ACTIVE
2025-26,16,nmbx4rkzmd8zja6m,05qto,ACTIVE
2025-26,16,nmbx4rkzmd8zja6m,06cc8,ACTIVE
2025-26,16,nmbx4rkzmd8zja6m,06mkj,ACTIVE
2025-26,16,nmbx4rkzmd8zja6m,06ca8,ACTIVE
2025-26,16,nmbx4rkzmd8zja6m,05uih,ACTIVE
2025-26,16,nmbx4rkzmd8zja6m,03ad3,ACTIVE
2025-26,16,nmbx4rkzmd8zja6m,06mln,ACTIVE
2025-26,16,nmbx4rkzmd8zja6m,051oh,ACTIVE
2025-26,16,nmbx4rkzmd8zja6m,05qtt,ACTIVE
2025-26,16,nmbx4rkzmd8zja6m,05uir,ACTIVE
2025-26,16,nmbx4rkzmd8zja6m,05uiz,ACTIVE
2025-26,16,nmbx4rkzmd8zja6m,05qu0,ACTIVE
2025-26,16,nmbx4rkzmd8zja6m,06cbz,ACTIVE
2025-26,16,nmbx4rkzmd8zja6m,06mk3,ACTIVE
2025-26,16,nmbx4rkzmd8zja6m,027oz,ACTIVE
2025-26,16,nmbx4rkzmd8zja6m,03r7z,ACTIVE
2025-26,16,nmbx4rkzmd8zja6m,03nwm,ACTIVE
2025-26,16,nmbx4rkzmd8zja6m,06mju,ACTIVE
2025-26,16,nmbx4rkzmd8zja6m,051ol,ACTIVE
2025-26,16,mp3txfdsmd8zja6i,06v57,ACTIVE
2025-26,16,mp3txfdsmd8zja6i,042n4,ACTIVE
2025-26,16,mp3txfdsmd8zja6i,051p9,ACTIVE
2025-26,16,mp3txfdsmd8zja6i,03ad2,ACTIVE
2025-26,16,mp3txfdsmd8zja6i,03e75,ACTIVE
2025-26,16,mp3txfdsmd8zja6i,042nm,ACTIVE
2025-26,16,mp3txfdsmd8zja6i,04ewk,ACTIVE
2025-26,16,mp3txfdsmd8zja6i,027pe,ACTIVE
2025-26,16,mp3txfdsmd8zja6i,06mll,ACTIVE
2025-26,16,mp3txfdsmd8zja6i,05uic,ACTIVE
2025-26,16,mp3txfdsmd8zja6i,06mkl,ACTIVE
2025-26,16,mp3txfdsmd8zja6i,03nwk,ACTIVE
2025-26,16,mp3txfdsmd8zja6i,04qs1,ACTIVE
2025-26,16,mp3txfdsmd8zja6i,051op,ACTIVE
2025-26,16,mp3txfdsmd8zja6i,05ujt,ACTIVE
2025-26,16,mp3txfdsmd8zja6i,051pb,ACTIVE
2025-26,16,mp3txfdsmd8zja6i,06mk7,ACTIVE
2025-26,16,mp3txfdsmd8zja6i,04qse,ACTIVE
2025-26,16,mp3txfdsmd8zja6i,049kc,ACTIVE
2025-26,16,mp3txfdsmd8zja6i,06v56,ACTIVE
2025-26,16,q86f43pcmd8zja6k,027oo,ACTIVE
2025-26,16,q86f43pcmd8zja6k,0015e,ACTIVE
2025-26,16,q86f43pcmd8zja6k,049kb,ACTIVE
2025-26,16,q86f43pcmd8zja6k,027p4,ACTIVE
2025-26,16,q86f43pcmd8zja6k,0527h,ACTIVE
2025-26,16,q86f43pcmd8zja6k,051p8,ACTIVE
2025-26,16,q86f43pcmd8zja6k,04qru,ACTIVE
2025-26,16,q86f43pcmd8zja6k,03wr4,ACTIVE
2025-26,16,q86f43pcmd8zja6k,027ou,ACTIVE
2025-26,16,q86f43pcmd8zja6k,031lx,ACTIVE
2025-26,16,q86f43pcmd8zja6k,027p0,ACTIVE
2025-26,16,q86f43pcmd8zja6k,06mle,ACTIVE
2025-26,16,q86f43pcmd8zja6k,04kj6,ACTIVE
2025-26,16,q86f43pcmd8zja6k,01eon,ACTIVE
2025-26,16,q86f43pcmd8zja6k,06213,ACTIVE
2025-26,16,q86f43pcmd8zja6k,03ajv,ACTIVE
2025-26,16,q86f43pcmd8zja6k,042n3,ACTIVE
2025-26,16,q86f43pcmd8zja6k,03ams,ACTIVE
2025-26,16,q86f43pcmd8zja6k,04qrl,ACTIVE
2025-26,16,q86f43pcmd8zja6k,05uij,ACTIVE
2025-26,16,nmlbr2ppmd8zja6n,05qtv,ACTIVE
2025-26,16,nmlbr2ppmd8zja6n,06mjt,ACTIVE
2025-26,16,nmlbr2ppmd8zja6n,06v5e,ACTIVE
2025-26,16,nmlbr2ppmd8zja6n,06v5g,ACTIVE
2025-26,16,nmlbr2ppmd8zja6n,0621c,ACTIVE
2025-26,16,nmlbr2ppmd8zja6n,01enh,ACTIVE
2025-26,16,nmlbr2ppmd8zja6n,05uug,ACTIVE
2025-26,16,nmlbr2ppmd8zja6n,05uj1,ACTIVE
2025-26,16,nmlbr2ppmd8zja6n,06mjz,ACTIVE
2025-26,16,nmlbr2ppmd8zja6n,06215,ACTIVE
2025-26,16,nmlbr2ppmd8zja6n,06cdn,ACTIVE
2025-26,16,nmlbr2ppmd8zja6n,05uid,ACTIVE
2025-26,16,nmlbr2ppmd8zja6n,05uib,ACTIVE
2025-26,16,nmlbr2ppmd8zja6n,0621b,ACTIVE
2025-26,16,nmlbr2ppmd8zja6n,0621g,ACTIVE
2025-26,16,nmlbr2ppmd8zja6n,05qt4,ACTIVE
2025-26,16,nmlbr2ppmd8zja6n,042nt,ACTIVE
2025-26,16,nmlbr2ppmd8zja6n,05qt3,ACTIVE
2025-26,16,nmlbr2ppmd8zja6n,06v5k,ACTIVE
2025-26,16,nmlbr2ppmd8zja6n,0621u,ACTIVE
2025-26,16,mm10q3fvmd8zja6j,06v80,ACTIVE
2025-26,16,mm10q3fvmd8zja6j,05uus,ACTIVE
2025-26,16,mm10q3fvmd8zja6j,05uiu,ACTIVE
2025-26,16,mm10q3fvmd8zja6j,031m4,ACTIVE
2025-26,16,mm10q3fvmd8zja6j,06mk1,ACTIVE
2025-26,16,mm10q3fvmd8zja6j,051pa,ACTIVE
2025-26,16,mm10q3fvmd8zja6j,04ewe,ACTIVE
2025-26,16,mm10q3fvmd8zja6j,051or,ACTIVE
2025-26,16,mm10q3fvmd8zja6j,06v5y,ACTIVE
2025-26,16,mm10q3fvmd8zja6j,06ca7,ACTIVE
2025-26,16,mm10q3fvmd8zja6j,06cch,ACTIVE
2025-26,16,mm10q3fvmd8zja6j,03nwn,ACTIVE
2025-26,16,mm10q3fvmd8zja6j,06216,ACTIVE
2025-26,16,mm10q3fvmd8zja6j,06210,ACTIVE
2025-26,16,mm10q3fvmd8zja6j,042n6,ACTIVE
2025-26,16,mm10q3fvmd8zja6j,05qu9,ACTIVE
2025-26,16,mm10q3fvmd8zja6j,06v5l,ACTIVE
2025-26,16,mm10q3fvmd8zja6j,0017e,ACTIVE
2025-26,16,mm10q3fvmd8zja6j,051ok,ACTIVE
2025-26,16,mm10q3fvmd8zja6j,04ex8,ACTIVE
2025-26,17,qxb6cn3omd8zja6h,031m2,ACTIVE
2025-26,17,qxb6cn3omd8zja6h,05qsx,ACTIVE
2025-26,17,qxb6cn3omd8zja6h,06212,ACTIVE
2025-26,17,qxb6cn3omd8zja6h,02xg9,ACTIVE
2025-26,17,qxb6cn3omd8zja6h,051oj,ACTIVE
2025-26,17,qxb6cn3omd8zja6h,05qtl,ACTIVE
2025-26,17,qxb6cn3omd8zja6h,051ot,ACTIVE
2025-26,17,qxb6cn3omd8zja6h,04ex6,ACTIVE
2025-26,17,qxb6cn3omd8zja6h,05qt1,ACTIVE
2025-26,17,qxb6cn3omd8zja6h,051pi,ACTIVE
2025-26,17,qxb6cn3omd8zja6h,04ewr,ACTIVE
2025-26,17,qxb6cn3omd8zja6h,05ujc,ACTIVE
2025-26,17,qxb6cn3omd8zja6h,04qsa,ACTIVE
2025-26,17,qxb6cn3omd8zja6h,06214,ACTIVE
2025-26,17,qxb6cn3omd8zja6h,05qtr,ACTIVE
2025-26,17,qxb6cn3omd8zja6h,05ujq,ACTIVE
2025-26,17,qxb6cn3omd8zja6h,04qrj,ACTIVE
2025-26,17,qxb6cn3omd8zja6h,03aq2,ACTIVE
2025-26,17,qxb6cn3omd8zja6h,06mk8,ACTIVE
2025-26,17,qxb6cn3omd8zja6h,04qrr,ACTIVE
2025-26,17,mjm1574cmd8zja6n,05uiq,ACTIVE
2025-26,17,mjm1574cmd8zja6n,04ewn,ACTIVE
2025-26,17,mjm1574cmd8zja6n,05uig,ACTIVE
2025-26,17,mjm1574cmd8zja6n,05qtj,ACTIVE
2025-26,17,mjm1574cmd8zja6n,01uyj,ACTIVE
2025-26,17,mjm1574cmd8zja6n,042n1,ACTIVE
2025-26,17,mjm1574cmd8zja6n,05uii,ACTIVE
2025-26,17,mjm1574cmd8zja6n,02nfz,ACTIVE
2025-26,17,mjm1574cmd8zja6n,06cc7,ACTIVE
2025-26,17,mjm1574cmd8zja6n,01eo6,ACTIVE
2025-26,17,mjm1574cmd8zja6n,027oj,ACTIVE
2025-26,17,mjm1574cmd8zja6n,03el5,ACTIVE
2025-26,17,mjm1574cmd8zja6n,06217,ACTIVE
2025-26,17,mjm1574cmd8zja6n,06v5n,ACTIVE
2025-26,17,mjm1574cmd8zja6n,0621q,ACTIVE
2025-26,17,mjm1574cmd8zja6n,000zv,ACTIVE
2025-26,17,mjm1574cmd8zja6n,01eo9,ACTIVE
2025-26,17,mjm1574cmd8zja6n,02nf3,ACTIVE
2025-26,17,mjm1574cmd8zja6n,042n7,ACTIVE
2025-26,17,mjm1574cmd8zja6n,042nq,ACTIVE
2025-26,17,sha0v3f8md8zja6k,06v5r,ACTIVE
2025-26,17,sha0v3f8md8zja6k,04qrn,ACTIVE
2025-26,17,sha0v3f8md8zja6k,04ewm,ACTIVE
2025-26,17,sha0v3f8md8zja6k,06v5a,ACTIVE
2025-26,17,sha0v3f8md8zja6k,03xmv,ACTIVE
2025-26,17,sha0v3f8md8zja6k,06226,ACTIVE
2025-26,17,sha0v3f8md8zja6k,06mkd,ACTIVE
2025-26,17,sha0v3f8md8zja6k,05uj4,ACTIVE
2025-26,17,sha0v3f8md8zja6k,04qsd,ACTIVE
2025-26,17,sha0v3f8md8zja6k,06mk6,ACTIVE
2025-26,17,sha0v3f8md8zja6k,04qrm,ACTIVE
2025-26,17,sha0v3f8md8zja6k,04qrp,ACTIVE
2025-26,17,sha0v3f8md8zja6k,04qro,ACTIVE
2025-26,17,sha0v3f8md8zja6k,05uie,ACTIVE
2025-26,17,sha0v3f8md8zja6k,04ewf,ACTIVE
2025-26,17,sha0v3f8md8zja6k,06v58,ACTIVE
2025-26,17,sha0v3f8md8zja6k,06cd4,ACTIVE
2025-26,17,sha0v3f8md8zja6k,05ujd,ACTIVE
2025-26,17,sha0v3f8md8zja6k,042nf,ACTIVE
2025-26,17,sha0v3f8md8zja6k,051on,ACTIVE
2025-26,17,8htzhjs2md8zja6l,06211,ACTIVE
2025-26,17,8htzhjs2md8zja6l,06mjv,ACTIVE
2025-26,17,8htzhjs2md8zja6l,06mjw,ACTIVE
2025-26,17,8htzhjs2md8zja6l,05uup,ACTIVE
2025-26,17,8htzhjs2md8zja6l,05qug,ACTIVE
2025-26,17,8htzhjs2md8zja6l,03al2,ACTIVE
2025-26,17,8htzhjs2md8zja6l,05qsq,ACTIVE
2025-26,17,8htzhjs2md8zja6l,0621k,ACTIVE
2025-26,17,8htzhjs2md8zja6l,03xmt,ACTIVE
2025-26,17,8htzhjs2md8zja6l,005kc,ACTIVE
2025-26,17,8htzhjs2md8zja6l,06mkg,ACTIVE
2025-26,17,8htzhjs2md8zja6l,04ewu,ACTIVE
2025-26,17,8htzhjs2md8zja6l,03al0,ACTIVE
2025-26,17,8htzhjs2md8zja6l,03lls,ACTIVE
2025-26,17,8htzhjs2md8zja6l,06ccf,ACTIVE
2025-26,17,8htzhjs2md8zja6l,04azw,ACTIVE
2025-26,17,8htzhjs2md8zja6l,02ym0,ACTIVE
2025-26,17,8htzhjs2md8zja6l,0011e,ACTIVE
2025-26,17,8htzhjs2md8zja6l,06cc1,ACTIVE
2025-26,17,8htzhjs2md8zja6l,06218,ACTIVE
2025-26,17,7kj0njiwmd8zja6g,001aw,ACTIVE
2025-26,17,7kj0njiwmd8zja6g,0621l,ACTIVE
2025-26,17,7kj0njiwmd8zja6g,04ewt,ACTIVE
2025-26,17,7kj0njiwmd8zja6g,06v5h,ACTIVE
2025-26,17,7kj0njiwmd8zja6g,02nf1,ACTIVE
2025-26,17,7kj0njiwmd8zja6g,03ad4,ACTIVE
2025-26,17,7kj0njiwmd8zja6g,0621e,ACTIVE
2025-26,17,7kj0njiwmd8zja6g,02ng3,ACTIVE
2025-26,17,7kj0njiwmd8zja6g,051oi,ACTIVE
2025-26,17,7kj0njiwmd8zja6g,04qrk,ACTIVE
2025-26,17,7kj0njiwmd8zja6g,06cca,ACTIVE
2025-26,17,7kj0njiwmd8zja6g,049kd,ACTIVE
2025-26,17,7kj0njiwmd8zja6g,05uj9,ACTIVE
2025-26,17,7kj0njiwmd8zja6g,0496e,ACTIVE
2025-26,17,7kj0njiwmd8zja6g,0623a,ACTIVE
2025-26,17,7kj0njiwmd8zja6g,05uif,ACTIVE
2025-26,17,7kj0njiwmd8zja6g,05uiw,ACTIVE
2025-26,17,7kj0njiwmd8zja6g,051os,ACTIVE
2025-26,17,7kj0njiwmd8zja6g,049ka,ACTIVE
2025-26,17,7kj0njiwmd8zja6g,06cby,ACTIVE
2025-26,17,nmbx4rkzmd8zja6m,06cac,ACTIVE
2025-26,17,nmbx4rkzmd8zja6m,05qto,ACTIVE
2025-26,17,nmbx4rkzmd8zja6m,06cc8,ACTIVE
2025-26,17,nmbx4rkzmd8zja6m,06mkj,ACTIVE
2025-26,17,nmbx4rkzmd8zja6m,06ca8,ACTIVE
2025-26,17,nmbx4rkzmd8zja6m,05uih,ACTIVE
2025-26,17,nmbx4rkzmd8zja6m,03ad3,ACTIVE
2025-26,17,nmbx4rkzmd8zja6m,06mln,ACTIVE
2025-26,17,nmbx4rkzmd8zja6m,051oh,ACTIVE
2025-26,17,nmbx4rkzmd8zja6m,05qtt,ACTIVE
2025-26,17,nmbx4rkzmd8zja6m,05uir,ACTIVE
2025-26,17,nmbx4rkzmd8zja6m,05uiz,ACTIVE
2025-26,17,nmbx4rkzmd8zja6m,05qu0,ACTIVE
2025-26,17,nmbx4rkzmd8zja6m,06cbz,ACTIVE
2025-26,17,nmbx4rkzmd8zja6m,06mk3,ACTIVE
2025-26,17,nmbx4rkzmd8zja6m,027oz,ACTIVE
2025-26,17,nmbx4rkzmd8zja6m,03r7z,ACTIVE
2025-26,17,nmbx4rkzmd8zja6m,03nwm,ACTIVE
2025-26,17,nmbx4rkzmd8zja6m,06mju,ACTIVE
2025-26,17,nmbx4rkzmd8zja6m,051ol,ACTIVE
2025-26,17,mp3txfdsmd8zja6i,06v57,ACTIVE
2025-26,17,mp3txfdsmd8zja6i,042n4,ACTIVE
2025-26,17,mp3txfdsmd8zja6i,051p9,ACTIVE
2025-26,17,mp3txfdsmd8zja6i,03ad2,ACTIVE
2025-26,17,mp3txfdsmd8zja6i,03e75,ACTIVE
2025-26,17,mp3txfdsmd8zja6i,042nm,ACTIVE
2025-26,17,mp3txfdsmd8zja6i,04ewk,ACTIVE
2025-26,17,mp3txfdsmd8zja6i,027pe,ACTIVE
2025-26,17,mp3txfdsmd8zja6i,06mll,ACTIVE
2025-26,17,mp3txfdsmd8zja6i,05uic,ACTIVE
2025-26,17,mp3txfdsmd8zja6i,06mkl,ACTIVE
2025-26,17,mp3txfdsmd8zja6i,03nwk,ACTIVE
2025-26,17,mp3txfdsmd8zja6i,04qs1,ACTIVE
2025-26,17,mp3txfdsmd8zja6i,051op,ACTIVE
2025-26,17,mp3txfdsmd8zja6i,05ujt,ACTIVE
2025-26,17,mp3txfdsmd8zja6i,051pb,ACTIVE
2025-26,17,mp3txfdsmd8zja6i,06mk7,ACTIVE
2025-26,17,mp3txfdsmd8zja6i,04qse,ACTIVE
2025-26,17,mp3txfdsmd8zja6i,049kc,ACTIVE
2025-26,17,mp3txfdsmd8zja6i,06v56,ACTIVE
2025-26,17,q86f43pcmd8zja6k,027oo,ACTIVE
2025-26,17,q86f43pcmd8zja6k,0015e,ACTIVE
2025-26,17,q86f43pcmd8zja6k,049kb,ACTIVE
2025-26,17,q86f43pcmd8zja6k,027p4,ACTIVE
2025-26,17,q86f43pcmd8zja6k,0527h,ACTIVE
2025-26,17,q86f43pcmd8zja6k,051p8,ACTIVE
2025-26,17,q86f43pcmd8zja6k,04qru,ACTIVE
2025-26,17,q86f43pcmd8zja6k,03wr4,ACTIVE
2025-26,17,q86f43pcmd8zja6k,027ou,ACTIVE
2025-26,17,q86f43pcmd8zja6k,031lx,ACTIVE
2025-26,17,q86f43pcmd8zja6k,027p0,ACTIVE
2025-26,17,q86f43pcmd8zja6k,06mle,ACTIVE
2025-26,17,q86f43pcmd8zja6k,04kj6,ACTIVE
2025-26,17,q86f43pcmd8zja6k,01eon,ACTIVE
2025-26,17,q86f43pcmd8zja6k,06213,ACTIVE
2025-26,17,q86f43pcmd8zja6k,03ajv,ACTIVE
2025-26,17,q86f43pcmd8zja6k,042n3,ACTIVE
2025-26,17,q86f43pcmd8zja6k,03ams,ACTIVE
2025-26,17,q86f43pcmd8zja6k,04qrl,ACTIVE
2025-26,17,q86f43pcmd8zja6k,05uij,ACTIVE
2025-26,17,nmlbr2ppmd8zja6n,05qtv,ACTIVE
2025-26,17,nmlbr2ppmd8zja6n,06mjt,ACTIVE
2025-26,17,nmlbr2ppmd8zja6n,06v5e,ACTIVE
2025-26,17,nmlbr2ppmd8zja6n,06v5g,ACTIVE
2025-26,17,nmlbr2ppmd8zja6n,0621c,ACTIVE
2025-26,17,nmlbr2ppmd8zja6n,01enh,ACTIVE
2025-26,17,nmlbr2ppmd8zja6n,05uug,ACTIVE
2025-26,17,nmlbr2ppmd8zja6n,05uj1,ACTIVE
2025-26,17,nmlbr2ppmd8zja6n,06mjz,ACTIVE
2025-26,17,nmlbr2ppmd8zja6n,06215,ACTIVE
2025-26,17,nmlbr2ppmd8zja6n,06cdn,ACTIVE
2025-26,17,nmlbr2ppmd8zja6n,05uid,ACTIVE
2025-26,17,nmlbr2ppmd8zja6n,05uib,ACTIVE
2025-26,17,nmlbr2ppmd8zja6n,0621b,ACTIVE
2025-26,17,nmlbr2ppmd8zja6n,0621g,ACTIVE
2025-26,17,nmlbr2ppmd8zja6n,05qt4,ACTIVE
2025-26,17,nmlbr2ppmd8zja6n,042nt,ACTIVE
2025-26,17,nmlbr2ppmd8zja6n,05qt3,ACTIVE
2025-26,17,nmlbr2ppmd8zja6n,06v5k,ACTIVE
2025-26,17,nmlbr2ppmd8zja6n,0621u,ACTIVE
2025-26,17,mm10q3fvmd8zja6j,06v80,ACTIVE
2025-26,17,mm10q3fvmd8zja6j,05uus,ACTIVE
2025-26,17,mm10q3fvmd8zja6j,05uiu,ACTIVE
2025-26,17,mm10q3fvmd8zja6j,031m4,ACTIVE
2025-26,17,mm10q3fvmd8zja6j,06mk1,ACTIVE
2025-26,17,mm10q3fvmd8zja6j,051pa,ACTIVE
2025-26,17,mm10q3fvmd8zja6j,04ewe,ACTIVE
2025-26,17,mm10q3fvmd8zja6j,051or,ACTIVE
2025-26,17,mm10q3fvmd8zja6j,06v5y,ACTIVE
2025-26,17,mm10q3fvmd8zja6j,06ca7,ACTIVE
2025-26,17,mm10q3fvmd8zja6j,06cch,ACTIVE
2025-26,17,mm10q3fvmd8zja6j,03nwn,ACTIVE
2025-26,17,mm10q3fvmd8zja6j,06216,ACTIVE
2025-26,17,mm10q3fvmd8zja6j,06210,ACTIVE
2025-26,17,mm10q3fvmd8zja6j,042n6,ACTIVE
2025-26,17,mm10q3fvmd8zja6j,05qu9,ACTIVE
2025-26,17,mm10q3fvmd8zja6j,06v5l,ACTIVE
2025-26,17,mm10q3fvmd8zja6j,0017e,ACTIVE
2025-26,17,mm10q3fvmd8zja6j,051ok,ACTIVE
2025-26,17,mm10q3fvmd8zja6j,04ex8,ACTIVE
2025-26,18,qxb6cn3omd8zja6h,031m2,ACTIVE
2025-26,18,qxb6cn3omd8zja6h,05qsx,ACTIVE
2025-26,18,qxb6cn3omd8zja6h,06212,ACTIVE
2025-26,18,qxb6cn3omd8zja6h,02xg9,ACTIVE
2025-26,18,qxb6cn3omd8zja6h,051oj,ACTIVE
2025-26,18,qxb6cn3omd8zja6h,05qtl,ACTIVE
2025-26,18,qxb6cn3omd8zja6h,051ot,ACTIVE
2025-26,18,qxb6cn3omd8zja6h,04ex6,ACTIVE
2025-26,18,qxb6cn3omd8zja6h,05qt1,ACTIVE
2025-26,18,qxb6cn3omd8zja6h,051pi,ACTIVE
2025-26,18,qxb6cn3omd8zja6h,04ewr,ACTIVE
2025-26,18,qxb6cn3omd8zja6h,05ujc,ACTIVE
2025-26,18,qxb6cn3omd8zja6h,04qsa,ACTIVE
2025-26,18,qxb6cn3omd8zja6h,06214,ACTIVE
2025-26,18,qxb6cn3omd8zja6h,05qtr,ACTIVE
2025-26,18,qxb6cn3omd8zja6h,05ujq,ACTIVE
2025-26,18,qxb6cn3omd8zja6h,04qrj,ACTIVE
2025-26,18,qxb6cn3omd8zja6h,03aq2,ACTIVE
2025-26,18,qxb6cn3omd8zja6h,06mk8,ACTIVE
2025-26,18,qxb6cn3omd8zja6h,04qrr,ACTIVE
2025-26,18,mjm1574cmd8zja6n,05uiq,ACTIVE
2025-26,18,mjm1574cmd8zja6n,04ewn,ACTIVE
2025-26,18,mjm1574cmd8zja6n,05uig,ACTIVE
2025-26,18,mjm1574cmd8zja6n,05qtj,ACTIVE
2025-26,18,mjm1574cmd8zja6n,01uyj,ACTIVE
2025-26,18,mjm1574cmd8zja6n,042n1,ACTIVE
2025-26,18,mjm1574cmd8zja6n,05uii,ACTIVE
2025-26,18,mjm1574cmd8zja6n,02nfz,ACTIVE
2025-26,18,mjm1574cmd8zja6n,06cc7,ACTIVE
2025-26,18,mjm1574cmd8zja6n,01eo6,ACTIVE
2025-26,18,mjm1574cmd8zja6n,027oj,ACTIVE
2025-26,18,mjm1574cmd8zja6n,03el5,ACTIVE
2025-26,18,mjm1574cmd8zja6n,06217,ACTIVE
2025-26,18,mjm1574cmd8zja6n,06v5n,ACTIVE
2025-26,18,mjm1574cmd8zja6n,0621q,ACTIVE
2025-26,18,mjm1574cmd8zja6n,000zv,ACTIVE
2025-26,18,mjm1574cmd8zja6n,01eo9,ACTIVE
2025-26,18,mjm1574cmd8zja6n,02nf3,ACTIVE
2025-26,18,mjm1574cmd8zja6n,042n7,ACTIVE
2025-26,18,mjm1574cmd8zja6n,042nq,ACTIVE
2025-26,18,sha0v3f8md8zja6k,06v5r,ACTIVE
2025-26,18,sha0v3f8md8zja6k,04qrn,ACTIVE
2025-26,18,sha0v3f8md8zja6k,04ewm,ACTIVE
2025-26,18,sha0v3f8md8zja6k,06v5a,ACTIVE
2025-26,18,sha0v3f8md8zja6k,03xmv,ACTIVE
2025-26,18,sha0v3f8md8zja6k,06226,ACTIVE
2025-26,18,sha0v3f8md8zja6k,06mkd,ACTIVE
2025-26,18,sha0v3f8md8zja6k,05uj4,ACTIVE
2025-26,18,sha0v3f8md8zja6k,04qsd,ACTIVE
2025-26,18,sha0v3f8md8zja6k,06mk6,ACTIVE
2025-26,18,sha0v3f8md8zja6k,04qrm,ACTIVE
2025-26,18,sha0v3f8md8zja6k,04qrp,ACTIVE
2025-26,18,sha0v3f8md8zja6k,04qro,ACTIVE
2025-26,18,sha0v3f8md8zja6k,05uie,ACTIVE
2025-26,18,sha0v3f8md8zja6k,04ewf,ACTIVE
2025-26,18,sha0v3f8md8zja6k,06v58,ACTIVE
2025-26,18,sha0v3f8md8zja6k,06cd4,ACTIVE
2025-26,18,sha0v3f8md8zja6k,05ujd,ACTIVE
2025-26,18,sha0v3f8md8zja6k,042nf,ACTIVE
2025-26,18,sha0v3f8md8zja6k,051on,ACTIVE
2025-26,18,8htzhjs2md8zja6l,06211,ACTIVE
2025-26,18,8htzhjs2md8zja6l,06mjv,ACTIVE
2025-26,18,8htzhjs2md8zja6l,06mjw,ACTIVE
2025-26,18,8htzhjs2md8zja6l,05uup,ACTIVE
2025-26,18,8htzhjs2md8zja6l,05qug,ACTIVE
2025-26,18,8htzhjs2md8zja6l,03al2,ACTIVE
2025-26,18,8htzhjs2md8zja6l,05qsq,ACTIVE
2025-26,18,8htzhjs2md8zja6l,0621k,ACTIVE
2025-26,18,8htzhjs2md8zja6l,03xmt,ACTIVE
2025-26,18,8htzhjs2md8zja6l,005kc,ACTIVE
2025-26,18,8htzhjs2md8zja6l,06mkg,ACTIVE
2025-26,18,8htzhjs2md8zja6l,04ewu,ACTIVE
2025-26,18,8htzhjs2md8zja6l,03al0,ACTIVE
2025-26,18,8htzhjs2md8zja6l,03lls,ACTIVE
2025-26,18,8htzhjs2md8zja6l,06ccf,ACTIVE
2025-26,18,8htzhjs2md8zja6l,04azw,ACTIVE
2025-26,18,8htzhjs2md8zja6l,02ym0,ACTIVE
2025-26,18,8htzhjs2md8zja6l,0011e,ACTIVE
2025-26,18,8htzhjs2md8zja6l,06cc1,ACTIVE
2025-26,18,8htzhjs2md8zja6l,06218,ACTIVE
2025-26,18,7kj0njiwmd8zja6g,001aw,ACTIVE
2025-26,18,7kj0njiwmd8zja6g,0621l,ACTIVE
2025-26,18,7kj0njiwmd8zja6g,04ewt,ACTIVE
2025-26,18,7kj0njiwmd8zja6g,06v5h,ACTIVE
2025-26,18,7kj0njiwmd8zja6g,02nf1,ACTIVE
2025-26,18,7kj0njiwmd8zja6g,03ad4,ACTIVE
2025-26,18,7kj0njiwmd8zja6g,0621e,ACTIVE
2025-26,18,7kj0njiwmd8zja6g,02ng3,ACTIVE
2025-26,18,7kj0njiwmd8zja6g,051oi,ACTIVE
2025-26,18,7kj0njiwmd8zja6g,04qrk,ACTIVE
2025-26,18,7kj0njiwmd8zja6g,06cca,ACTIVE
2025-26,18,7kj0njiwmd8zja6g,049kd,ACTIVE
2025-26,18,7kj0njiwmd8zja6g,05uj9,ACTIVE
2025-26,18,7kj0njiwmd8zja6g,0496e,ACTIVE
2025-26,18,7kj0njiwmd8zja6g,0623a,ACTIVE
2025-26,18,7kj0njiwmd8zja6g,05uif,ACTIVE
2025-26,18,7kj0njiwmd8zja6g,05uiw,ACTIVE
2025-26,18,7kj0njiwmd8zja6g,051os,ACTIVE
2025-26,18,7kj0njiwmd8zja6g,049ka,ACTIVE
2025-26,18,7kj0njiwmd8zja6g,06cby,ACTIVE
2025-26,18,nmbx4rkzmd8zja6m,06cac,ACTIVE
2025-26,18,nmbx4rkzmd8zja6m,05qto,ACTIVE
2025-26,18,nmbx4rkzmd8zja6m,06cc8,ACTIVE
2025-26,18,nmbx4rkzmd8zja6m,06mkj,ACTIVE
2025-26,18,nmbx4rkzmd8zja6m,06ca8,ACTIVE
2025-26,18,nmbx4rkzmd8zja6m,05uih,ACTIVE
2025-26,18,nmbx4rkzmd8zja6m,03ad3,ACTIVE
2025-26,18,nmbx4rkzmd8zja6m,06mln,ACTIVE
2025-26,18,nmbx4rkzmd8zja6m,051oh,ACTIVE
2025-26,18,nmbx4rkzmd8zja6m,05qtt,ACTIVE
2025-26,18,nmbx4rkzmd8zja6m,05uir,ACTIVE
2025-26,18,nmbx4rkzmd8zja6m,05uiz,ACTIVE
2025-26,18,nmbx4rkzmd8zja6m,05qu0,ACTIVE
2025-26,18,nmbx4rkzmd8zja6m,06cbz,ACTIVE
2025-26,18,nmbx4rkzmd8zja6m,06mk3,ACTIVE
2025-26,18,nmbx4rkzmd8zja6m,027oz,ACTIVE
2025-26,18,nmbx4rkzmd8zja6m,03r7z,ACTIVE
2025-26,18,nmbx4rkzmd8zja6m,03nwm,ACTIVE
2025-26,18,nmbx4rkzmd8zja6m,06mju,ACTIVE
2025-26,18,nmbx4rkzmd8zja6m,051ol,ACTIVE
2025-26,18,mp3txfdsmd8zja6i,06v57,ACTIVE
2025-26,18,mp3txfdsmd8zja6i,042n4,ACTIVE
2025-26,18,mp3txfdsmd8zja6i,051p9,ACTIVE
2025-26,18,mp3txfdsmd8zja6i,03ad2,ACTIVE
2025-26,18,mp3txfdsmd8zja6i,03e75,ACTIVE
2025-26,18,mp3txfdsmd8zja6i,042nm,ACTIVE
2025-26,18,mp3txfdsmd8zja6i,04ewk,ACTIVE
2025-26,18,mp3txfdsmd8zja6i,027pe,ACTIVE
2025-26,18,mp3txfdsmd8zja6i,06mll,ACTIVE
2025-26,18,mp3txfdsmd8zja6i,05uic,ACTIVE
2025-26,18,mp3txfdsmd8zja6i,06mkl,ACTIVE
2025-26,18,mp3txfdsmd8zja6i,03nwk,ACTIVE
2025-26,18,mp3txfdsmd8zja6i,04qs1,ACTIVE
2025-26,18,mp3txfdsmd8zja6i,051op,ACTIVE
2025-26,18,mp3txfdsmd8zja6i,05ujt,ACTIVE
2025-26,18,mp3txfdsmd8zja6i,051pb,ACTIVE
2025-26,18,mp3txfdsmd8zja6i,06mk7,ACTIVE
2025-26,18,mp3txfdsmd8zja6i,04qse,ACTIVE
2025-26,18,mp3txfdsmd8zja6i,049kc,ACTIVE
2025-26,18,mp3txfdsmd8zja6i,06v56,ACTIVE
2025-26,18,q86f43pcmd8zja6k,027oo,ACTIVE
2025-26,18,q86f43pcmd8zja6k,0015e,ACTIVE
2025-26,18,q86f43pcmd8zja6k,049kb,ACTIVE
2025-26,18,q86f43pcmd8zja6k,027p4,ACTIVE
2025-26,18,q86f43pcmd8zja6k,0527h,ACTIVE
2025-26,18,q86f43pcmd8zja6k,051p8,ACTIVE
2025-26,18,q86f43pcmd8zja6k,04qru,ACTIVE
2025-26,18,q86f43pcmd8zja6k,03wr4,ACTIVE
2025-26,18,q86f43pcmd8zja6k,027ou,ACTIVE
2025-26,18,q86f43pcmd8zja6k,031lx,ACTIVE
2025-26,18,q86f43pcmd8zja6k,027p0,ACTIVE
2025-26,18,q86f43pcmd8zja6k,06mle,ACTIVE
2025-26,18,q86f43pcmd8zja6k,04kj6,ACTIVE
2025-26,18,q86f43pcmd8zja6k,01eon,ACTIVE
2025-26,18,q86f43pcmd8zja6k,06213,ACTIVE
2025-26,18,q86f43pcmd8zja6k,03ajv,ACTIVE
2025-26,18,q86f43pcmd8zja6k,042n3,ACTIVE
2025-26,18,q86f43pcmd8zja6k,03ams,ACTIVE
2025-26,18,q86f43pcmd8zja6k,04qrl,ACTIVE
2025-26,18,q86f43pcmd8zja6k,05uij,ACTIVE
2025-26,18,nmlbr2ppmd8zja6n,05qtv,ACTIVE
2025-26,18,nmlbr2ppmd8zja6n,06mjt,ACTIVE
2025-26,18,nmlbr2ppmd8zja6n,06v5e,ACTIVE
2025-26,18,nmlbr2ppmd8zja6n,06v5g,ACTIVE
2025-26,18,nmlbr2ppmd8zja6n,0621c,ACTIVE
2025-26,18,nmlbr2ppmd8zja6n,01enh,ACTIVE
2025-26,18,nmlbr2ppmd8zja6n,05uug,ACTIVE
2025-26,18,nmlbr2ppmd8zja6n,05uj1,ACTIVE
2025-26,18,nmlbr2ppmd8zja6n,06mjz,ACTIVE
2025-26,18,nmlbr2ppmd8zja6n,06215,ACTIVE
2025-26,18,nmlbr2ppmd8zja6n,06cdn,ACTIVE
2025-26,18,nmlbr2ppmd8zja6n,05uid,ACTIVE
2025-26,18,nmlbr2ppmd8zja6n,05uib,ACTIVE
2025-26,18,nmlbr2ppmd8zja6n,0621b,ACTIVE
2025-26,18,nmlbr2ppmd8zja6n,0621g,ACTIVE
2025-26,18,nmlbr2ppmd8zja6n,05qt4,ACTIVE
2025-26,18,nmlbr2ppmd8zja6n,042nt,ACTIVE
2025-26,18,nmlbr2ppmd8zja6n,05qt3,ACTIVE
2025-26,18,nmlbr2ppmd8zja6n,06v5k,ACTIVE
2025-26,18,nmlbr2ppmd8zja6n,0621u,ACTIVE
2025-26,18,mm10q3fvmd8zja6j,06v80,ACTIVE
2025-26,18,mm10q3fvmd8zja6j,05uus,ACTIVE
2025-26,18,mm10q3fvmd8zja6j,05uiu,ACTIVE
2025-26,18,mm10q3fvmd8zja6j,031m4,ACTIVE
2025-26,18,mm10q3fvmd8zja6j,06mk1,ACTIVE
2025-26,18,mm10q3fvmd8zja6j,051pa,ACTIVE
2025-26,18,mm10q3fvmd8zja6j,04ewe,ACTIVE
2025-26,18,mm10q3fvmd8zja6j,051or,ACTIVE
2025-26,18,mm10q3fvmd8zja6j,06v5y,ACTIVE
2025-26,18,mm10q3fvmd8zja6j,06ca7,ACTIVE
2025-26,18,mm10q3fvmd8zja6j,06cch,ACTIVE
2025-26,18,mm10q3fvmd8zja6j,03nwn,ACTIVE
2025-26,18,mm10q3fvmd8zja6j,06216,ACTIVE
2025-26,18,mm10q3fvmd8zja6j,06210,ACTIVE
2025-26,18,mm10q3fvmd8zja6j,042n6,ACTIVE
2025-26,18,mm10q3fvmd8zja6j,05qu9,ACTIVE
2025-26,18,mm10q3fvmd8zja6j,06v5l,ACTIVE
2025-26,18,mm10q3fvmd8zja6j,0017e,ACTIVE
2025-26,18,mm10q3fvmd8zja6j,051ok,ACTIVE
2025-26,18,mm10q3fvmd8zja6j,04ex8,ACTIVE
2025-26,19,qxb6cn3omd8zja6h,031m2,ACTIVE
2025-26,19,qxb6cn3omd8zja6h,05qsx,ACTIVE
2025-26,19,qxb6cn3omd8zja6h,06212,ACTIVE
2025-26,19,qxb6cn3omd8zja6h,02xg9,ACTIVE
2025-26,19,qxb6cn3omd8zja6h,051oj,ACTIVE
2025-26,19,qxb6cn3omd8zja6h,05qtl,ACTIVE
2025-26,19,qxb6cn3omd8zja6h,051ot,ACTIVE
2025-26,19,qxb6cn3omd8zja6h,04ex6,ACTIVE
2025-26,19,qxb6cn3omd8zja6h,05qt1,ACTIVE
2025-26,19,qxb6cn3omd8zja6h,051pi,ACTIVE
2025-26,19,qxb6cn3omd8zja6h,04ewr,ACTIVE
2025-26,19,qxb6cn3omd8zja6h,05ujc,ACTIVE
2025-26,19,qxb6cn3omd8zja6h,04qsa,ACTIVE
2025-26,19,qxb6cn3omd8zja6h,06214,ACTIVE
2025-26,19,qxb6cn3omd8zja6h,05qtr,ACTIVE
2025-26,19,qxb6cn3omd8zja6h,05ujq,ACTIVE
2025-26,19,qxb6cn3omd8zja6h,04qrj,ACTIVE
2025-26,19,qxb6cn3omd8zja6h,03aq2,ACTIVE
2025-26,19,qxb6cn3omd8zja6h,06mk8,ACTIVE
2025-26,19,qxb6cn3omd8zja6h,04qrr,ACTIVE
2025-26,19,mjm1574cmd8zja6n,05uiq,ACTIVE
2025-26,19,mjm1574cmd8zja6n,04ewn,ACTIVE
2025-26,19,mjm1574cmd8zja6n,05uig,ACTIVE
2025-26,19,mjm1574cmd8zja6n,05qtj,ACTIVE
2025-26,19,mjm1574cmd8zja6n,01uyj,ACTIVE
2025-26,19,mjm1574cmd8zja6n,042n1,ACTIVE
2025-26,19,mjm1574cmd8zja6n,05uii,ACTIVE
2025-26,19,mjm1574cmd8zja6n,02nfz,ACTIVE
2025-26,19,mjm1574cmd8zja6n,06cc7,ACTIVE
2025-26,19,mjm1574cmd8zja6n,01eo6,ACTIVE
2025-26,19,mjm1574cmd8zja6n,027oj,ACTIVE
2025-26,19,mjm1574cmd8zja6n,03el5,ACTIVE
2025-26,19,mjm1574cmd8zja6n,06217,ACTIVE
2025-26,19,mjm1574cmd8zja6n,06v5n,ACTIVE
2025-26,19,mjm1574cmd8zja6n,0621q,ACTIVE
2025-26,19,mjm1574cmd8zja6n,000zv,ACTIVE
2025-26,19,mjm1574cmd8zja6n,01eo9,ACTIVE
2025-26,19,mjm1574cmd8zja6n,02nf3,ACTIVE
2025-26,19,mjm1574cmd8zja6n,042n7,ACTIVE
2025-26,19,mjm1574cmd8zja6n,042nq,ACTIVE
2025-26,19,sha0v3f8md8zja6k,06v5r,ACTIVE
2025-26,19,sha0v3f8md8zja6k,04qrn,ACTIVE
2025-26,19,sha0v3f8md8zja6k,04ewm,ACTIVE
2025-26,19,sha0v3f8md8zja6k,06v5a,ACTIVE
2025-26,19,sha0v3f8md8zja6k,03xmv,ACTIVE
2025-26,19,sha0v3f8md8zja6k,06226,ACTIVE
2025-26,19,sha0v3f8md8zja6k,06mkd,ACTIVE
2025-26,19,sha0v3f8md8zja6k,05uj4,ACTIVE
2025-26,19,sha0v3f8md8zja6k,04qsd,ACTIVE
2025-26,19,sha0v3f8md8zja6k,06mk6,ACTIVE
2025-26,19,sha0v3f8md8zja6k,04qrm,ACTIVE
2025-26,19,sha0v3f8md8zja6k,04qrp,ACTIVE
2025-26,19,sha0v3f8md8zja6k,04qro,ACTIVE
2025-26,19,sha0v3f8md8zja6k,05uie,ACTIVE
2025-26,19,sha0v3f8md8zja6k,04ewf,ACTIVE
2025-26,19,sha0v3f8md8zja6k,06v58,ACTIVE
2025-26,19,sha0v3f8md8zja6k,06cd4,ACTIVE
2025-26,19,sha0v3f8md8zja6k,05ujd,ACTIVE
2025-26,19,sha0v3f8md8zja6k,042nf,ACTIVE
2025-26,19,sha0v3f8md8zja6k,051on,ACTIVE
2025-26,19,8htzhjs2md8zja6l,06211,ACTIVE
2025-26,19,8htzhjs2md8zja6l,06mjv,ACTIVE
2025-26,19,8htzhjs2md8zja6l,06mjw,ACTIVE
2025-26,19,8htzhjs2md8zja6l,05uup,ACTIVE
2025-26,19,8htzhjs2md8zja6l,05qug,ACTIVE
2025-26,19,8htzhjs2md8zja6l,03al2,ACTIVE
2025-26,19,8htzhjs2md8zja6l,05qsq,ACTIVE
2025-26,19,8htzhjs2md8zja6l,0621k,ACTIVE
2025-26,19,8htzhjs2md8zja6l,03xmt,ACTIVE
2025-26,19,8htzhjs2md8zja6l,005kc,ACTIVE
2025-26,19,8htzhjs2md8zja6l,06mkg,ACTIVE
2025-26,19,8htzhjs2md8zja6l,04ewu,ACTIVE
2025-26,19,8htzhjs2md8zja6l,03al0,ACTIVE
2025-26,19,8htzhjs2md8zja6l,03lls,ACTIVE
2025-26,19,8htzhjs2md8zja6l,06ccf,ACTIVE
2025-26,19,8htzhjs2md8zja6l,04azw,ACTIVE
2025-26,19,8htzhjs2md8zja6l,02ym0,ACTIVE
2025-26,19,8htzhjs2md8zja6l,0011e,ACTIVE
2025-26,19,8htzhjs2md8zja6l,06cc1,ACTIVE
2025-26,19,8htzhjs2md8zja6l,06218,ACTIVE
2025-26,19,7kj0njiwmd8zja6g,001aw,ACTIVE
2025-26,19,7kj0njiwmd8zja6g,0621l,ACTIVE
2025-26,19,7kj0njiwmd8zja6g,04ewt,ACTIVE
2025-26,19,7kj0njiwmd8zja6g,06v5h,ACTIVE
2025-26,19,7kj0njiwmd8zja6g,02nf1,ACTIVE
2025-26,19,7kj0njiwmd8zja6g,03ad4,ACTIVE
2025-26,19,7kj0njiwmd8zja6g,0621e,ACTIVE
2025-26,19,7kj0njiwmd8zja6g,02ng3,ACTIVE
2025-26,19,7kj0njiwmd8zja6g,051oi,ACTIVE
2025-26,19,7kj0njiwmd8zja6g,04qrk,ACTIVE
2025-26,19,7kj0njiwmd8zja6g,06cca,ACTIVE
2025-26,19,7kj0njiwmd8zja6g,049kd,ACTIVE
2025-26,19,7kj0njiwmd8zja6g,05uj9,ACTIVE
2025-26,19,7kj0njiwmd8zja6g,0496e,ACTIVE
2025-26,19,7kj0njiwmd8zja6g,0623a,ACTIVE
2025-26,19,7kj0njiwmd8zja6g,05uif,ACTIVE
2025-26,19,7kj0njiwmd8zja6g,05uiw,ACTIVE
2025-26,19,7kj0njiwmd8zja6g,051os,ACTIVE
2025-26,19,7kj0njiwmd8zja6g,049ka,ACTIVE
2025-26,19,7kj0njiwmd8zja6g,06cby,ACTIVE
2025-26,19,nmbx4rkzmd8zja6m,06cac,ACTIVE
2025-26,19,nmbx4rkzmd8zja6m,05qto,ACTIVE
2025-26,19,nmbx4rkzmd8zja6m,06cc8,ACTIVE
2025-26,19,nmbx4rkzmd8zja6m,06mkj,ACTIVE
2025-26,19,nmbx4rkzmd8zja6m,06ca8,ACTIVE
2025-26,19,nmbx4rkzmd8zja6m,05uih,ACTIVE
2025-26,19,nmbx4rkzmd8zja6m,03ad3,ACTIVE
2025-26,19,nmbx4rkzmd8zja6m,06mln,ACTIVE
2025-26,19,nmbx4rkzmd8zja6m,051oh,ACTIVE
2025-26,19,nmbx4rkzmd8zja6m,05qtt,ACTIVE
2025-26,19,nmbx4rkzmd8zja6m,05uir,ACTIVE
2025-26,19,nmbx4rkzmd8zja6m,05uiz,ACTIVE
2025-26,19,nmbx4rkzmd8zja6m,05qu0,ACTIVE
2025-26,19,nmbx4rkzmd8zja6m,06cbz,ACTIVE
2025-26,19,nmbx4rkzmd8zja6m,06mk3,ACTIVE
2025-26,19,nmbx4rkzmd8zja6m,027oz,ACTIVE
2025-26,19,nmbx4rkzmd8zja6m,03r7z,ACTIVE
2025-26,19,nmbx4rkzmd8zja6m,03nwm,ACTIVE
2025-26,19,nmbx4rkzmd8zja6m,06mju,ACTIVE
2025-26,19,nmbx4rkzmd8zja6m,051ol,ACTIVE
2025-26,19,mp3txfdsmd8zja6i,06v57,ACTIVE
2025-26,19,mp3txfdsmd8zja6i,042n4,ACTIVE
2025-26,19,mp3txfdsmd8zja6i,051p9,ACTIVE
2025-26,19,mp3txfdsmd8zja6i,03ad2,ACTIVE
2025-26,19,mp3txfdsmd8zja6i,03e75,ACTIVE
2025-26,19,mp3txfdsmd8zja6i,042nm,ACTIVE
2025-26,19,mp3txfdsmd8zja6i,04ewk,ACTIVE
2025-26,19,mp3txfdsmd8zja6i,027pe,ACTIVE
2025-26,19,mp3txfdsmd8zja6i,06mll,ACTIVE
2025-26,19,mp3txfdsmd8zja6i,05uic,ACTIVE
2025-26,19,mp3txfdsmd8zja6i,06mkl,ACTIVE
2025-26,19,mp3txfdsmd8zja6i,03nwk,ACTIVE
2025-26,19,mp3txfdsmd8zja6i,04qs1,ACTIVE
2025-26,19,mp3txfdsmd8zja6i,051op,ACTIVE
2025-26,19,mp3txfdsmd8zja6i,05ujt,ACTIVE
2025-26,19,mp3txfdsmd8zja6i,051pb,ACTIVE
2025-26,19,mp3txfdsmd8zja6i,06mk7,ACTIVE
2025-26,19,mp3txfdsmd8zja6i,04qse,ACTIVE
2025-26,19,mp3txfdsmd8zja6i,049kc,ACTIVE
2025-26,19,mp3txfdsmd8zja6i,06v56,ACTIVE
2025-26,19,q86f43pcmd8zja6k,027oo,ACTIVE
2025-26,19,q86f43pcmd8zja6k,0015e,ACTIVE
2025-26,19,q86f43pcmd8zja6k,049kb,ACTIVE
2025-26,19,q86f43pcmd8zja6k,027p4,ACTIVE
2025-26,19,q86f43pcmd8zja6k,0527h,ACTIVE
2025-26,19,q86f43pcmd8zja6k,051p8,ACTIVE
2025-26,19,q86f43pcmd8zja6k,04qru,ACTIVE
2025-26,19,q86f43pcmd8zja6k,03wr4,ACTIVE
2025-26,19,q86f43pcmd8zja6k,027ou,ACTIVE
2025-26,19,q86f43pcmd8zja6k,031lx,ACTIVE
2025-26,19,q86f43pcmd8zja6k,027p0,ACTIVE
2025-26,19,q86f43pcmd8zja6k,06mle,ACTIVE
2025-26,19,q86f43pcmd8zja6k,04kj6,ACTIVE
2025-26,19,q86f43pcmd8zja6k,01eon,ACTIVE
2025-26,19,q86f43pcmd8zja6k,06213,ACTIVE
2025-26,19,q86f43pcmd8zja6k,03ajv,ACTIVE
2025-26,19,q86f43pcmd8zja6k,042n3,ACTIVE
2025-26,19,q86f43pcmd8zja6k,03ams,ACTIVE
2025-26,19,q86f43pcmd8zja6k,04qrl,ACTIVE
2025-26,19,q86f43pcmd8zja6k,05uij,ACTIVE
2025-26,19,nmlbr2ppmd8zja6n,05qtv,ACTIVE
2025-26,19,nmlbr2ppmd8zja6n,06mjt,ACTIVE
2025-26,19,nmlbr2ppmd8zja6n,06v5e,ACTIVE
2025-26,19,nmlbr2ppmd8zja6n,06v5g,ACTIVE
2025-26,19,nmlbr2ppmd8zja6n,0621c,ACTIVE
2025-26,19,nmlbr2ppmd8zja6n,01enh,ACTIVE
2025-26,19,nmlbr2ppmd8zja6n,05uug,ACTIVE
2025-26,19,nmlbr2ppmd8zja6n,05uj1,ACTIVE
2025-26,19,nmlbr2ppmd8zja6n,06mjz,ACTIVE
2025-26,19,nmlbr2ppmd8zja6n,06215,ACTIVE
2025-26,19,nmlbr2ppmd8zja6n,06cdn,ACTIVE
2025-26,19,nmlbr2ppmd8zja6n,05uid,ACTIVE
2025-26,19,nmlbr2ppmd8zja6n,05uib,ACTIVE
2025-26,19,nmlbr2ppmd8zja6n,0621b,ACTIVE
2025-26,19,nmlbr2ppmd8zja6n,0621g,ACTIVE
2025-26,19,nmlbr2ppmd8zja6n,05qt4,ACTIVE
2025-26,19,nmlbr2ppmd8zja6n,042nt,ACTIVE
2025-26,19,nmlbr2ppmd8zja6n,05qt3,ACTIVE
2025-26,19,nmlbr2ppmd8zja6n,06v5k,ACTIVE
2025-26,19,nmlbr2ppmd8zja6n,0621u,ACTIVE
2025-26,19,mm10q3fvmd8zja6j,06v80,ACTIVE
2025-26,19,mm10q3fvmd8zja6j,05uus,ACTIVE
2025-26,19,mm10q3fvmd8zja6j,05uiu,ACTIVE
2025-26,19,mm10q3fvmd8zja6j,031m4,ACTIVE
2025-26,19,mm10q3fvmd8zja6j,06mk1,ACTIVE
2025-26,19,mm10q3fvmd8zja6j,051pa,ACTIVE
2025-26,19,mm10q3fvmd8zja6j,04ewe,ACTIVE
2025-26,19,mm10q3fvmd8zja6j,051or,ACTIVE
2025-26,19,mm10q3fvmd8zja6j,06v5y,ACTIVE
2025-26,19,mm10q3fvmd8zja6j,06ca7,ACTIVE
2025-26,19,mm10q3fvmd8zja6j,06cch,ACTIVE
2025-26,19,mm10q3fvmd8zja6j,03nwn,ACTIVE
2025-26,19,mm10q3fvmd8zja6j,06216,ACTIVE
2025-26,19,mm10q3fvmd8zja6j,06210,ACTIVE
2025-26,19,mm10q3fvmd8zja6j,042n6,ACTIVE
2025-26,19,mm10q3fvmd8zja6j,05qu9,ACTIVE
2025-26,19,mm10q3fvmd8zja6j,06v5l,ACTIVE
2025-26,19,mm10q3fvmd8zja6j,0017e,ACTIVE
2025-26,19,mm10q3fvmd8zja6j,051ok,ACTIVE
2025-26,19,mm10q3fvmd8zja6j,04ex8,ACTIVE
2025-26,20,qxb6cn3omd8zja6h,031m2,ACTIVE
2025-26,20,qxb6cn3omd8zja6h,05qsx,ACTIVE
2025-26,20,qxb6cn3omd8zja6h,06212,ACTIVE
2025-26,20,qxb6cn3omd8zja6h,02xg9,ACTIVE
2025-26,20,qxb6cn3omd8zja6h,051oj,ACTIVE
2025-26,20,qxb6cn3omd8zja6h,05qtl,ACTIVE
2025-26,20,qxb6cn3omd8zja6h,051ot,ACTIVE
2025-26,20,qxb6cn3omd8zja6h,04ex6,ACTIVE
2025-26,20,qxb6cn3omd8zja6h,05qt1,ACTIVE
2025-26,20,qxb6cn3omd8zja6h,051pi,ACTIVE
2025-26,20,qxb6cn3omd8zja6h,04ewr,ACTIVE
2025-26,20,qxb6cn3omd8zja6h,05ujc,ACTIVE
2025-26,20,qxb6cn3omd8zja6h,04qsa,ACTIVE
2025-26,20,qxb6cn3omd8zja6h,06214,ACTIVE
2025-26,20,qxb6cn3omd8zja6h,05qtr,ACTIVE
2025-26,20,qxb6cn3omd8zja6h,05ujq,ACTIVE
2025-26,20,qxb6cn3omd8zja6h,04qrj,ACTIVE
2025-26,20,qxb6cn3omd8zja6h,03aq2,ACTIVE
2025-26,20,qxb6cn3omd8zja6h,06mk8,ACTIVE
2025-26,20,qxb6cn3omd8zja6h,04qrr,ACTIVE
2025-26,20,mjm1574cmd8zja6n,05uiq,ACTIVE
2025-26,20,mjm1574cmd8zja6n,04ewn,ACTIVE
2025-26,20,mjm1574cmd8zja6n,05uig,ACTIVE
2025-26,20,mjm1574cmd8zja6n,05qtj,ACTIVE
2025-26,20,mjm1574cmd8zja6n,01uyj,ACTIVE
2025-26,20,mjm1574cmd8zja6n,042n1,ACTIVE
2025-26,20,mjm1574cmd8zja6n,05uii,ACTIVE
2025-26,20,mjm1574cmd8zja6n,02nfz,ACTIVE
2025-26,20,mjm1574cmd8zja6n,06cc7,ACTIVE
2025-26,20,mjm1574cmd8zja6n,01eo6,ACTIVE
2025-26,20,mjm1574cmd8zja6n,027oj,ACTIVE
2025-26,20,mjm1574cmd8zja6n,03el5,ACTIVE
2025-26,20,mjm1574cmd8zja6n,06217,ACTIVE
2025-26,20,mjm1574cmd8zja6n,06v5n,ACTIVE
2025-26,20,mjm1574cmd8zja6n,0621q,ACTIVE
2025-26,20,mjm1574cmd8zja6n,000zv,ACTIVE
2025-26,20,mjm1574cmd8zja6n,01eo9,ACTIVE
2025-26,20,mjm1574cmd8zja6n,02nf3,ACTIVE
2025-26,20,mjm1574cmd8zja6n,042n7,ACTIVE
2025-26,20,mjm1574cmd8zja6n,042nq,ACTIVE
2025-26,20,sha0v3f8md8zja6k,06v5r,ACTIVE
2025-26,20,sha0v3f8md8zja6k,04qrn,ACTIVE
2025-26,20,sha0v3f8md8zja6k,04ewm,ACTIVE
2025-26,20,sha0v3f8md8zja6k,06v5a,ACTIVE
2025-26,20,sha0v3f8md8zja6k,03xmv,ACTIVE
2025-26,20,sha0v3f8md8zja6k,06226,ACTIVE
2025-26,20,sha0v3f8md8zja6k,06mkd,ACTIVE
2025-26,20,sha0v3f8md8zja6k,05uj4,ACTIVE
2025-26,20,sha0v3f8md8zja6k,04qsd,ACTIVE
2025-26,20,sha0v3f8md8zja6k,06mk6,ACTIVE
2025-26,20,sha0v3f8md8zja6k,04qrm,ACTIVE
2025-26,20,sha0v3f8md8zja6k,04qrp,ACTIVE
2025-26,20,sha0v3f8md8zja6k,04qro,ACTIVE
2025-26,20,sha0v3f8md8zja6k,05uie,ACTIVE
2025-26,20,sha0v3f8md8zja6k,04ewf,ACTIVE
2025-26,20,sha0v3f8md8zja6k,06v58,ACTIVE
2025-26,20,sha0v3f8md8zja6k,06cd4,ACTIVE
2025-26,20,sha0v3f8md8zja6k,05ujd,ACTIVE
2025-26,20,sha0v3f8md8zja6k,042nf,ACTIVE
2025-26,20,sha0v3f8md8zja6k,051on,ACTIVE
2025-26,20,8htzhjs2md8zja6l,06211,ACTIVE
2025-26,20,8htzhjs2md8zja6l,06mjv,ACTIVE
2025-26,20,8htzhjs2md8zja6l,06mjw,ACTIVE
2025-26,20,8htzhjs2md8zja6l,05uup,ACTIVE
2025-26,20,8htzhjs2md8zja6l,05qug,ACTIVE
2025-26,20,8htzhjs2md8zja6l,03al2,ACTIVE
2025-26,20,8htzhjs2md8zja6l,05qsq,ACTIVE
2025-26,20,8htzhjs2md8zja6l,0621k,ACTIVE
2025-26,20,8htzhjs2md8zja6l,03xmt,ACTIVE
2025-26,20,8htzhjs2md8zja6l,005kc,ACTIVE
2025-26,20,8htzhjs2md8zja6l,06mkg,ACTIVE
2025-26,20,8htzhjs2md8zja6l,04ewu,ACTIVE
2025-26,20,8htzhjs2md8zja6l,03al0,ACTIVE
2025-26,20,8htzhjs2md8zja6l,03lls,ACTIVE
2025-26,20,8htzhjs2md8zja6l,06ccf,ACTIVE
2025-26,20,8htzhjs2md8zja6l,04azw,ACTIVE
2025-26,20,8htzhjs2md8zja6l,02ym0,ACTIVE
2025-26,20,8htzhjs2md8zja6l,0011e,ACTIVE
2025-26,20,8htzhjs2md8zja6l,06cc1,ACTIVE
2025-26,20,8htzhjs2md8zja6l,06218,ACTIVE
2025-26,20,7kj0njiwmd8zja6g,001aw,ACTIVE
2025-26,20,7kj0njiwmd8zja6g,0621l,ACTIVE
2025-26,20,7kj0njiwmd8zja6g,04ewt,ACTIVE
2025-26,20,7kj0njiwmd8zja6g,06v5h,ACTIVE
2025-26,20,7kj0njiwmd8zja6g,02nf1,ACTIVE
2025-26,20,7kj0njiwmd8zja6g,03ad4,ACTIVE
2025-26,20,7kj0njiwmd8zja6g,0621e,ACTIVE
2025-26,20,7kj0njiwmd8zja6g,02ng3,ACTIVE
2025-26,20,7kj0njiwmd8zja6g,051oi,ACTIVE
2025-26,20,7kj0njiwmd8zja6g,04qrk,ACTIVE
2025-26,20,7kj0njiwmd8zja6g,06cca,ACTIVE
2025-26,20,7kj0njiwmd8zja6g,049kd,ACTIVE
2025-26,20,7kj0njiwmd8zja6g,05uj9,ACTIVE
2025-26,20,7kj0njiwmd8zja6g,0496e,ACTIVE
2025-26,20,7kj0njiwmd8zja6g,0623a,ACTIVE
2025-26,20,7kj0njiwmd8zja6g,05uif,ACTIVE
2025-26,20,7kj0njiwmd8zja6g,05uiw,ACTIVE
2025-26,20,7kj0njiwmd8zja6g,051os,ACTIVE
2025-26,20,7kj0njiwmd8zja6g,049ka,ACTIVE
2025-26,20,7kj0njiwmd8zja6g,06cby,ACTIVE
2025-26,20,nmbx4rkzmd8zja6m,06cac,ACTIVE
2025-26,20,nmbx4rkzmd8zja6m,05qto,ACTIVE
2025-26,20,nmbx4rkzmd8zja6m,06cc8,ACTIVE
2025-26,20,nmbx4rkzmd8zja6m,06mkj,ACTIVE
2025-26,20,nmbx4rkzmd8zja6m,06ca8,ACTIVE
2025-26,20,nmbx4rkzmd8zja6m,05uih,ACTIVE
2025-26,20,nmbx4rkzmd8zja6m,03ad3,ACTIVE
2025-26,20,nmbx4rkzmd8zja6m,06mln,ACTIVE
2025-26,20,nmbx4rkzmd8zja6m,051oh,ACTIVE
2025-26,20,nmbx4rkzmd8zja6m,05qtt,ACTIVE
2025-26,20,nmbx4rkzmd8zja6m,05uir,ACTIVE
2025-26,20,nmbx4rkzmd8zja6m,05uiz,ACTIVE
2025-26,20,nmbx4rkzmd8zja6m,05qu0,ACTIVE
2025-26,20,nmbx4rkzmd8zja6m,06cbz,ACTIVE
2025-26,20,nmbx4rkzmd8zja6m,06mk3,ACTIVE
2025-26,20,nmbx4rkzmd8zja6m,027oz,ACTIVE
2025-26,20,nmbx4rkzmd8zja6m,03r7z,ACTIVE
2025-26,20,nmbx4rkzmd8zja6m,03nwm,ACTIVE
2025-26,20,nmbx4rkzmd8zja6m,06mju,ACTIVE
2025-26,20,nmbx4rkzmd8zja6m,051ol,ACTIVE
2025-26,20,mp3txfdsmd8zja6i,06v57,ACTIVE
2025-26,20,mp3txfdsmd8zja6i,042n4,ACTIVE
2025-26,20,mp3txfdsmd8zja6i,051p9,ACTIVE
2025-26,20,mp3txfdsmd8zja6i,03ad2,ACTIVE
2025-26,20,mp3txfdsmd8zja6i,03e75,ACTIVE
2025-26,20,mp3txfdsmd8zja6i,042nm,ACTIVE
2025-26,20,mp3txfdsmd8zja6i,04ewk,ACTIVE
2025-26,20,mp3txfdsmd8zja6i,027pe,ACTIVE
2025-26,20,mp3txfdsmd8zja6i,06mll,ACTIVE
2025-26,20,mp3txfdsmd8zja6i,05uic,ACTIVE
2025-26,20,mp3txfdsmd8zja6i,06mkl,ACTIVE
2025-26,20,mp3txfdsmd8zja6i,03nwk,ACTIVE
2025-26,20,mp3txfdsmd8zja6i,04qs1,ACTIVE
2025-26,20,mp3txfdsmd8zja6i,051op,ACTIVE
2025-26,20,mp3txfdsmd8zja6i,05ujt,ACTIVE
2025-26,20,mp3txfdsmd8zja6i,051pb,ACTIVE
2025-26,20,mp3txfdsmd8zja6i,06mk7,ACTIVE
2025-26,20,mp3txfdsmd8zja6i,04qse,ACTIVE
2025-26,20,mp3txfdsmd8zja6i,049kc,ACTIVE
2025-26,20,mp3txfdsmd8zja6i,06v56,ACTIVE
2025-26,20,q86f43pcmd8zja6k,027oo,ACTIVE
2025-26,20,q86f43pcmd8zja6k,0015e,ACTIVE
2025-26,20,q86f43pcmd8zja6k,049kb,ACTIVE
2025-26,20,q86f43pcmd8zja6k,027p4,ACTIVE
2025-26,20,q86f43pcmd8zja6k,0527h,ACTIVE
2025-26,20,q86f43pcmd8zja6k,051p8,ACTIVE
2025-26,20,q86f43pcmd8zja6k,04qru,ACTIVE
2025-26,20,q86f43pcmd8zja6k,03wr4,ACTIVE
2025-26,20,q86f43pcmd8zja6k,027ou,ACTIVE
2025-26,20,q86f43pcmd8zja6k,031lx,ACTIVE
2025-26,20,q86f43pcmd8zja6k,027p0,ACTIVE
2025-26,20,q86f43pcmd8zja6k,06mle,ACTIVE
2025-26,20,q86f43pcmd8zja6k,04kj6,ACTIVE
2025-26,20,q86f43pcmd8zja6k,01eon,ACTIVE
2025-26,20,q86f43pcmd8zja6k,06213,ACTIVE
2025-26,20,q86f43pcmd8zja6k,03ajv,ACTIVE
2025-26,20,q86f43pcmd8zja6k,042n3,ACTIVE
2025-26,20,q86f43pcmd8zja6k,03ams,ACTIVE
2025-26,20,q86f43pcmd8zja6k,04qrl,ACTIVE
2025-26,20,q86f43pcmd8zja6k,05uij,ACTIVE
2025-26,20,nmlbr2ppmd8zja6n,05qtv,ACTIVE
2025-26,20,nmlbr2ppmd8zja6n,06mjt,ACTIVE
2025-26,20,nmlbr2ppmd8zja6n,06v5e,ACTIVE
2025-26,20,nmlbr2ppmd8zja6n,06v5g,ACTIVE
2025-26,20,nmlbr2ppmd8zja6n,0621c,ACTIVE
2025-26,20,nmlbr2ppmd8zja6n,01enh,ACTIVE
2025-26,20,nmlbr2ppmd8zja6n,05uug,ACTIVE
2025-26,20,nmlbr2ppmd8zja6n,05uj1,ACTIVE
2025-26,20,nmlbr2ppmd8zja6n,06mjz,ACTIVE
2025-26,20,nmlbr2ppmd8zja6n,06215,ACTIVE
2025-26,20,nmlbr2ppmd8zja6n,06cdn,ACTIVE
2025-26,20,nmlbr2ppmd8zja6n,05uid,ACTIVE
2025-26,20,nmlbr2ppmd8zja6n,05uib,ACTIVE
2025-26,20,nmlbr2ppmd8zja6n,0621b,ACTIVE
2025-26,20,nmlbr2ppmd8zja6n,0621g,ACTIVE
2025-26,20,nmlbr2ppmd8zja6n,05qt4,ACTIVE
2025-26,20,nmlbr2ppmd8zja6n,042nt,ACTIVE
2025-26,20,nmlbr2ppmd8zja6n,05qt3,ACTIVE
2025-26,20,nmlbr2ppmd8zja6n,06v5k,ACTIVE
2025-26,20,nmlbr2ppmd8zja6n,0621u,ACTIVE
2025-26,20,mm10q3fvmd8zja6j,06v80,ACTIVE
2025-26,20,mm10q3fvmd8zja6j,05uus,ACTIVE
2025-26,20,mm10q3fvmd8zja6j,05uiu,ACTIVE
2025-26,20,mm10q3fvmd8zja6j,031m4,ACTIVE
2025-26,20,mm10q3fvmd8zja6j,06mk1,ACTIVE
2025-26,20,mm10q3fvmd8zja6j,051pa,ACTIVE
2025-26,20,mm10q3fvmd8zja6j,04ewe,ACTIVE
2025-26,20,mm10q3fvmd8zja6j,051or,ACTIVE
2025-26,20,mm10q3fvmd8zja6j,06v5y,ACTIVE
2025-26,20,mm10q3fvmd8zja6j,06ca7,ACTIVE
2025-26,20,mm10q3fvmd8zja6j,06cch,ACTIVE
2025-26,20,mm10q3fvmd8zja6j,03nwn,ACTIVE
2025-26,20,mm10q3fvmd8zja6j,06216,ACTIVE
2025-26,20,mm10q3fvmd8zja6j,06210,ACTIVE
2025-26,20,mm10q3fvmd8zja6j,042n6,ACTIVE
2025-26,20,mm10q3fvmd8zja6j,05qu9,ACTIVE
2025-26,20,mm10q3fvmd8zja6j,06v5l,ACTIVE
2025-26,20,mm10q3fvmd8zja6j,0017e,ACTIVE
2025-26,20,mm10q3fvmd8zja6j,051ok,ACTIVE
2025-26,20,mm10q3fvmd8zja6j,04ex8,ACTIVE
2025-26,21,qxb6cn3omd8zja6h,031m2,ACTIVE
2025-26,21,qxb6cn3omd8zja6h,05qsx,ACTIVE
2025-26,21,qxb6cn3omd8zja6h,06212,ACTIVE
2025-26,21,qxb6cn3omd8zja6h,02xg9,ACTIVE
2025-26,21,qxb6cn3omd8zja6h,051oj,ACTIVE
2025-26,21,qxb6cn3omd8zja6h,05qtl,ACTIVE
2025-26,21,qxb6cn3omd8zja6h,051ot,ACTIVE
2025-26,21,qxb6cn3omd8zja6h,04ex6,ACTIVE
2025-26,21,qxb6cn3omd8zja6h,05qt1,ACTIVE
2025-26,21,qxb6cn3omd8zja6h,051pi,ACTIVE
2025-26,21,qxb6cn3omd8zja6h,04ewr,ACTIVE
2025-26,21,qxb6cn3omd8zja6h,05ujc,ACTIVE
2025-26,21,qxb6cn3omd8zja6h,04qsa,ACTIVE
2025-26,21,qxb6cn3omd8zja6h,06214,ACTIVE
2025-26,21,qxb6cn3omd8zja6h,05qtr,ACTIVE
2025-26,21,qxb6cn3omd8zja6h,05ujq,ACTIVE
2025-26,21,qxb6cn3omd8zja6h,04qrj,ACTIVE
2025-26,21,qxb6cn3omd8zja6h,03aq2,ACTIVE
2025-26,21,qxb6cn3omd8zja6h,06mk8,ACTIVE
2025-26,21,qxb6cn3omd8zja6h,04qrr,ACTIVE
2025-26,21,mjm1574cmd8zja6n,05uiq,ACTIVE
2025-26,21,mjm1574cmd8zja6n,04ewn,ACTIVE
2025-26,21,mjm1574cmd8zja6n,05uig,ACTIVE
2025-26,21,mjm1574cmd8zja6n,05qtj,ACTIVE
2025-26,21,mjm1574cmd8zja6n,01uyj,ACTIVE
2025-26,21,mjm1574cmd8zja6n,042n1,ACTIVE
2025-26,21,mjm1574cmd8zja6n,05uii,ACTIVE
2025-26,21,mjm1574cmd8zja6n,02nfz,ACTIVE
2025-26,21,mjm1574cmd8zja6n,06cc7,ACTIVE
2025-26,21,mjm1574cmd8zja6n,01eo6,ACTIVE
2025-26,21,mjm1574cmd8zja6n,027oj,ACTIVE
2025-26,21,mjm1574cmd8zja6n,03el5,ACTIVE
2025-26,21,mjm1574cmd8zja6n,06217,ACTIVE
2025-26,21,mjm1574cmd8zja6n,06v5n,ACTIVE
2025-26,21,mjm1574cmd8zja6n,0621q,ACTIVE
2025-26,21,mjm1574cmd8zja6n,000zv,ACTIVE
2025-26,21,mjm1574cmd8zja6n,01eo9,ACTIVE
2025-26,21,mjm1574cmd8zja6n,02nf3,ACTIVE
2025-26,21,mjm1574cmd8zja6n,042n7,ACTIVE
2025-26,21,mjm1574cmd8zja6n,042nq,ACTIVE
2025-26,21,sha0v3f8md8zja6k,06v5r,ACTIVE
2025-26,21,sha0v3f8md8zja6k,04qrn,ACTIVE
2025-26,21,sha0v3f8md8zja6k,04ewm,ACTIVE
2025-26,21,sha0v3f8md8zja6k,06v5a,ACTIVE
2025-26,21,sha0v3f8md8zja6k,03xmv,ACTIVE
2025-26,21,sha0v3f8md8zja6k,06226,ACTIVE
2025-26,21,sha0v3f8md8zja6k,06mkd,ACTIVE
2025-26,21,sha0v3f8md8zja6k,05uj4,ACTIVE
2025-26,21,sha0v3f8md8zja6k,04qsd,ACTIVE
2025-26,21,sha0v3f8md8zja6k,06mk6,ACTIVE
2025-26,21,sha0v3f8md8zja6k,04qrm,ACTIVE
2025-26,21,sha0v3f8md8zja6k,04qrp,ACTIVE
2025-26,21,sha0v3f8md8zja6k,04qro,ACTIVE
2025-26,21,sha0v3f8md8zja6k,05uie,ACTIVE
2025-26,21,sha0v3f8md8zja6k,04ewf,ACTIVE
2025-26,21,sha0v3f8md8zja6k,06v58,ACTIVE
2025-26,21,sha0v3f8md8zja6k,06cd4,ACTIVE
2025-26,21,sha0v3f8md8zja6k,05ujd,ACTIVE
2025-26,21,sha0v3f8md8zja6k,042nf,ACTIVE
2025-26,21,sha0v3f8md8zja6k,051on,ACTIVE
2025-26,21,8htzhjs2md8zja6l,06211,ACTIVE
2025-26,21,8htzhjs2md8zja6l,06mjv,ACTIVE
2025-26,21,8htzhjs2md8zja6l,06mjw,ACTIVE
2025-26,21,8htzhjs2md8zja6l,05uup,ACTIVE
2025-26,21,8htzhjs2md8zja6l,05qug,ACTIVE
2025-26,21,8htzhjs2md8zja6l,03al2,ACTIVE
2025-26,21,8htzhjs2md8zja6l,05qsq,ACTIVE
2025-26,21,8htzhjs2md8zja6l,0621k,ACTIVE
2025-26,21,8htzhjs2md8zja6l,03xmt,ACTIVE
2025-26,21,8htzhjs2md8zja6l,005kc,ACTIVE
2025-26,21,8htzhjs2md8zja6l,06mkg,ACTIVE
2025-26,21,8htzhjs2md8zja6l,04ewu,ACTIVE
2025-26,21,8htzhjs2md8zja6l,03al0,ACTIVE
2025-26,21,8htzhjs2md8zja6l,03lls,ACTIVE
2025-26,21,8htzhjs2md8zja6l,06ccf,ACTIVE
2025-26,21,8htzhjs2md8zja6l,04azw,ACTIVE
2025-26,21,8htzhjs2md8zja6l,02ym0,ACTIVE
2025-26,21,8htzhjs2md8zja6l,0011e,ACTIVE
2025-26,21,8htzhjs2md8zja6l,06cc1,ACTIVE
2025-26,21,8htzhjs2md8zja6l,06218,ACTIVE
2025-26,21,7kj0njiwmd8zja6g,001aw,ACTIVE
2025-26,21,7kj0njiwmd8zja6g,0621l,ACTIVE
2025-26,21,7kj0njiwmd8zja6g,04ewt,ACTIVE
2025-26,21,7kj0njiwmd8zja6g,06v5h,ACTIVE
2025-26,21,7kj0njiwmd8zja6g,02nf1,ACTIVE
2025-26,21,7kj0njiwmd8zja6g,03ad4,ACTIVE
2025-26,21,7kj0njiwmd8zja6g,0621e,ACTIVE
2025-26,21,7kj0njiwmd8zja6g,02ng3,ACTIVE
2025-26,21,7kj0njiwmd8zja6g,051oi,ACTIVE
2025-26,21,7kj0njiwmd8zja6g,04qrk,ACTIVE
2025-26,21,7kj0njiwmd8zja6g,06cca,ACTIVE
2025-26,21,7kj0njiwmd8zja6g,049kd,ACTIVE
2025-26,21,7kj0njiwmd8zja6g,05uj9,ACTIVE
2025-26,21,7kj0njiwmd8zja6g,0496e,ACTIVE
2025-26,21,7kj0njiwmd8zja6g,0623a,ACTIVE
2025-26,21,7kj0njiwmd8zja6g,05uif,ACTIVE
2025-26,21,7kj0njiwmd8zja6g,05uiw,ACTIVE
2025-26,21,7kj0njiwmd8zja6g,051os,ACTIVE
2025-26,21,7kj0njiwmd8zja6g,049ka,ACTIVE
2025-26,21,7kj0njiwmd8zja6g,06cby,ACTIVE
2025-26,21,nmbx4rkzmd8zja6m,06cac,ACTIVE
2025-26,21,nmbx4rkzmd8zja6m,05qto,ACTIVE
2025-26,21,nmbx4rkzmd8zja6m,06cc8,ACTIVE
2025-26,21,nmbx4rkzmd8zja6m,06mkj,ACTIVE
2025-26,21,nmbx4rkzmd8zja6m,06ca8,ACTIVE
2025-26,21,nmbx4rkzmd8zja6m,05uih,ACTIVE
2025-26,21,nmbx4rkzmd8zja6m,03ad3,ACTIVE
2025-26,21,nmbx4rkzmd8zja6m,06mln,ACTIVE
2025-26,21,nmbx4rkzmd8zja6m,051oh,ACTIVE
2025-26,21,nmbx4rkzmd8zja6m,05qtt,ACTIVE
2025-26,21,nmbx4rkzmd8zja6m,05uir,ACTIVE
2025-26,21,nmbx4rkzmd8zja6m,05uiz,ACTIVE
2025-26,21,nmbx4rkzmd8zja6m,05qu0,ACTIVE
2025-26,21,nmbx4rkzmd8zja6m,06cbz,ACTIVE
2025-26,21,nmbx4rkzmd8zja6m,06mk3,ACTIVE
2025-26,21,nmbx4rkzmd8zja6m,027oz,ACTIVE
2025-26,21,nmbx4rkzmd8zja6m,03r7z,ACTIVE
2025-26,21,nmbx4rkzmd8zja6m,03nwm,ACTIVE
2025-26,21,nmbx4rkzmd8zja6m,06mju,ACTIVE
2025-26,21,nmbx4rkzmd8zja6m,051ol,ACTIVE
2025-26,21,mp3txfdsmd8zja6i,06v57,ACTIVE
2025-26,21,mp3txfdsmd8zja6i,042n4,ACTIVE
2025-26,21,mp3txfdsmd8zja6i,051p9,ACTIVE
2025-26,21,mp3txfdsmd8zja6i,03ad2,ACTIVE
2025-26,21,mp3txfdsmd8zja6i,03e75,ACTIVE
2025-26,21,mp3txfdsmd8zja6i,042nm,ACTIVE
2025-26,21,mp3txfdsmd8zja6i,04ewk,ACTIVE
2025-26,21,mp3txfdsmd8zja6i,027pe,ACTIVE
2025-26,21,mp3txfdsmd8zja6i,06mll,ACTIVE
2025-26,21,mp3txfdsmd8zja6i,05uic,ACTIVE
2025-26,21,mp3txfdsmd8zja6i,06mkl,ACTIVE
2025-26,21,mp3txfdsmd8zja6i,03nwk,ACTIVE
2025-26,21,mp3txfdsmd8zja6i,04qs1,ACTIVE
2025-26,21,mp3txfdsmd8zja6i,051op,ACTIVE
2025-26,21,mp3txfdsmd8zja6i,05ujt,ACTIVE
2025-26,21,mp3txfdsmd8zja6i,051pb,ACTIVE
2025-26,21,mp3txfdsmd8zja6i,06mk7,ACTIVE
2025-26,21,mp3txfdsmd8zja6i,04qse,ACTIVE
2025-26,21,mp3txfdsmd8zja6i,049kc,ACTIVE
2025-26,21,mp3txfdsmd8zja6i,06v56,ACTIVE
2025-26,21,q86f43pcmd8zja6k,027oo,ACTIVE
2025-26,21,q86f43pcmd8zja6k,0015e,ACTIVE
2025-26,21,q86f43pcmd8zja6k,049kb,ACTIVE
2025-26,21,q86f43pcmd8zja6k,027p4,ACTIVE
2025-26,21,q86f43pcmd8zja6k,0527h,ACTIVE
2025-26,21,q86f43pcmd8zja6k,051p8,ACTIVE
2025-26,21,q86f43pcmd8zja6k,04qru,ACTIVE
2025-26,21,q86f43pcmd8zja6k,03wr4,ACTIVE
2025-26,21,q86f43pcmd8zja6k,027ou,ACTIVE
2025-26,21,q86f43pcmd8zja6k,031lx,ACTIVE
2025-26,21,q86f43pcmd8zja6k,027p0,ACTIVE
2025-26,21,q86f43pcmd8zja6k,06mle,ACTIVE
2025-26,21,q86f43pcmd8zja6k,04kj6,ACTIVE
2025-26,21,q86f43pcmd8zja6k,01eon,ACTIVE
2025-26,21,q86f43pcmd8zja6k,06213,ACTIVE
2025-26,21,q86f43pcmd8zja6k,03ajv,ACTIVE
2025-26,21,q86f43pcmd8zja6k,042n3,ACTIVE
2025-26,21,q86f43pcmd8zja6k,03ams,ACTIVE
2025-26,21,q86f43pcmd8zja6k,04qrl,ACTIVE
2025-26,21,q86f43pcmd8zja6k,05uij,ACTIVE
2025-26,21,nmlbr2ppmd8zja6n,05qtv,ACTIVE
2025-26,21,nmlbr2ppmd8zja6n,06mjt,ACTIVE
2025-26,21,nmlbr2ppmd8zja6n,06v5e,ACTIVE
2025-26,21,nmlbr2ppmd8zja6n,06v5g,ACTIVE
2025-26,21,nmlbr2ppmd8zja6n,0621c,ACTIVE
2025-26,21,nmlbr2ppmd8zja6n,01enh,ACTIVE
2025-26,21,nmlbr2ppmd8zja6n,05uug,ACTIVE
2025-26,21,nmlbr2ppmd8zja6n,05uj1,ACTIVE
2025-26,21,nmlbr2ppmd8zja6n,06mjz,ACTIVE
2025-26,21,nmlbr2ppmd8zja6n,06215,ACTIVE
2025-26,21,nmlbr2ppmd8zja6n,06cdn,ACTIVE
2025-26,21,nmlbr2ppmd8zja6n,05uid,ACTIVE
2025-26,21,nmlbr2ppmd8zja6n,05uib,ACTIVE
2025-26,21,nmlbr2ppmd8zja6n,0621b,ACTIVE
2025-26,21,nmlbr2ppmd8zja6n,0621g,ACTIVE
2025-26,21,nmlbr2ppmd8zja6n,05qt4,ACTIVE
2025-26,21,nmlbr2ppmd8zja6n,042nt,ACTIVE
2025-26,21,nmlbr2ppmd8zja6n,05qt3,ACTIVE
2025-26,21,nmlbr2ppmd8zja6n,06v5k,ACTIVE
2025-26,21,nmlbr2ppmd8zja6n,0621u,ACTIVE
2025-26,21,mm10q3fvmd8zja6j,06v80,ACTIVE
2025-26,21,mm10q3fvmd8zja6j,05uus,ACTIVE
2025-26,21,mm10q3fvmd8zja6j,05uiu,ACTIVE
2025-26,21,mm10q3fvmd8zja6j,031m4,ACTIVE
2025-26,21,mm10q3fvmd8zja6j,06mk1,ACTIVE
2025-26,21,mm10q3fvmd8zja6j,051pa,ACTIVE
2025-26,21,mm10q3fvmd8zja6j,04ewe,ACTIVE
2025-26,21,mm10q3fvmd8zja6j,051or,ACTIVE
2025-26,21,mm10q3fvmd8zja6j,06v5y,ACTIVE
2025-26,21,mm10q3fvmd8zja6j,06ca7,ACTIVE
2025-26,21,mm10q3fvmd8zja6j,06cch,ACTIVE
2025-26,21,mm10q3fvmd8zja6j,03nwn,ACTIVE
2025-26,21,mm10q3fvmd8zja6j,06216,ACTIVE
2025-26,21,mm10q3fvmd8zja6j,06210,ACTIVE
2025-26,21,mm10q3fvmd8zja6j,042n6,ACTIVE
2025-26,21,mm10q3fvmd8zja6j,05qu9,ACTIVE
2025-26,21,mm10q3fvmd8zja6j,06v5l,ACTIVE
2025-26,21,mm10q3fvmd8zja6j,0017e,ACTIVE
2025-26,21,mm10q3fvmd8zja6j,051ok,ACTIVE
2025-26,21,mm10q3fvmd8zja6j,04ex8,ACTIVE
2025-26,22,qxb6cn3omd8zja6h,031m2,ACTIVE
2025-26,22,qxb6cn3omd8zja6h,05qsx,ACTIVE
2025-26,22,qxb6cn3omd8zja6h,06212,ACTIVE
2025-26,22,qxb6cn3omd8zja6h,02xg9,ACTIVE
2025-26,22,qxb6cn3omd8zja6h,051oj,ACTIVE
2025-26,22,qxb6cn3omd8zja6h,05qtl,ACTIVE
2025-26,22,qxb6cn3omd8zja6h,051ot,ACTIVE
2025-26,22,qxb6cn3omd8zja6h,04ex6,ACTIVE
2025-26,22,qxb6cn3omd8zja6h,05qt1,ACTIVE
2025-26,22,qxb6cn3omd8zja6h,051pi,ACTIVE
2025-26,22,qxb6cn3omd8zja6h,04ewr,ACTIVE
2025-26,22,qxb6cn3omd8zja6h,05ujc,ACTIVE
2025-26,22,qxb6cn3omd8zja6h,04qsa,ACTIVE
2025-26,22,qxb6cn3omd8zja6h,06214,ACTIVE
2025-26,22,qxb6cn3omd8zja6h,05qtr,ACTIVE
2025-26,22,qxb6cn3omd8zja6h,05ujq,ACTIVE
2025-26,22,qxb6cn3omd8zja6h,04qrj,ACTIVE
2025-26,22,qxb6cn3omd8zja6h,03aq2,ACTIVE
2025-26,22,qxb6cn3omd8zja6h,06mk8,ACTIVE
2025-26,22,qxb6cn3omd8zja6h,04qrr,ACTIVE
2025-26,22,mjm1574cmd8zja6n,05uiq,ACTIVE
2025-26,22,mjm1574cmd8zja6n,04ewn,ACTIVE
2025-26,22,mjm1574cmd8zja6n,05uig,ACTIVE
2025-26,22,mjm1574cmd8zja6n,05qtj,ACTIVE
2025-26,22,mjm1574cmd8zja6n,01uyj,ACTIVE
2025-26,22,mjm1574cmd8zja6n,042n1,ACTIVE
2025-26,22,mjm1574cmd8zja6n,05uii,ACTIVE
2025-26,22,mjm1574cmd8zja6n,02nfz,ACTIVE
2025-26,22,mjm1574cmd8zja6n,06cc7,ACTIVE
2025-26,22,mjm1574cmd8zja6n,01eo6,ACTIVE
2025-26,22,mjm1574cmd8zja6n,027oj,ACTIVE
2025-26,22,mjm1574cmd8zja6n,03el5,ACTIVE
2025-26,22,mjm1574cmd8zja6n,06217,ACTIVE
2025-26,22,mjm1574cmd8zja6n,06v5n,ACTIVE
2025-26,22,mjm1574cmd8zja6n,0621q,ACTIVE
2025-26,22,mjm1574cmd8zja6n,000zv,ACTIVE
2025-26,22,mjm1574cmd8zja6n,01eo9,ACTIVE
2025-26,22,mjm1574cmd8zja6n,02nf3,ACTIVE
2025-26,22,mjm1574cmd8zja6n,042n7,ACTIVE
2025-26,22,mjm1574cmd8zja6n,042nq,ACTIVE
2025-26,22,sha0v3f8md8zja6k,06v5r,ACTIVE
2025-26,22,sha0v3f8md8zja6k,04qrn,ACTIVE
2025-26,22,sha0v3f8md8zja6k,04ewm,ACTIVE
2025-26,22,sha0v3f8md8zja6k,06v5a,ACTIVE
2025-26,22,sha0v3f8md8zja6k,03xmv,ACTIVE
2025-26,22,sha0v3f8md8zja6k,06226,ACTIVE
2025-26,22,sha0v3f8md8zja6k,06mkd,ACTIVE
2025-26,22,sha0v3f8md8zja6k,05uj4,ACTIVE
2025-26,22,sha0v3f8md8zja6k,04qsd,ACTIVE
2025-26,22,sha0v3f8md8zja6k,06mk6,ACTIVE
2025-26,22,sha0v3f8md8zja6k,04qrm,ACTIVE
2025-26,22,sha0v3f8md8zja6k,04qrp,ACTIVE
2025-26,22,sha0v3f8md8zja6k,04qro,ACTIVE
2025-26,22,sha0v3f8md8zja6k,05uie,ACTIVE
2025-26,22,sha0v3f8md8zja6k,04ewf,ACTIVE
2025-26,22,sha0v3f8md8zja6k,06v58,ACTIVE
2025-26,22,sha0v3f8md8zja6k,06cd4,ACTIVE
2025-26,22,sha0v3f8md8zja6k,05ujd,ACTIVE
2025-26,22,sha0v3f8md8zja6k,042nf,ACTIVE
2025-26,22,sha0v3f8md8zja6k,051on,ACTIVE
2025-26,22,8htzhjs2md8zja6l,06211,ACTIVE
2025-26,22,8htzhjs2md8zja6l,06mjv,ACTIVE
2025-26,22,8htzhjs2md8zja6l,06mjw,ACTIVE
2025-26,22,8htzhjs2md8zja6l,05uup,ACTIVE
2025-26,22,8htzhjs2md8zja6l,05qug,ACTIVE
2025-26,22,8htzhjs2md8zja6l,03al2,ACTIVE
2025-26,22,8htzhjs2md8zja6l,05qsq,ACTIVE
2025-26,22,8htzhjs2md8zja6l,0621k,ACTIVE
2025-26,22,8htzhjs2md8zja6l,03xmt,ACTIVE
2025-26,22,8htzhjs2md8zja6l,005kc,ACTIVE
2025-26,22,8htzhjs2md8zja6l,06mkg,ACTIVE
2025-26,22,8htzhjs2md8zja6l,04ewu,ACTIVE
2025-26,22,8htzhjs2md8zja6l,03al0,ACTIVE
2025-26,22,8htzhjs2md8zja6l,03lls,ACTIVE
2025-26,22,8htzhjs2md8zja6l,06ccf,ACTIVE
2025-26,22,8htzhjs2md8zja6l,04azw,ACTIVE
2025-26,22,8htzhjs2md8zja6l,02ym0,ACTIVE
2025-26,22,8htzhjs2md8zja6l,0011e,ACTIVE
2025-26,22,8htzhjs2md8zja6l,06cc1,ACTIVE
2025-26,22,8htzhjs2md8zja6l,06218,ACTIVE
2025-26,22,7kj0njiwmd8zja6g,001aw,ACTIVE
2025-26,22,7kj0njiwmd8zja6g,0621l,ACTIVE
2025-26,22,7kj0njiwmd8zja6g,04ewt,ACTIVE
2025-26,22,7kj0njiwmd8zja6g,06v5h,ACTIVE
2025-26,22,7kj0njiwmd8zja6g,02nf1,ACTIVE
2025-26,22,7kj0njiwmd8zja6g,03ad4,ACTIVE
2025-26,22,7kj0njiwmd8zja6g,0621e,ACTIVE
2025-26,22,7kj0njiwmd8zja6g,02ng3,ACTIVE
2025-26,22,7kj0njiwmd8zja6g,051oi,ACTIVE
2025-26,22,7kj0njiwmd8zja6g,04qrk,ACTIVE
2025-26,22,7kj0njiwmd8zja6g,06cca,ACTIVE
2025-26,22,7kj0njiwmd8zja6g,049kd,ACTIVE
2025-26,22,7kj0njiwmd8zja6g,05uj9,ACTIVE
2025-26,22,7kj0njiwmd8zja6g,0496e,ACTIVE
2025-26,22,7kj0njiwmd8zja6g,0623a,ACTIVE
2025-26,22,7kj0njiwmd8zja6g,05uif,ACTIVE
2025-26,22,7kj0njiwmd8zja6g,05uiw,ACTIVE
2025-26,22,7kj0njiwmd8zja6g,051os,ACTIVE
2025-26,22,7kj0njiwmd8zja6g,049ka,ACTIVE
2025-26,22,7kj0njiwmd8zja6g,06cby,ACTIVE
2025-26,22,nmbx4rkzmd8zja6m,06cac,ACTIVE
2025-26,22,nmbx4rkzmd8zja6m,05qto,ACTIVE
2025-26,22,nmbx4rkzmd8zja6m,06cc8,ACTIVE
2025-26,22,nmbx4rkzmd8zja6m,06mkj,ACTIVE
2025-26,22,nmbx4rkzmd8zja6m,06ca8,ACTIVE
2025-26,22,nmbx4rkzmd8zja6m,05uih,ACTIVE
2025-26,22,nmbx4rkzmd8zja6m,03ad3,ACTIVE
2025-26,22,nmbx4rkzmd8zja6m,06mln,ACTIVE
2025-26,22,nmbx4rkzmd8zja6m,051oh,ACTIVE
2025-26,22,nmbx4rkzmd8zja6m,05qtt,ACTIVE
2025-26,22,nmbx4rkzmd8zja6m,05uir,ACTIVE
2025-26,22,nmbx4rkzmd8zja6m,05uiz,ACTIVE
2025-26,22,nmbx4rkzmd8zja6m,05qu0,ACTIVE
2025-26,22,nmbx4rkzmd8zja6m,06cbz,ACTIVE
2025-26,22,nmbx4rkzmd8zja6m,06mk3,ACTIVE
2025-26,22,nmbx4rkzmd8zja6m,027oz,ACTIVE
2025-26,22,nmbx4rkzmd8zja6m,03r7z,ACTIVE
2025-26,22,nmbx4rkzmd8zja6m,03nwm,ACTIVE
2025-26,22,nmbx4rkzmd8zja6m,06mju,ACTIVE
2025-26,22,nmbx4rkzmd8zja6m,051ol,ACTIVE
2025-26,22,mp3txfdsmd8zja6i,06v57,ACTIVE
2025-26,22,mp3txfdsmd8zja6i,042n4,ACTIVE
2025-26,22,mp3txfdsmd8zja6i,051p9,ACTIVE
2025-26,22,mp3txfdsmd8zja6i,03ad2,ACTIVE
2025-26,22,mp3txfdsmd8zja6i,03e75,ACTIVE
2025-26,22,mp3txfdsmd8zja6i,042nm,ACTIVE
2025-26,22,mp3txfdsmd8zja6i,04ewk,ACTIVE
2025-26,22,mp3txfdsmd8zja6i,027pe,ACTIVE
2025-26,22,mp3txfdsmd8zja6i,06mll,ACTIVE
2025-26,22,mp3txfdsmd8zja6i,05uic,ACTIVE
2025-26,22,mp3txfdsmd8zja6i,06mkl,ACTIVE
2025-26,22,mp3txfdsmd8zja6i,03nwk,ACTIVE
2025-26,22,mp3txfdsmd8zja6i,04qs1,ACTIVE
2025-26,22,mp3txfdsmd8zja6i,051op,ACTIVE
2025-26,22,mp3txfdsmd8zja6i,05ujt,ACTIVE
2025-26,22,mp3txfdsmd8zja6i,051pb,ACTIVE
2025-26,22,mp3txfdsmd8zja6i,06mk7,ACTIVE
2025-26,22,mp3txfdsmd8zja6i,04qse,ACTIVE
2025-26,22,mp3txfdsmd8zja6i,049kc,ACTIVE
2025-26,22,mp3txfdsmd8zja6i,06v56,ACTIVE
2025-26,22,q86f43pcmd8zja6k,027oo,ACTIVE
2025-26,22,q86f43pcmd8zja6k,0015e,ACTIVE
2025-26,22,q86f43pcmd8zja6k,049kb,ACTIVE
2025-26,22,q86f43pcmd8zja6k,027p4,ACTIVE
2025-26,22,q86f43pcmd8zja6k,0527h,ACTIVE
2025-26,22,q86f43pcmd8zja6k,051p8,ACTIVE
2025-26,22,q86f43pcmd8zja6k,04qru,ACTIVE
2025-26,22,q86f43pcmd8zja6k,03wr4,ACTIVE
2025-26,22,q86f43pcmd8zja6k,027ou,ACTIVE
2025-26,22,q86f43pcmd8zja6k,031lx,ACTIVE
2025-26,22,q86f43pcmd8zja6k,027p0,ACTIVE
2025-26,22,q86f43pcmd8zja6k,06mle,ACTIVE
2025-26,22,q86f43pcmd8zja6k,04kj6,ACTIVE
2025-26,22,q86f43pcmd8zja6k,01eon,ACTIVE
2025-26,22,q86f43pcmd8zja6k,06213,ACTIVE
2025-26,22,q86f43pcmd8zja6k,03ajv,ACTIVE
2025-26,22,q86f43pcmd8zja6k,042n3,ACTIVE
2025-26,22,q86f43pcmd8zja6k,03ams,ACTIVE
2025-26,22,q86f43pcmd8zja6k,04qrl,ACTIVE
2025-26,22,q86f43pcmd8zja6k,05uij,ACTIVE
2025-26,22,nmlbr2ppmd8zja6n,05qtv,ACTIVE
2025-26,22,nmlbr2ppmd8zja6n,06mjt,ACTIVE
2025-26,22,nmlbr2ppmd8zja6n,06v5e,ACTIVE
2025-26,22,nmlbr2ppmd8zja6n,06v5g,ACTIVE
2025-26,22,nmlbr2ppmd8zja6n,0621c,ACTIVE
2025-26,22,nmlbr2ppmd8zja6n,01enh,ACTIVE
2025-26,22,nmlbr2ppmd8zja6n,05uug,ACTIVE
2025-26,22,nmlbr2ppmd8zja6n,05uj1,ACTIVE
2025-26,22,nmlbr2ppmd8zja6n,06mjz,ACTIVE
2025-26,22,nmlbr2ppmd8zja6n,06215,ACTIVE
2025-26,22,nmlbr2ppmd8zja6n,06cdn,ACTIVE
2025-26,22,nmlbr2ppmd8zja6n,05uid,ACTIVE
2025-26,22,nmlbr2ppmd8zja6n,05uib,ACTIVE
2025-26,22,nmlbr2ppmd8zja6n,0621b,ACTIVE
2025-26,22,nmlbr2ppmd8zja6n,0621g,ACTIVE
2025-26,22,nmlbr2ppmd8zja6n,05qt4,ACTIVE
2025-26,22,nmlbr2ppmd8zja6n,042nt,ACTIVE
2025-26,22,nmlbr2ppmd8zja6n,05qt3,ACTIVE
2025-26,22,nmlbr2ppmd8zja6n,06v5k,ACTIVE
2025-26,22,nmlbr2ppmd8zja6n,0621u,ACTIVE
2025-26,22,mm10q3fvmd8zja6j,06v80,ACTIVE
2025-26,22,mm10q3fvmd8zja6j,05uus,ACTIVE
2025-26,22,mm10q3fvmd8zja6j,05uiu,ACTIVE
2025-26,22,mm10q3fvmd8zja6j,031m4,ACTIVE
2025-26,22,mm10q3fvmd8zja6j,06mk1,ACTIVE
2025-26,22,mm10q3fvmd8zja6j,051pa,ACTIVE
2025-26,22,mm10q3fvmd8zja6j,04ewe,ACTIVE
2025-26,22,mm10q3fvmd8zja6j,051or,ACTIVE
2025-26,22,mm10q3fvmd8zja6j,06v5y,ACTIVE
2025-26,22,mm10q3fvmd8zja6j,06ca7,ACTIVE
2025-26,22,mm10q3fvmd8zja6j,06cch,ACTIVE
2025-26,22,mm10q3fvmd8zja6j,03nwn,ACTIVE
2025-26,22,mm10q3fvmd8zja6j,06216,ACTIVE
2025-26,22,mm10q3fvmd8zja6j,06210,ACTIVE
2025-26,22,mm10q3fvmd8zja6j,042n6,ACTIVE
2025-26,22,mm10q3fvmd8zja6j,05qu9,ACTIVE
2025-26,22,mm10q3fvmd8zja6j,06v5l,ACTIVE
2025-26,22,mm10q3fvmd8zja6j,0017e,ACTIVE
2025-26,22,mm10q3fvmd8zja6j,051ok,ACTIVE
2025-26,22,mm10q3fvmd8zja6j,04ex8,ACTIVE
2025-26,23,qxb6cn3omd8zja6h,031m2,ACTIVE
2025-26,23,qxb6cn3omd8zja6h,05qsx,ACTIVE
2025-26,23,qxb6cn3omd8zja6h,06212,ACTIVE
2025-26,23,qxb6cn3omd8zja6h,02xg9,ACTIVE
2025-26,23,qxb6cn3omd8zja6h,051oj,ACTIVE
2025-26,23,qxb6cn3omd8zja6h,05qtl,ACTIVE
2025-26,23,qxb6cn3omd8zja6h,051ot,ACTIVE
2025-26,23,qxb6cn3omd8zja6h,04ex6,ACTIVE
2025-26,23,qxb6cn3omd8zja6h,05qt1,ACTIVE
2025-26,23,qxb6cn3omd8zja6h,051pi,ACTIVE
2025-26,23,qxb6cn3omd8zja6h,04ewr,ACTIVE
2025-26,23,qxb6cn3omd8zja6h,05ujc,ACTIVE
2025-26,23,qxb6cn3omd8zja6h,04qsa,ACTIVE
2025-26,23,qxb6cn3omd8zja6h,06214,ACTIVE
2025-26,23,qxb6cn3omd8zja6h,05qtr,ACTIVE
2025-26,23,qxb6cn3omd8zja6h,05ujq,ACTIVE
2025-26,23,qxb6cn3omd8zja6h,04qrj,ACTIVE
2025-26,23,qxb6cn3omd8zja6h,03aq2,ACTIVE
2025-26,23,qxb6cn3omd8zja6h,06mk8,ACTIVE
2025-26,23,qxb6cn3omd8zja6h,04qrr,ACTIVE
2025-26,23,mjm1574cmd8zja6n,05uiq,ACTIVE
2025-26,23,mjm1574cmd8zja6n,04ewn,ACTIVE
2025-26,23,mjm1574cmd8zja6n,05uig,ACTIVE
2025-26,23,mjm1574cmd8zja6n,05qtj,ACTIVE
2025-26,23,mjm1574cmd8zja6n,01uyj,ACTIVE
2025-26,23,mjm1574cmd8zja6n,042n1,ACTIVE
2025-26,23,mjm1574cmd8zja6n,05uii,ACTIVE
2025-26,23,mjm1574cmd8zja6n,02nfz,ACTIVE
2025-26,23,mjm1574cmd8zja6n,06cc7,ACTIVE
2025-26,23,mjm1574cmd8zja6n,01eo6,ACTIVE
2025-26,23,mjm1574cmd8zja6n,027oj,ACTIVE
2025-26,23,mjm1574cmd8zja6n,03el5,ACTIVE
2025-26,23,mjm1574cmd8zja6n,06217,ACTIVE
2025-26,23,mjm1574cmd8zja6n,06v5n,ACTIVE
2025-26,23,mjm1574cmd8zja6n,0621q,ACTIVE
2025-26,23,mjm1574cmd8zja6n,000zv,ACTIVE
2025-26,23,mjm1574cmd8zja6n,01eo9,ACTIVE
2025-26,23,mjm1574cmd8zja6n,02nf3,ACTIVE
2025-26,23,mjm1574cmd8zja6n,042n7,ACTIVE
2025-26,23,mjm1574cmd8zja6n,042nq,ACTIVE
2025-26,23,sha0v3f8md8zja6k,06v5r,ACTIVE
2025-26,23,sha0v3f8md8zja6k,04qrn,ACTIVE
2025-26,23,sha0v3f8md8zja6k,04ewm,ACTIVE
2025-26,23,sha0v3f8md8zja6k,06v5a,ACTIVE
2025-26,23,sha0v3f8md8zja6k,03xmv,ACTIVE
2025-26,23,sha0v3f8md8zja6k,06226,ACTIVE
2025-26,23,sha0v3f8md8zja6k,06mkd,ACTIVE
2025-26,23,sha0v3f8md8zja6k,05uj4,ACTIVE
2025-26,23,sha0v3f8md8zja6k,04qsd,ACTIVE
2025-26,23,sha0v3f8md8zja6k,06mk6,ACTIVE
2025-26,23,sha0v3f8md8zja6k,04qrm,ACTIVE
2025-26,23,sha0v3f8md8zja6k,04qrp,ACTIVE
2025-26,23,sha0v3f8md8zja6k,04qro,ACTIVE
2025-26,23,sha0v3f8md8zja6k,05uie,ACTIVE
2025-26,23,sha0v3f8md8zja6k,04ewf,ACTIVE
2025-26,23,sha0v3f8md8zja6k,06v58,ACTIVE
2025-26,23,sha0v3f8md8zja6k,06cd4,ACTIVE
2025-26,23,sha0v3f8md8zja6k,05ujd,ACTIVE
2025-26,23,sha0v3f8md8zja6k,042nf,ACTIVE
2025-26,23,sha0v3f8md8zja6k,051on,ACTIVE
2025-26,23,8htzhjs2md8zja6l,06211,ACTIVE
2025-26,23,8htzhjs2md8zja6l,06mjv,ACTIVE
2025-26,23,8htzhjs2md8zja6l,06mjw,ACTIVE
2025-26,23,8htzhjs2md8zja6l,05uup,ACTIVE
2025-26,23,8htzhjs2md8zja6l,05qug,ACTIVE
2025-26,23,8htzhjs2md8zja6l,03al2,ACTIVE
2025-26,23,8htzhjs2md8zja6l,05qsq,ACTIVE
2025-26,23,8htzhjs2md8zja6l,0621k,ACTIVE
2025-26,23,8htzhjs2md8zja6l,03xmt,ACTIVE
2025-26,23,8htzhjs2md8zja6l,005kc,ACTIVE
2025-26,23,8htzhjs2md8zja6l,06mkg,ACTIVE
2025-26,23,8htzhjs2md8zja6l,04ewu,ACTIVE
2025-26,23,8htzhjs2md8zja6l,03al0,ACTIVE
2025-26,23,8htzhjs2md8zja6l,03lls,ACTIVE
2025-26,23,8htzhjs2md8zja6l,06ccf,ACTIVE
2025-26,23,8htzhjs2md8zja6l,04azw,ACTIVE
2025-26,23,8htzhjs2md8zja6l,02ym0,ACTIVE
2025-26,23,8htzhjs2md8zja6l,0011e,ACTIVE
2025-26,23,8htzhjs2md8zja6l,06cc1,ACTIVE
2025-26,23,8htzhjs2md8zja6l,06218,ACTIVE
2025-26,23,7kj0njiwmd8zja6g,001aw,ACTIVE
2025-26,23,7kj0njiwmd8zja6g,0621l,ACTIVE
2025-26,23,7kj0njiwmd8zja6g,04ewt,ACTIVE
2025-26,23,7kj0njiwmd8zja6g,06v5h,ACTIVE
2025-26,23,7kj0njiwmd8zja6g,02nf1,ACTIVE
2025-26,23,7kj0njiwmd8zja6g,03ad4,ACTIVE
2025-26,23,7kj0njiwmd8zja6g,0621e,ACTIVE
2025-26,23,7kj0njiwmd8zja6g,02ng3,ACTIVE
2025-26,23,7kj0njiwmd8zja6g,051oi,ACTIVE
2025-26,23,7kj0njiwmd8zja6g,04qrk,ACTIVE
2025-26,23,7kj0njiwmd8zja6g,06cca,ACTIVE
2025-26,23,7kj0njiwmd8zja6g,049kd,ACTIVE
2025-26,23,7kj0njiwmd8zja6g,05uj9,ACTIVE
2025-26,23,7kj0njiwmd8zja6g,0496e,ACTIVE
2025-26,23,7kj0njiwmd8zja6g,0623a,ACTIVE
2025-26,23,7kj0njiwmd8zja6g,05uif,ACTIVE
2025-26,23,7kj0njiwmd8zja6g,05uiw,ACTIVE
2025-26,23,7kj0njiwmd8zja6g,051os,ACTIVE
2025-26,23,7kj0njiwmd8zja6g,049ka,ACTIVE
2025-26,23,7kj0njiwmd8zja6g,06cby,ACTIVE
2025-26,23,nmbx4rkzmd8zja6m,06cac,ACTIVE
2025-26,23,nmbx4rkzmd8zja6m,05qto,ACTIVE
2025-26,23,nmbx4rkzmd8zja6m,06cc8,ACTIVE
2025-26,23,nmbx4rkzmd8zja6m,06mkj,ACTIVE
2025-26,23,nmbx4rkzmd8zja6m,06ca8,ACTIVE
2025-26,23,nmbx4rkzmd8zja6m,05uih,ACTIVE
2025-26,23,nmbx4rkzmd8zja6m,03ad3,ACTIVE
2025-26,23,nmbx4rkzmd8zja6m,06mln,ACTIVE
2025-26,23,nmbx4rkzmd8zja6m,051oh,ACTIVE
2025-26,23,nmbx4rkzmd8zja6m,05qtt,ACTIVE
2025-26,23,nmbx4rkzmd8zja6m,05uir,ACTIVE
2025-26,23,nmbx4rkzmd8zja6m,05uiz,ACTIVE
2025-26,23,nmbx4rkzmd8zja6m,05qu0,ACTIVE
2025-26,23,nmbx4rkzmd8zja6m,06cbz,ACTIVE
2025-26,23,nmbx4rkzmd8zja6m,06mk3,ACTIVE
2025-26,23,nmbx4rkzmd8zja6m,027oz,ACTIVE
2025-26,23,nmbx4rkzmd8zja6m,03r7z,ACTIVE
2025-26,23,nmbx4rkzmd8zja6m,03nwm,ACTIVE
2025-26,23,nmbx4rkzmd8zja6m,06mju,ACTIVE
2025-26,23,nmbx4rkzmd8zja6m,051ol,ACTIVE
2025-26,23,mp3txfdsmd8zja6i,06v57,ACTIVE
2025-26,23,mp3txfdsmd8zja6i,042n4,ACTIVE
2025-26,23,mp3txfdsmd8zja6i,051p9,ACTIVE
2025-26,23,mp3txfdsmd8zja6i,03ad2,ACTIVE
2025-26,23,mp3txfdsmd8zja6i,03e75,ACTIVE
2025-26,23,mp3txfdsmd8zja6i,042nm,ACTIVE
2025-26,23,mp3txfdsmd8zja6i,04ewk,ACTIVE
2025-26,23,mp3txfdsmd8zja6i,027pe,ACTIVE
2025-26,23,mp3txfdsmd8zja6i,06mll,ACTIVE
2025-26,23,mp3txfdsmd8zja6i,05uic,ACTIVE
2025-26,23,mp3txfdsmd8zja6i,06mkl,ACTIVE
2025-26,23,mp3txfdsmd8zja6i,03nwk,ACTIVE
2025-26,23,mp3txfdsmd8zja6i,04qs1,ACTIVE
2025-26,23,mp3txfdsmd8zja6i,051op,ACTIVE
2025-26,23,mp3txfdsmd8zja6i,05ujt,ACTIVE
2025-26,23,mp3txfdsmd8zja6i,051pb,ACTIVE
2025-26,23,mp3txfdsmd8zja6i,06mk7,ACTIVE
2025-26,23,mp3txfdsmd8zja6i,04qse,ACTIVE
2025-26,23,mp3txfdsmd8zja6i,049kc,ACTIVE
2025-26,23,mp3txfdsmd8zja6i,06v56,ACTIVE
2025-26,23,q86f43pcmd8zja6k,027oo,ACTIVE
2025-26,23,q86f43pcmd8zja6k,0015e,ACTIVE
2025-26,23,q86f43pcmd8zja6k,049kb,ACTIVE
2025-26,23,q86f43pcmd8zja6k,027p4,ACTIVE
2025-26,23,q86f43pcmd8zja6k,0527h,ACTIVE
2025-26,23,q86f43pcmd8zja6k,051p8,ACTIVE
2025-26,23,q86f43pcmd8zja6k,04qru,ACTIVE
2025-26,23,q86f43pcmd8zja6k,03wr4,ACTIVE
2025-26,23,q86f43pcmd8zja6k,027ou,ACTIVE
2025-26,23,q86f43pcmd8zja6k,031lx,ACTIVE
2025-26,23,q86f43pcmd8zja6k,027p0,ACTIVE
2025-26,23,q86f43pcmd8zja6k,06mle,ACTIVE
2025-26,23,q86f43pcmd8zja6k,04kj6,ACTIVE
2025-26,23,q86f43pcmd8zja6k,01eon,ACTIVE
2025-26,23,q86f43pcmd8zja6k,06213,ACTIVE
2025-26,23,q86f43pcmd8zja6k,03ajv,ACTIVE
2025-26,23,q86f43pcmd8zja6k,042n3,ACTIVE
2025-26,23,q86f43pcmd8zja6k,03ams,ACTIVE
2025-26,23,q86f43pcmd8zja6k,04qrl,ACTIVE
2025-26,23,q86f43pcmd8zja6k,05uij,ACTIVE
2025-26,23,nmlbr2ppmd8zja6n,05qtv,ACTIVE
2025-26,23,nmlbr2ppmd8zja6n,06mjt,ACTIVE
2025-26,23,nmlbr2ppmd8zja6n,06v5e,ACTIVE
2025-26,23,nmlbr2ppmd8zja6n,06v5g,ACTIVE
2025-26,23,nmlbr2ppmd8zja6n,0621c,ACTIVE
2025-26,23,nmlbr2ppmd8zja6n,01enh,ACTIVE
2025-26,23,nmlbr2ppmd8zja6n,05uug,ACTIVE
2025-26,23,nmlbr2ppmd8zja6n,05uj1,ACTIVE
2025-26,23,nmlbr2ppmd8zja6n,06mjz,ACTIVE
2025-26,23,nmlbr2ppmd8zja6n,06215,ACTIVE
2025-26,23,nmlbr2ppmd8zja6n,06cdn,ACTIVE
2025-26,23,nmlbr2ppmd8zja6n,05uid,ACTIVE
2025-26,23,nmlbr2ppmd8zja6n,05uib,ACTIVE
2025-26,23,nmlbr2ppmd8zja6n,0621b,ACTIVE
2025-26,23,nmlbr2ppmd8zja6n,0621g,ACTIVE
2025-26,23,nmlbr2ppmd8zja6n,05qt4,ACTIVE
2025-26,23,nmlbr2ppmd8zja6n,042nt,ACTIVE
2025-26,23,nmlbr2ppmd8zja6n,05qt3,ACTIVE
2025-26,23,nmlbr2ppmd8zja6n,06v5k,ACTIVE
2025-26,23,nmlbr2ppmd8zja6n,0621u,ACTIVE
2025-26,23,mm10q3fvmd8zja6j,06v80,ACTIVE
2025-26,23,mm10q3fvmd8zja6j,05uus,ACTIVE
2025-26,23,mm10q3fvmd8zja6j,05uiu,ACTIVE
2025-26,23,mm10q3fvmd8zja6j,031m4,ACTIVE
2025-26,23,mm10q3fvmd8zja6j,06mk1,ACTIVE
2025-26,23,mm10q3fvmd8zja6j,051pa,ACTIVE
2025-26,23,mm10q3fvmd8zja6j,04ewe,ACTIVE
2025-26,23,mm10q3fvmd8zja6j,051or,ACTIVE
2025-26,23,mm10q3fvmd8zja6j,06v5y,ACTIVE
2025-26,23,mm10q3fvmd8zja6j,06ca7,ACTIVE
2025-26,23,mm10q3fvmd8zja6j,06cch,ACTIVE
2025-26,23,mm10q3fvmd8zja6j,03nwn,ACTIVE
2025-26,23,mm10q3fvmd8zja6j,06216,ACTIVE
2025-26,23,mm10q3fvmd8zja6j,06210,ACTIVE
2025-26,23,mm10q3fvmd8zja6j,042n6,ACTIVE
2025-26,23,mm10q3fvmd8zja6j,05qu9,ACTIVE
2025-26,23,mm10q3fvmd8zja6j,06v5l,ACTIVE
2025-26,23,mm10q3fvmd8zja6j,0017e,ACTIVE
2025-26,23,mm10q3fvmd8zja6j,051ok,ACTIVE
2025-26,23,mm10q3fvmd8zja6j,04ex8,ACTIVE
2025-26,24,qxb6cn3omd8zja6h,031m2,ACTIVE
2025-26,24,qxb6cn3omd8zja6h,05qsx,ACTIVE
2025-26,24,qxb6cn3omd8zja6h,06212,ACTIVE
2025-26,24,qxb6cn3omd8zja6h,02xg9,ACTIVE
2025-26,24,qxb6cn3omd8zja6h,051oj,ACTIVE
2025-26,24,qxb6cn3omd8zja6h,05qtl,ACTIVE
2025-26,24,qxb6cn3omd8zja6h,051ot,ACTIVE
2025-26,24,qxb6cn3omd8zja6h,04ex6,ACTIVE
2025-26,24,qxb6cn3omd8zja6h,05qt1,ACTIVE
2025-26,24,qxb6cn3omd8zja6h,051pi,ACTIVE
2025-26,24,qxb6cn3omd8zja6h,04ewr,ACTIVE
2025-26,24,qxb6cn3omd8zja6h,05ujc,ACTIVE
2025-26,24,qxb6cn3omd8zja6h,04qsa,ACTIVE
2025-26,24,qxb6cn3omd8zja6h,06214,ACTIVE
2025-26,24,qxb6cn3omd8zja6h,05qtr,ACTIVE
2025-26,24,qxb6cn3omd8zja6h,05ujq,ACTIVE
2025-26,24,qxb6cn3omd8zja6h,04qrj,ACTIVE
2025-26,24,qxb6cn3omd8zja6h,03aq2,ACTIVE
2025-26,24,qxb6cn3omd8zja6h,06mk8,ACTIVE
2025-26,24,qxb6cn3omd8zja6h,04qrr,ACTIVE
2025-26,24,mjm1574cmd8zja6n,05uiq,ACTIVE
2025-26,24,mjm1574cmd8zja6n,04ewn,ACTIVE
2025-26,24,mjm1574cmd8zja6n,05uig,ACTIVE
2025-26,24,mjm1574cmd8zja6n,05qtj,ACTIVE
2025-26,24,mjm1574cmd8zja6n,01uyj,ACTIVE
2025-26,24,mjm1574cmd8zja6n,042n1,ACTIVE
2025-26,24,mjm1574cmd8zja6n,05uii,ACTIVE
2025-26,24,mjm1574cmd8zja6n,02nfz,ACTIVE
2025-26,24,mjm1574cmd8zja6n,06cc7,ACTIVE
2025-26,24,mjm1574cmd8zja6n,01eo6,ACTIVE
2025-26,24,mjm1574cmd8zja6n,027oj,ACTIVE
2025-26,24,mjm1574cmd8zja6n,03el5,ACTIVE
2025-26,24,mjm1574cmd8zja6n,06217,ACTIVE
2025-26,24,mjm1574cmd8zja6n,06v5n,ACTIVE
2025-26,24,mjm1574cmd8zja6n,0621q,ACTIVE
2025-26,24,mjm1574cmd8zja6n,000zv,ACTIVE
2025-26,24,mjm1574cmd8zja6n,01eo9,ACTIVE
2025-26,24,mjm1574cmd8zja6n,02nf3,ACTIVE
2025-26,24,mjm1574cmd8zja6n,042n7,ACTIVE
2025-26,24,mjm1574cmd8zja6n,042nq,ACTIVE
2025-26,24,sha0v3f8md8zja6k,06v5r,ACTIVE
2025-26,24,sha0v3f8md8zja6k,04qrn,ACTIVE
2025-26,24,sha0v3f8md8zja6k,04ewm,ACTIVE
2025-26,24,sha0v3f8md8zja6k,06v5a,ACTIVE
2025-26,24,sha0v3f8md8zja6k,03xmv,ACTIVE
2025-26,24,sha0v3f8md8zja6k,06226,ACTIVE
2025-26,24,sha0v3f8md8zja6k,06mkd,ACTIVE
2025-26,24,sha0v3f8md8zja6k,05uj4,ACTIVE
2025-26,24,sha0v3f8md8zja6k,04qsd,ACTIVE
2025-26,24,sha0v3f8md8zja6k,06mk6,ACTIVE
2025-26,24,sha0v3f8md8zja6k,04qrm,ACTIVE
2025-26,24,sha0v3f8md8zja6k,04qrp,ACTIVE
2025-26,24,sha0v3f8md8zja6k,04qro,ACTIVE
2025-26,24,sha0v3f8md8zja6k,05uie,ACTIVE
2025-26,24,sha0v3f8md8zja6k,04ewf,ACTIVE
2025-26,24,sha0v3f8md8zja6k,06v58,ACTIVE
2025-26,24,sha0v3f8md8zja6k,06cd4,ACTIVE
2025-26,24,sha0v3f8md8zja6k,05ujd,ACTIVE
2025-26,24,sha0v3f8md8zja6k,042nf,ACTIVE
2025-26,24,sha0v3f8md8zja6k,051on,ACTIVE
2025-26,24,8htzhjs2md8zja6l,06211,ACTIVE
2025-26,24,8htzhjs2md8zja6l,06mjv,ACTIVE
2025-26,24,8htzhjs2md8zja6l,06mjw,ACTIVE
2025-26,24,8htzhjs2md8zja6l,05uup,ACTIVE
2025-26,24,8htzhjs2md8zja6l,05qug,ACTIVE
2025-26,24,8htzhjs2md8zja6l,03al2,ACTIVE
2025-26,24,8htzhjs2md8zja6l,05qsq,ACTIVE
2025-26,24,8htzhjs2md8zja6l,0621k,ACTIVE
2025-26,24,8htzhjs2md8zja6l,03xmt,ACTIVE
2025-26,24,8htzhjs2md8zja6l,005kc,ACTIVE
2025-26,24,8htzhjs2md8zja6l,06mkg,ACTIVE
2025-26,24,8htzhjs2md8zja6l,04ewu,ACTIVE
2025-26,24,8htzhjs2md8zja6l,03al0,ACTIVE
2025-26,24,8htzhjs2md8zja6l,03lls,ACTIVE
2025-26,24,8htzhjs2md8zja6l,06ccf,ACTIVE
2025-26,24,8htzhjs2md8zja6l,04azw,ACTIVE
2025-26,24,8htzhjs2md8zja6l,02ym0,ACTIVE
2025-26,24,8htzhjs2md8zja6l,0011e,ACTIVE
2025-26,24,8htzhjs2md8zja6l,06cc1,ACTIVE
2025-26,24,8htzhjs2md8zja6l,06218,ACTIVE
2025-26,24,7kj0njiwmd8zja6g,001aw,ACTIVE
2025-26,24,7kj0njiwmd8zja6g,0621l,ACTIVE
2025-26,24,7kj0njiwmd8zja6g,04ewt,ACTIVE
2025-26,24,7kj0njiwmd8zja6g,06v5h,ACTIVE
2025-26,24,7kj0njiwmd8zja6g,02nf1,ACTIVE
2025-26,24,7kj0njiwmd8zja6g,03ad4,ACTIVE
2025-26,24,7kj0njiwmd8zja6g,0621e,ACTIVE
2025-26,24,7kj0njiwmd8zja6g,02ng3,ACTIVE
2025-26,24,7kj0njiwmd8zja6g,051oi,ACTIVE
2025-26,24,7kj0njiwmd8zja6g,04qrk,ACTIVE
2025-26,24,7kj0njiwmd8zja6g,06cca,ACTIVE
2025-26,24,7kj0njiwmd8zja6g,049kd,ACTIVE
2025-26,24,7kj0njiwmd8zja6g,05uj9,ACTIVE
2025-26,24,7kj0njiwmd8zja6g,0496e,ACTIVE
2025-26,24,7kj0njiwmd8zja6g,0623a,ACTIVE
2025-26,24,7kj0njiwmd8zja6g,05uif,ACTIVE
2025-26,24,7kj0njiwmd8zja6g,05uiw,ACTIVE
2025-26,24,7kj0njiwmd8zja6g,051os,ACTIVE
2025-26,24,7kj0njiwmd8zja6g,049ka,ACTIVE
2025-26,24,7kj0njiwmd8zja6g,06cby,ACTIVE
2025-26,24,nmbx4rkzmd8zja6m,06cac,ACTIVE
2025-26,24,nmbx4rkzmd8zja6m,05qto,ACTIVE
2025-26,24,nmbx4rkzmd8zja6m,06cc8,ACTIVE
2025-26,24,nmbx4rkzmd8zja6m,06mkj,ACTIVE
2025-26,24,nmbx4rkzmd8zja6m,06ca8,ACTIVE
2025-26,24,nmbx4rkzmd8zja6m,05uih,ACTIVE
2025-26,24,nmbx4rkzmd8zja6m,03ad3,ACTIVE
2025-26,24,nmbx4rkzmd8zja6m,06mln,ACTIVE
2025-26,24,nmbx4rkzmd8zja6m,051oh,ACTIVE
2025-26,24,nmbx4rkzmd8zja6m,05qtt,ACTIVE
2025-26,24,nmbx4rkzmd8zja6m,05uir,ACTIVE
2025-26,24,nmbx4rkzmd8zja6m,05uiz,ACTIVE
2025-26,24,nmbx4rkzmd8zja6m,05qu0,ACTIVE
2025-26,24,nmbx4rkzmd8zja6m,06cbz,ACTIVE
2025-26,24,nmbx4rkzmd8zja6m,06mk3,ACTIVE
2025-26,24,nmbx4rkzmd8zja6m,027oz,ACTIVE
2025-26,24,nmbx4rkzmd8zja6m,03r7z,ACTIVE
2025-26,24,nmbx4rkzmd8zja6m,03nwm,ACTIVE
2025-26,24,nmbx4rkzmd8zja6m,06mju,ACTIVE
2025-26,24,nmbx4rkzmd8zja6m,051ol,ACTIVE
2025-26,24,mp3txfdsmd8zja6i,06v57,ACTIVE
2025-26,24,mp3txfdsmd8zja6i,042n4,ACTIVE
2025-26,24,mp3txfdsmd8zja6i,051p9,ACTIVE
2025-26,24,mp3txfdsmd8zja6i,03ad2,ACTIVE
2025-26,24,mp3txfdsmd8zja6i,03e75,ACTIVE
2025-26,24,mp3txfdsmd8zja6i,042nm,ACTIVE
2025-26,24,mp3txfdsmd8zja6i,04ewk,ACTIVE
2025-26,24,mp3txfdsmd8zja6i,027pe,ACTIVE
2025-26,24,mp3txfdsmd8zja6i,06mll,ACTIVE
2025-26,24,mp3txfdsmd8zja6i,05uic,ACTIVE
2025-26,24,mp3txfdsmd8zja6i,06mkl,ACTIVE
2025-26,24,mp3txfdsmd8zja6i,03nwk,ACTIVE
2025-26,24,mp3txfdsmd8zja6i,04qs1,ACTIVE
2025-26,24,mp3txfdsmd8zja6i,051op,ACTIVE
2025-26,24,mp3txfdsmd8zja6i,05ujt,ACTIVE
2025-26,24,mp3txfdsmd8zja6i,051pb,ACTIVE
2025-26,24,mp3txfdsmd8zja6i,06mk7,ACTIVE
2025-26,24,mp3txfdsmd8zja6i,04qse,ACTIVE
2025-26,24,mp3txfdsmd8zja6i,049kc,ACTIVE
2025-26,24,mp3txfdsmd8zja6i,06v56,ACTIVE
2025-26,24,q86f43pcmd8zja6k,027oo,ACTIVE
2025-26,24,q86f43pcmd8zja6k,0015e,ACTIVE
2025-26,24,q86f43pcmd8zja6k,049kb,ACTIVE
2025-26,24,q86f43pcmd8zja6k,027p4,ACTIVE
2025-26,24,q86f43pcmd8zja6k,0527h,ACTIVE
2025-26,24,q86f43pcmd8zja6k,051p8,ACTIVE
2025-26,24,q86f43pcmd8zja6k,04qru,ACTIVE
2025-26,24,q86f43pcmd8zja6k,03wr4,ACTIVE
2025-26,24,q86f43pcmd8zja6k,027ou,ACTIVE
2025-26,24,q86f43pcmd8zja6k,031lx,ACTIVE
2025-26,24,q86f43pcmd8zja6k,027p0,ACTIVE
2025-26,24,q86f43pcmd8zja6k,06mle,ACTIVE
2025-26,24,q86f43pcmd8zja6k,04kj6,ACTIVE
2025-26,24,q86f43pcmd8zja6k,01eon,ACTIVE
2025-26,24,q86f43pcmd8zja6k,06213,ACTIVE
2025-26,24,q86f43pcmd8zja6k,03ajv,ACTIVE
2025-26,24,q86f43pcmd8zja6k,042n3,ACTIVE
2025-26,24,q86f43pcmd8zja6k,03ams,ACTIVE
2025-26,24,q86f43pcmd8zja6k,04qrl,ACTIVE
2025-26,24,q86f43pcmd8zja6k,05uij,ACTIVE
2025-26,24,nmlbr2ppmd8zja6n,05qtv,ACTIVE
2025-26,24,nmlbr2ppmd8zja6n,06mjt,ACTIVE
2025-26,24,nmlbr2ppmd8zja6n,06v5e,ACTIVE
2025-26,24,nmlbr2ppmd8zja6n,06v5g,ACTIVE
2025-26,24,nmlbr2ppmd8zja6n,0621c,ACTIVE
2025-26,24,nmlbr2ppmd8zja6n,01enh,ACTIVE
2025-26,24,nmlbr2ppmd8zja6n,05uug,ACTIVE
2025-26,24,nmlbr2ppmd8zja6n,05uj1,ACTIVE
2025-26,24,nmlbr2ppmd8zja6n,06mjz,ACTIVE
2025-26,24,nmlbr2ppmd8zja6n,06215,ACTIVE
2025-26,24,nmlbr2ppmd8zja6n,06cdn,ACTIVE
2025-26,24,nmlbr2ppmd8zja6n,05uid,ACTIVE
2025-26,24,nmlbr2ppmd8zja6n,05uib,ACTIVE
2025-26,24,nmlbr2ppmd8zja6n,0621b,ACTIVE
2025-26,24,nmlbr2ppmd8zja6n,0621g,ACTIVE
2025-26,24,nmlbr2ppmd8zja6n,05qt4,ACTIVE
2025-26,24,nmlbr2ppmd8zja6n,042nt,ACTIVE
2025-26,24,nmlbr2ppmd8zja6n,05qt3,ACTIVE
2025-26,24,nmlbr2ppmd8zja6n,06v5k,ACTIVE
2025-26,24,nmlbr2ppmd8zja6n,0621u,ACTIVE
2025-26,24,mm10q3fvmd8zja6j,06v80,ACTIVE
2025-26,24,mm10q3fvmd8zja6j,05uus,ACTIVE
2025-26,24,mm10q3fvmd8zja6j,05uiu,ACTIVE
2025-26,24,mm10q3fvmd8zja6j,031m4,ACTIVE
2025-26,24,mm10q3fvmd8zja6j,06mk1,ACTIVE
2025-26,24,mm10q3fvmd8zja6j,051pa,ACTIVE
2025-26,24,mm10q3fvmd8zja6j,04ewe,ACTIVE
2025-26,24,mm10q3fvmd8zja6j,051or,ACTIVE
2025-26,24,mm10q3fvmd8zja6j,06v5y,ACTIVE
2025-26,24,mm10q3fvmd8zja6j,06ca7,ACTIVE
2025-26,24,mm10q3fvmd8zja6j,06cch,ACTIVE
2025-26,24,mm10q3fvmd8zja6j,03nwn,ACTIVE
2025-26,24,mm10q3fvmd8zja6j,06216,ACTIVE
2025-26,24,mm10q3fvmd8zja6j,06210,ACTIVE
2025-26,24,mm10q3fvmd8zja6j,042n6,ACTIVE
2025-26,24,mm10q3fvmd8zja6j,05qu9,ACTIVE
2025-26,24,mm10q3fvmd8zja6j,06v5l,ACTIVE
2025-26,24,mm10q3fvmd8zja6j,0017e,ACTIVE
2025-26,24,mm10q3fvmd8zja6j,051ok,ACTIVE
2025-26,24,mm10q3fvmd8zja6j,04ex8,ACTIVE
2025-26,25,qxb6cn3omd8zja6h,031m2,ACTIVE
2025-26,25,qxb6cn3omd8zja6h,05qsx,ACTIVE
2025-26,25,qxb6cn3omd8zja6h,06212,ACTIVE
2025-26,25,qxb6cn3omd8zja6h,02xg9,ACTIVE
2025-26,25,qxb6cn3omd8zja6h,051oj,ACTIVE
2025-26,25,qxb6cn3omd8zja6h,05qtl,ACTIVE
2025-26,25,qxb6cn3omd8zja6h,051ot,ACTIVE
2025-26,25,qxb6cn3omd8zja6h,04ex6,ACTIVE
2025-26,25,qxb6cn3omd8zja6h,05qt1,ACTIVE
2025-26,25,qxb6cn3omd8zja6h,051pi,ACTIVE
2025-26,25,qxb6cn3omd8zja6h,04ewr,ACTIVE
2025-26,25,qxb6cn3omd8zja6h,05ujc,ACTIVE
2025-26,25,qxb6cn3omd8zja6h,04qsa,ACTIVE
2025-26,25,qxb6cn3omd8zja6h,06214,ACTIVE
2025-26,25,qxb6cn3omd8zja6h,05qtr,ACTIVE
2025-26,25,qxb6cn3omd8zja6h,05ujq,ACTIVE
2025-26,25,qxb6cn3omd8zja6h,04qrj,ACTIVE
2025-26,25,qxb6cn3omd8zja6h,03aq2,ACTIVE
2025-26,25,qxb6cn3omd8zja6h,06mk8,ACTIVE
2025-26,25,qxb6cn3omd8zja6h,04qrr,ACTIVE
2025-26,25,mjm1574cmd8zja6n,05uiq,ACTIVE
2025-26,25,mjm1574cmd8zja6n,04ewn,ACTIVE
2025-26,25,mjm1574cmd8zja6n,05uig,ACTIVE
2025-26,25,mjm1574cmd8zja6n,05qtj,ACTIVE
2025-26,25,mjm1574cmd8zja6n,01uyj,ACTIVE
2025-26,25,mjm1574cmd8zja6n,042n1,ACTIVE
2025-26,25,mjm1574cmd8zja6n,05uii,ACTIVE
2025-26,25,mjm1574cmd8zja6n,02nfz,ACTIVE
2025-26,25,mjm1574cmd8zja6n,06cc7,ACTIVE
2025-26,25,mjm1574cmd8zja6n,01eo6,ACTIVE
2025-26,25,mjm1574cmd8zja6n,027oj,ACTIVE
2025-26,25,mjm1574cmd8zja6n,03el5,ACTIVE
2025-26,25,mjm1574cmd8zja6n,06217,ACTIVE
2025-26,25,mjm1574cmd8zja6n,06v5n,ACTIVE
2025-26,25,mjm1574cmd8zja6n,0621q,ACTIVE
2025-26,25,mjm1574cmd8zja6n,000zv,ACTIVE
2025-26,25,mjm1574cmd8zja6n,01eo9,ACTIVE
2025-26,25,mjm1574cmd8zja6n,02nf3,ACTIVE
2025-26,25,mjm1574cmd8zja6n,042n7,ACTIVE
2025-26,25,mjm1574cmd8zja6n,042nq,ACTIVE
2025-26,25,sha0v3f8md8zja6k,06v5r,ACTIVE
2025-26,25,sha0v3f8md8zja6k,04qrn,ACTIVE
2025-26,25,sha0v3f8md8zja6k,04ewm,ACTIVE
2025-26,25,sha0v3f8md8zja6k,06v5a,ACTIVE
2025-26,25,sha0v3f8md8zja6k,03xmv,ACTIVE
2025-26,25,sha0v3f8md8zja6k,06226,ACTIVE
2025-26,25,sha0v3f8md8zja6k,06mkd,ACTIVE
2025-26,25,sha0v3f8md8zja6k,05uj4,ACTIVE
2025-26,25,sha0v3f8md8zja6k,04qsd,ACTIVE
2025-26,25,sha0v3f8md8zja6k,06mk6,ACTIVE
2025-26,25,sha0v3f8md8zja6k,04qrm,ACTIVE
2025-26,25,sha0v3f8md8zja6k,04qrp,ACTIVE
2025-26,25,sha0v3f8md8zja6k,04qro,ACTIVE
2025-26,25,sha0v3f8md8zja6k,05uie,ACTIVE
2025-26,25,sha0v3f8md8zja6k,04ewf,ACTIVE
2025-26,25,sha0v3f8md8zja6k,06v58,ACTIVE
2025-26,25,sha0v3f8md8zja6k,06cd4,ACTIVE
2025-26,25,sha0v3f8md8zja6k,05ujd,ACTIVE
2025-26,25,sha0v3f8md8zja6k,042nf,ACTIVE
2025-26,25,sha0v3f8md8zja6k,051on,ACTIVE
2025-26,25,8htzhjs2md8zja6l,06211,ACTIVE
2025-26,25,8htzhjs2md8zja6l,06mjv,ACTIVE
2025-26,25,8htzhjs2md8zja6l,06mjw,ACTIVE
2025-26,25,8htzhjs2md8zja6l,05uup,ACTIVE
2025-26,25,8htzhjs2md8zja6l,05qug,ACTIVE
2025-26,25,8htzhjs2md8zja6l,03al2,ACTIVE
2025-26,25,8htzhjs2md8zja6l,05qsq,ACTIVE
2025-26,25,8htzhjs2md8zja6l,0621k,ACTIVE
2025-26,25,8htzhjs2md8zja6l,03xmt,ACTIVE
2025-26,25,8htzhjs2md8zja6l,005kc,ACTIVE
2025-26,25,8htzhjs2md8zja6l,06mkg,ACTIVE
2025-26,25,8htzhjs2md8zja6l,04ewu,ACTIVE
2025-26,25,8htzhjs2md8zja6l,03al0,ACTIVE
2025-26,25,8htzhjs2md8zja6l,03lls,ACTIVE
2025-26,25,8htzhjs2md8zja6l,06ccf,ACTIVE
2025-26,25,8htzhjs2md8zja6l,04azw,ACTIVE
2025-26,25,8htzhjs2md8zja6l,02ym0,ACTIVE
2025-26,25,8htzhjs2md8zja6l,0011e,ACTIVE
2025-26,25,8htzhjs2md8zja6l,06cc1,ACTIVE
2025-26,25,8htzhjs2md8zja6l,06218,ACTIVE
2025-26,25,7kj0njiwmd8zja6g,001aw,ACTIVE
2025-26,25,7kj0njiwmd8zja6g,0621l,ACTIVE
2025-26,25,7kj0njiwmd8zja6g,04ewt,ACTIVE
2025-26,25,7kj0njiwmd8zja6g,06v5h,ACTIVE
2025-26,25,7kj0njiwmd8zja6g,02nf1,ACTIVE
2025-26,25,7kj0njiwmd8zja6g,03ad4,ACTIVE
2025-26,25,7kj0njiwmd8zja6g,0621e,ACTIVE
2025-26,25,7kj0njiwmd8zja6g,02ng3,ACTIVE
2025-26,25,7kj0njiwmd8zja6g,051oi,ACTIVE
2025-26,25,7kj0njiwmd8zja6g,04qrk,ACTIVE
2025-26,25,7kj0njiwmd8zja6g,06cca,ACTIVE
2025-26,25,7kj0njiwmd8zja6g,049kd,ACTIVE
2025-26,25,7kj0njiwmd8zja6g,05uj9,ACTIVE
2025-26,25,7kj0njiwmd8zja6g,0496e,ACTIVE
2025-26,25,7kj0njiwmd8zja6g,0623a,ACTIVE
2025-26,25,7kj0njiwmd8zja6g,05uif,ACTIVE
2025-26,25,7kj0njiwmd8zja6g,05uiw,ACTIVE
2025-26,25,7kj0njiwmd8zja6g,051os,ACTIVE
2025-26,25,7kj0njiwmd8zja6g,049ka,ACTIVE
2025-26,25,7kj0njiwmd8zja6g,06cby,ACTIVE
2025-26,25,nmbx4rkzmd8zja6m,06cac,ACTIVE
2025-26,25,nmbx4rkzmd8zja6m,05qto,ACTIVE
2025-26,25,nmbx4rkzmd8zja6m,06cc8,ACTIVE
2025-26,25,nmbx4rkzmd8zja6m,06mkj,ACTIVE
2025-26,25,nmbx4rkzmd8zja6m,06ca8,ACTIVE
2025-26,25,nmbx4rkzmd8zja6m,05uih,ACTIVE
2025-26,25,nmbx4rkzmd8zja6m,03ad3,ACTIVE
2025-26,25,nmbx4rkzmd8zja6m,06mln,ACTIVE
2025-26,25,nmbx4rkzmd8zja6m,051oh,ACTIVE
2025-26,25,nmbx4rkzmd8zja6m,05qtt,ACTIVE
2025-26,25,nmbx4rkzmd8zja6m,05uir,ACTIVE
2025-26,25,nmbx4rkzmd8zja6m,05uiz,ACTIVE
2025-26,25,nmbx4rkzmd8zja6m,05qu0,ACTIVE
2025-26,25,nmbx4rkzmd8zja6m,06cbz,ACTIVE
2025-26,25,nmbx4rkzmd8zja6m,06mk3,ACTIVE
2025-26,25,nmbx4rkzmd8zja6m,027oz,ACTIVE
2025-26,25,nmbx4rkzmd8zja6m,03r7z,ACTIVE
2025-26,25,nmbx4rkzmd8zja6m,03nwm,ACTIVE
2025-26,25,nmbx4rkzmd8zja6m,06mju,ACTIVE
2025-26,25,nmbx4rkzmd8zja6m,051ol,ACTIVE
2025-26,25,mp3txfdsmd8zja6i,06v57,ACTIVE
2025-26,25,mp3txfdsmd8zja6i,042n4,ACTIVE
2025-26,25,mp3txfdsmd8zja6i,051p9,ACTIVE
2025-26,25,mp3txfdsmd8zja6i,03ad2,ACTIVE
2025-26,25,mp3txfdsmd8zja6i,03e75,ACTIVE
2025-26,25,mp3txfdsmd8zja6i,042nm,ACTIVE
2025-26,25,mp3txfdsmd8zja6i,04ewk,ACTIVE
2025-26,25,mp3txfdsmd8zja6i,027pe,ACTIVE
2025-26,25,mp3txfdsmd8zja6i,06mll,ACTIVE
2025-26,25,mp3txfdsmd8zja6i,05uic,ACTIVE
2025-26,25,mp3txfdsmd8zja6i,06mkl,ACTIVE
2025-26,25,mp3txfdsmd8zja6i,03nwk,ACTIVE
2025-26,25,mp3txfdsmd8zja6i,04qs1,ACTIVE
2025-26,25,mp3txfdsmd8zja6i,051op,ACTIVE
2025-26,25,mp3txfdsmd8zja6i,05ujt,ACTIVE
2025-26,25,mp3txfdsmd8zja6i,051pb,ACTIVE
2025-26,25,mp3txfdsmd8zja6i,06mk7,ACTIVE
2025-26,25,mp3txfdsmd8zja6i,04qse,ACTIVE
2025-26,25,mp3txfdsmd8zja6i,049kc,ACTIVE
2025-26,25,mp3txfdsmd8zja6i,06v56,ACTIVE
2025-26,25,q86f43pcmd8zja6k,027oo,ACTIVE
2025-26,25,q86f43pcmd8zja6k,0015e,ACTIVE
2025-26,25,q86f43pcmd8zja6k,049kb,ACTIVE
2025-26,25,q86f43pcmd8zja6k,027p4,ACTIVE
2025-26,25,q86f43pcmd8zja6k,0527h,ACTIVE
2025-26,25,q86f43pcmd8zja6k,051p8,ACTIVE
2025-26,25,q86f43pcmd8zja6k,04qru,ACTIVE
2025-26,25,q86f43pcmd8zja6k,03wr4,ACTIVE
2025-26,25,q86f43pcmd8zja6k,027ou,ACTIVE
2025-26,25,q86f43pcmd8zja6k,031lx,ACTIVE
2025-26,25,q86f43pcmd8zja6k,027p0,ACTIVE
2025-26,25,q86f43pcmd8zja6k,06mle,ACTIVE
2025-26,25,q86f43pcmd8zja6k,04kj6,ACTIVE
2025-26,25,q86f43pcmd8zja6k,01eon,ACTIVE
2025-26,25,q86f43pcmd8zja6k,06213,ACTIVE
2025-26,25,q86f43pcmd8zja6k,03ajv,ACTIVE
2025-26,25,q86f43pcmd8zja6k,042n3,ACTIVE
2025-26,25,q86f43pcmd8zja6k,03ams,ACTIVE
2025-26,25,q86f43pcmd8zja6k,04qrl,ACTIVE
2025-26,25,q86f43pcmd8zja6k,05uij,ACTIVE
2025-26,25,nmlbr2ppmd8zja6n,05qtv,ACTIVE
2025-26,25,nmlbr2ppmd8zja6n,06mjt,ACTIVE
2025-26,25,nmlbr2ppmd8zja6n,06v5e,ACTIVE
2025-26,25,nmlbr2ppmd8zja6n,06v5g,ACTIVE
2025-26,25,nmlbr2ppmd8zja6n,0621c,ACTIVE
2025-26,25,nmlbr2ppmd8zja6n,01enh,ACTIVE
2025-26,25,nmlbr2ppmd8zja6n,05uug,ACTIVE
2025-26,25,nmlbr2ppmd8zja6n,05uj1,ACTIVE
2025-26,25,nmlbr2ppmd8zja6n,06mjz,ACTIVE
2025-26,25,nmlbr2ppmd8zja6n,06215,ACTIVE
2025-26,25,nmlbr2ppmd8zja6n,06cdn,ACTIVE
2025-26,25,nmlbr2ppmd8zja6n,05uid,ACTIVE
2025-26,25,nmlbr2ppmd8zja6n,05uib,ACTIVE
2025-26,25,nmlbr2ppmd8zja6n,0621b,ACTIVE
2025-26,25,nmlbr2ppmd8zja6n,0621g,ACTIVE
2025-26,25,nmlbr2ppmd8zja6n,05qt4,ACTIVE
2025-26,25,nmlbr2ppmd8zja6n,042nt,ACTIVE
2025-26,25,nmlbr2ppmd8zja6n,05qt3,ACTIVE
2025-26,25,nmlbr2ppmd8zja6n,06v5k,ACTIVE
2025-26,25,nmlbr2ppmd8zja6n,0621u,ACTIVE
2025-26,25,mm10q3fvmd8zja6j,06v80,ACTIVE
2025-26,25,mm10q3fvmd8zja6j,05uus,ACTIVE
2025-26,25,mm10q3fvmd8zja6j,05uiu,ACTIVE
2025-26,25,mm10q3fvmd8zja6j,031m4,ACTIVE
2025-26,25,mm10q3fvmd8zja6j,06mk1,ACTIVE
2025-26,25,mm10q3fvmd8zja6j,051pa,ACTIVE
2025-26,25,mm10q3fvmd8zja6j,04ewe,ACTIVE
2025-26,25,mm10q3fvmd8zja6j,051or,ACTIVE
2025-26,25,mm10q3fvmd8zja6j,06v5y,ACTIVE
2025-26,25,mm10q3fvmd8zja6j,06ca7,ACTIVE
2025-26,25,mm10q3fvmd8zja6j,06cch,ACTIVE
2025-26,25,mm10q3fvmd8zja6j,03nwn,ACTIVE
2025-26,25,mm10q3fvmd8zja6j,06216,ACTIVE
2025-26,25,mm10q3fvmd8zja6j,06210,ACTIVE
2025-26,25,mm10q3fvmd8zja6j,042n6,ACTIVE
2025-26,25,mm10q3fvmd8zja6j,05qu9,ACTIVE
2025-26,25,mm10q3fvmd8zja6j,06v5l,ACTIVE
2025-26,25,mm10q3fvmd8zja6j,0017e,ACTIVE
2025-26,25,mm10q3fvmd8zja6j,051ok,ACTIVE
2025-26,25,mm10q3fvmd8zja6j,04ex8,ACTIVE
2026-27,1,7j0egupgmsc25eb8,05qtv,ACTIVE
2026-27,1,7j0egupgmsc25eb8,04azw,ACTIVE
2026-27,1,7j0egupgmsc25eb8,05qto,ACTIVE
2026-27,1,7j0egupgmsc25eb8,06mjz,ACTIVE
2026-27,1,7j0egupgmsc25eb8,04ewe,ACTIVE
2026-27,1,7j0egupgmsc25eb8,05qtj,ACTIVE
2026-27,1,dee3tx9omsc25eb8,04kj6,ACTIVE
2026-27,1,dee3tx9omsc25eb8,0011e,ACTIVE
2026-27,1,dee3tx9omsc25eb8,001aw,ACTIVE
2026-27,1,dee3tx9omsc25eb8,04qrj,ACTIVE
2026-27,1,dee3tx9omsc25eb8,03nwm,ACTIVE
2026-27,1,dee3tx9omsc25eb8,0621l,ACTIVE
2026-27,1,oca9h5l7msc25eb8,05qtt,ACTIVE
2026-27,1,oca9h5l7msc25eb8,05uid,ACTIVE
2026-27,1,oca9h5l7msc25eb8,05uus,ACTIVE
2026-27,1,oca9h5l7msc25eb8,03al2,ACTIVE
2026-27,1,oca9h5l7msc25eb8,05uiq,ACTIVE
2026-27,1,oca9h5l7msc25eb8,031m2,ACTIVE
2026-27,1,e7ctu5b1msc25eb8,04ewt,ACTIVE
2026-27,1,e7ctu5b1msc25eb8,01enh,ACTIVE
2026-27,1,e7ctu5b1msc25eb8,02nf1,ACTIVE
2026-27,1,e7ctu5b1msc25eb8,03ad3,ACTIVE
2026-27,1,e7ctu5b1msc25eb8,05qt3,ACTIVE
2026-27,1,e7ctu5b1msc25eb8,05uib,ACTIVE
2026-27,1,yr8isikimsc25eb8,0621b,ACTIVE
2026-27,1,yr8isikimsc25eb8,04ewf,ACTIVE
2026-27,1,yr8isikimsc25eb8,04qrk,ACTIVE
2026-27,1,yr8isikimsc25eb8,03e75,ACTIVE
2026-27,1,yr8isikimsc25eb8,05uir,ACTIVE
2026-27,1,64eyswtomsc25eb8,05uiu,ACTIVE
2026-27,1,64eyswtomsc25eb8,06v5n,ACTIVE
2026-27,1,64eyswtomsc25eb8,0527h,ACTIVE
2026-27,1,64eyswtomsc25eb8,01eo6,ACTIVE
2026-27,1,64eyswtomsc25eb8,06v5l,ACTIVE
2026-27,1,64eyswtomsc25eb8,042n4,ACTIVE
2026-27,1,zdbv2x8ymsc25eb8,042nm,ACTIVE
2026-27,1,zdbv2x8ymsc25eb8,06ca8,ACTIVE
2026-27,1,zdbv2x8ymsc25eb8,051ol,ACTIVE
2026-27,1,zdbv2x8ymsc25eb8,04qsa,ACTIVE
2026-27,1,zdbv2x8ymsc25eb8,02xg9,ACTIVE
2026-27,1,zdbv2x8ymsc25eb8,06cch,ACTIVE
2026-27,1,zbsh2iq2msc25eb8,076vc,ACTIVE
2026-27,1,zbsh2iq2msc25eb8,05qug,ACTIVE
2026-27,1,zbsh2iq2msc25eb8,06210,ACTIVE
2026-27,1,zbsh2iq2msc25eb8,049kb,ACTIVE
2026-27,1,zbsh2iq2msc25eb8,05uie,ACTIVE
2026-27,1,zbsh2iq2msc25eb8,03ajv,ACTIVE
2026-27,1,u3bnomv3msc25eb8,05qsq,ACTIVE
2026-27,1,u3bnomv3msc25eb8,06mjw,ACTIVE
2026-27,1,u3bnomv3msc25eb8,027oz,ACTIVE
2026-27,1,u3bnomv3msc25eb8,042n7,ACTIVE
2026-27,1,u3bnomv3msc25eb8,03xmv,ACTIVE
2026-27,1,u3bnomv3msc25eb8,06mk7,ACTIVE
2026-27,1,wazrfqctmsc25eb8,04qro,ACTIVE
2026-27,1,wazrfqctmsc25eb8,06cca,ACTIVE
2026-27,1,wazrfqctmsc25eb8,05uig,ACTIVE
2026-27,1,wazrfqctmsc25eb8,03lls,ACTIVE
2026-27,1,wazrfqctmsc25eb8,0621c,ACTIVE
2026-27,1,wazrfqctmsc25eb8,06211,ACTIVE
2026-27,2,7j0egupgmsc25eb8,05qtv,ACTIVE
2026-27,2,7j0egupgmsc25eb8,04azw,ACTIVE
2026-27,2,7j0egupgmsc25eb8,05qto,ACTIVE
2026-27,2,7j0egupgmsc25eb8,06mjz,ACTIVE
2026-27,2,7j0egupgmsc25eb8,04ewe,ACTIVE
2026-27,2,7j0egupgmsc25eb8,05qtj,ACTIVE
2026-27,2,dee3tx9omsc25eb8,04kj6,ACTIVE
2026-27,2,dee3tx9omsc25eb8,0011e,ACTIVE
2026-27,2,dee3tx9omsc25eb8,001aw,ACTIVE
2026-27,2,dee3tx9omsc25eb8,04qrj,ACTIVE
2026-27,2,dee3tx9omsc25eb8,03nwm,ACTIVE
2026-27,2,dee3tx9omsc25eb8,0621l,ACTIVE
2026-27,2,oca9h5l7msc25eb8,05qtt,ACTIVE
2026-27,2,oca9h5l7msc25eb8,05uid,ACTIVE
2026-27,2,oca9h5l7msc25eb8,05uus,ACTIVE
2026-27,2,oca9h5l7msc25eb8,03al2,ACTIVE
2026-27,2,oca9h5l7msc25eb8,05uiq,ACTIVE
2026-27,2,oca9h5l7msc25eb8,031m2,ACTIVE
2026-27,2,e7ctu5b1msc25eb8,04ewt,ACTIVE
2026-27,2,e7ctu5b1msc25eb8,01enh,ACTIVE
2026-27,2,e7ctu5b1msc25eb8,02nf1,ACTIVE
2026-27,2,e7ctu5b1msc25eb8,03ad3,ACTIVE
2026-27,2,e7ctu5b1msc25eb8,05qt3,ACTIVE
2026-27,2,e7ctu5b1msc25eb8,05uib,ACTIVE
2026-27,2,yr8isikimsc25eb8,0621b,ACTIVE
2026-27,2,yr8isikimsc25eb8,04ewf,ACTIVE
2026-27,2,yr8isikimsc25eb8,04qrk,ACTIVE
2026-27,2,yr8isikimsc25eb8,03e75,ACTIVE
2026-27,2,yr8isikimsc25eb8,05uir,ACTIVE
2026-27,2,64eyswtomsc25eb8,05uiu,ACTIVE
2026-27,2,64eyswtomsc25eb8,06v5n,ACTIVE
2026-27,2,64eyswtomsc25eb8,0527h,ACTIVE
2026-27,2,64eyswtomsc25eb8,01eo6,ACTIVE
2026-27,2,64eyswtomsc25eb8,06v5l,ACTIVE
2026-27,2,64eyswtomsc25eb8,042n4,ACTIVE
2026-27,2,zdbv2x8ymsc25eb8,042nm,ACTIVE
2026-27,2,zdbv2x8ymsc25eb8,06ca8,ACTIVE
2026-27,2,zdbv2x8ymsc25eb8,051ol,ACTIVE
2026-27,2,zdbv2x8ymsc25eb8,04qsa,ACTIVE
2026-27,2,zdbv2x8ymsc25eb8,02xg9,ACTIVE
2026-27,2,zdbv2x8ymsc25eb8,06cch,ACTIVE
2026-27,2,zbsh2iq2msc25eb8,076vc,ACTIVE
2026-27,2,zbsh2iq2msc25eb8,05qug,ACTIVE
2026-27,2,zbsh2iq2msc25eb8,06210,ACTIVE
2026-27,2,zbsh2iq2msc25eb8,049kb,ACTIVE
2026-27,2,zbsh2iq2msc25eb8,05uie,ACTIVE
2026-27,2,zbsh2iq2msc25eb8,03ajv,ACTIVE
2026-27,2,u3bnomv3msc25eb8,05qsq,ACTIVE
2026-27,2,u3bnomv3msc25eb8,06mjw,ACTIVE
2026-27,2,u3bnomv3msc25eb8,027oz,ACTIVE
2026-27,2,u3bnomv3msc25eb8,042n7,ACTIVE
2026-27,2,u3bnomv3msc25eb8,03xmv,ACTIVE
2026-27,2,u3bnomv3msc25eb8,06mk7,ACTIVE
2026-27,2,wazrfqctmsc25eb8,04qro,ACTIVE
2026-27,2,wazrfqctmsc25eb8,06cca,ACTIVE
2026-27,2,wazrfqctmsc25eb8,05uig,ACTIVE
2026-27,2,wazrfqctmsc25eb8,03lls,ACTIVE
2026-27,2,wazrfqctmsc25eb8,0621c,ACTIVE
2026-27,2,wazrfqctmsc25eb8,06211,ACTIVE
2026-27,3,7j0egupgmsc25eb8,05qtv,ACTIVE
2026-27,3,7j0egupgmsc25eb8,04azw,ACTIVE
2026-27,3,7j0egupgmsc25eb8,05qto,ACTIVE
2026-27,3,7j0egupgmsc25eb8,06mjz,ACTIVE
2026-27,3,7j0egupgmsc25eb8,04ewe,ACTIVE
2026-27,3,7j0egupgmsc25eb8,05qtj,ACTIVE
2026-27,3,dee3tx9omsc25eb8,04kj6,ACTIVE
2026-27,3,dee3tx9omsc25eb8,0011e,ACTIVE
2026-27,3,dee3tx9omsc25eb8,001aw,ACTIVE
2026-27,3,dee3tx9omsc25eb8,04qrj,ACTIVE
2026-27,3,dee3tx9omsc25eb8,03nwm,ACTIVE
2026-27,3,dee3tx9omsc25eb8,0621l,ACTIVE
2026-27,3,oca9h5l7msc25eb8,05qtt,ACTIVE
2026-27,3,oca9h5l7msc25eb8,05uid,ACTIVE
2026-27,3,oca9h5l7msc25eb8,05uus,ACTIVE
2026-27,3,oca9h5l7msc25eb8,03al2,ACTIVE
2026-27,3,oca9h5l7msc25eb8,05uiq,ACTIVE
2026-27,3,oca9h5l7msc25eb8,031m2,ACTIVE
2026-27,3,e7ctu5b1msc25eb8,04ewt,ACTIVE
2026-27,3,e7ctu5b1msc25eb8,01enh,ACTIVE
2026-27,3,e7ctu5b1msc25eb8,02nf1,ACTIVE
2026-27,3,e7ctu5b1msc25eb8,03ad3,ACTIVE
2026-27,3,e7ctu5b1msc25eb8,05qt3,ACTIVE
2026-27,3,e7ctu5b1msc25eb8,05uib,ACTIVE
2026-27,3,yr8isikimsc25eb8,0621b,ACTIVE
2026-27,3,yr8isikimsc25eb8,04ewf,ACTIVE
2026-27,3,yr8isikimsc25eb8,04qrk,ACTIVE
2026-27,3,yr8isikimsc25eb8,03e75,ACTIVE
2026-27,3,yr8isikimsc25eb8,05uir,ACTIVE
2026-27,3,64eyswtomsc25eb8,05uiu,ACTIVE
2026-27,3,64eyswtomsc25eb8,06v5n,ACTIVE
2026-27,3,64eyswtomsc25eb8,0527h,ACTIVE
2026-27,3,64eyswtomsc25eb8,01eo6,ACTIVE
2026-27,3,64eyswtomsc25eb8,06v5l,ACTIVE
2026-27,3,64eyswtomsc25eb8,042n4,ACTIVE
2026-27,3,zdbv2x8ymsc25eb8,042nm,ACTIVE
2026-27,3,zdbv2x8ymsc25eb8,06ca8,ACTIVE
2026-27,3,zdbv2x8ymsc25eb8,051ol,ACTIVE
2026-27,3,zdbv2x8ymsc25eb8,04qsa,ACTIVE
2026-27,3,zdbv2x8ymsc25eb8,02xg9,ACTIVE
2026-27,3,zdbv2x8ymsc25eb8,06cch,ACTIVE
2026-27,3,zbsh2iq2msc25eb8,076vc,ACTIVE
2026-27,3,zbsh2iq2msc25eb8,05qug,ACTIVE
2026-27,3,zbsh2iq2msc25eb8,06210,ACTIVE
2026-27,3,zbsh2iq2msc25eb8,049kb,ACTIVE
2026-27,3,zbsh2iq2msc25eb8,05uie,ACTIVE
2026-27,3,zbsh2iq2msc25eb8,03ajv,ACTIVE
2026-27,3,u3bnomv3msc25eb8,05qsq,ACTIVE
2026-27,3,u3bnomv3msc25eb8,06mjw,ACTIVE
2026-27,3,u3bnomv3msc25eb8,027oz,ACTIVE
2026-27,3,u3bnomv3msc25eb8,042n7,ACTIVE
2026-27,3,u3bnomv3msc25eb8,03xmv,ACTIVE
2026-27,3,u3bnomv3msc25eb8,06mk7,ACTIVE
2026-27,3,wazrfqctmsc25eb8,04qro,ACTIVE
2026-27,3,wazrfqctmsc25eb8,06cca,ACTIVE
2026-27,3,wazrfqctmsc25eb8,05uig,ACTIVE
2026-27,3,wazrfqctmsc25eb8,03lls,ACTIVE
2026-27,3,wazrfqctmsc25eb8,0621c,ACTIVE
2026-27,3,wazrfqctmsc25eb8,06211,ACTIVE
2026-27,4,7j0egupgmsc25eb8,05qtv,ACTIVE
2026-27,4,7j0egupgmsc25eb8,04azw,ACTIVE
2026-27,4,7j0egupgmsc25eb8,05qto,ACTIVE
2026-27,4,7j0egupgmsc25eb8,06mjz,ACTIVE
2026-27,4,7j0egupgmsc25eb8,04ewe,ACTIVE
2026-27,4,7j0egupgmsc25eb8,05qtj,ACTIVE
2026-27,4,dee3tx9omsc25eb8,04kj6,ACTIVE
2026-27,4,dee3tx9omsc25eb8,0011e,ACTIVE
2026-27,4,dee3tx9omsc25eb8,001aw,ACTIVE
2026-27,4,dee3tx9omsc25eb8,04qrj,ACTIVE
2026-27,4,dee3tx9omsc25eb8,03nwm,ACTIVE
2026-27,4,dee3tx9omsc25eb8,0621l,ACTIVE
2026-27,4,oca9h5l7msc25eb8,05qtt,ACTIVE
2026-27,4,oca9h5l7msc25eb8,05uid,ACTIVE
2026-27,4,oca9h5l7msc25eb8,05uus,ACTIVE
2026-27,4,oca9h5l7msc25eb8,03al2,ACTIVE
2026-27,4,oca9h5l7msc25eb8,05uiq,ACTIVE
2026-27,4,oca9h5l7msc25eb8,031m2,ACTIVE
2026-27,4,e7ctu5b1msc25eb8,04ewt,ACTIVE
2026-27,4,e7ctu5b1msc25eb8,01enh,ACTIVE
2026-27,4,e7ctu5b1msc25eb8,02nf1,ACTIVE
2026-27,4,e7ctu5b1msc25eb8,03ad3,ACTIVE
2026-27,4,e7ctu5b1msc25eb8,05qt3,ACTIVE
2026-27,4,e7ctu5b1msc25eb8,05uib,ACTIVE
2026-27,4,yr8isikimsc25eb8,0621b,ACTIVE
2026-27,4,yr8isikimsc25eb8,04ewf,ACTIVE
2026-27,4,yr8isikimsc25eb8,04qrk,ACTIVE
2026-27,4,yr8isikimsc25eb8,03e75,ACTIVE
2026-27,4,yr8isikimsc25eb8,05uir,ACTIVE
2026-27,4,64eyswtomsc25eb8,05uiu,ACTIVE
2026-27,4,64eyswtomsc25eb8,06v5n,ACTIVE
2026-27,4,64eyswtomsc25eb8,0527h,ACTIVE
2026-27,4,64eyswtomsc25eb8,01eo6,ACTIVE
2026-27,4,64eyswtomsc25eb8,06v5l,ACTIVE
2026-27,4,64eyswtomsc25eb8,042n4,ACTIVE
2026-27,4,zdbv2x8ymsc25eb8,042nm,ACTIVE
2026-27,4,zdbv2x8ymsc25eb8,06ca8,ACTIVE
2026-27,4,zdbv2x8ymsc25eb8,051ol,ACTIVE
2026-27,4,zdbv2x8ymsc25eb8,04qsa,ACTIVE
2026-27,4,zdbv2x8ymsc25eb8,02xg9,ACTIVE
2026-27,4,zdbv2x8ymsc25eb8,06cch,ACTIVE
2026-27,4,zbsh2iq2msc25eb8,076vc,ACTIVE
2026-27,4,zbsh2iq2msc25eb8,05qug,ACTIVE
2026-27,4,zbsh2iq2msc25eb8,06210,ACTIVE
2026-27,4,zbsh2iq2msc25eb8,049kb,ACTIVE
2026-27,4,zbsh2iq2msc25eb8,05uie,ACTIVE
2026-27,4,zbsh2iq2msc25eb8,03ajv,ACTIVE
2026-27,4,u3bnomv3msc25eb8,05qsq,ACTIVE
2026-27,4,u3bnomv3msc25eb8,06mjw,ACTIVE
2026-27,4,u3bnomv3msc25eb8,027oz,ACTIVE
2026-27,4,u3bnomv3msc25eb8,042n7,ACTIVE
2026-27,4,u3bnomv3msc25eb8,03xmv,ACTIVE
2026-27,4,u3bnomv3msc25eb8,06mk7,ACTIVE
2026-27,4,wazrfqctmsc25eb8,04qro,ACTIVE
2026-27,4,wazrfqctmsc25eb8,06cca,ACTIVE
2026-27,4,wazrfqctmsc25eb8,05uig,ACTIVE
2026-27,4,wazrfqctmsc25eb8,03lls,ACTIVE
2026-27,4,wazrfqctmsc25eb8,0621c,ACTIVE
2026-27,4,wazrfqctmsc25eb8,06211,ACTIVE
2026-27,5,7j0egupgmsc25eb8,05qtv,ACTIVE
2026-27,5,7j0egupgmsc25eb8,04azw,ACTIVE
2026-27,5,7j0egupgmsc25eb8,05qto,ACTIVE
2026-27,5,7j0egupgmsc25eb8,06mjz,ACTIVE
2026-27,5,7j0egupgmsc25eb8,04ewe,ACTIVE
2026-27,5,7j0egupgmsc25eb8,05qtj,ACTIVE
2026-27,5,dee3tx9omsc25eb8,04kj6,ACTIVE
2026-27,5,dee3tx9omsc25eb8,0011e,ACTIVE
2026-27,5,dee3tx9omsc25eb8,001aw,ACTIVE
2026-27,5,dee3tx9omsc25eb8,04qrj,ACTIVE
2026-27,5,dee3tx9omsc25eb8,03nwm,ACTIVE
2026-27,5,dee3tx9omsc25eb8,0621l,ACTIVE
2026-27,5,oca9h5l7msc25eb8,05qtt,ACTIVE
2026-27,5,oca9h5l7msc25eb8,05uid,ACTIVE
2026-27,5,oca9h5l7msc25eb8,05uus,ACTIVE
2026-27,5,oca9h5l7msc25eb8,03al2,ACTIVE
2026-27,5,oca9h5l7msc25eb8,05uiq,ACTIVE
2026-27,5,oca9h5l7msc25eb8,031m2,ACTIVE
2026-27,5,e7ctu5b1msc25eb8,04ewt,ACTIVE
2026-27,5,e7ctu5b1msc25eb8,01enh,ACTIVE
2026-27,5,e7ctu5b1msc25eb8,02nf1,ACTIVE
2026-27,5,e7ctu5b1msc25eb8,03ad3,ACTIVE
2026-27,5,e7ctu5b1msc25eb8,05qt3,ACTIVE
2026-27,5,e7ctu5b1msc25eb8,05uib,ACTIVE
2026-27,5,yr8isikimsc25eb8,0621b,ACTIVE
2026-27,5,yr8isikimsc25eb8,04ewf,ACTIVE
2026-27,5,yr8isikimsc25eb8,04qrk,ACTIVE
2026-27,5,yr8isikimsc25eb8,03e75,ACTIVE
2026-27,5,yr8isikimsc25eb8,05uir,ACTIVE
2026-27,5,64eyswtomsc25eb8,05uiu,ACTIVE
2026-27,5,64eyswtomsc25eb8,06v5n,ACTIVE
2026-27,5,64eyswtomsc25eb8,0527h,ACTIVE
2026-27,5,64eyswtomsc25eb8,01eo6,ACTIVE
2026-27,5,64eyswtomsc25eb8,06v5l,ACTIVE
2026-27,5,64eyswtomsc25eb8,042n4,ACTIVE
2026-27,5,zdbv2x8ymsc25eb8,042nm,ACTIVE
2026-27,5,zdbv2x8ymsc25eb8,06ca8,ACTIVE
2026-27,5,zdbv2x8ymsc25eb8,051ol,ACTIVE
2026-27,5,zdbv2x8ymsc25eb8,04qsa,ACTIVE
2026-27,5,zdbv2x8ymsc25eb8,02xg9,ACTIVE
2026-27,5,zdbv2x8ymsc25eb8,06cch,ACTIVE
2026-27,5,zbsh2iq2msc25eb8,076vc,ACTIVE
2026-27,5,zbsh2iq2msc25eb8,05qug,ACTIVE
2026-27,5,zbsh2iq2msc25eb8,06210,ACTIVE
2026-27,5,zbsh2iq2msc25eb8,049kb,ACTIVE
2026-27,5,zbsh2iq2msc25eb8,05uie,ACTIVE
2026-27,5,zbsh2iq2msc25eb8,03ajv,ACTIVE
2026-27,5,u3bnomv3msc25eb8,05qsq,ACTIVE
2026-27,5,u3bnomv3msc25eb8,06mjw,ACTIVE
2026-27,5,u3bnomv3msc25eb8,027oz,ACTIVE
2026-27,5,u3bnomv3msc25eb8,042n7,ACTIVE
2026-27,5,u3bnomv3msc25eb8,03xmv,ACTIVE
2026-27,5,u3bnomv3msc25eb8,06mk7,ACTIVE
2026-27,5,wazrfqctmsc25eb8,04qro,ACTIVE
2026-27,5,wazrfqctmsc25eb8,06cca,ACTIVE
2026-27,5,wazrfqctmsc25eb8,05uig,ACTIVE
2026-27,5,wazrfqctmsc25eb8,03lls,ACTIVE
2026-27,5,wazrfqctmsc25eb8,0621c,ACTIVE
2026-27,5,wazrfqctmsc25eb8,06211,ACTIVE
2026-27,6,7j0egupgmsc25eb8,05qtv,ACTIVE
2026-27,6,7j0egupgmsc25eb8,04azw,ACTIVE
2026-27,6,7j0egupgmsc25eb8,05qto,ACTIVE
2026-27,6,7j0egupgmsc25eb8,06mjz,ACTIVE
2026-27,6,7j0egupgmsc25eb8,04ewe,ACTIVE
2026-27,6,7j0egupgmsc25eb8,05qtj,ACTIVE
2026-27,6,dee3tx9omsc25eb8,04kj6,ACTIVE
2026-27,6,dee3tx9omsc25eb8,0011e,ACTIVE
2026-27,6,dee3tx9omsc25eb8,001aw,ACTIVE
2026-27,6,dee3tx9omsc25eb8,04qrj,ACTIVE
2026-27,6,dee3tx9omsc25eb8,03nwm,ACTIVE
2026-27,6,dee3tx9omsc25eb8,0621l,ACTIVE
2026-27,6,oca9h5l7msc25eb8,05qtt,ACTIVE
2026-27,6,oca9h5l7msc25eb8,05uid,ACTIVE
2026-27,6,oca9h5l7msc25eb8,05uus,ACTIVE
2026-27,6,oca9h5l7msc25eb8,03al2,ACTIVE
2026-27,6,oca9h5l7msc25eb8,05uiq,ACTIVE
2026-27,6,oca9h5l7msc25eb8,031m2,ACTIVE
2026-27,6,e7ctu5b1msc25eb8,04ewt,ACTIVE
2026-27,6,e7ctu5b1msc25eb8,01enh,ACTIVE
2026-27,6,e7ctu5b1msc25eb8,02nf1,ACTIVE
2026-27,6,e7ctu5b1msc25eb8,03ad3,ACTIVE
2026-27,6,e7ctu5b1msc25eb8,05qt3,ACTIVE
2026-27,6,e7ctu5b1msc25eb8,05uib,ACTIVE
2026-27,6,yr8isikimsc25eb8,0621b,ACTIVE
2026-27,6,yr8isikimsc25eb8,04ewf,ACTIVE
2026-27,6,yr8isikimsc25eb8,04qrk,ACTIVE
2026-27,6,yr8isikimsc25eb8,03e75,ACTIVE
2026-27,6,yr8isikimsc25eb8,05uir,ACTIVE
2026-27,6,64eyswtomsc25eb8,05uiu,ACTIVE
2026-27,6,64eyswtomsc25eb8,06v5n,ACTIVE
2026-27,6,64eyswtomsc25eb8,0527h,ACTIVE
2026-27,6,64eyswtomsc25eb8,01eo6,ACTIVE
2026-27,6,64eyswtomsc25eb8,06v5l,ACTIVE
2026-27,6,64eyswtomsc25eb8,042n4,ACTIVE
2026-27,6,zdbv2x8ymsc25eb8,042nm,ACTIVE
2026-27,6,zdbv2x8ymsc25eb8,06ca8,ACTIVE
2026-27,6,zdbv2x8ymsc25eb8,051ol,ACTIVE
2026-27,6,zdbv2x8ymsc25eb8,04qsa,ACTIVE
2026-27,6,zdbv2x8ymsc25eb8,02xg9,ACTIVE
2026-27,6,zdbv2x8ymsc25eb8,06cch,ACTIVE
2026-27,6,zbsh2iq2msc25eb8,076vc,ACTIVE
2026-27,6,zbsh2iq2msc25eb8,05qug,ACTIVE
2026-27,6,zbsh2iq2msc25eb8,06210,ACTIVE
2026-27,6,zbsh2iq2msc25eb8,049kb,ACTIVE
2026-27,6,zbsh2iq2msc25eb8,05uie,ACTIVE
2026-27,6,zbsh2iq2msc25eb8,03ajv,ACTIVE
2026-27,6,u3bnomv3msc25eb8,05qsq,ACTIVE
2026-27,6,u3bnomv3msc25eb8,06mjw,ACTIVE
2026-27,6,u3bnomv3msc25eb8,027oz,ACTIVE
2026-27,6,u3bnomv3msc25eb8,042n7,ACTIVE
2026-27,6,u3bnomv3msc25eb8,03xmv,ACTIVE
2026-27,6,u3bnomv3msc25eb8,06mk7,ACTIVE
2026-27,6,wazrfqctmsc25eb8,04qro,ACTIVE
2026-27,6,wazrfqctmsc25eb8,06cca,ACTIVE
2026-27,6,wazrfqctmsc25eb8,05uig,ACTIVE
2026-27,6,wazrfqctmsc25eb8,03lls,ACTIVE
2026-27,6,wazrfqctmsc25eb8,0621c,ACTIVE
2026-27,6,wazrfqctmsc25eb8,06211,ACTIVE
2026-27,7,7j0egupgmsc25eb8,05qtv,ACTIVE
2026-27,7,7j0egupgmsc25eb8,04azw,ACTIVE
2026-27,7,7j0egupgmsc25eb8,05qto,ACTIVE
2026-27,7,7j0egupgmsc25eb8,06mjz,ACTIVE
2026-27,7,7j0egupgmsc25eb8,04ewe,ACTIVE
2026-27,7,7j0egupgmsc25eb8,05qtj,ACTIVE
2026-27,7,dee3tx9omsc25eb8,04kj6,ACTIVE
2026-27,7,dee3tx9omsc25eb8,0011e,ACTIVE
2026-27,7,dee3tx9omsc25eb8,001aw,ACTIVE
2026-27,7,dee3tx9omsc25eb8,04qrj,ACTIVE
2026-27,7,dee3tx9omsc25eb8,03nwm,ACTIVE
2026-27,7,dee3tx9omsc25eb8,0621l,ACTIVE
2026-27,7,oca9h5l7msc25eb8,05qtt,ACTIVE
2026-27,7,oca9h5l7msc25eb8,05uid,ACTIVE
2026-27,7,oca9h5l7msc25eb8,05uus,ACTIVE
2026-27,7,oca9h5l7msc25eb8,03al2,ACTIVE
2026-27,7,oca9h5l7msc25eb8,05uiq,ACTIVE
2026-27,7,oca9h5l7msc25eb8,031m2,ACTIVE
2026-27,7,e7ctu5b1msc25eb8,04ewt,ACTIVE
2026-27,7,e7ctu5b1msc25eb8,01enh,ACTIVE
2026-27,7,e7ctu5b1msc25eb8,02nf1,ACTIVE
2026-27,7,e7ctu5b1msc25eb8,03ad3,ACTIVE
2026-27,7,e7ctu5b1msc25eb8,05qt3,ACTIVE
2026-27,7,e7ctu5b1msc25eb8,05uib,ACTIVE
2026-27,7,yr8isikimsc25eb8,0621b,ACTIVE
2026-27,7,yr8isikimsc25eb8,04ewf,ACTIVE
2026-27,7,yr8isikimsc25eb8,04qrk,ACTIVE
2026-27,7,yr8isikimsc25eb8,03e75,ACTIVE
2026-27,7,yr8isikimsc25eb8,05uir,ACTIVE
2026-27,7,64eyswtomsc25eb8,05uiu,ACTIVE
2026-27,7,64eyswtomsc25eb8,06v5n,ACTIVE
2026-27,7,64eyswtomsc25eb8,0527h,ACTIVE
2026-27,7,64eyswtomsc25eb8,01eo6,ACTIVE
2026-27,7,64eyswtomsc25eb8,06v5l,ACTIVE
2026-27,7,64eyswtomsc25eb8,042n4,ACTIVE
2026-27,7,zdbv2x8ymsc25eb8,042nm,ACTIVE
2026-27,7,zdbv2x8ymsc25eb8,06ca8,ACTIVE
2026-27,7,zdbv2x8ymsc25eb8,051ol,ACTIVE
2026-27,7,zdbv2x8ymsc25eb8,04qsa,ACTIVE
2026-27,7,zdbv2x8ymsc25eb8,02xg9,ACTIVE
2026-27,7,zdbv2x8ymsc25eb8,06cch,ACTIVE
2026-27,7,zbsh2iq2msc25eb8,076vc,ACTIVE
2026-27,7,zbsh2iq2msc25eb8,05qug,ACTIVE
2026-27,7,zbsh2iq2msc25eb8,06210,ACTIVE
2026-27,7,zbsh2iq2msc25eb8,049kb,ACTIVE
2026-27,7,zbsh2iq2msc25eb8,05uie,ACTIVE
2026-27,7,zbsh2iq2msc25eb8,03ajv,ACTIVE
2026-27,7,u3bnomv3msc25eb8,05qsq,ACTIVE
2026-27,7,u3bnomv3msc25eb8,06mjw,ACTIVE
2026-27,7,u3bnomv3msc25eb8,027oz,ACTIVE
2026-27,7,u3bnomv3msc25eb8,042n7,ACTIVE
2026-27,7,u3bnomv3msc25eb8,03xmv,ACTIVE
2026-27,7,u3bnomv3msc25eb8,06mk7,ACTIVE
2026-27,7,wazrfqctmsc25eb8,04qro,ACTIVE
2026-27,7,wazrfqctmsc25eb8,06cca,ACTIVE
2026-27,7,wazrfqctmsc25eb8,05uig,ACTIVE
2026-27,7,wazrfqctmsc25eb8,03lls,ACTIVE
2026-27,7,wazrfqctmsc25eb8,0621c,ACTIVE
2026-27,7,wazrfqctmsc25eb8,06211,ACTIVE
2026-27,8,7j0egupgmsc25eb8,05qtv,ACTIVE
2026-27,8,7j0egupgmsc25eb8,04azw,ACTIVE
2026-27,8,7j0egupgmsc25eb8,05qto,ACTIVE
2026-27,8,7j0egupgmsc25eb8,06mjz,ACTIVE
2026-27,8,7j0egupgmsc25eb8,04ewe,ACTIVE
2026-27,8,7j0egupgmsc25eb8,05qtj,ACTIVE
2026-27,8,dee3tx9omsc25eb8,04kj6,ACTIVE
2026-27,8,dee3tx9omsc25eb8,0011e,ACTIVE
2026-27,8,dee3tx9omsc25eb8,001aw,ACTIVE
2026-27,8,dee3tx9omsc25eb8,04qrj,ACTIVE
2026-27,8,dee3tx9omsc25eb8,03nwm,ACTIVE
2026-27,8,dee3tx9omsc25eb8,0621l,ACTIVE
2026-27,8,oca9h5l7msc25eb8,05qtt,ACTIVE
2026-27,8,oca9h5l7msc25eb8,05uid,ACTIVE
2026-27,8,oca9h5l7msc25eb8,05uus,ACTIVE
2026-27,8,oca9h5l7msc25eb8,03al2,ACTIVE
2026-27,8,oca9h5l7msc25eb8,05uiq,ACTIVE
2026-27,8,oca9h5l7msc25eb8,031m2,ACTIVE
2026-27,8,e7ctu5b1msc25eb8,04ewt,ACTIVE
2026-27,8,e7ctu5b1msc25eb8,01enh,ACTIVE
2026-27,8,e7ctu5b1msc25eb8,02nf1,ACTIVE
2026-27,8,e7ctu5b1msc25eb8,03ad3,ACTIVE
2026-27,8,e7ctu5b1msc25eb8,05qt3,ACTIVE
2026-27,8,e7ctu5b1msc25eb8,05uib,ACTIVE
2026-27,8,yr8isikimsc25eb8,0621b,ACTIVE
2026-27,8,yr8isikimsc25eb8,04ewf,ACTIVE
2026-27,8,yr8isikimsc25eb8,04qrk,ACTIVE
2026-27,8,yr8isikimsc25eb8,03e75,ACTIVE
2026-27,8,yr8isikimsc25eb8,05uir,ACTIVE
2026-27,8,64eyswtomsc25eb8,05uiu,ACTIVE
2026-27,8,64eyswtomsc25eb8,06v5n,ACTIVE
2026-27,8,64eyswtomsc25eb8,0527h,ACTIVE
2026-27,8,64eyswtomsc25eb8,01eo6,ACTIVE
2026-27,8,64eyswtomsc25eb8,06v5l,ACTIVE
2026-27,8,64eyswtomsc25eb8,042n4,ACTIVE
2026-27,8,zdbv2x8ymsc25eb8,042nm,ACTIVE
2026-27,8,zdbv2x8ymsc25eb8,06ca8,ACTIVE
2026-27,8,zdbv2x8ymsc25eb8,051ol,ACTIVE
2026-27,8,zdbv2x8ymsc25eb8,04qsa,ACTIVE
2026-27,8,zdbv2x8ymsc25eb8,02xg9,ACTIVE
2026-27,8,zdbv2x8ymsc25eb8,06cch,ACTIVE
2026-27,8,zbsh2iq2msc25eb8,076vc,ACTIVE
2026-27,8,zbsh2iq2msc25eb8,05qug,ACTIVE
2026-27,8,zbsh2iq2msc25eb8,06210,ACTIVE
2026-27,8,zbsh2iq2msc25eb8,049kb,ACTIVE
2026-27,8,zbsh2iq2msc25eb8,05uie,ACTIVE
2026-27,8,zbsh2iq2msc25eb8,03ajv,ACTIVE
2026-27,8,u3bnomv3msc25eb8,05qsq,ACTIVE
2026-27,8,u3bnomv3msc25eb8,06mjw,ACTIVE
2026-27,8,u3bnomv3msc25eb8,027oz,ACTIVE
2026-27,8,u3bnomv3msc25eb8,042n7,ACTIVE
2026-27,8,u3bnomv3msc25eb8,03xmv,ACTIVE
2026-27,8,u3bnomv3msc25eb8,06mk7,ACTIVE
2026-27,8,wazrfqctmsc25eb8,04qro,ACTIVE
2026-27,8,wazrfqctmsc25eb8,06cca,ACTIVE
2026-27,8,wazrfqctmsc25eb8,05uig,ACTIVE
2026-27,8,wazrfqctmsc25eb8,03lls,ACTIVE
2026-27,8,wazrfqctmsc25eb8,0621c,ACTIVE
2026-27,8,wazrfqctmsc25eb8,06211,ACTIVE
2026-27,9,7j0egupgmsc25eb8,05qtv,ACTIVE
2026-27,9,7j0egupgmsc25eb8,04azw,ACTIVE
2026-27,9,7j0egupgmsc25eb8,05qto,ACTIVE
2026-27,9,7j0egupgmsc25eb8,06mjz,ACTIVE
2026-27,9,7j0egupgmsc25eb8,04ewe,ACTIVE
2026-27,9,7j0egupgmsc25eb8,05qtj,ACTIVE
2026-27,9,dee3tx9omsc25eb8,04kj6,ACTIVE
2026-27,9,dee3tx9omsc25eb8,0011e,ACTIVE
2026-27,9,dee3tx9omsc25eb8,001aw,ACTIVE
2026-27,9,dee3tx9omsc25eb8,04qrj,ACTIVE
2026-27,9,dee3tx9omsc25eb8,03nwm,ACTIVE
2026-27,9,dee3tx9omsc25eb8,0621l,ACTIVE
2026-27,9,oca9h5l7msc25eb8,05qtt,ACTIVE
2026-27,9,oca9h5l7msc25eb8,05uid,ACTIVE
2026-27,9,oca9h5l7msc25eb8,05uus,ACTIVE
2026-27,9,oca9h5l7msc25eb8,03al2,ACTIVE
2026-27,9,oca9h5l7msc25eb8,05uiq,ACTIVE
2026-27,9,oca9h5l7msc25eb8,031m2,ACTIVE
2026-27,9,e7ctu5b1msc25eb8,04ewt,ACTIVE
2026-27,9,e7ctu5b1msc25eb8,01enh,ACTIVE
2026-27,9,e7ctu5b1msc25eb8,02nf1,ACTIVE
2026-27,9,e7ctu5b1msc25eb8,03ad3,ACTIVE
2026-27,9,e7ctu5b1msc25eb8,05qt3,ACTIVE
2026-27,9,e7ctu5b1msc25eb8,05uib,ACTIVE
2026-27,9,yr8isikimsc25eb8,0621b,ACTIVE
2026-27,9,yr8isikimsc25eb8,04ewf,ACTIVE
2026-27,9,yr8isikimsc25eb8,04qrk,ACTIVE
2026-27,9,yr8isikimsc25eb8,03e75,ACTIVE
2026-27,9,yr8isikimsc25eb8,05uir,ACTIVE
2026-27,9,64eyswtomsc25eb8,05uiu,ACTIVE
2026-27,9,64eyswtomsc25eb8,06v5n,ACTIVE
2026-27,9,64eyswtomsc25eb8,0527h,ACTIVE
2026-27,9,64eyswtomsc25eb8,01eo6,ACTIVE
2026-27,9,64eyswtomsc25eb8,06v5l,ACTIVE
2026-27,9,64eyswtomsc25eb8,042n4,ACTIVE
2026-27,9,zdbv2x8ymsc25eb8,042nm,ACTIVE
2026-27,9,zdbv2x8ymsc25eb8,06ca8,ACTIVE
2026-27,9,zdbv2x8ymsc25eb8,051ol,ACTIVE
2026-27,9,zdbv2x8ymsc25eb8,04qsa,ACTIVE
2026-27,9,zdbv2x8ymsc25eb8,02xg9,ACTIVE
2026-27,9,zdbv2x8ymsc25eb8,06cch,ACTIVE
2026-27,9,zbsh2iq2msc25eb8,076vc,ACTIVE
2026-27,9,zbsh2iq2msc25eb8,05qug,ACTIVE
2026-27,9,zbsh2iq2msc25eb8,06210,ACTIVE
2026-27,9,zbsh2iq2msc25eb8,049kb,ACTIVE
2026-27,9,zbsh2iq2msc25eb8,05uie,ACTIVE
2026-27,9,zbsh2iq2msc25eb8,03ajv,ACTIVE
2026-27,9,u3bnomv3msc25eb8,05qsq,ACTIVE
2026-27,9,u3bnomv3msc25eb8,06mjw,ACTIVE
2026-27,9,u3bnomv3msc25eb8,027oz,ACTIVE
2026-27,9,u3bnomv3msc25eb8,042n7,ACTIVE
2026-27,9,u3bnomv3msc25eb8,03xmv,ACTIVE
2026-27,9,u3bnomv3msc25eb8,06mk7,ACTIVE
2026-27,9,wazrfqctmsc25eb8,04qro,ACTIVE
2026-27,9,wazrfqctmsc25eb8,06cca,ACTIVE
2026-27,9,wazrfqctmsc25eb8,05uig,ACTIVE
2026-27,9,wazrfqctmsc25eb8,03lls,ACTIVE
2026-27,9,wazrfqctmsc25eb8,0621c,ACTIVE
2026-27,9,wazrfqctmsc25eb8,06211,ACTIVE
2026-27,10,7j0egupgmsc25eb8,05qtv,ACTIVE
2026-27,10,7j0egupgmsc25eb8,04azw,ACTIVE
2026-27,10,7j0egupgmsc25eb8,05qto,ACTIVE
2026-27,10,7j0egupgmsc25eb8,06mjz,ACTIVE
2026-27,10,7j0egupgmsc25eb8,04ewe,ACTIVE
2026-27,10,7j0egupgmsc25eb8,05qtj,ACTIVE
2026-27,10,dee3tx9omsc25eb8,04kj6,ACTIVE
2026-27,10,dee3tx9omsc25eb8,0011e,ACTIVE
2026-27,10,dee3tx9omsc25eb8,001aw,ACTIVE
2026-27,10,dee3tx9omsc25eb8,04qrj,ACTIVE
2026-27,10,dee3tx9omsc25eb8,03nwm,ACTIVE
2026-27,10,dee3tx9omsc25eb8,0621l,ACTIVE
2026-27,10,oca9h5l7msc25eb8,05qtt,ACTIVE
2026-27,10,oca9h5l7msc25eb8,05uid,ACTIVE
2026-27,10,oca9h5l7msc25eb8,05uus,ACTIVE
2026-27,10,oca9h5l7msc25eb8,03al2,ACTIVE
2026-27,10,oca9h5l7msc25eb8,05uiq,ACTIVE
2026-27,10,oca9h5l7msc25eb8,031m2,ACTIVE
2026-27,10,e7ctu5b1msc25eb8,04ewt,ACTIVE
2026-27,10,e7ctu5b1msc25eb8,01enh,ACTIVE
2026-27,10,e7ctu5b1msc25eb8,02nf1,ACTIVE
2026-27,10,e7ctu5b1msc25eb8,03ad3,ACTIVE
2026-27,10,e7ctu5b1msc25eb8,05qt3,ACTIVE
2026-27,10,e7ctu5b1msc25eb8,05uib,ACTIVE
2026-27,10,yr8isikimsc25eb8,0621b,ACTIVE
2026-27,10,yr8isikimsc25eb8,04ewf,ACTIVE
2026-27,10,yr8isikimsc25eb8,04qrk,ACTIVE
2026-27,10,yr8isikimsc25eb8,03e75,ACTIVE
2026-27,10,yr8isikimsc25eb8,05uir,ACTIVE
2026-27,10,64eyswtomsc25eb8,05uiu,ACTIVE
2026-27,10,64eyswtomsc25eb8,06v5n,ACTIVE
2026-27,10,64eyswtomsc25eb8,0527h,ACTIVE
2026-27,10,64eyswtomsc25eb8,01eo6,ACTIVE
2026-27,10,64eyswtomsc25eb8,06v5l,ACTIVE
2026-27,10,64eyswtomsc25eb8,042n4,ACTIVE
2026-27,10,zdbv2x8ymsc25eb8,042nm,ACTIVE
2026-27,10,zdbv2x8ymsc25eb8,06ca8,ACTIVE
2026-27,10,zdbv2x8ymsc25eb8,051ol,ACTIVE
2026-27,10,zdbv2x8ymsc25eb8,04qsa,ACTIVE
2026-27,10,zdbv2x8ymsc25eb8,02xg9,ACTIVE
2026-27,10,zdbv2x8ymsc25eb8,06cch,ACTIVE
2026-27,10,zbsh2iq2msc25eb8,076vc,ACTIVE
2026-27,10,zbsh2iq2msc25eb8,05qug,ACTIVE
2026-27,10,zbsh2iq2msc25eb8,06210,ACTIVE
2026-27,10,zbsh2iq2msc25eb8,049kb,ACTIVE
2026-27,10,zbsh2iq2msc25eb8,05uie,ACTIVE
2026-27,10,zbsh2iq2msc25eb8,03ajv,ACTIVE
2026-27,10,u3bnomv3msc25eb8,05qsq,ACTIVE
2026-27,10,u3bnomv3msc25eb8,06mjw,ACTIVE
2026-27,10,u3bnomv3msc25eb8,027oz,ACTIVE
2026-27,10,u3bnomv3msc25eb8,042n7,ACTIVE
2026-27,10,u3bnomv3msc25eb8,03xmv,ACTIVE
2026-27,10,u3bnomv3msc25eb8,06mk7,ACTIVE
2026-27,10,wazrfqctmsc25eb8,04qro,ACTIVE
2026-27,10,wazrfqctmsc25eb8,06cca,ACTIVE
2026-27,10,wazrfqctmsc25eb8,05uig,ACTIVE
2026-27,10,wazrfqctmsc25eb8,03lls,ACTIVE
2026-27,10,wazrfqctmsc25eb8,0621c,ACTIVE
2026-27,10,wazrfqctmsc25eb8,06211,ACTIVE
2026-27,11,7j0egupgmsc25eb8,05qtv,ACTIVE
2026-27,11,7j0egupgmsc25eb8,04azw,ACTIVE
2026-27,11,7j0egupgmsc25eb8,05qto,ACTIVE
2026-27,11,7j0egupgmsc25eb8,06mjz,ACTIVE
2026-27,11,7j0egupgmsc25eb8,04ewe,ACTIVE
2026-27,11,7j0egupgmsc25eb8,05qtj,ACTIVE
2026-27,11,dee3tx9omsc25eb8,04kj6,ACTIVE
2026-27,11,dee3tx9omsc25eb8,0011e,ACTIVE
2026-27,11,dee3tx9omsc25eb8,001aw,ACTIVE
2026-27,11,dee3tx9omsc25eb8,04qrj,ACTIVE
2026-27,11,dee3tx9omsc25eb8,03nwm,ACTIVE
2026-27,11,dee3tx9omsc25eb8,0621l,ACTIVE
2026-27,11,oca9h5l7msc25eb8,05qtt,ACTIVE
2026-27,11,oca9h5l7msc25eb8,05uid,ACTIVE
2026-27,11,oca9h5l7msc25eb8,05uus,ACTIVE
2026-27,11,oca9h5l7msc25eb8,03al2,ACTIVE
2026-27,11,oca9h5l7msc25eb8,05uiq,ACTIVE
2026-27,11,oca9h5l7msc25eb8,031m2,ACTIVE
2026-27,11,e7ctu5b1msc25eb8,04ewt,ACTIVE
2026-27,11,e7ctu5b1msc25eb8,01enh,ACTIVE
2026-27,11,e7ctu5b1msc25eb8,02nf1,ACTIVE
2026-27,11,e7ctu5b1msc25eb8,03ad3,ACTIVE
2026-27,11,e7ctu5b1msc25eb8,05qt3,ACTIVE
2026-27,11,e7ctu5b1msc25eb8,05uib,ACTIVE
2026-27,11,yr8isikimsc25eb8,0621b,ACTIVE
2026-27,11,yr8isikimsc25eb8,04ewf,ACTIVE
2026-27,11,yr8isikimsc25eb8,04qrk,ACTIVE
2026-27,11,yr8isikimsc25eb8,03e75,ACTIVE
2026-27,11,yr8isikimsc25eb8,05uir,ACTIVE
2026-27,11,64eyswtomsc25eb8,05uiu,ACTIVE
2026-27,11,64eyswtomsc25eb8,06v5n,ACTIVE
2026-27,11,64eyswtomsc25eb8,0527h,ACTIVE
2026-27,11,64eyswtomsc25eb8,01eo6,ACTIVE
2026-27,11,64eyswtomsc25eb8,06v5l,ACTIVE
2026-27,11,64eyswtomsc25eb8,042n4,ACTIVE
2026-27,11,zdbv2x8ymsc25eb8,042nm,ACTIVE
2026-27,11,zdbv2x8ymsc25eb8,06ca8,ACTIVE
2026-27,11,zdbv2x8ymsc25eb8,051ol,ACTIVE
2026-27,11,zdbv2x8ymsc25eb8,04qsa,ACTIVE
2026-27,11,zdbv2x8ymsc25eb8,02xg9,ACTIVE
2026-27,11,zdbv2x8ymsc25eb8,06cch,ACTIVE
2026-27,11,zbsh2iq2msc25eb8,076vc,ACTIVE
2026-27,11,zbsh2iq2msc25eb8,05qug,ACTIVE
2026-27,11,zbsh2iq2msc25eb8,06210,ACTIVE
2026-27,11,zbsh2iq2msc25eb8,049kb,ACTIVE
2026-27,11,zbsh2iq2msc25eb8,05uie,ACTIVE
2026-27,11,zbsh2iq2msc25eb8,03ajv,ACTIVE
2026-27,11,u3bnomv3msc25eb8,05qsq,ACTIVE
2026-27,11,u3bnomv3msc25eb8,06mjw,ACTIVE
2026-27,11,u3bnomv3msc25eb8,027oz,ACTIVE
2026-27,11,u3bnomv3msc25eb8,042n7,ACTIVE
2026-27,11,u3bnomv3msc25eb8,03xmv,ACTIVE
2026-27,11,u3bnomv3msc25eb8,06mk7,ACTIVE
2026-27,11,wazrfqctmsc25eb8,04qro,ACTIVE
2026-27,11,wazrfqctmsc25eb8,06cca,ACTIVE
2026-27,11,wazrfqctmsc25eb8,05uig,ACTIVE
2026-27,11,wazrfqctmsc25eb8,03lls,ACTIVE
2026-27,11,wazrfqctmsc25eb8,0621c,ACTIVE
2026-27,11,wazrfqctmsc25eb8,06211,ACTIVE
2026-27,12,7j0egupgmsc25eb8,05qtv,ACTIVE
2026-27,12,7j0egupgmsc25eb8,04azw,ACTIVE
2026-27,12,7j0egupgmsc25eb8,05qto,ACTIVE
2026-27,12,7j0egupgmsc25eb8,06mjz,ACTIVE
2026-27,12,7j0egupgmsc25eb8,04ewe,ACTIVE
2026-27,12,7j0egupgmsc25eb8,05qtj,ACTIVE
2026-27,12,dee3tx9omsc25eb8,04kj6,ACTIVE
2026-27,12,dee3tx9omsc25eb8,0011e,ACTIVE
2026-27,12,dee3tx9omsc25eb8,001aw,ACTIVE
2026-27,12,dee3tx9omsc25eb8,04qrj,ACTIVE
2026-27,12,dee3tx9omsc25eb8,03nwm,ACTIVE
2026-27,12,dee3tx9omsc25eb8,0621l,ACTIVE
2026-27,12,oca9h5l7msc25eb8,05qtt,ACTIVE
2026-27,12,oca9h5l7msc25eb8,05uid,ACTIVE
2026-27,12,oca9h5l7msc25eb8,05uus,ACTIVE
2026-27,12,oca9h5l7msc25eb8,03al2,ACTIVE
2026-27,12,oca9h5l7msc25eb8,05uiq,ACTIVE
2026-27,12,oca9h5l7msc25eb8,031m2,ACTIVE
2026-27,12,e7ctu5b1msc25eb8,04ewt,ACTIVE
2026-27,12,e7ctu5b1msc25eb8,01enh,ACTIVE
2026-27,12,e7ctu5b1msc25eb8,02nf1,ACTIVE
2026-27,12,e7ctu5b1msc25eb8,03ad3,ACTIVE
2026-27,12,e7ctu5b1msc25eb8,05qt3,ACTIVE
2026-27,12,e7ctu5b1msc25eb8,05uib,ACTIVE
2026-27,12,yr8isikimsc25eb8,0621b,ACTIVE
2026-27,12,yr8isikimsc25eb8,04ewf,ACTIVE
2026-27,12,yr8isikimsc25eb8,04qrk,ACTIVE
2026-27,12,yr8isikimsc25eb8,03e75,ACTIVE
2026-27,12,yr8isikimsc25eb8,05uir,ACTIVE
2026-27,12,64eyswtomsc25eb8,05uiu,ACTIVE
2026-27,12,64eyswtomsc25eb8,06v5n,ACTIVE
2026-27,12,64eyswtomsc25eb8,0527h,ACTIVE
2026-27,12,64eyswtomsc25eb8,01eo6,ACTIVE
2026-27,12,64eyswtomsc25eb8,06v5l,ACTIVE
2026-27,12,64eyswtomsc25eb8,042n4,ACTIVE
2026-27,12,zdbv2x8ymsc25eb8,042nm,ACTIVE
2026-27,12,zdbv2x8ymsc25eb8,06ca8,ACTIVE
2026-27,12,zdbv2x8ymsc25eb8,051ol,ACTIVE
2026-27,12,zdbv2x8ymsc25eb8,04qsa,ACTIVE
2026-27,12,zdbv2x8ymsc25eb8,02xg9,ACTIVE
2026-27,12,zdbv2x8ymsc25eb8,06cch,ACTIVE
2026-27,12,zbsh2iq2msc25eb8,076vc,ACTIVE
2026-27,12,zbsh2iq2msc25eb8,05qug,ACTIVE
2026-27,12,zbsh2iq2msc25eb8,06210,ACTIVE
2026-27,12,zbsh2iq2msc25eb8,049kb,ACTIVE
2026-27,12,zbsh2iq2msc25eb8,05uie,ACTIVE
2026-27,12,zbsh2iq2msc25eb8,03ajv,ACTIVE
2026-27,12,u3bnomv3msc25eb8,05qsq,ACTIVE
2026-27,12,u3bnomv3msc25eb8,06mjw,ACTIVE
2026-27,12,u3bnomv3msc25eb8,027oz,ACTIVE
2026-27,12,u3bnomv3msc25eb8,042n7,ACTIVE
2026-27,12,u3bnomv3msc25eb8,03xmv,ACTIVE
2026-27,12,u3bnomv3msc25eb8,06mk7,ACTIVE
2026-27,12,wazrfqctmsc25eb8,04qro,ACTIVE
2026-27,12,wazrfqctmsc25eb8,06cca,ACTIVE
2026-27,12,wazrfqctmsc25eb8,05uig,ACTIVE
2026-27,12,wazrfqctmsc25eb8,03lls,ACTIVE
2026-27,12,wazrfqctmsc25eb8,0621c,ACTIVE
2026-27,12,wazrfqctmsc25eb8,06211,ACTIVE
2026-27,13,7j0egupgmsc25eb8,05qtv,ACTIVE
2026-27,13,7j0egupgmsc25eb8,04azw,ACTIVE
2026-27,13,7j0egupgmsc25eb8,05qto,ACTIVE
2026-27,13,7j0egupgmsc25eb8,06mjz,ACTIVE
2026-27,13,7j0egupgmsc25eb8,04ewe,ACTIVE
2026-27,13,7j0egupgmsc25eb8,05qtj,ACTIVE
2026-27,13,dee3tx9omsc25eb8,04kj6,ACTIVE
2026-27,13,dee3tx9omsc25eb8,0011e,ACTIVE
2026-27,13,dee3tx9omsc25eb8,001aw,ACTIVE
2026-27,13,dee3tx9omsc25eb8,04qrj,ACTIVE
2026-27,13,dee3tx9omsc25eb8,03nwm,ACTIVE
2026-27,13,dee3tx9omsc25eb8,0621l,ACTIVE
2026-27,13,oca9h5l7msc25eb8,05qtt,ACTIVE
2026-27,13,oca9h5l7msc25eb8,05uid,ACTIVE
2026-27,13,oca9h5l7msc25eb8,05uus,ACTIVE
2026-27,13,oca9h5l7msc25eb8,03al2,ACTIVE
2026-27,13,oca9h5l7msc25eb8,05uiq,ACTIVE
2026-27,13,oca9h5l7msc25eb8,031m2,ACTIVE
2026-27,13,e7ctu5b1msc25eb8,04ewt,ACTIVE
2026-27,13,e7ctu5b1msc25eb8,01enh,ACTIVE
2026-27,13,e7ctu5b1msc25eb8,02nf1,ACTIVE
2026-27,13,e7ctu5b1msc25eb8,03ad3,ACTIVE
2026-27,13,e7ctu5b1msc25eb8,05qt3,ACTIVE
2026-27,13,e7ctu5b1msc25eb8,05uib,ACTIVE
2026-27,13,yr8isikimsc25eb8,0621b,ACTIVE
2026-27,13,yr8isikimsc25eb8,04ewf,ACTIVE
2026-27,13,yr8isikimsc25eb8,04qrk,ACTIVE
2026-27,13,yr8isikimsc25eb8,03e75,ACTIVE
2026-27,13,yr8isikimsc25eb8,05uir,ACTIVE
2026-27,13,64eyswtomsc25eb8,05uiu,ACTIVE
2026-27,13,64eyswtomsc25eb8,06v5n,ACTIVE
2026-27,13,64eyswtomsc25eb8,0527h,ACTIVE
2026-27,13,64eyswtomsc25eb8,01eo6,ACTIVE
2026-27,13,64eyswtomsc25eb8,06v5l,ACTIVE
2026-27,13,64eyswtomsc25eb8,042n4,ACTIVE
2026-27,13,zdbv2x8ymsc25eb8,042nm,ACTIVE
2026-27,13,zdbv2x8ymsc25eb8,06ca8,ACTIVE
2026-27,13,zdbv2x8ymsc25eb8,051ol,ACTIVE
2026-27,13,zdbv2x8ymsc25eb8,04qsa,ACTIVE
2026-27,13,zdbv2x8ymsc25eb8,02xg9,ACTIVE
2026-27,13,zdbv2x8ymsc25eb8,06cch,ACTIVE
2026-27,13,zbsh2iq2msc25eb8,076vc,ACTIVE
2026-27,13,zbsh2iq2msc25eb8,05qug,ACTIVE
2026-27,13,zbsh2iq2msc25eb8,06210,ACTIVE
2026-27,13,zbsh2iq2msc25eb8,049kb,ACTIVE
2026-27,13,zbsh2iq2msc25eb8,05uie,ACTIVE
2026-27,13,zbsh2iq2msc25eb8,03ajv,ACTIVE
2026-27,13,u3bnomv3msc25eb8,05qsq,ACTIVE
2026-27,13,u3bnomv3msc25eb8,06mjw,ACTIVE
2026-27,13,u3bnomv3msc25eb8,027oz,ACTIVE
2026-27,13,u3bnomv3msc25eb8,042n7,ACTIVE
2026-27,13,u3bnomv3msc25eb8,03xmv,ACTIVE
2026-27,13,u3bnomv3msc25eb8,06mk7,ACTIVE
2026-27,13,wazrfqctmsc25eb8,04qro,ACTIVE
2026-27,13,wazrfqctmsc25eb8,06cca,ACTIVE
2026-27,13,wazrfqctmsc25eb8,05uig,ACTIVE
2026-27,13,wazrfqctmsc25eb8,03lls,ACTIVE
2026-27,13,wazrfqctmsc25eb8,0621c,ACTIVE
2026-27,13,wazrfqctmsc25eb8,06211,ACTIVE
2026-27,14,7j0egupgmsc25eb8,05qtv,ACTIVE
2026-27,14,7j0egupgmsc25eb8,04azw,ACTIVE
2026-27,14,7j0egupgmsc25eb8,05qto,ACTIVE
2026-27,14,7j0egupgmsc25eb8,06mjz,ACTIVE
2026-27,14,7j0egupgmsc25eb8,04ewe,ACTIVE
2026-27,14,7j0egupgmsc25eb8,05qtj,ACTIVE
2026-27,14,dee3tx9omsc25eb8,04kj6,ACTIVE
2026-27,14,dee3tx9omsc25eb8,0011e,ACTIVE
2026-27,14,dee3tx9omsc25eb8,001aw,ACTIVE
2026-27,14,dee3tx9omsc25eb8,04qrj,ACTIVE
2026-27,14,dee3tx9omsc25eb8,03nwm,ACTIVE
2026-27,14,dee3tx9omsc25eb8,0621l,ACTIVE
2026-27,14,oca9h5l7msc25eb8,05qtt,ACTIVE
2026-27,14,oca9h5l7msc25eb8,05uid,ACTIVE
2026-27,14,oca9h5l7msc25eb8,05uus,ACTIVE
2026-27,14,oca9h5l7msc25eb8,03al2,ACTIVE
2026-27,14,oca9h5l7msc25eb8,05uiq,ACTIVE
2026-27,14,oca9h5l7msc25eb8,031m2,ACTIVE
2026-27,14,e7ctu5b1msc25eb8,04ewt,ACTIVE
2026-27,14,e7ctu5b1msc25eb8,01enh,ACTIVE
2026-27,14,e7ctu5b1msc25eb8,02nf1,ACTIVE
2026-27,14,e7ctu5b1msc25eb8,03ad3,ACTIVE
2026-27,14,e7ctu5b1msc25eb8,05qt3,ACTIVE
2026-27,14,e7ctu5b1msc25eb8,05uib,ACTIVE
2026-27,14,yr8isikimsc25eb8,0621b,ACTIVE
2026-27,14,yr8isikimsc25eb8,04ewf,ACTIVE
2026-27,14,yr8isikimsc25eb8,04qrk,ACTIVE
2026-27,14,yr8isikimsc25eb8,03e75,ACTIVE
2026-27,14,yr8isikimsc25eb8,05uir,ACTIVE
2026-27,14,64eyswtomsc25eb8,05uiu,ACTIVE
2026-27,14,64eyswtomsc25eb8,06v5n,ACTIVE
2026-27,14,64eyswtomsc25eb8,0527h,ACTIVE
2026-27,14,64eyswtomsc25eb8,01eo6,ACTIVE
2026-27,14,64eyswtomsc25eb8,06v5l,ACTIVE
2026-27,14,64eyswtomsc25eb8,042n4,ACTIVE
2026-27,14,zdbv2x8ymsc25eb8,042nm,ACTIVE
2026-27,14,zdbv2x8ymsc25eb8,06ca8,ACTIVE
2026-27,14,zdbv2x8ymsc25eb8,051ol,ACTIVE
2026-27,14,zdbv2x8ymsc25eb8,04qsa,ACTIVE
2026-27,14,zdbv2x8ymsc25eb8,02xg9,ACTIVE
2026-27,14,zdbv2x8ymsc25eb8,06cch,ACTIVE
2026-27,14,zbsh2iq2msc25eb8,076vc,ACTIVE
2026-27,14,zbsh2iq2msc25eb8,05qug,ACTIVE
2026-27,14,zbsh2iq2msc25eb8,06210,ACTIVE
2026-27,14,zbsh2iq2msc25eb8,049kb,ACTIVE
2026-27,14,zbsh2iq2msc25eb8,05uie,ACTIVE
2026-27,14,zbsh2iq2msc25eb8,03ajv,ACTIVE
2026-27,14,u3bnomv3msc25eb8,05qsq,ACTIVE
2026-27,14,u3bnomv3msc25eb8,06mjw,ACTIVE
2026-27,14,u3bnomv3msc25eb8,027oz,ACTIVE
2026-27,14,u3bnomv3msc25eb8,042n7,ACTIVE
2026-27,14,u3bnomv3msc25eb8,03xmv,ACTIVE
2026-27,14,u3bnomv3msc25eb8,06mk7,ACTIVE
2026-27,14,wazrfqctmsc25eb8,04qro,ACTIVE
2026-27,14,wazrfqctmsc25eb8,06cca,ACTIVE
2026-27,14,wazrfqctmsc25eb8,05uig,ACTIVE
2026-27,14,wazrfqctmsc25eb8,03lls,ACTIVE
2026-27,14,wazrfqctmsc25eb8,0621c,ACTIVE
2026-27,14,wazrfqctmsc25eb8,06211,ACTIVE
2026-27,15,7j0egupgmsc25eb8,05qtv,ACTIVE
2026-27,15,7j0egupgmsc25eb8,04azw,ACTIVE
2026-27,15,7j0egupgmsc25eb8,05qto,ACTIVE
2026-27,15,7j0egupgmsc25eb8,06mjz,ACTIVE
2026-27,15,7j0egupgmsc25eb8,04ewe,ACTIVE
2026-27,15,7j0egupgmsc25eb8,05qtj,ACTIVE
2026-27,15,dee3tx9omsc25eb8,04kj6,ACTIVE
2026-27,15,dee3tx9omsc25eb8,0011e,ACTIVE
2026-27,15,dee3tx9omsc25eb8,001aw,ACTIVE
2026-27,15,dee3tx9omsc25eb8,04qrj,ACTIVE
2026-27,15,dee3tx9omsc25eb8,03nwm,ACTIVE
2026-27,15,dee3tx9omsc25eb8,0621l,ACTIVE
2026-27,15,oca9h5l7msc25eb8,05qtt,ACTIVE
2026-27,15,oca9h5l7msc25eb8,05uid,ACTIVE
2026-27,15,oca9h5l7msc25eb8,05uus,ACTIVE
2026-27,15,oca9h5l7msc25eb8,03al2,ACTIVE
2026-27,15,oca9h5l7msc25eb8,05uiq,ACTIVE
2026-27,15,oca9h5l7msc25eb8,031m2,ACTIVE
2026-27,15,e7ctu5b1msc25eb8,04ewt,ACTIVE
2026-27,15,e7ctu5b1msc25eb8,01enh,ACTIVE
2026-27,15,e7ctu5b1msc25eb8,02nf1,ACTIVE
2026-27,15,e7ctu5b1msc25eb8,03ad3,ACTIVE
2026-27,15,e7ctu5b1msc25eb8,05qt3,ACTIVE
2026-27,15,e7ctu5b1msc25eb8,05uib,ACTIVE
2026-27,15,yr8isikimsc25eb8,0621b,ACTIVE
2026-27,15,yr8isikimsc25eb8,04ewf,ACTIVE
2026-27,15,yr8isikimsc25eb8,04qrk,ACTIVE
2026-27,15,yr8isikimsc25eb8,03e75,ACTIVE
2026-27,15,yr8isikimsc25eb8,05uir,ACTIVE
2026-27,15,64eyswtomsc25eb8,05uiu,ACTIVE
2026-27,15,64eyswtomsc25eb8,06v5n,ACTIVE
2026-27,15,64eyswtomsc25eb8,0527h,ACTIVE
2026-27,15,64eyswtomsc25eb8,01eo6,ACTIVE
2026-27,15,64eyswtomsc25eb8,06v5l,ACTIVE
2026-27,15,64eyswtomsc25eb8,042n4,ACTIVE
2026-27,15,zdbv2x8ymsc25eb8,042nm,ACTIVE
2026-27,15,zdbv2x8ymsc25eb8,06ca8,ACTIVE
2026-27,15,zdbv2x8ymsc25eb8,051ol,ACTIVE
2026-27,15,zdbv2x8ymsc25eb8,04qsa,ACTIVE
2026-27,15,zdbv2x8ymsc25eb8,02xg9,ACTIVE
2026-27,15,zdbv2x8ymsc25eb8,06cch,ACTIVE
2026-27,15,zbsh2iq2msc25eb8,076vc,ACTIVE
2026-27,15,zbsh2iq2msc25eb8,05qug,ACTIVE
2026-27,15,zbsh2iq2msc25eb8,06210,ACTIVE
2026-27,15,zbsh2iq2msc25eb8,049kb,ACTIVE
2026-27,15,zbsh2iq2msc25eb8,05uie,ACTIVE
2026-27,15,zbsh2iq2msc25eb8,03ajv,ACTIVE
2026-27,15,u3bnomv3msc25eb8,05qsq,ACTIVE
2026-27,15,u3bnomv3msc25eb8,06mjw,ACTIVE
2026-27,15,u3bnomv3msc25eb8,027oz,ACTIVE
2026-27,15,u3bnomv3msc25eb8,042n7,ACTIVE
2026-27,15,u3bnomv3msc25eb8,03xmv,ACTIVE
2026-27,15,u3bnomv3msc25eb8,06mk7,ACTIVE
2026-27,15,wazrfqctmsc25eb8,04qro,ACTIVE
2026-27,15,wazrfqctmsc25eb8,06cca,ACTIVE
2026-27,15,wazrfqctmsc25eb8,05uig,ACTIVE
2026-27,15,wazrfqctmsc25eb8,03lls,ACTIVE
2026-27,15,wazrfqctmsc25eb8,0621c,ACTIVE
2026-27,15,wazrfqctmsc25eb8,06211,ACTIVE
2026-27,16,7j0egupgmsc25eb8,05qtv,ACTIVE
2026-27,16,7j0egupgmsc25eb8,04azw,ACTIVE
2026-27,16,7j0egupgmsc25eb8,05qto,ACTIVE
2026-27,16,7j0egupgmsc25eb8,06mjz,ACTIVE
2026-27,16,7j0egupgmsc25eb8,04ewe,ACTIVE
2026-27,16,7j0egupgmsc25eb8,05qtj,ACTIVE
2026-27,16,dee3tx9omsc25eb8,04kj6,ACTIVE
2026-27,16,dee3tx9omsc25eb8,0011e,ACTIVE
2026-27,16,dee3tx9omsc25eb8,001aw,ACTIVE
2026-27,16,dee3tx9omsc25eb8,04qrj,ACTIVE
2026-27,16,dee3tx9omsc25eb8,03nwm,ACTIVE
2026-27,16,dee3tx9omsc25eb8,0621l,ACTIVE
2026-27,16,oca9h5l7msc25eb8,05qtt,ACTIVE
2026-27,16,oca9h5l7msc25eb8,05uid,ACTIVE
2026-27,16,oca9h5l7msc25eb8,05uus,ACTIVE
2026-27,16,oca9h5l7msc25eb8,03al2,ACTIVE
2026-27,16,oca9h5l7msc25eb8,05uiq,ACTIVE
2026-27,16,oca9h5l7msc25eb8,031m2,ACTIVE
2026-27,16,e7ctu5b1msc25eb8,04ewt,ACTIVE
2026-27,16,e7ctu5b1msc25eb8,01enh,ACTIVE
2026-27,16,e7ctu5b1msc25eb8,02nf1,ACTIVE
2026-27,16,e7ctu5b1msc25eb8,03ad3,ACTIVE
2026-27,16,e7ctu5b1msc25eb8,05qt3,ACTIVE
2026-27,16,e7ctu5b1msc25eb8,05uib,ACTIVE
2026-27,16,yr8isikimsc25eb8,0621b,ACTIVE
2026-27,16,yr8isikimsc25eb8,04ewf,ACTIVE
2026-27,16,yr8isikimsc25eb8,04qrk,ACTIVE
2026-27,16,yr8isikimsc25eb8,03e75,ACTIVE
2026-27,16,yr8isikimsc25eb8,05uir,ACTIVE
2026-27,16,64eyswtomsc25eb8,05uiu,ACTIVE
2026-27,16,64eyswtomsc25eb8,06v5n,ACTIVE
2026-27,16,64eyswtomsc25eb8,0527h,ACTIVE
2026-27,16,64eyswtomsc25eb8,01eo6,ACTIVE
2026-27,16,64eyswtomsc25eb8,06v5l,ACTIVE
2026-27,16,64eyswtomsc25eb8,042n4,ACTIVE
2026-27,16,zdbv2x8ymsc25eb8,042nm,ACTIVE
2026-27,16,zdbv2x8ymsc25eb8,06ca8,ACTIVE
2026-27,16,zdbv2x8ymsc25eb8,051ol,ACTIVE
2026-27,16,zdbv2x8ymsc25eb8,04qsa,ACTIVE
2026-27,16,zdbv2x8ymsc25eb8,02xg9,ACTIVE
2026-27,16,zdbv2x8ymsc25eb8,06cch,ACTIVE
2026-27,16,zbsh2iq2msc25eb8,076vc,ACTIVE
2026-27,16,zbsh2iq2msc25eb8,05qug,ACTIVE
2026-27,16,zbsh2iq2msc25eb8,06210,ACTIVE
2026-27,16,zbsh2iq2msc25eb8,049kb,ACTIVE
2026-27,16,zbsh2iq2msc25eb8,05uie,ACTIVE
2026-27,16,zbsh2iq2msc25eb8,03ajv,ACTIVE
2026-27,16,u3bnomv3msc25eb8,05qsq,ACTIVE
2026-27,16,u3bnomv3msc25eb8,06mjw,ACTIVE
2026-27,16,u3bnomv3msc25eb8,027oz,ACTIVE
2026-27,16,u3bnomv3msc25eb8,042n7,ACTIVE
2026-27,16,u3bnomv3msc25eb8,03xmv,ACTIVE
2026-27,16,u3bnomv3msc25eb8,06mk7,ACTIVE
2026-27,16,wazrfqctmsc25eb8,04qro,ACTIVE
2026-27,16,wazrfqctmsc25eb8,06cca,ACTIVE
2026-27,16,wazrfqctmsc25eb8,05uig,ACTIVE
2026-27,16,wazrfqctmsc25eb8,03lls,ACTIVE
2026-27,16,wazrfqctmsc25eb8,0621c,ACTIVE
2026-27,16,wazrfqctmsc25eb8,06211,ACTIVE
2026-27,17,7j0egupgmsc25eb8,05qtv,ACTIVE
2026-27,17,7j0egupgmsc25eb8,04azw,ACTIVE
2026-27,17,7j0egupgmsc25eb8,05qto,ACTIVE
2026-27,17,7j0egupgmsc25eb8,06mjz,ACTIVE
2026-27,17,7j0egupgmsc25eb8,04ewe,ACTIVE
2026-27,17,7j0egupgmsc25eb8,05qtj,ACTIVE
2026-27,17,dee3tx9omsc25eb8,04kj6,ACTIVE
2026-27,17,dee3tx9omsc25eb8,0011e,ACTIVE
2026-27,17,dee3tx9omsc25eb8,001aw,ACTIVE
2026-27,17,dee3tx9omsc25eb8,04qrj,ACTIVE
2026-27,17,dee3tx9omsc25eb8,03nwm,ACTIVE
2026-27,17,dee3tx9omsc25eb8,0621l,ACTIVE
2026-27,17,oca9h5l7msc25eb8,05qtt,ACTIVE
2026-27,17,oca9h5l7msc25eb8,05uid,ACTIVE
2026-27,17,oca9h5l7msc25eb8,05uus,ACTIVE
2026-27,17,oca9h5l7msc25eb8,03al2,ACTIVE
2026-27,17,oca9h5l7msc25eb8,05uiq,ACTIVE
2026-27,17,oca9h5l7msc25eb8,031m2,ACTIVE
2026-27,17,e7ctu5b1msc25eb8,04ewt,ACTIVE
2026-27,17,e7ctu5b1msc25eb8,01enh,ACTIVE
2026-27,17,e7ctu5b1msc25eb8,02nf1,ACTIVE
2026-27,17,e7ctu5b1msc25eb8,03ad3,ACTIVE
2026-27,17,e7ctu5b1msc25eb8,05qt3,ACTIVE
2026-27,17,e7ctu5b1msc25eb8,05uib,ACTIVE
2026-27,17,yr8isikimsc25eb8,0621b,ACTIVE
2026-27,17,yr8isikimsc25eb8,04ewf,ACTIVE
2026-27,17,yr8isikimsc25eb8,04qrk,ACTIVE
2026-27,17,yr8isikimsc25eb8,03e75,ACTIVE
2026-27,17,yr8isikimsc25eb8,05uir,ACTIVE
2026-27,17,64eyswtomsc25eb8,05uiu,ACTIVE
2026-27,17,64eyswtomsc25eb8,06v5n,ACTIVE
2026-27,17,64eyswtomsc25eb8,0527h,ACTIVE
2026-27,17,64eyswtomsc25eb8,01eo6,ACTIVE
2026-27,17,64eyswtomsc25eb8,06v5l,ACTIVE
2026-27,17,64eyswtomsc25eb8,042n4,ACTIVE
2026-27,17,zdbv2x8ymsc25eb8,042nm,ACTIVE
2026-27,17,zdbv2x8ymsc25eb8,06ca8,ACTIVE
2026-27,17,zdbv2x8ymsc25eb8,051ol,ACTIVE
2026-27,17,zdbv2x8ymsc25eb8,04qsa,ACTIVE
2026-27,17,zdbv2x8ymsc25eb8,02xg9,ACTIVE
2026-27,17,zdbv2x8ymsc25eb8,06cch,ACTIVE
2026-27,17,zbsh2iq2msc25eb8,076vc,ACTIVE
2026-27,17,zbsh2iq2msc25eb8,05qug,ACTIVE
2026-27,17,zbsh2iq2msc25eb8,06210,ACTIVE
2026-27,17,zbsh2iq2msc25eb8,049kb,ACTIVE
2026-27,17,zbsh2iq2msc25eb8,05uie,ACTIVE
2026-27,17,zbsh2iq2msc25eb8,03ajv,ACTIVE
2026-27,17,u3bnomv3msc25eb8,05qsq,ACTIVE
2026-27,17,u3bnomv3msc25eb8,06mjw,ACTIVE
2026-27,17,u3bnomv3msc25eb8,027oz,ACTIVE
2026-27,17,u3bnomv3msc25eb8,042n7,ACTIVE
2026-27,17,u3bnomv3msc25eb8,03xmv,ACTIVE
2026-27,17,u3bnomv3msc25eb8,06mk7,ACTIVE
2026-27,17,wazrfqctmsc25eb8,04qro,ACTIVE
2026-27,17,wazrfqctmsc25eb8,06cca,ACTIVE
2026-27,17,wazrfqctmsc25eb8,05uig,ACTIVE
2026-27,17,wazrfqctmsc25eb8,03lls,ACTIVE
2026-27,17,wazrfqctmsc25eb8,0621c,ACTIVE
2026-27,17,wazrfqctmsc25eb8,06211,ACTIVE
2026-27,18,7j0egupgmsc25eb8,05qtv,ACTIVE
2026-27,18,7j0egupgmsc25eb8,04azw,ACTIVE
2026-27,18,7j0egupgmsc25eb8,05qto,ACTIVE
2026-27,18,7j0egupgmsc25eb8,06mjz,ACTIVE
2026-27,18,7j0egupgmsc25eb8,04ewe,ACTIVE
2026-27,18,7j0egupgmsc25eb8,05qtj,ACTIVE
2026-27,18,dee3tx9omsc25eb8,04kj6,ACTIVE
2026-27,18,dee3tx9omsc25eb8,0011e,ACTIVE
2026-27,18,dee3tx9omsc25eb8,001aw,ACTIVE
2026-27,18,dee3tx9omsc25eb8,04qrj,ACTIVE
2026-27,18,dee3tx9omsc25eb8,03nwm,ACTIVE
2026-27,18,dee3tx9omsc25eb8,0621l,ACTIVE
2026-27,18,oca9h5l7msc25eb8,05qtt,ACTIVE
2026-27,18,oca9h5l7msc25eb8,05uid,ACTIVE
2026-27,18,oca9h5l7msc25eb8,05uus,ACTIVE
2026-27,18,oca9h5l7msc25eb8,03al2,ACTIVE
2026-27,18,oca9h5l7msc25eb8,05uiq,ACTIVE
2026-27,18,oca9h5l7msc25eb8,031m2,ACTIVE
2026-27,18,e7ctu5b1msc25eb8,04ewt,ACTIVE
2026-27,18,e7ctu5b1msc25eb8,01enh,ACTIVE
2026-27,18,e7ctu5b1msc25eb8,02nf1,ACTIVE
2026-27,18,e7ctu5b1msc25eb8,03ad3,ACTIVE
2026-27,18,e7ctu5b1msc25eb8,05qt3,ACTIVE
2026-27,18,e7ctu5b1msc25eb8,05uib,ACTIVE
2026-27,18,yr8isikimsc25eb8,0621b,ACTIVE
2026-27,18,yr8isikimsc25eb8,04ewf,ACTIVE
2026-27,18,yr8isikimsc25eb8,04qrk,ACTIVE
2026-27,18,yr8isikimsc25eb8,03e75,ACTIVE
2026-27,18,yr8isikimsc25eb8,05uir,ACTIVE
2026-27,18,64eyswtomsc25eb8,05uiu,ACTIVE
2026-27,18,64eyswtomsc25eb8,06v5n,ACTIVE
2026-27,18,64eyswtomsc25eb8,0527h,ACTIVE
2026-27,18,64eyswtomsc25eb8,01eo6,ACTIVE
2026-27,18,64eyswtomsc25eb8,06v5l,ACTIVE
2026-27,18,64eyswtomsc25eb8,042n4,ACTIVE
2026-27,18,zdbv2x8ymsc25eb8,042nm,ACTIVE
2026-27,18,zdbv2x8ymsc25eb8,06ca8,ACTIVE
2026-27,18,zdbv2x8ymsc25eb8,051ol,ACTIVE
2026-27,18,zdbv2x8ymsc25eb8,04qsa,ACTIVE
2026-27,18,zdbv2x8ymsc25eb8,02xg9,ACTIVE
2026-27,18,zdbv2x8ymsc25eb8,06cch,ACTIVE
2026-27,18,zbsh2iq2msc25eb8,076vc,ACTIVE
2026-27,18,zbsh2iq2msc25eb8,05qug,ACTIVE
2026-27,18,zbsh2iq2msc25eb8,06210,ACTIVE
2026-27,18,zbsh2iq2msc25eb8,049kb,ACTIVE
2026-27,18,zbsh2iq2msc25eb8,05uie,ACTIVE
2026-27,18,zbsh2iq2msc25eb8,03ajv,ACTIVE
2026-27,18,u3bnomv3msc25eb8,05qsq,ACTIVE
2026-27,18,u3bnomv3msc25eb8,06mjw,ACTIVE
2026-27,18,u3bnomv3msc25eb8,027oz,ACTIVE
2026-27,18,u3bnomv3msc25eb8,042n7,ACTIVE
2026-27,18,u3bnomv3msc25eb8,03xmv,ACTIVE
2026-27,18,u3bnomv3msc25eb8,06mk7,ACTIVE
2026-27,18,wazrfqctmsc25eb8,04qro,ACTIVE
2026-27,18,wazrfqctmsc25eb8,06cca,ACTIVE
2026-27,18,wazrfqctmsc25eb8,05uig,ACTIVE
2026-27,18,wazrfqctmsc25eb8,03lls,ACTIVE
2026-27,18,wazrfqctmsc25eb8,0621c,ACTIVE
2026-27,18,wazrfqctmsc25eb8,06211,ACTIVE
2026-27,19,7j0egupgmsc25eb8,05qtv,ACTIVE
2026-27,19,7j0egupgmsc25eb8,04azw,ACTIVE
2026-27,19,7j0egupgmsc25eb8,05qto,ACTIVE
2026-27,19,7j0egupgmsc25eb8,06mjz,ACTIVE
2026-27,19,7j0egupgmsc25eb8,04ewe,ACTIVE
2026-27,19,7j0egupgmsc25eb8,05qtj,ACTIVE
2026-27,19,dee3tx9omsc25eb8,04kj6,ACTIVE
2026-27,19,dee3tx9omsc25eb8,0011e,ACTIVE
2026-27,19,dee3tx9omsc25eb8,001aw,ACTIVE
2026-27,19,dee3tx9omsc25eb8,04qrj,ACTIVE
2026-27,19,dee3tx9omsc25eb8,03nwm,ACTIVE
2026-27,19,dee3tx9omsc25eb8,0621l,ACTIVE
2026-27,19,oca9h5l7msc25eb8,05qtt,ACTIVE
2026-27,19,oca9h5l7msc25eb8,05uid,ACTIVE
2026-27,19,oca9h5l7msc25eb8,05uus,ACTIVE
2026-27,19,oca9h5l7msc25eb8,03al2,ACTIVE
2026-27,19,oca9h5l7msc25eb8,05uiq,ACTIVE
2026-27,19,oca9h5l7msc25eb8,031m2,ACTIVE
2026-27,19,e7ctu5b1msc25eb8,04ewt,ACTIVE
2026-27,19,e7ctu5b1msc25eb8,01enh,ACTIVE
2026-27,19,e7ctu5b1msc25eb8,02nf1,ACTIVE
2026-27,19,e7ctu5b1msc25eb8,03ad3,ACTIVE
2026-27,19,e7ctu5b1msc25eb8,05qt3,ACTIVE
2026-27,19,e7ctu5b1msc25eb8,05uib,ACTIVE
2026-27,19,yr8isikimsc25eb8,0621b,ACTIVE
2026-27,19,yr8isikimsc25eb8,04ewf,ACTIVE
2026-27,19,yr8isikimsc25eb8,04qrk,ACTIVE
2026-27,19,yr8isikimsc25eb8,03e75,ACTIVE
2026-27,19,yr8isikimsc25eb8,05uir,ACTIVE
2026-27,19,64eyswtomsc25eb8,05uiu,ACTIVE
2026-27,19,64eyswtomsc25eb8,06v5n,ACTIVE
2026-27,19,64eyswtomsc25eb8,0527h,ACTIVE
2026-27,19,64eyswtomsc25eb8,01eo6,ACTIVE
2026-27,19,64eyswtomsc25eb8,06v5l,ACTIVE
2026-27,19,64eyswtomsc25eb8,042n4,ACTIVE
2026-27,19,zdbv2x8ymsc25eb8,042nm,ACTIVE
2026-27,19,zdbv2x8ymsc25eb8,06ca8,ACTIVE
2026-27,19,zdbv2x8ymsc25eb8,051ol,ACTIVE
2026-27,19,zdbv2x8ymsc25eb8,04qsa,ACTIVE
2026-27,19,zdbv2x8ymsc25eb8,02xg9,ACTIVE
2026-27,19,zdbv2x8ymsc25eb8,06cch,ACTIVE
2026-27,19,zbsh2iq2msc25eb8,076vc,ACTIVE
2026-27,19,zbsh2iq2msc25eb8,05qug,ACTIVE
2026-27,19,zbsh2iq2msc25eb8,06210,ACTIVE
2026-27,19,zbsh2iq2msc25eb8,049kb,ACTIVE
2026-27,19,zbsh2iq2msc25eb8,05uie,ACTIVE
2026-27,19,zbsh2iq2msc25eb8,03ajv,ACTIVE
2026-27,19,u3bnomv3msc25eb8,05qsq,ACTIVE
2026-27,19,u3bnomv3msc25eb8,06mjw,ACTIVE
2026-27,19,u3bnomv3msc25eb8,027oz,ACTIVE
2026-27,19,u3bnomv3msc25eb8,042n7,ACTIVE
2026-27,19,u3bnomv3msc25eb8,03xmv,ACTIVE
2026-27,19,u3bnomv3msc25eb8,06mk7,ACTIVE
2026-27,19,wazrfqctmsc25eb8,04qro,ACTIVE
2026-27,19,wazrfqctmsc25eb8,06cca,ACTIVE
2026-27,19,wazrfqctmsc25eb8,05uig,ACTIVE
2026-27,19,wazrfqctmsc25eb8,03lls,ACTIVE
2026-27,19,wazrfqctmsc25eb8,0621c,ACTIVE
2026-27,19,wazrfqctmsc25eb8,06211,ACTIVE
2026-27,20,7j0egupgmsc25eb8,05qtv,ACTIVE
2026-27,20,7j0egupgmsc25eb8,04azw,ACTIVE
2026-27,20,7j0egupgmsc25eb8,05qto,ACTIVE
2026-27,20,7j0egupgmsc25eb8,06mjz,ACTIVE
2026-27,20,7j0egupgmsc25eb8,04ewe,ACTIVE
2026-27,20,7j0egupgmsc25eb8,05qtj,ACTIVE
2026-27,20,dee3tx9omsc25eb8,04kj6,ACTIVE
2026-27,20,dee3tx9omsc25eb8,0011e,ACTIVE
2026-27,20,dee3tx9omsc25eb8,001aw,ACTIVE
2026-27,20,dee3tx9omsc25eb8,04qrj,ACTIVE
2026-27,20,dee3tx9omsc25eb8,03nwm,ACTIVE
2026-27,20,dee3tx9omsc25eb8,0621l,ACTIVE
2026-27,20,oca9h5l7msc25eb8,05qtt,ACTIVE
2026-27,20,oca9h5l7msc25eb8,05uid,ACTIVE
2026-27,20,oca9h5l7msc25eb8,05uus,ACTIVE
2026-27,20,oca9h5l7msc25eb8,03al2,ACTIVE
2026-27,20,oca9h5l7msc25eb8,05uiq,ACTIVE
2026-27,20,oca9h5l7msc25eb8,031m2,ACTIVE
2026-27,20,e7ctu5b1msc25eb8,04ewt,ACTIVE
2026-27,20,e7ctu5b1msc25eb8,01enh,ACTIVE
2026-27,20,e7ctu5b1msc25eb8,02nf1,ACTIVE
2026-27,20,e7ctu5b1msc25eb8,03ad3,ACTIVE
2026-27,20,e7ctu5b1msc25eb8,05qt3,ACTIVE
2026-27,20,e7ctu5b1msc25eb8,05uib,ACTIVE
2026-27,20,yr8isikimsc25eb8,0621b,ACTIVE
2026-27,20,yr8isikimsc25eb8,04ewf,ACTIVE
2026-27,20,yr8isikimsc25eb8,04qrk,ACTIVE
2026-27,20,yr8isikimsc25eb8,03e75,ACTIVE
2026-27,20,yr8isikimsc25eb8,05uir,ACTIVE
2026-27,20,64eyswtomsc25eb8,05uiu,ACTIVE
2026-27,20,64eyswtomsc25eb8,06v5n,ACTIVE
2026-27,20,64eyswtomsc25eb8,0527h,ACTIVE
2026-27,20,64eyswtomsc25eb8,01eo6,ACTIVE
2026-27,20,64eyswtomsc25eb8,06v5l,ACTIVE
2026-27,20,64eyswtomsc25eb8,042n4,ACTIVE
2026-27,20,zdbv2x8ymsc25eb8,042nm,ACTIVE
2026-27,20,zdbv2x8ymsc25eb8,06ca8,ACTIVE
2026-27,20,zdbv2x8ymsc25eb8,051ol,ACTIVE
2026-27,20,zdbv2x8ymsc25eb8,04qsa,ACTIVE
2026-27,20,zdbv2x8ymsc25eb8,02xg9,ACTIVE
2026-27,20,zdbv2x8ymsc25eb8,06cch,ACTIVE
2026-27,20,zbsh2iq2msc25eb8,076vc,ACTIVE
2026-27,20,zbsh2iq2msc25eb8,05qug,ACTIVE
2026-27,20,zbsh2iq2msc25eb8,06210,ACTIVE
2026-27,20,zbsh2iq2msc25eb8,049kb,ACTIVE
2026-27,20,zbsh2iq2msc25eb8,05uie,ACTIVE
2026-27,20,zbsh2iq2msc25eb8,03ajv,ACTIVE
2026-27,20,u3bnomv3msc25eb8,05qsq,ACTIVE
2026-27,20,u3bnomv3msc25eb8,06mjw,ACTIVE
2026-27,20,u3bnomv3msc25eb8,027oz,ACTIVE
2026-27,20,u3bnomv3msc25eb8,042n7,ACTIVE
2026-27,20,u3bnomv3msc25eb8,03xmv,ACTIVE
2026-27,20,u3bnomv3msc25eb8,06mk7,ACTIVE
2026-27,20,wazrfqctmsc25eb8,04qro,ACTIVE
2026-27,20,wazrfqctmsc25eb8,06cca,ACTIVE
2026-27,20,wazrfqctmsc25eb8,05uig,ACTIVE
2026-27,20,wazrfqctmsc25eb8,03lls,ACTIVE
2026-27,20,wazrfqctmsc25eb8,0621c,ACTIVE
2026-27,20,wazrfqctmsc25eb8,06211,ACTIVE
2026-27,21,7j0egupgmsc25eb8,05qtv,ACTIVE
2026-27,21,7j0egupgmsc25eb8,04azw,ACTIVE
2026-27,21,7j0egupgmsc25eb8,05qto,ACTIVE
2026-27,21,7j0egupgmsc25eb8,06mjz,ACTIVE
2026-27,21,7j0egupgmsc25eb8,04ewe,ACTIVE
2026-27,21,7j0egupgmsc25eb8,05qtj,ACTIVE
2026-27,21,dee3tx9omsc25eb8,04kj6,ACTIVE
2026-27,21,dee3tx9omsc25eb8,0011e,ACTIVE
2026-27,21,dee3tx9omsc25eb8,001aw,ACTIVE
2026-27,21,dee3tx9omsc25eb8,04qrj,ACTIVE
2026-27,21,dee3tx9omsc25eb8,03nwm,ACTIVE
2026-27,21,dee3tx9omsc25eb8,0621l,ACTIVE
2026-27,21,oca9h5l7msc25eb8,05qtt,ACTIVE
2026-27,21,oca9h5l7msc25eb8,05uid,ACTIVE
2026-27,21,oca9h5l7msc25eb8,05uus,ACTIVE
2026-27,21,oca9h5l7msc25eb8,03al2,ACTIVE
2026-27,21,oca9h5l7msc25eb8,05uiq,ACTIVE
2026-27,21,oca9h5l7msc25eb8,031m2,ACTIVE
2026-27,21,e7ctu5b1msc25eb8,04ewt,ACTIVE
2026-27,21,e7ctu5b1msc25eb8,01enh,ACTIVE
2026-27,21,e7ctu5b1msc25eb8,02nf1,ACTIVE
2026-27,21,e7ctu5b1msc25eb8,03ad3,ACTIVE
2026-27,21,e7ctu5b1msc25eb8,05qt3,ACTIVE
2026-27,21,e7ctu5b1msc25eb8,05uib,ACTIVE
2026-27,21,yr8isikimsc25eb8,0621b,ACTIVE
2026-27,21,yr8isikimsc25eb8,04ewf,ACTIVE
2026-27,21,yr8isikimsc25eb8,04qrk,ACTIVE
2026-27,21,yr8isikimsc25eb8,03e75,ACTIVE
2026-27,21,yr8isikimsc25eb8,05uir,ACTIVE
2026-27,21,64eyswtomsc25eb8,05uiu,ACTIVE
2026-27,21,64eyswtomsc25eb8,06v5n,ACTIVE
2026-27,21,64eyswtomsc25eb8,0527h,ACTIVE
2026-27,21,64eyswtomsc25eb8,01eo6,ACTIVE
2026-27,21,64eyswtomsc25eb8,06v5l,ACTIVE
2026-27,21,64eyswtomsc25eb8,042n4,ACTIVE
2026-27,21,zdbv2x8ymsc25eb8,042nm,ACTIVE
2026-27,21,zdbv2x8ymsc25eb8,06ca8,ACTIVE
2026-27,21,zdbv2x8ymsc25eb8,051ol,ACTIVE
2026-27,21,zdbv2x8ymsc25eb8,04qsa,ACTIVE
2026-27,21,zdbv2x8ymsc25eb8,02xg9,ACTIVE
2026-27,21,zdbv2x8ymsc25eb8,06cch,ACTIVE
2026-27,21,zbsh2iq2msc25eb8,076vc,ACTIVE
2026-27,21,zbsh2iq2msc25eb8,05qug,ACTIVE
2026-27,21,zbsh2iq2msc25eb8,06210,ACTIVE
2026-27,21,zbsh2iq2msc25eb8,049kb,ACTIVE
2026-27,21,zbsh2iq2msc25eb8,05uie,ACTIVE
2026-27,21,zbsh2iq2msc25eb8,03ajv,ACTIVE
2026-27,21,u3bnomv3msc25eb8,05qsq,ACTIVE
2026-27,21,u3bnomv3msc25eb8,06mjw,ACTIVE
2026-27,21,u3bnomv3msc25eb8,027oz,ACTIVE
2026-27,21,u3bnomv3msc25eb8,042n7,ACTIVE
2026-27,21,u3bnomv3msc25eb8,03xmv,ACTIVE
2026-27,21,u3bnomv3msc25eb8,06mk7,ACTIVE
2026-27,21,wazrfqctmsc25eb8,04qro,ACTIVE
2026-27,21,wazrfqctmsc25eb8,06cca,ACTIVE
2026-27,21,wazrfqctmsc25eb8,05uig,ACTIVE
2026-27,21,wazrfqctmsc25eb8,03lls,ACTIVE
2026-27,21,wazrfqctmsc25eb8,0621c,ACTIVE
2026-27,21,wazrfqctmsc25eb8,06211,ACTIVE
2026-27,22,7j0egupgmsc25eb8,05qtv,ACTIVE
2026-27,22,7j0egupgmsc25eb8,04azw,ACTIVE
2026-27,22,7j0egupgmsc25eb8,05qto,ACTIVE
2026-27,22,7j0egupgmsc25eb8,06mjz,ACTIVE
2026-27,22,7j0egupgmsc25eb8,04ewe,ACTIVE
2026-27,22,7j0egupgmsc25eb8,05qtj,ACTIVE
2026-27,22,dee3tx9omsc25eb8,04kj6,ACTIVE
2026-27,22,dee3tx9omsc25eb8,0011e,ACTIVE
2026-27,22,dee3tx9omsc25eb8,001aw,ACTIVE
2026-27,22,dee3tx9omsc25eb8,04qrj,ACTIVE
2026-27,22,dee3tx9omsc25eb8,03nwm,ACTIVE
2026-27,22,dee3tx9omsc25eb8,0621l,ACTIVE
2026-27,22,oca9h5l7msc25eb8,05qtt,ACTIVE
2026-27,22,oca9h5l7msc25eb8,05uid,ACTIVE
2026-27,22,oca9h5l7msc25eb8,05uus,ACTIVE
2026-27,22,oca9h5l7msc25eb8,03al2,ACTIVE
2026-27,22,oca9h5l7msc25eb8,05uiq,ACTIVE
2026-27,22,oca9h5l7msc25eb8,031m2,ACTIVE
2026-27,22,e7ctu5b1msc25eb8,04ewt,ACTIVE
2026-27,22,e7ctu5b1msc25eb8,01enh,ACTIVE
2026-27,22,e7ctu5b1msc25eb8,02nf1,ACTIVE
2026-27,22,e7ctu5b1msc25eb8,03ad3,ACTIVE
2026-27,22,e7ctu5b1msc25eb8,05qt3,ACTIVE
2026-27,22,e7ctu5b1msc25eb8,05uib,ACTIVE
2026-27,22,yr8isikimsc25eb8,0621b,ACTIVE
2026-27,22,yr8isikimsc25eb8,04ewf,ACTIVE
2026-27,22,yr8isikimsc25eb8,04qrk,ACTIVE
2026-27,22,yr8isikimsc25eb8,03e75,ACTIVE
2026-27,22,yr8isikimsc25eb8,05uir,ACTIVE
2026-27,22,64eyswtomsc25eb8,05uiu,ACTIVE
2026-27,22,64eyswtomsc25eb8,06v5n,ACTIVE
2026-27,22,64eyswtomsc25eb8,0527h,ACTIVE
2026-27,22,64eyswtomsc25eb8,01eo6,ACTIVE
2026-27,22,64eyswtomsc25eb8,06v5l,ACTIVE
2026-27,22,64eyswtomsc25eb8,042n4,ACTIVE
2026-27,22,zdbv2x8ymsc25eb8,042nm,ACTIVE
2026-27,22,zdbv2x8ymsc25eb8,06ca8,ACTIVE
2026-27,22,zdbv2x8ymsc25eb8,051ol,ACTIVE
2026-27,22,zdbv2x8ymsc25eb8,04qsa,ACTIVE
2026-27,22,zdbv2x8ymsc25eb8,02xg9,ACTIVE
2026-27,22,zdbv2x8ymsc25eb8,06cch,ACTIVE
2026-27,22,zbsh2iq2msc25eb8,076vc,ACTIVE
2026-27,22,zbsh2iq2msc25eb8,05qug,ACTIVE
2026-27,22,zbsh2iq2msc25eb8,06210,ACTIVE
2026-27,22,zbsh2iq2msc25eb8,049kb,ACTIVE
2026-27,22,zbsh2iq2msc25eb8,05uie,ACTIVE
2026-27,22,zbsh2iq2msc25eb8,03ajv,ACTIVE
2026-27,22,u3bnomv3msc25eb8,05qsq,ACTIVE
2026-27,22,u3bnomv3msc25eb8,06mjw,ACTIVE
2026-27,22,u3bnomv3msc25eb8,027oz,ACTIVE
2026-27,22,u3bnomv3msc25eb8,042n7,ACTIVE
2026-27,22,u3bnomv3msc25eb8,03xmv,ACTIVE
2026-27,22,u3bnomv3msc25eb8,06mk7,ACTIVE
2026-27,22,wazrfqctmsc25eb8,04qro,ACTIVE
2026-27,22,wazrfqctmsc25eb8,06cca,ACTIVE
2026-27,22,wazrfqctmsc25eb8,05uig,ACTIVE
2026-27,22,wazrfqctmsc25eb8,03lls,ACTIVE
2026-27,22,wazrfqctmsc25eb8,0621c,ACTIVE
2026-27,22,wazrfqctmsc25eb8,06211,ACTIVE
2026-27,23,7j0egupgmsc25eb8,05qtv,ACTIVE
2026-27,23,7j0egupgmsc25eb8,04azw,ACTIVE
2026-27,23,7j0egupgmsc25eb8,05qto,ACTIVE
2026-27,23,7j0egupgmsc25eb8,06mjz,ACTIVE
2026-27,23,7j0egupgmsc25eb8,04ewe,ACTIVE
2026-27,23,7j0egupgmsc25eb8,05qtj,ACTIVE
2026-27,23,dee3tx9omsc25eb8,04kj6,ACTIVE
2026-27,23,dee3tx9omsc25eb8,0011e,ACTIVE
2026-27,23,dee3tx9omsc25eb8,001aw,ACTIVE
2026-27,23,dee3tx9omsc25eb8,04qrj,ACTIVE
2026-27,23,dee3tx9omsc25eb8,03nwm,ACTIVE
2026-27,23,dee3tx9omsc25eb8,0621l,ACTIVE
2026-27,23,oca9h5l7msc25eb8,05qtt,ACTIVE
2026-27,23,oca9h5l7msc25eb8,05uid,ACTIVE
2026-27,23,oca9h5l7msc25eb8,05uus,ACTIVE
2026-27,23,oca9h5l7msc25eb8,03al2,ACTIVE
2026-27,23,oca9h5l7msc25eb8,05uiq,ACTIVE
2026-27,23,oca9h5l7msc25eb8,031m2,ACTIVE
2026-27,23,e7ctu5b1msc25eb8,04ewt,ACTIVE
2026-27,23,e7ctu5b1msc25eb8,01enh,ACTIVE
2026-27,23,e7ctu5b1msc25eb8,02nf1,ACTIVE
2026-27,23,e7ctu5b1msc25eb8,03ad3,ACTIVE
2026-27,23,e7ctu5b1msc25eb8,05qt3,ACTIVE
2026-27,23,e7ctu5b1msc25eb8,05uib,ACTIVE
2026-27,23,yr8isikimsc25eb8,0621b,ACTIVE
2026-27,23,yr8isikimsc25eb8,04ewf,ACTIVE
2026-27,23,yr8isikimsc25eb8,04qrk,ACTIVE
2026-27,23,yr8isikimsc25eb8,03e75,ACTIVE
2026-27,23,yr8isikimsc25eb8,05uir,ACTIVE
2026-27,23,64eyswtomsc25eb8,05uiu,ACTIVE
2026-27,23,64eyswtomsc25eb8,06v5n,ACTIVE
2026-27,23,64eyswtomsc25eb8,0527h,ACTIVE
2026-27,23,64eyswtomsc25eb8,01eo6,ACTIVE
2026-27,23,64eyswtomsc25eb8,06v5l,ACTIVE
2026-27,23,64eyswtomsc25eb8,042n4,ACTIVE
2026-27,23,zdbv2x8ymsc25eb8,042nm,ACTIVE
2026-27,23,zdbv2x8ymsc25eb8,06ca8,ACTIVE
2026-27,23,zdbv2x8ymsc25eb8,051ol,ACTIVE
2026-27,23,zdbv2x8ymsc25eb8,04qsa,ACTIVE
2026-27,23,zdbv2x8ymsc25eb8,02xg9,ACTIVE
2026-27,23,zdbv2x8ymsc25eb8,06cch,ACTIVE
2026-27,23,zbsh2iq2msc25eb8,076vc,ACTIVE
2026-27,23,zbsh2iq2msc25eb8,05qug,ACTIVE
2026-27,23,zbsh2iq2msc25eb8,06210,ACTIVE
2026-27,23,zbsh2iq2msc25eb8,049kb,ACTIVE
2026-27,23,zbsh2iq2msc25eb8,05uie,ACTIVE
2026-27,23,zbsh2iq2msc25eb8,03ajv,ACTIVE
2026-27,23,u3bnomv3msc25eb8,05qsq,ACTIVE
2026-27,23,u3bnomv3msc25eb8,06mjw,ACTIVE
2026-27,23,u3bnomv3msc25eb8,027oz,ACTIVE
2026-27,23,u3bnomv3msc25eb8,042n7,ACTIVE
2026-27,23,u3bnomv3msc25eb8,03xmv,ACTIVE
2026-27,23,u3bnomv3msc25eb8,06mk7,ACTIVE
2026-27,23,wazrfqctmsc25eb8,04qro,ACTIVE
2026-27,23,wazrfqctmsc25eb8,06cca,ACTIVE
2026-27,23,wazrfqctmsc25eb8,05uig,ACTIVE
2026-27,23,wazrfqctmsc25eb8,03lls,ACTIVE
2026-27,23,wazrfqctmsc25eb8,0621c,ACTIVE
2026-27,23,wazrfqctmsc25eb8,06211,ACTIVE
2026-27,24,7j0egupgmsc25eb8,05qtv,ACTIVE
2026-27,24,7j0egupgmsc25eb8,04azw,ACTIVE
2026-27,24,7j0egupgmsc25eb8,05qto,ACTIVE
2026-27,24,7j0egupgmsc25eb8,06mjz,ACTIVE
2026-27,24,7j0egupgmsc25eb8,04ewe,ACTIVE
2026-27,24,7j0egupgmsc25eb8,05qtj,ACTIVE
2026-27,24,dee3tx9omsc25eb8,04kj6,ACTIVE
2026-27,24,dee3tx9omsc25eb8,0011e,ACTIVE
2026-27,24,dee3tx9omsc25eb8,001aw,ACTIVE
2026-27,24,dee3tx9omsc25eb8,04qrj,ACTIVE
2026-27,24,dee3tx9omsc25eb8,03nwm,ACTIVE
2026-27,24,dee3tx9omsc25eb8,0621l,ACTIVE
2026-27,24,oca9h5l7msc25eb8,05qtt,ACTIVE
2026-27,24,oca9h5l7msc25eb8,05uid,ACTIVE
2026-27,24,oca9h5l7msc25eb8,05uus,ACTIVE
2026-27,24,oca9h5l7msc25eb8,03al2,ACTIVE
2026-27,24,oca9h5l7msc25eb8,05uiq,ACTIVE
2026-27,24,oca9h5l7msc25eb8,031m2,ACTIVE
2026-27,24,e7ctu5b1msc25eb8,04ewt,ACTIVE
2026-27,24,e7ctu5b1msc25eb8,01enh,ACTIVE
2026-27,24,e7ctu5b1msc25eb8,02nf1,ACTIVE
2026-27,24,e7ctu5b1msc25eb8,03ad3,ACTIVE
2026-27,24,e7ctu5b1msc25eb8,05qt3,ACTIVE
2026-27,24,e7ctu5b1msc25eb8,05uib,ACTIVE
2026-27,24,yr8isikimsc25eb8,0621b,ACTIVE
2026-27,24,yr8isikimsc25eb8,04ewf,ACTIVE
2026-27,24,yr8isikimsc25eb8,04qrk,ACTIVE
2026-27,24,yr8isikimsc25eb8,03e75,ACTIVE
2026-27,24,yr8isikimsc25eb8,05uir,ACTIVE
2026-27,24,64eyswtomsc25eb8,05uiu,ACTIVE
2026-27,24,64eyswtomsc25eb8,06v5n,ACTIVE
2026-27,24,64eyswtomsc25eb8,0527h,ACTIVE
2026-27,24,64eyswtomsc25eb8,01eo6,ACTIVE
2026-27,24,64eyswtomsc25eb8,06v5l,ACTIVE
2026-27,24,64eyswtomsc25eb8,042n4,ACTIVE
2026-27,24,zdbv2x8ymsc25eb8,042nm,ACTIVE
2026-27,24,zdbv2x8ymsc25eb8,06ca8,ACTIVE
2026-27,24,zdbv2x8ymsc25eb8,051ol,ACTIVE
2026-27,24,zdbv2x8ymsc25eb8,04qsa,ACTIVE
2026-27,24,zdbv2x8ymsc25eb8,02xg9,ACTIVE
2026-27,24,zdbv2x8ymsc25eb8,06cch,ACTIVE
2026-27,24,zbsh2iq2msc25eb8,076vc,ACTIVE
2026-27,24,zbsh2iq2msc25eb8,05qug,ACTIVE
2026-27,24,zbsh2iq2msc25eb8,06210,ACTIVE
2026-27,24,zbsh2iq2msc25eb8,049kb,ACTIVE
2026-27,24,zbsh2iq2msc25eb8,05uie,ACTIVE
2026-27,24,zbsh2iq2msc25eb8,03ajv,ACTIVE
2026-27,24,u3bnomv3msc25eb8,05qsq,ACTIVE
2026-27,24,u3bnomv3msc25eb8,06mjw,ACTIVE
2026-27,24,u3bnomv3msc25eb8,027oz,ACTIVE
2026-27,24,u3bnomv3msc25eb8,042n7,ACTIVE
2026-27,24,u3bnomv3msc25eb8,03xmv,ACTIVE
2026-27,24,u3bnomv3msc25eb8,06mk7,ACTIVE
2026-27,24,wazrfqctmsc25eb8,04qro,ACTIVE
2026-27,24,wazrfqctmsc25eb8,06cca,ACTIVE
2026-27,24,wazrfqctmsc25eb8,05uig,ACTIVE
2026-27,24,wazrfqctmsc25eb8,03lls,ACTIVE
2026-27,24,wazrfqctmsc25eb8,0621c,ACTIVE
2026-27,24,wazrfqctmsc25eb8,06211,ACTIVE
